I0317 11:12:07.338693     274 nixl_log.cpp:80] NIXL version: 1.0.0 (git: 4071a532)
2026-03-17 11:12:07 NIXL INFO    logging.py:82 Log level set to TRACE from NIXL_LOG_LEVEL environment variable
I0317 11:12:07.342327     274 nixl_agent.cpp:119] NIXL ETCD is disabled
I0317 11:12:07.342335     274 configuration.h:47] Missing environment variable NIXL_TELEMETRY_ENABLE
I0317 11:12:07.342366     274 metadata_stream.cpp:95] MD listener is listening on port 8888...
I0317 11:12:07.342429     274 configuration.h:44] Obtained environment variable NIXL_PLUGIN_DIR=/usr/local/lib/x86_64-linux-gnu/plugins
I0317 11:12:07.342434     274 nixl_plugin_manager.cpp:303] Loading plugins from: /usr/local/lib/x86_64-linux-gnu/plugins
I0317 11:12:07.344303     274 nixl_plugin_manager.cpp:245] Failed to load plugin from /usr/local/lib/x86_64-linux-gnu/plugins/libplugin_UCX.so: /usr/local/lib/x86_64-linux-gnu/plugins/libplugin_UCX.so: undefined symbol: _ZN4nixl6hwInfo8instanceEv
I0317 11:12:07.344312     274 nixl_plugin_manager.cpp:398] Failed to load plugin 'UCX' from any directory
I0317 11:12:07.350269     274 nixl_plugin_manager.cpp:460] Discovered and loaded backend plugin: POSIX
I0317 11:12:07.365276     274 nixl_plugin_manager.cpp:460] Discovered and loaded backend plugin: LIBFABRIC
I0317 11:12:07.366922     274 nixl_plugin_manager.cpp:472] Discovered and loaded telemetry plugin: prometheus
I0317 11:12:07.369870     274 nixl_plugin_manager.cpp:245] Failed to load plugin from /usr/local/lib/x86_64-linux-gnu/plugins/libplugin_MOCK_BACKEND.so: libplugin_UCX.so: cannot open shared object file: No such file or directory
I0317 11:12:07.369876     274 nixl_plugin_manager.cpp:398] Failed to load plugin 'MOCK_BACKEND' from any directory
I0317 11:12:07.369886     274 nixl_plugin_manager.cpp:614] Loading static plugin: BUFFER
I0317 11:12:07.369922     274 libfabric_rail_manager_hip.cpp:199] Creating rail manager with striping threshold: 131072 bytes
I0317 11:12:07.369955     274 libfabric_topology_hip.cpp:53] Starting automatic topology discovery
I0317 11:12:07.369959     274 libfabric_topology_hip.cpp:72] Starting hwloc-based topology discovery
I0317 11:12:07.688094     274 libfabric_topology_hip.cpp:358] hwloc topology initialized successfully with IO device support
I0317 11:12:08.202703     274 libfabric_common.cpp:81] Found device - domain: ens22np0, provider=tcp, ep_type=3, caps=0x11a000000013f06
I0317 11:12:08.202860     274 libfabric_common.cpp:81] Found device - domain: ens12np0, provider=tcp, ep_type=3, caps=0x11a000000013f06
I0317 11:12:08.202920     274 libfabric_common.cpp:81] Found device - domain: ens21np0, provider=tcp, ep_type=3, caps=0x11a000000013f06
I0317 11:12:08.202924     274 libfabric_common.cpp:81] Found device - domain: ens11np0, provider=tcp, ep_type=3, caps=0x11a000000013f06
I0317 11:12:08.202927     274 libfabric_common.cpp:81] Found device - domain: ens42np0, provider=tcp, ep_type=3, caps=0x11a000000013f06
I0317 11:12:08.202930     274 libfabric_common.cpp:81] Found device - domain: ens32np0, provider=tcp, ep_type=3, caps=0x11a000000013f06
I0317 11:12:08.202932     274 libfabric_common.cpp:81] Found device - domain: ens41np0, provider=tcp, ep_type=3, caps=0x11a000000013f06
I0317 11:12:08.202933     274 libfabric_common.cpp:81] Found device - domain: ens31np0, provider=tcp, ep_type=3, caps=0x11a000000013f06
I0317 11:12:08.202936     274 libfabric_common.cpp:81] Found device - domain: ens22np0, provider=tcp, ep_type=3, caps=0x11a000000013f06
I0317 11:12:08.202940     274 libfabric_common.cpp:81] Found device - domain: ens12np0, provider=tcp, ep_type=3, caps=0x11a000000013f06
I0317 11:12:08.202941     274 libfabric_common.cpp:81] Found device - domain: ens21np0, provider=tcp, ep_type=3, caps=0x11a000000013f06
I0317 11:12:08.202943     274 libfabric_common.cpp:81] Found device - domain: ens11np0, provider=tcp, ep_type=3, caps=0x11a000000013f06
I0317 11:12:08.202944     274 libfabric_common.cpp:81] Found device - domain: ens42np0, provider=tcp, ep_type=3, caps=0x11a000000013f06
I0317 11:12:08.202945     274 libfabric_common.cpp:81] Found device - domain: ens32np0, provider=tcp, ep_type=3, caps=0x11a000000013f06
I0317 11:12:08.202947     274 libfabric_common.cpp:81] Found device - domain: ens41np0, provider=tcp, ep_type=3, caps=0x11a000000013f06
I0317 11:12:08.202948     274 libfabric_common.cpp:81] Found device - domain: ens31np0, provider=tcp, ep_type=3, caps=0x11a000000013f06
I0317 11:12:08.202949     274 libfabric_common.cpp:81] Found device - domain: flannel.1, provider=tcp, ep_type=3, caps=0x11a000000013f06
I0317 11:12:08.202952     274 libfabric_common.cpp:81] Found device - domain: vlan1401, provider=tcp, ep_type=3, caps=0x11a000000013f06
I0317 11:12:08.202954     274 libfabric_common.cpp:81] Found device - domain: ens51np0, provider=tcp, ep_type=3, caps=0x11a000000013f06
I0317 11:12:08.202956     274 libfabric_common.cpp:81] Found device - domain: flannel.1, provider=tcp, ep_type=3, caps=0x11a000000013f06
I0317 11:12:08.202958     274 libfabric_common.cpp:81] Found device - domain: ens51np0, provider=tcp, ep_type=3, caps=0x11a000000013f06
I0317 11:12:08.202959     274 libfabric_common.cpp:81] Found device - domain: vlan1401, provider=tcp, ep_type=3, caps=0x11a000000013f06
I0317 11:12:08.202961     274 libfabric_common.cpp:81] Found device - domain: cni0, provider=tcp, ep_type=3, caps=0x11a000000013f06
I0317 11:12:08.202963     274 libfabric_common.cpp:81] Found device - domain: vethc924435f, provider=tcp, ep_type=3, caps=0x11a000000013f06
I0317 11:12:08.202964     274 libfabric_common.cpp:81] Found device - domain: vethe29b4b2e, provider=tcp, ep_type=3, caps=0x11a000000013f06
I0317 11:12:08.202966     274 libfabric_common.cpp:81] Found device - domain: veth4e77d7d4, provider=tcp, ep_type=3, caps=0x11a000000013f06
I0317 11:12:08.202967     274 libfabric_common.cpp:81] Found device - domain: cni0, provider=tcp, ep_type=3, caps=0x11a000000013f06
I0317 11:12:08.202969     274 libfabric_common.cpp:81] Found device - domain: ens22np0, provider=tcp;ofi_rxm, ep_type=3, caps=0x18000000013f06
I0317 11:12:08.202981     274 libfabric_common.cpp:81] Found device - domain: ens12np0, provider=tcp;ofi_rxm, ep_type=3, caps=0x18000000013f06
I0317 11:12:08.202983     274 libfabric_common.cpp:81] Found device - domain: ens21np0, provider=tcp;ofi_rxm, ep_type=3, caps=0x18000000013f06
I0317 11:12:08.202985     274 libfabric_common.cpp:81] Found device - domain: ens11np0, provider=tcp;ofi_rxm, ep_type=3, caps=0x18000000013f06
I0317 11:12:08.202986     274 libfabric_common.cpp:81] Found device - domain: ens42np0, provider=tcp;ofi_rxm, ep_type=3, caps=0x18000000013f06
I0317 11:12:08.202987     274 libfabric_common.cpp:81] Found device - domain: ens32np0, provider=tcp;ofi_rxm, ep_type=3, caps=0x18000000013f06
I0317 11:12:08.202989     274 libfabric_common.cpp:81] Found device - domain: ens41np0, provider=tcp;ofi_rxm, ep_type=3, caps=0x18000000013f06
I0317 11:12:08.202990     274 libfabric_common.cpp:81] Found device - domain: ens31np0, provider=tcp;ofi_rxm, ep_type=3, caps=0x18000000013f06
I0317 11:12:08.202992     274 libfabric_common.cpp:81] Found device - domain: ens22np0, provider=tcp;ofi_rxm, ep_type=3, caps=0x18000000013f06
I0317 11:12:08.202993     274 libfabric_common.cpp:81] Found device - domain: ens12np0, provider=tcp;ofi_rxm, ep_type=3, caps=0x18000000013f06
I0317 11:12:08.202995     274 libfabric_common.cpp:81] Found device - domain: ens21np0, provider=tcp;ofi_rxm, ep_type=3, caps=0x18000000013f06
I0317 11:12:08.202996     274 libfabric_common.cpp:81] Found device - domain: ens11np0, provider=tcp;ofi_rxm, ep_type=3, caps=0x18000000013f06
I0317 11:12:08.202997     274 libfabric_common.cpp:81] Found device - domain: ens42np0, provider=tcp;ofi_rxm, ep_type=3, caps=0x18000000013f06
I0317 11:12:08.202998     274 libfabric_common.cpp:81] Found device - domain: ens32np0, provider=tcp;ofi_rxm, ep_type=3, caps=0x18000000013f06
I0317 11:12:08.203000     274 libfabric_common.cpp:81] Found device - domain: ens41np0, provider=tcp;ofi_rxm, ep_type=3, caps=0x18000000013f06
I0317 11:12:08.203001     274 libfabric_common.cpp:81] Found device - domain: ens31np0, provider=tcp;ofi_rxm, ep_type=3, caps=0x18000000013f06
I0317 11:12:08.203002     274 libfabric_common.cpp:81] Found device - domain: flannel.1, provider=tcp;ofi_rxm, ep_type=3, caps=0x18000000013f06
I0317 11:12:08.203004     274 libfabric_common.cpp:81] Found device - domain: vlan1401, provider=tcp;ofi_rxm, ep_type=3, caps=0x18000000013f06
I0317 11:12:08.203006     274 libfabric_common.cpp:81] Found device - domain: ens51np0, provider=tcp;ofi_rxm, ep_type=3, caps=0x18000000013f06
I0317 11:12:08.203007     274 libfabric_common.cpp:81] Found device - domain: flannel.1, provider=tcp;ofi_rxm, ep_type=3, caps=0x18000000013f06
I0317 11:12:08.203008     274 libfabric_common.cpp:81] Found device - domain: ens51np0, provider=tcp;ofi_rxm, ep_type=3, caps=0x18000000013f06
I0317 11:12:08.203010     274 libfabric_common.cpp:81] Found device - domain: vlan1401, provider=tcp;ofi_rxm, ep_type=3, caps=0x18000000013f06
I0317 11:12:08.203011     274 libfabric_common.cpp:81] Found device - domain: cni0, provider=tcp;ofi_rxm, ep_type=3, caps=0x18000000013f06
I0317 11:12:08.203012     274 libfabric_common.cpp:81] Found device - domain: vethc924435f, provider=tcp;ofi_rxm, ep_type=3, caps=0x18000000013f06
I0317 11:12:08.203014     274 libfabric_common.cpp:81] Found device - domain: vethe29b4b2e, provider=tcp;ofi_rxm, ep_type=3, caps=0x18000000013f06
I0317 11:12:08.203015     274 libfabric_common.cpp:81] Found device - domain: veth4e77d7d4, provider=tcp;ofi_rxm, ep_type=3, caps=0x18000000013f06
I0317 11:12:08.203016     274 libfabric_common.cpp:81] Found device - domain: cni0, provider=tcp;ofi_rxm, ep_type=3, caps=0x18000000013f06
I0317 11:12:08.203017     274 libfabric_common.cpp:81] Found device - domain: lo, provider=tcp;ofi_rxm, ep_type=3, caps=0x8000000013f06
I0317 11:12:08.203019     274 libfabric_common.cpp:81] Found device - domain: lo, provider=tcp;ofi_rxm, ep_type=3, caps=0x8000000013f06
I0317 11:12:08.203020     274 libfabric_common.cpp:81] Found device - domain: ens22np0, provider=tcp;ofi_rxm, ep_type=3, caps=0x18000000013f06
I0317 11:12:08.203022     274 libfabric_common.cpp:81] Found device - domain: ens12np0, provider=tcp;ofi_rxm, ep_type=3, caps=0x18000000013f06
I0317 11:12:08.203023     274 libfabric_common.cpp:81] Found device - domain: ens21np0, provider=tcp;ofi_rxm, ep_type=3, caps=0x18000000013f06
I0317 11:12:08.203025     274 libfabric_common.cpp:81] Found device - domain: ens11np0, provider=tcp;ofi_rxm, ep_type=3, caps=0x18000000013f06
I0317 11:12:08.203027     274 libfabric_common.cpp:81] Found device - domain: ens42np0, provider=tcp;ofi_rxm, ep_type=3, caps=0x18000000013f06
I0317 11:12:08.203028     274 libfabric_common.cpp:81] Found device - domain: ens32np0, provider=tcp;ofi_rxm, ep_type=3, caps=0x18000000013f06
I0317 11:12:08.203030     274 libfabric_common.cpp:81] Found device - domain: ens41np0, provider=tcp;ofi_rxm, ep_type=3, caps=0x18000000013f06
I0317 11:12:08.203031     274 libfabric_common.cpp:81] Found device - domain: ens31np0, provider=tcp;ofi_rxm, ep_type=3, caps=0x18000000013f06
I0317 11:12:08.203032     274 libfabric_common.cpp:81] Found device - domain: ens22np0, provider=tcp;ofi_rxm, ep_type=3, caps=0x18000000013f06
I0317 11:12:08.203033     274 libfabric_common.cpp:81] Found device - domain: ens12np0, provider=tcp;ofi_rxm, ep_type=3, caps=0x18000000013f06
I0317 11:12:08.203034     274 libfabric_common.cpp:81] Found device - domain: ens21np0, provider=tcp;ofi_rxm, ep_type=3, caps=0x18000000013f06
I0317 11:12:08.203036     274 libfabric_common.cpp:81] Found device - domain: ens11np0, provider=tcp;ofi_rxm, ep_type=3, caps=0x18000000013f06
I0317 11:12:08.203037     274 libfabric_common.cpp:81] Found device - domain: ens42np0, provider=tcp;ofi_rxm, ep_type=3, caps=0x18000000013f06
I0317 11:12:08.203039     274 libfabric_common.cpp:81] Found device - domain: ens32np0, provider=tcp;ofi_rxm, ep_type=3, caps=0x18000000013f06
I0317 11:12:08.203040     274 libfabric_common.cpp:81] Found device - domain: ens41np0, provider=tcp;ofi_rxm, ep_type=3, caps=0x18000000013f06
I0317 11:12:08.203041     274 libfabric_common.cpp:81] Found device - domain: ens31np0, provider=tcp;ofi_rxm, ep_type=3, caps=0x18000000013f06
I0317 11:12:08.203043     274 libfabric_common.cpp:81] Found device - domain: flannel.1, provider=tcp;ofi_rxm, ep_type=3, caps=0x18000000013f06
I0317 11:12:08.203044     274 libfabric_common.cpp:81] Found device - domain: vlan1401, provider=tcp;ofi_rxm, ep_type=3, caps=0x18000000013f06
I0317 11:12:08.203045     274 libfabric_common.cpp:81] Found device - domain: ens51np0, provider=tcp;ofi_rxm, ep_type=3, caps=0x18000000013f06
I0317 11:12:08.203046     274 libfabric_common.cpp:81] Found device - domain: flannel.1, provider=tcp;ofi_rxm, ep_type=3, caps=0x18000000013f06
I0317 11:12:08.203047     274 libfabric_common.cpp:81] Found device - domain: ens51np0, provider=tcp;ofi_rxm, ep_type=3, caps=0x18000000013f06
I0317 11:12:08.203048     274 libfabric_common.cpp:81] Found device - domain: vlan1401, provider=tcp;ofi_rxm, ep_type=3, caps=0x18000000013f06
I0317 11:12:08.203050     274 libfabric_common.cpp:81] Found device - domain: cni0, provider=tcp;ofi_rxm, ep_type=3, caps=0x18000000013f06
I0317 11:12:08.203051     274 libfabric_common.cpp:81] Found device - domain: vethc924435f, provider=tcp;ofi_rxm, ep_type=3, caps=0x18000000013f06
I0317 11:12:08.203052     274 libfabric_common.cpp:81] Found device - domain: vethe29b4b2e, provider=tcp;ofi_rxm, ep_type=3, caps=0x18000000013f06
I0317 11:12:08.203053     274 libfabric_common.cpp:81] Found device - domain: veth4e77d7d4, provider=tcp;ofi_rxm, ep_type=3, caps=0x18000000013f06
I0317 11:12:08.203054     274 libfabric_common.cpp:81] Found device - domain: cni0, provider=tcp;ofi_rxm, ep_type=3, caps=0x18000000013f06
I0317 11:12:08.203055     274 libfabric_common.cpp:81] Found device - domain: lo, provider=tcp;ofi_rxm, ep_type=3, caps=0x8000000013f06
I0317 11:12:08.203057     274 libfabric_common.cpp:81] Found device - domain: lo, provider=tcp;ofi_rxm, ep_type=3, caps=0x8000000013f06
I0317 11:12:08.203058     274 libfabric_common.cpp:81] Found device - domain: ens22np0, provider=tcp;ofi_rxm, ep_type=3, caps=0x18000000013f06
I0317 11:12:08.203060     274 libfabric_common.cpp:81] Found device - domain: ens12np0, provider=tcp;ofi_rxm, ep_type=3, caps=0x18000000013f06
I0317 11:12:08.203061     274 libfabric_common.cpp:81] Found device - domain: ens21np0, provider=tcp;ofi_rxm, ep_type=3, caps=0x18000000013f06
I0317 11:12:08.203062     274 libfabric_common.cpp:81] Found device - domain: ens11np0, provider=tcp;ofi_rxm, ep_type=3, caps=0x18000000013f06
I0317 11:12:08.203063     274 libfabric_common.cpp:81] Found device - domain: ens42np0, provider=tcp;ofi_rxm, ep_type=3, caps=0x18000000013f06
I0317 11:12:08.203065     274 libfabric_common.cpp:81] Found device - domain: ens32np0, provider=tcp;ofi_rxm, ep_type=3, caps=0x18000000013f06
I0317 11:12:08.203066     274 libfabric_common.cpp:81] Found device - domain: ens41np0, provider=tcp;ofi_rxm, ep_type=3, caps=0x18000000013f06
I0317 11:12:08.203068     274 libfabric_common.cpp:81] Found device - domain: ens31np0, provider=tcp;ofi_rxm, ep_type=3, caps=0x18000000013f06
I0317 11:12:08.203070     274 libfabric_common.cpp:81] Found device - domain: ens22np0, provider=tcp;ofi_rxm, ep_type=3, caps=0x18000000013f06
I0317 11:12:08.203071     274 libfabric_common.cpp:81] Found device - domain: ens12np0, provider=tcp;ofi_rxm, ep_type=3, caps=0x18000000013f06
I0317 11:12:08.203072     274 libfabric_common.cpp:81] Found device - domain: ens21np0, provider=tcp;ofi_rxm, ep_type=3, caps=0x18000000013f06
I0317 11:12:08.203073     274 libfabric_common.cpp:81] Found device - domain: ens11np0, provider=tcp;ofi_rxm, ep_type=3, caps=0x18000000013f06
I0317 11:12:08.203075     274 libfabric_common.cpp:81] Found device - domain: ens42np0, provider=tcp;ofi_rxm, ep_type=3, caps=0x18000000013f06
I0317 11:12:08.203076     274 libfabric_common.cpp:81] Found device - domain: ens32np0, provider=tcp;ofi_rxm, ep_type=3, caps=0x18000000013f06
I0317 11:12:08.203077     274 libfabric_common.cpp:81] Found device - domain: ens41np0, provider=tcp;ofi_rxm, ep_type=3, caps=0x18000000013f06
I0317 11:12:08.203078     274 libfabric_common.cpp:81] Found device - domain: ens31np0, provider=tcp;ofi_rxm, ep_type=3, caps=0x18000000013f06
I0317 11:12:08.203079     274 libfabric_common.cpp:81] Found device - domain: flannel.1, provider=tcp;ofi_rxm, ep_type=3, caps=0x18000000013f06
I0317 11:12:08.203080     274 libfabric_common.cpp:81] Found device - domain: vlan1401, provider=tcp;ofi_rxm, ep_type=3, caps=0x18000000013f06
I0317 11:12:08.203082     274 libfabric_common.cpp:81] Found device - domain: ens51np0, provider=tcp;ofi_rxm, ep_type=3, caps=0x18000000013f06
I0317 11:12:08.203083     274 libfabric_common.cpp:81] Found device - domain: flannel.1, provider=tcp;ofi_rxm, ep_type=3, caps=0x18000000013f06
I0317 11:12:08.203084     274 libfabric_common.cpp:81] Found device - domain: ens51np0, provider=tcp;ofi_rxm, ep_type=3, caps=0x18000000013f06
I0317 11:12:08.203085     274 libfabric_common.cpp:81] Found device - domain: vlan1401, provider=tcp;ofi_rxm, ep_type=3, caps=0x18000000013f06
I0317 11:12:08.203086     274 libfabric_common.cpp:81] Found device - domain: cni0, provider=tcp;ofi_rxm, ep_type=3, caps=0x18000000013f06
I0317 11:12:08.203087     274 libfabric_common.cpp:81] Found device - domain: vethc924435f, provider=tcp;ofi_rxm, ep_type=3, caps=0x18000000013f06
I0317 11:12:08.203089     274 libfabric_common.cpp:81] Found device - domain: vethe29b4b2e, provider=tcp;ofi_rxm, ep_type=3, caps=0x18000000013f06
I0317 11:12:08.203090     274 libfabric_common.cpp:81] Found device - domain: veth4e77d7d4, provider=tcp;ofi_rxm, ep_type=3, caps=0x18000000013f06
I0317 11:12:08.203091     274 libfabric_common.cpp:81] Found device - domain: cni0, provider=tcp;ofi_rxm, ep_type=3, caps=0x18000000013f06
I0317 11:12:08.203093     274 libfabric_common.cpp:81] Found device - domain: lo, provider=tcp;ofi_rxm, ep_type=3, caps=0x8000000013f06
I0317 11:12:08.203094     274 libfabric_common.cpp:81] Found device - domain: lo, provider=tcp;ofi_rxm, ep_type=3, caps=0x8000000013f06
I0317 11:12:08.203096     274 libfabric_common.cpp:81] Found device - domain: ens22np0, provider=udp;ofi_rxd, ep_type=3, caps=0x118000000013f06
I0317 11:12:08.203097     274 libfabric_common.cpp:81] Found device - domain: ens12np0, provider=udp;ofi_rxd, ep_type=3, caps=0x118000000013f06
I0317 11:12:08.203099     274 libfabric_common.cpp:81] Found device - domain: ens21np0, provider=udp;ofi_rxd, ep_type=3, caps=0x118000000013f06
I0317 11:12:08.203100     274 libfabric_common.cpp:81] Found device - domain: ens11np0, provider=udp;ofi_rxd, ep_type=3, caps=0x118000000013f06
I0317 11:12:08.203101     274 libfabric_common.cpp:81] Found device - domain: ens42np0, provider=udp;ofi_rxd, ep_type=3, caps=0x118000000013f06
I0317 11:12:08.203103     274 libfabric_common.cpp:81] Found device - domain: ens32np0, provider=udp;ofi_rxd, ep_type=3, caps=0x118000000013f06
I0317 11:12:08.203104     274 libfabric_common.cpp:81] Found device - domain: ens41np0, provider=udp;ofi_rxd, ep_type=3, caps=0x118000000013f06
I0317 11:12:08.203105     274 libfabric_common.cpp:81] Found device - domain: ens31np0, provider=udp;ofi_rxd, ep_type=3, caps=0x118000000013f06
I0317 11:12:08.203106     274 libfabric_common.cpp:81] Found device - domain: ens22np0, provider=udp;ofi_rxd, ep_type=3, caps=0x118000000013f06
I0317 11:12:08.203108     274 libfabric_common.cpp:81] Found device - domain: ens12np0, provider=udp;ofi_rxd, ep_type=3, caps=0x118000000013f06
I0317 11:12:08.203109     274 libfabric_common.cpp:81] Found device - domain: ens21np0, provider=udp;ofi_rxd, ep_type=3, caps=0x118000000013f06
I0317 11:12:08.203110     274 libfabric_common.cpp:81] Found device - domain: ens11np0, provider=udp;ofi_rxd, ep_type=3, caps=0x118000000013f06
I0317 11:12:08.203111     274 libfabric_common.cpp:81] Found device - domain: ens42np0, provider=udp;ofi_rxd, ep_type=3, caps=0x118000000013f06
I0317 11:12:08.203112     274 libfabric_common.cpp:81] Found device - domain: ens32np0, provider=udp;ofi_rxd, ep_type=3, caps=0x118000000013f06
I0317 11:12:08.203113     274 libfabric_common.cpp:81] Found device - domain: ens41np0, provider=udp;ofi_rxd, ep_type=3, caps=0x118000000013f06
I0317 11:12:08.203114     274 libfabric_common.cpp:81] Found device - domain: ens31np0, provider=udp;ofi_rxd, ep_type=3, caps=0x118000000013f06
I0317 11:12:08.203116     274 libfabric_common.cpp:81] Found device - domain: flannel.1, provider=udp;ofi_rxd, ep_type=3, caps=0x118000000013f06
I0317 11:12:08.203117     274 libfabric_common.cpp:81] Found device - domain: vlan1401, provider=udp;ofi_rxd, ep_type=3, caps=0x118000000013f06
I0317 11:12:08.203119     274 libfabric_common.cpp:81] Found device - domain: ens51np0, provider=udp;ofi_rxd, ep_type=3, caps=0x118000000013f06
I0317 11:12:08.203120     274 libfabric_common.cpp:81] Found device - domain: flannel.1, provider=udp;ofi_rxd, ep_type=3, caps=0x118000000013f06
I0317 11:12:08.203121     274 libfabric_common.cpp:81] Found device - domain: ens51np0, provider=udp;ofi_rxd, ep_type=3, caps=0x118000000013f06
I0317 11:12:08.203122     274 libfabric_common.cpp:81] Found device - domain: vlan1401, provider=udp;ofi_rxd, ep_type=3, caps=0x118000000013f06
I0317 11:12:08.203124     274 libfabric_common.cpp:81] Found device - domain: cni0, provider=udp;ofi_rxd, ep_type=3, caps=0x118000000013f06
I0317 11:12:08.203125     274 libfabric_common.cpp:81] Found device - domain: vethc924435f, provider=udp;ofi_rxd, ep_type=3, caps=0x118000000013f06
I0317 11:12:08.203126     274 libfabric_common.cpp:81] Found device - domain: vethe29b4b2e, provider=udp;ofi_rxd, ep_type=3, caps=0x118000000013f06
I0317 11:12:08.203127     274 libfabric_common.cpp:81] Found device - domain: veth4e77d7d4, provider=udp;ofi_rxd, ep_type=3, caps=0x118000000013f06
I0317 11:12:08.203129     274 libfabric_common.cpp:81] Found device - domain: cni0, provider=udp;ofi_rxd, ep_type=3, caps=0x118000000013f06
I0317 11:12:08.203130     274 libfabric_common.cpp:81] Found device - domain: lo, provider=udp;ofi_rxd, ep_type=3, caps=0x108000000013f06
I0317 11:12:08.203131     274 libfabric_common.cpp:81] Found device - domain: lo, provider=udp;ofi_rxd, ep_type=3, caps=0x108000000013f06
I0317 11:12:08.203133     274 libfabric_common.cpp:81] Found device - domain: ens22np0, provider=sockets, ep_type=3, caps=0x13a000000313f06
I0317 11:12:08.203134     274 libfabric_common.cpp:81] Found device - domain: ens12np0, provider=sockets, ep_type=3, caps=0x13a000000313f06
I0317 11:12:08.203136     274 libfabric_common.cpp:81] Found device - domain: ens21np0, provider=sockets, ep_type=3, caps=0x13a000000313f06
I0317 11:12:08.203137     274 libfabric_common.cpp:81] Found device - domain: ens11np0, provider=sockets, ep_type=3, caps=0x13a000000313f06
I0317 11:12:08.203139     274 libfabric_common.cpp:81] Found device - domain: ens42np0, provider=sockets, ep_type=3, caps=0x13a000000313f06
I0317 11:12:08.203140     274 libfabric_common.cpp:81] Found device - domain: ens32np0, provider=sockets, ep_type=3, caps=0x13a000000313f06
I0317 11:12:08.203141     274 libfabric_common.cpp:81] Found device - domain: ens41np0, provider=sockets, ep_type=3, caps=0x13a000000313f06
I0317 11:12:08.203142     274 libfabric_common.cpp:81] Found device - domain: ens31np0, provider=sockets, ep_type=3, caps=0x13a000000313f06
I0317 11:12:08.203144     274 libfabric_common.cpp:81] Found device - domain: ens22np0, provider=sockets, ep_type=3, caps=0x13a000000313f06
I0317 11:12:08.203145     274 libfabric_common.cpp:81] Found device - domain: ens12np0, provider=sockets, ep_type=3, caps=0x13a000000313f06
I0317 11:12:08.203146     274 libfabric_common.cpp:81] Found device - domain: ens21np0, provider=sockets, ep_type=3, caps=0x13a000000313f06
I0317 11:12:08.203147     274 libfabric_common.cpp:81] Found device - domain: ens11np0, provider=sockets, ep_type=3, caps=0x13a000000313f06
I0317 11:12:08.203149     274 libfabric_common.cpp:81] Found device - domain: ens42np0, provider=sockets, ep_type=3, caps=0x13a000000313f06
I0317 11:12:08.203150     274 libfabric_common.cpp:81] Found device - domain: ens32np0, provider=sockets, ep_type=3, caps=0x13a000000313f06
I0317 11:12:08.203151     274 libfabric_common.cpp:81] Found device - domain: ens41np0, provider=sockets, ep_type=3, caps=0x13a000000313f06
I0317 11:12:08.203152     274 libfabric_common.cpp:81] Found device - domain: ens31np0, provider=sockets, ep_type=3, caps=0x13a000000313f06
I0317 11:12:08.203154     274 libfabric_common.cpp:81] Found device - domain: flannel.1, provider=sockets, ep_type=3, caps=0x13a000000313f06
I0317 11:12:08.203155     274 libfabric_common.cpp:81] Found device - domain: vlan1401, provider=sockets, ep_type=3, caps=0x13a000000313f06
I0317 11:12:08.203157     274 libfabric_common.cpp:81] Found device - domain: ens51np0, provider=sockets, ep_type=3, caps=0x13a000000313f06
I0317 11:12:08.203158     274 libfabric_common.cpp:81] Found device - domain: flannel.1, provider=sockets, ep_type=3, caps=0x13a000000313f06
I0317 11:12:08.203159     274 libfabric_common.cpp:81] Found device - domain: ens51np0, provider=sockets, ep_type=3, caps=0x13a000000313f06
I0317 11:12:08.203160     274 libfabric_common.cpp:81] Found device - domain: vlan1401, provider=sockets, ep_type=3, caps=0x13a000000313f06
I0317 11:12:08.203162     274 libfabric_common.cpp:81] Found device - domain: cni0, provider=sockets, ep_type=3, caps=0x13a000000313f06
I0317 11:12:08.203163     274 libfabric_common.cpp:81] Found device - domain: vethc924435f, provider=sockets, ep_type=3, caps=0x13a000000313f06
I0317 11:12:08.203164     274 libfabric_common.cpp:81] Found device - domain: vethe29b4b2e, provider=sockets, ep_type=3, caps=0x13a000000313f06
I0317 11:12:08.203165     274 libfabric_common.cpp:81] Found device - domain: veth4e77d7d4, provider=sockets, ep_type=3, caps=0x13a000000313f06
I0317 11:12:08.203167     274 libfabric_common.cpp:81] Found device - domain: cni0, provider=sockets, ep_type=3, caps=0x13a000000313f06
I0317 11:12:08.203262     274 libfabric_common.cpp:97] provider=sockets, device=ens22np0
I0317 11:12:08.203280     274 libfabric_common.cpp:97] provider=sockets, device=ens12np0
I0317 11:12:08.203280     274 libfabric_common.cpp:97] provider=sockets, device=ens21np0
I0317 11:12:08.203281     274 libfabric_common.cpp:97] provider=sockets, device=ens11np0
I0317 11:12:08.203282     274 libfabric_common.cpp:97] provider=sockets, device=ens42np0
I0317 11:12:08.203282     274 libfabric_common.cpp:97] provider=sockets, device=ens32np0
I0317 11:12:08.203283     274 libfabric_common.cpp:97] provider=sockets, device=ens41np0
I0317 11:12:08.203284     274 libfabric_common.cpp:97] provider=sockets, device=ens31np0
I0317 11:12:08.203284     274 libfabric_common.cpp:97] provider=sockets, device=ens22np0
I0317 11:12:08.203285     274 libfabric_common.cpp:97] provider=sockets, device=ens12np0
I0317 11:12:08.203285     274 libfabric_common.cpp:97] provider=sockets, device=ens21np0
I0317 11:12:08.203286     274 libfabric_common.cpp:97] provider=sockets, device=ens11np0
I0317 11:12:08.203286     274 libfabric_common.cpp:97] provider=sockets, device=ens42np0
I0317 11:12:08.203287     274 libfabric_common.cpp:97] provider=sockets, device=ens32np0
I0317 11:12:08.203287     274 libfabric_common.cpp:97] provider=sockets, device=ens41np0
I0317 11:12:08.203288     274 libfabric_common.cpp:97] provider=sockets, device=ens31np0
I0317 11:12:08.203289     274 libfabric_common.cpp:97] provider=sockets, device=flannel.1
I0317 11:12:08.203289     274 libfabric_common.cpp:97] provider=sockets, device=vlan1401
I0317 11:12:08.203290     274 libfabric_common.cpp:97] provider=sockets, device=ens51np0
I0317 11:12:08.203290     274 libfabric_common.cpp:97] provider=sockets, device=flannel.1
I0317 11:12:08.203291     274 libfabric_common.cpp:97] provider=sockets, device=ens51np0
I0317 11:12:08.203292     274 libfabric_common.cpp:97] provider=sockets, device=vlan1401
I0317 11:12:08.203292     274 libfabric_common.cpp:97] provider=sockets, device=cni0
I0317 11:12:08.203293     274 libfabric_common.cpp:97] provider=sockets, device=vethc924435f
I0317 11:12:08.203293     274 libfabric_common.cpp:97] provider=sockets, device=vethe29b4b2e
I0317 11:12:08.203294     274 libfabric_common.cpp:97] provider=sockets, device=veth4e77d7d4
I0317 11:12:08.203294     274 libfabric_common.cpp:97] provider=sockets, device=cni0
I0317 11:12:08.203300     274 libfabric_common.cpp:97] provider=udp;ofi_rxd, device=ens22np0
I0317 11:12:08.203301     274 libfabric_common.cpp:97] provider=udp;ofi_rxd, device=ens12np0
I0317 11:12:08.203301     274 libfabric_common.cpp:97] provider=udp;ofi_rxd, device=ens21np0
I0317 11:12:08.203302     274 libfabric_common.cpp:97] provider=udp;ofi_rxd, device=ens11np0
I0317 11:12:08.203303     274 libfabric_common.cpp:97] provider=udp;ofi_rxd, device=ens42np0
I0317 11:12:08.203303     274 libfabric_common.cpp:97] provider=udp;ofi_rxd, device=ens32np0
I0317 11:12:08.203304     274 libfabric_common.cpp:97] provider=udp;ofi_rxd, device=ens41np0
I0317 11:12:08.203304     274 libfabric_common.cpp:97] provider=udp;ofi_rxd, device=ens31np0
I0317 11:12:08.203305     274 libfabric_common.cpp:97] provider=udp;ofi_rxd, device=ens22np0
I0317 11:12:08.203305     274 libfabric_common.cpp:97] provider=udp;ofi_rxd, device=ens12np0
I0317 11:12:08.203306     274 libfabric_common.cpp:97] provider=udp;ofi_rxd, device=ens21np0
I0317 11:12:08.203307     274 libfabric_common.cpp:97] provider=udp;ofi_rxd, device=ens11np0
I0317 11:12:08.203307     274 libfabric_common.cpp:97] provider=udp;ofi_rxd, device=ens42np0
I0317 11:12:08.203308     274 libfabric_common.cpp:97] provider=udp;ofi_rxd, device=ens32np0
I0317 11:12:08.203308     274 libfabric_common.cpp:97] provider=udp;ofi_rxd, device=ens41np0
I0317 11:12:08.203309     274 libfabric_common.cpp:97] provider=udp;ofi_rxd, device=ens31np0
I0317 11:12:08.203309     274 libfabric_common.cpp:97] provider=udp;ofi_rxd, device=flannel.1
I0317 11:12:08.203310     274 libfabric_common.cpp:97] provider=udp;ofi_rxd, device=vlan1401
I0317 11:12:08.203310     274 libfabric_common.cpp:97] provider=udp;ofi_rxd, device=ens51np0
I0317 11:12:08.203311     274 libfabric_common.cpp:97] provider=udp;ofi_rxd, device=flannel.1
I0317 11:12:08.203311     274 libfabric_common.cpp:97] provider=udp;ofi_rxd, device=ens51np0
I0317 11:12:08.203312     274 libfabric_common.cpp:97] provider=udp;ofi_rxd, device=vlan1401
I0317 11:12:08.203313     274 libfabric_common.cpp:97] provider=udp;ofi_rxd, device=cni0
I0317 11:12:08.203313     274 libfabric_common.cpp:97] provider=udp;ofi_rxd, device=vethc924435f
I0317 11:12:08.203314     274 libfabric_common.cpp:97] provider=udp;ofi_rxd, device=vethe29b4b2e
I0317 11:12:08.203314     274 libfabric_common.cpp:97] provider=udp;ofi_rxd, device=veth4e77d7d4
I0317 11:12:08.203315     274 libfabric_common.cpp:97] provider=udp;ofi_rxd, device=cni0
I0317 11:12:08.203315     274 libfabric_common.cpp:97] provider=udp;ofi_rxd, device=lo
I0317 11:12:08.203316     274 libfabric_common.cpp:97] provider=udp;ofi_rxd, device=lo
I0317 11:12:08.203319     274 libfabric_common.cpp:97] provider=tcp;ofi_rxm, device=ens22np0
I0317 11:12:08.203319     274 libfabric_common.cpp:97] provider=tcp;ofi_rxm, device=ens12np0
I0317 11:12:08.203320     274 libfabric_common.cpp:97] provider=tcp;ofi_rxm, device=ens21np0
I0317 11:12:08.203320     274 libfabric_common.cpp:97] provider=tcp;ofi_rxm, device=ens11np0
I0317 11:12:08.203321     274 libfabric_common.cpp:97] provider=tcp;ofi_rxm, device=ens42np0
I0317 11:12:08.203321     274 libfabric_common.cpp:97] provider=tcp;ofi_rxm, device=ens32np0
I0317 11:12:08.203322     274 libfabric_common.cpp:97] provider=tcp;ofi_rxm, device=ens41np0
I0317 11:12:08.203323     274 libfabric_common.cpp:97] provider=tcp;ofi_rxm, device=ens31np0
I0317 11:12:08.203323     274 libfabric_common.cpp:97] provider=tcp;ofi_rxm, device=ens22np0
I0317 11:12:08.203324     274 libfabric_common.cpp:97] provider=tcp;ofi_rxm, device=ens12np0
I0317 11:12:08.203324     274 libfabric_common.cpp:97] provider=tcp;ofi_rxm, device=ens21np0
I0317 11:12:08.203325     274 libfabric_common.cpp:97] provider=tcp;ofi_rxm, device=ens11np0
I0317 11:12:08.203325     274 libfabric_common.cpp:97] provider=tcp;ofi_rxm, device=ens42np0
I0317 11:12:08.203326     274 libfabric_common.cpp:97] provider=tcp;ofi_rxm, device=ens32np0
I0317 11:12:08.203326     274 libfabric_common.cpp:97] provider=tcp;ofi_rxm, device=ens41np0
I0317 11:12:08.203327     274 libfabric_common.cpp:97] provider=tcp;ofi_rxm, device=ens31np0
I0317 11:12:08.203328     274 libfabric_common.cpp:97] provider=tcp;ofi_rxm, device=flannel.1
I0317 11:12:08.203328     274 libfabric_common.cpp:97] provider=tcp;ofi_rxm, device=vlan1401
I0317 11:12:08.203329     274 libfabric_common.cpp:97] provider=tcp;ofi_rxm, device=ens51np0
I0317 11:12:08.203329     274 libfabric_common.cpp:97] provider=tcp;ofi_rxm, device=flannel.1
I0317 11:12:08.203330     274 libfabric_common.cpp:97] provider=tcp;ofi_rxm, device=ens51np0
I0317 11:12:08.203330     274 libfabric_common.cpp:97] provider=tcp;ofi_rxm, device=vlan1401
I0317 11:12:08.203331     274 libfabric_common.cpp:97] provider=tcp;ofi_rxm, device=cni0
I0317 11:12:08.203331     274 libfabric_common.cpp:97] provider=tcp;ofi_rxm, device=vethc924435f
I0317 11:12:08.203332     274 libfabric_common.cpp:97] provider=tcp;ofi_rxm, device=vethe29b4b2e
I0317 11:12:08.203333     274 libfabric_common.cpp:97] provider=tcp;ofi_rxm, device=veth4e77d7d4
I0317 11:12:08.203333     274 libfabric_common.cpp:97] provider=tcp;ofi_rxm, device=cni0
I0317 11:12:08.203334     274 libfabric_common.cpp:97] provider=tcp;ofi_rxm, device=lo
I0317 11:12:08.203334     274 libfabric_common.cpp:97] provider=tcp;ofi_rxm, device=lo
I0317 11:12:08.203335     274 libfabric_common.cpp:97] provider=tcp;ofi_rxm, device=ens22np0
I0317 11:12:08.203335     274 libfabric_common.cpp:97] provider=tcp;ofi_rxm, device=ens12np0
I0317 11:12:08.203336     274 libfabric_common.cpp:97] provider=tcp;ofi_rxm, device=ens21np0
I0317 11:12:08.203337     274 libfabric_common.cpp:97] provider=tcp;ofi_rxm, device=ens11np0
I0317 11:12:08.203337     274 libfabric_common.cpp:97] provider=tcp;ofi_rxm, device=ens42np0
I0317 11:12:08.203338     274 libfabric_common.cpp:97] provider=tcp;ofi_rxm, device=ens32np0
I0317 11:12:08.203338     274 libfabric_common.cpp:97] provider=tcp;ofi_rxm, device=ens41np0
I0317 11:12:08.203339     274 libfabric_common.cpp:97] provider=tcp;ofi_rxm, device=ens31np0
I0317 11:12:08.203339     274 libfabric_common.cpp:97] provider=tcp;ofi_rxm, device=ens22np0
I0317 11:12:08.203340     274 libfabric_common.cpp:97] provider=tcp;ofi_rxm, device=ens12np0
I0317 11:12:08.203340     274 libfabric_common.cpp:97] provider=tcp;ofi_rxm, device=ens21np0
I0317 11:12:08.203341     274 libfabric_common.cpp:97] provider=tcp;ofi_rxm, device=ens11np0
I0317 11:12:08.203342     274 libfabric_common.cpp:97] provider=tcp;ofi_rxm, device=ens42np0
I0317 11:12:08.203342     274 libfabric_common.cpp:97] provider=tcp;ofi_rxm, device=ens32np0
I0317 11:12:08.203343     274 libfabric_common.cpp:97] provider=tcp;ofi_rxm, device=ens41np0
I0317 11:12:08.203343     274 libfabric_common.cpp:97] provider=tcp;ofi_rxm, device=ens31np0
I0317 11:12:08.203344     274 libfabric_common.cpp:97] provider=tcp;ofi_rxm, device=flannel.1
I0317 11:12:08.203344     274 libfabric_common.cpp:97] provider=tcp;ofi_rxm, device=vlan1401
I0317 11:12:08.203345     274 libfabric_common.cpp:97] provider=tcp;ofi_rxm, device=ens51np0
I0317 11:12:08.203345     274 libfabric_common.cpp:97] provider=tcp;ofi_rxm, device=flannel.1
I0317 11:12:08.203346     274 libfabric_common.cpp:97] provider=tcp;ofi_rxm, device=ens51np0
I0317 11:12:08.203346     274 libfabric_common.cpp:97] provider=tcp;ofi_rxm, device=vlan1401
I0317 11:12:08.203347     274 libfabric_common.cpp:97] provider=tcp;ofi_rxm, device=cni0
I0317 11:12:08.203348     274 libfabric_common.cpp:97] provider=tcp;ofi_rxm, device=vethc924435f
I0317 11:12:08.203348     274 libfabric_common.cpp:97] provider=tcp;ofi_rxm, device=vethe29b4b2e
I0317 11:12:08.203349     274 libfabric_common.cpp:97] provider=tcp;ofi_rxm, device=veth4e77d7d4
I0317 11:12:08.203349     274 libfabric_common.cpp:97] provider=tcp;ofi_rxm, device=cni0
I0317 11:12:08.203350     274 libfabric_common.cpp:97] provider=tcp;ofi_rxm, device=lo
I0317 11:12:08.203351     274 libfabric_common.cpp:97] provider=tcp;ofi_rxm, device=lo
I0317 11:12:08.203351     274 libfabric_common.cpp:97] provider=tcp;ofi_rxm, device=ens22np0
I0317 11:12:08.203352     274 libfabric_common.cpp:97] provider=tcp;ofi_rxm, device=ens12np0
I0317 11:12:08.203352     274 libfabric_common.cpp:97] provider=tcp;ofi_rxm, device=ens21np0
I0317 11:12:08.203353     274 libfabric_common.cpp:97] provider=tcp;ofi_rxm, device=ens11np0
I0317 11:12:08.203353     274 libfabric_common.cpp:97] provider=tcp;ofi_rxm, device=ens42np0
I0317 11:12:08.203354     274 libfabric_common.cpp:97] provider=tcp;ofi_rxm, device=ens32np0
I0317 11:12:08.203355     274 libfabric_common.cpp:97] provider=tcp;ofi_rxm, device=ens41np0
I0317 11:12:08.203355     274 libfabric_common.cpp:97] provider=tcp;ofi_rxm, device=ens31np0
I0317 11:12:08.203356     274 libfabric_common.cpp:97] provider=tcp;ofi_rxm, device=ens22np0
I0317 11:12:08.203356     274 libfabric_common.cpp:97] provider=tcp;ofi_rxm, device=ens12np0
I0317 11:12:08.203357     274 libfabric_common.cpp:97] provider=tcp;ofi_rxm, device=ens21np0
I0317 11:12:08.203357     274 libfabric_common.cpp:97] provider=tcp;ofi_rxm, device=ens11np0
I0317 11:12:08.203358     274 libfabric_common.cpp:97] provider=tcp;ofi_rxm, device=ens42np0
I0317 11:12:08.203358     274 libfabric_common.cpp:97] provider=tcp;ofi_rxm, device=ens32np0
I0317 11:12:08.203359     274 libfabric_common.cpp:97] provider=tcp;ofi_rxm, device=ens41np0
I0317 11:12:08.203359     274 libfabric_common.cpp:97] provider=tcp;ofi_rxm, device=ens31np0
I0317 11:12:08.203360     274 libfabric_common.cpp:97] provider=tcp;ofi_rxm, device=flannel.1
I0317 11:12:08.203361     274 libfabric_common.cpp:97] provider=tcp;ofi_rxm, device=vlan1401
I0317 11:12:08.203361     274 libfabric_common.cpp:97] provider=tcp;ofi_rxm, device=ens51np0
I0317 11:12:08.203362     274 libfabric_common.cpp:97] provider=tcp;ofi_rxm, device=flannel.1
I0317 11:12:08.203362     274 libfabric_common.cpp:97] provider=tcp;ofi_rxm, device=ens51np0
I0317 11:12:08.203363     274 libfabric_common.cpp:97] provider=tcp;ofi_rxm, device=vlan1401
I0317 11:12:08.203363     274 libfabric_common.cpp:97] provider=tcp;ofi_rxm, device=cni0
I0317 11:12:08.203364     274 libfabric_common.cpp:97] provider=tcp;ofi_rxm, device=vethc924435f
I0317 11:12:08.203364     274 libfabric_common.cpp:97] provider=tcp;ofi_rxm, device=vethe29b4b2e
I0317 11:12:08.203365     274 libfabric_common.cpp:97] provider=tcp;ofi_rxm, device=veth4e77d7d4
I0317 11:12:08.203365     274 libfabric_common.cpp:97] provider=tcp;ofi_rxm, device=cni0
I0317 11:12:08.203366     274 libfabric_common.cpp:97] provider=tcp;ofi_rxm, device=lo
I0317 11:12:08.203367     274 libfabric_common.cpp:97] provider=tcp;ofi_rxm, device=lo
I0317 11:12:08.203368     274 libfabric_common.cpp:97] provider=tcp, device=ens22np0
I0317 11:12:08.203369     274 libfabric_common.cpp:97] provider=tcp, device=ens12np0
I0317 11:12:08.203369     274 libfabric_common.cpp:97] provider=tcp, device=ens21np0
I0317 11:12:08.203370     274 libfabric_common.cpp:97] provider=tcp, device=ens11np0
I0317 11:12:08.203370     274 libfabric_common.cpp:97] provider=tcp, device=ens42np0
I0317 11:12:08.203371     274 libfabric_common.cpp:97] provider=tcp, device=ens32np0
I0317 11:12:08.203372     274 libfabric_common.cpp:97] provider=tcp, device=ens41np0
I0317 11:12:08.203372     274 libfabric_common.cpp:97] provider=tcp, device=ens31np0
I0317 11:12:08.203373     274 libfabric_common.cpp:97] provider=tcp, device=ens22np0
I0317 11:12:08.203373     274 libfabric_common.cpp:97] provider=tcp, device=ens12np0
I0317 11:12:08.203374     274 libfabric_common.cpp:97] provider=tcp, device=ens21np0
I0317 11:12:08.203375     274 libfabric_common.cpp:97] provider=tcp, device=ens11np0
I0317 11:12:08.203376     274 libfabric_common.cpp:97] provider=tcp, device=ens42np0
I0317 11:12:08.203376     274 libfabric_common.cpp:97] provider=tcp, device=ens32np0
I0317 11:12:08.203377     274 libfabric_common.cpp:97] provider=tcp, device=ens41np0
I0317 11:12:08.203377     274 libfabric_common.cpp:97] provider=tcp, device=ens31np0
I0317 11:12:08.203378     274 libfabric_common.cpp:97] provider=tcp, device=flannel.1
I0317 11:12:08.203379     274 libfabric_common.cpp:97] provider=tcp, device=vlan1401
I0317 11:12:08.203379     274 libfabric_common.cpp:97] provider=tcp, device=ens51np0
I0317 11:12:08.203380     274 libfabric_common.cpp:97] provider=tcp, device=flannel.1
I0317 11:12:08.203380     274 libfabric_common.cpp:97] provider=tcp, device=ens51np0
I0317 11:12:08.203381     274 libfabric_common.cpp:97] provider=tcp, device=vlan1401
I0317 11:12:08.203381     274 libfabric_common.cpp:97] provider=tcp, device=cni0
I0317 11:12:08.203382     274 libfabric_common.cpp:97] provider=tcp, device=vethc924435f
I0317 11:12:08.203382     274 libfabric_common.cpp:97] provider=tcp, device=vethe29b4b2e
I0317 11:12:08.203383     274 libfabric_common.cpp:97] provider=tcp, device=veth4e77d7d4
I0317 11:12:08.203384     274 libfabric_common.cpp:97] provider=tcp, device=cni0
I0317 11:12:08.203398     274 libfabric_topology_hip.cpp:137] Discovered 1 tcp devices (TCP fallback)
I0317 11:12:08.203402     274 libfabric_topology_hip.cpp:145] Network device 0: ens22np0 (provider=tcp)
I0317 11:12:08.203404     274 libfabric_topology_hip.cpp:109] Using simplified topology for tcp devices (no topology mapping needed)
I0317 11:12:08.203405     274 libfabric_topology_hip.cpp:117] TCP devices available globally - no accelerator-specific mapping required
I0317 11:12:08.203407     274 libfabric_topology_hip.cpp:120] Topology discovery completed successfully
I0317 11:12:08.203408     274 libfabric_topology_hip.cpp:62] Topology discovery completed successfully
I0317 11:12:08.203409     274 libfabric_topology_hip.cpp:255] === Libfabric Topology Information ===
I0317 11:12:08.203410     274 libfabric_topology_hip.cpp:256] Topology discovered: Yes
I0317 11:12:08.203413     274 libfabric_topology_hip.cpp:257] Number of NVIDIA accelerators: 0
I0317 11:12:08.203414     274 libfabric_topology_hip.cpp:258] Number of AMD accelerators: 0
I0317 11:12:08.203415     274 libfabric_topology_hip.cpp:259] Number of AWS Neuron accelerators: 0
I0317 11:12:08.203416     274 libfabric_topology_hip.cpp:260] Number of NUMA nodes: 0
I0317 11:12:08.203417     274 libfabric_topology_hip.cpp:261] Number of EFA devices: 1
I0317 11:12:08.203418     274 libfabric_topology_hip.cpp:262] EFA devices: 
I0317 11:12:08.203419     274 libfabric_topology_hip.cpp:264]   [0] ens22np0
I0317 11:12:08.203421     274 libfabric_topology_hip.cpp:266] Accelerator-PCI â†’ EFA mapping:
I0317 11:12:08.203423     274 libfabric_topology_hip.cpp:277] Host memory (DRAM) will limit number of EFA devices used per-NUMA node according to maximum PCIe switch bandwidth
I0317 11:12:08.203424     274 libfabric_topology_hip.cpp:279] =====================================
I0317 11:12:08.203434     274 libfabric_rail_manager_hip.cpp:219] System runtime: SYSTEM (no accelerators)
I0317 11:12:08.203437     274 libfabric_rail_manager_hip.cpp:227] Got 1 network devices from topology for provider=tcp
I0317 11:12:08.203447     274 libfabric_rail_manager_hip.cpp:1172] Cleared 0 active rails
I0317 11:12:08.203972     274 libfabric_rail.cpp:48] InitializeBasePool - Rail 0 completed. Total requests: 4096 Free requests: 4096
I0317 11:12:08.204099     274 libfabric_rail.cpp:48] InitializeBasePool - Rail 0 completed. Total requests: 1024 Free requests: 1024
I0317 11:12:08.204103     274 libfabric_rail.cpp:404] Initializing rail 0 with device=ens22np0, provider=tcp
I0317 11:12:08.204170     274 libfabric_rail.cpp:442] No provider found with FI_HMEM capability for rail 0, retrying without FI_HMEM
I0317 11:12:08.206093     274 libfabric_rail.cpp:456] Using provider without FI_HMEM support for rail 0
I0317 11:12:08.206149     274 libfabric_rail.cpp:469] fabric_attr->name 10.254.10.0/23
I0317 11:12:08.206166     274 libfabric_rail.cpp:489] fi_cq_open with FI_WAIT_NONE succeeded for rail 0
I0317 11:12:08.206211     274 libfabric_rail.cpp:210] CreateBufferChunk on Rail 0 successfully created buffer chunk: buffer=0x7fc3cc1fd010 size=33554432 mr=0xabcc510 mr_key=18446744073709551615
I0317 11:12:08.206586     274 libfabric_rail.cpp:244] InitializeWithBuffers on Rail 0 successfully initialized with 1 buffer chunks
I0317 11:12:08.206680     274 libfabric_rail.cpp:587] Initialized request pools: 4096 control requests, 1024 data requests for rail 0
I0317 11:12:08.206682     274 libfabric_rail.cpp:592] Pre-posting 1024 recv requests for rail 0
I0317 11:12:08.206688     274 libfabric_rail.cpp:320] Allocate on Rail 0 allocated control request XFER_ID=1 buffer_size=8192
I0317 11:12:08.206690     274 libfabric_rail.cpp:997] Posting receive on endpoint=0xadfbce0 buffer=0x7fc3ce1fb010 size=8192 context=0xadb40d0
I0317 11:12:08.209571     274 libfabric_rail.cpp:1006] Receive posted successfully
I0317 11:12:08.209574     274 libfabric_rail.cpp:320] Allocate on Rail 0 allocated control request XFER_ID=2 buffer_size=8192
I0317 11:12:08.209575     274 libfabric_rail.cpp:997] Posting receive on endpoint=0xadfbce0 buffer=0x7fc3ce1f9010 size=8192 context=0xadb4020
I0317 11:12:08.209577     274 libfabric_rail.cpp:1006] Receive posted successfully
I0317 11:12:08.209578     274 libfabric_rail.cpp:320] Allocate on Rail 0 allocated control request XFER_ID=3 buffer_size=8192
I0317 11:12:08.209578     274 libfabric_rail.cpp:997] Posting receive on endpoint=0xadfbce0 buffer=0x7fc3ce1f7010 size=8192 context=0xadb3f78
I0317 11:12:08.209579     274 libfabric_rail.cpp:1006] Receive posted successfully
I0317 11:12:08.209580     274 libfabric_rail.cpp:320] Allocate on Rail 0 allocated control request XFER_ID=4 buffer_size=8192
I0317 11:12:08.209581     274 libfabric_rail.cpp:997] Posting receive on endpoint=0xadfbce0 buffer=0x7fc3ce1f5010 size=8192 context=0xadb3ed0
I0317 11:12:08.209582     274 libfabric_rail.cpp:1006] Receive posted successfully
I0317 11:12:08.209582     274 libfabric_rail.cpp:320] Allocate on Rail 0 allocated control request XFER_ID=5 buffer_size=8192
I0317 11:12:08.209583     274 libfabric_rail.cpp:997] Posting receive on endpoint=0xadfbce0 buffer=0x7fc3ce1f3010 size=8192 context=0xadb3e20
I0317 11:12:08.209584     274 libfabric_rail.cpp:1006] Receive posted successfully
I0317 11:12:08.209584     274 libfabric_rail.cpp:320] Allocate on Rail 0 allocated control request XFER_ID=6 buffer_size=8192
I0317 11:12:08.209585     274 libfabric_rail.cpp:997] Posting receive on endpoint=0xadfbce0 buffer=0x7fc3ce1f1010 size=8192 context=0xadb3d78
I0317 11:12:08.209586     274 libfabric_rail.cpp:1006] Receive posted successfully
I0317 11:12:08.209587     274 libfabric_rail.cpp:320] Allocate on Rail 0 allocated control request XFER_ID=7 buffer_size=8192
I0317 11:12:08.209587     274 libfabric_rail.cpp:997] Posting receive on endpoint=0xadfbce0 buffer=0x7fc3ce1ef010 size=8192 context=0xadb3cd0
I0317 11:12:08.209588     274 libfabric_rail.cpp:1006] Receive posted successfully
I0317 11:12:08.209589     274 libfabric_rail.cpp:320] Allocate on Rail 0 allocated control request XFER_ID=8 buffer_size=8192
I0317 11:12:08.209590     274 libfabric_rail.cpp:997] Posting receive on endpoint=0xadfbce0 buffer=0x7fc3ce1ed010 size=8192 context=0xadb3c20
I0317 11:12:08.209591     274 libfabric_rail.cpp:1006] Receive posted successfully
I0317 11:12:08.209591     274 libfabric_rail.cpp:320] Allocate on Rail 0 allocated control request XFER_ID=9 buffer_size=8192
I0317 11:12:08.209592     274 libfabric_rail.cpp:997] Posting receive on endpoint=0xadfbce0 buffer=0x7fc3ce1eb010 size=8192 context=0xadb3b78
I0317 11:12:08.209593     274 libfabric_rail.cpp:1006] Receive posted successfully
I0317 11:12:08.209593     274 libfabric_rail.cpp:320] Allocate on Rail 0 allocated control request XFER_ID=10 buffer_size=8192
I0317 11:12:08.209594     274 libfabric_rail.cpp:997] Posting receive on endpoint=0xadfbce0 buffer=0x7fc3ce1e9010 size=8192 context=0xadb3ad0
I0317 11:12:08.209595     274 libfabric_rail.cpp:1006] Receive posted successfully
I0317 11:12:08.209596     274 libfabric_rail.cpp:320] Allocate on Rail 0 allocated control request XFER_ID=11 buffer_size=8192
I0317 11:12:08.209596     274 libfabric_rail.cpp:997] Posting receive on endpoint=0xadfbce0 buffer=0x7fc3ce1e7010 size=8192 context=0xadb3a20
I0317 11:12:08.209598     274 libfabric_rail.cpp:1006] Receive posted successfully
I0317 11:12:08.209598     274 libfabric_rail.cpp:320] Allocate on Rail 0 allocated control request XFER_ID=12 buffer_size=8192
I0317 11:12:08.209599     274 libfabric_rail.cpp:997] Posting receive on endpoint=0xadfbce0 buffer=0x7fc3ce1e5010 size=8192 context=0xadb3978
I0317 11:12:08.209600     274 libfabric_rail.cpp:1006] Receive posted successfully
I0317 11:12:08.209600     274 libfabric_rail.cpp:320] Allocate on Rail 0 allocated control request XFER_ID=13 buffer_size=8192
I0317 11:12:08.209601     274 libfabric_rail.cpp:997] Posting receive on endpoint=0xadfbce0 buffer=0x7fc3ce1e3010 size=8192 context=0xadb38d0
I0317 11:12:08.209602     274 libfabric_rail.cpp:1006] Receive posted successfully
I0317 11:12:08.209603     274 libfabric_rail.cpp:320] Allocate on Rail 0 allocated control request XFER_ID=14 buffer_size=8192
I0317 11:12:08.209603     274 libfabric_rail.cpp:997] Posting receive on endpoint=0xadfbce0 buffer=0x7fc3ce1e1010 size=8192 context=0xadb3820
I0317 11:12:08.209604     274 libfabric_rail.cpp:1006] Receive posted successfully
I0317 11:12:08.209605     274 libfabric_rail.cpp:320] Allocate on Rail 0 allocated control request XFER_ID=15 buffer_size=8192
I0317 11:12:08.209606     274 libfabric_rail.cpp:997] Posting receive on endpoint=0xadfbce0 buffer=0x7fc3ce1df010 size=8192 context=0xadb3778
I0317 11:12:08.209606     274 libfabric_rail.cpp:1006] Receive posted successfully
I0317 11:12:08.209607     274 libfabric_rail.cpp:320] Allocate on Rail 0 allocated control request XFER_ID=16 buffer_size=8192
I0317 11:12:08.209608     274 libfabric_rail.cpp:997] Posting receive on endpoint=0xadfbce0 buffer=0x7fc3ce1dd010 size=8192 context=0xadb36d0
I0317 11:12:08.209609     274 libfabric_rail.cpp:1006] Receive posted successfully
I0317 11:12:08.209609     274 libfabric_rail.cpp:320] Allocate on Rail 0 allocated control request XFER_ID=17 buffer_size=8192
I0317 11:12:08.209610     274 libfabric_rail.cpp:997] Posting receive on endpoint=0xadfbce0 buffer=0x7fc3ce1db010 size=8192 context=0xadb3620
I0317 11:12:08.209611     274 libfabric_rail.cpp:1006] Receive posted successfully
I0317 11:12:08.209611     274 libfabric_rail.cpp:320] Allocate on Rail 0 allocated control request XFER_ID=18 buffer_size=8192
I0317 11:12:08.209612     274 libfabric_rail.cpp:997] Posting receive on endpoint=0xadfbce0 buffer=0x7fc3ce1d9010 size=8192 context=0xadb3578
I0317 11:12:08.209613     274 libfabric_rail.cpp:1006] Receive posted successfully
I0317 11:12:08.209614     274 libfabric_rail.cpp:320] Allocate on Rail 0 allocated control request XFER_ID=19 buffer_size=8192
I0317 11:12:08.209614     274 libfabric_rail.cpp:997] Posting receive on endpoint=0xadfbce0 buffer=0x7fc3ce1d7010 size=8192 context=0xadb34d0
I0317 11:12:08.209615     274 libfabric_rail.cpp:1006] Receive posted successfully
I0317 11:12:08.209616     274 libfabric_rail.cpp:320] Allocate on Rail 0 allocated control request XFER_ID=20 buffer_size=8192
I0317 11:12:08.209616     274 libfabric_rail.cpp:997] Posting receive on endpoint=0xadfbce0 buffer=0x7fc3ce1d5010 size=8192 context=0xadb3420
I0317 11:12:08.209617     274 libfabric_rail.cpp:1006] Receive posted successfully
I0317 11:12:08.209618     274 libfabric_rail.cpp:320] Allocate on Rail 0 allocated control request XFER_ID=21 buffer_size=8192
I0317 11:12:08.209619     274 libfabric_rail.cpp:997] Posting receive on endpoint=0xadfbce0 buffer=0x7fc3ce1d3010 size=8192 context=0xadb3378
I0317 11:12:08.209619     274 libfabric_rail.cpp:1006] Receive posted successfully
I0317 11:12:08.209620     274 libfabric_rail.cpp:320] Allocate on Rail 0 allocated control request XFER_ID=22 buffer_size=8192
I0317 11:12:08.209621     274 libfabric_rail.cpp:997] Posting receive on endpoint=0xadfbce0 buffer=0x7fc3ce1d1010 size=8192 context=0xadb32d0
I0317 11:12:08.209622     274 libfabric_rail.cpp:1006] Receive posted successfully
I0317 11:12:08.209622     274 libfabric_rail.cpp:320] Allocate on Rail 0 allocated control request XFER_ID=23 buffer_size=8192
I0317 11:12:08.209623     274 libfabric_rail.cpp:997] Posting receive on endpoint=0xadfbce0 buffer=0x7fc3ce1cf010 size=8192 context=0xadb3220
I0317 11:12:08.209624     274 libfabric_rail.cpp:1006] Receive posted successfully
I0317 11:12:08.209624     274 libfabric_rail.cpp:320] Allocate on Rail 0 allocated control request XFER_ID=24 buffer_size=8192
I0317 11:12:08.209625     274 libfabric_rail.cpp:997] Posting receive on endpoint=0xadfbce0 buffer=0x7fc3ce1cd010 size=8192 context=0xadb3178
I0317 11:12:08.209626     274 libfabric_rail.cpp:1006] Receive posted successfully
I0317 11:12:08.209626     274 libfabric_rail.cpp:320] Allocate on Rail 0 allocated control request XFER_ID=25 buffer_size=8192
I0317 11:12:08.209627     274 libfabric_rail.cpp:997] Posting receive on endpoint=0xadfbce0 buffer=0x7fc3ce1cb010 size=8192 context=0xadb30d0
I0317 11:12:08.209628     274 libfabric_rail.cpp:1006] Receive posted successfully
I0317 11:12:08.209629     274 libfabric_rail.cpp:320] Allocate on Rail 0 allocated control request XFER_ID=26 buffer_size=8192
I0317 11:12:08.209629     274 libfabric_rail.cpp:997] Posting receive on endpoint=0xadfbce0 buffer=0x7fc3ce1c9010 size=8192 context=0xadb3020
I0317 11:12:08.209630     274 libfabric_rail.cpp:1006] Receive posted successfully
I0317 11:12:08.209631     274 libfabric_rail.cpp:320] Allocate on Rail 0 allocated control request XFER_ID=27 buffer_size=8192
I0317 11:12:08.209632     274 libfabric_rail.cpp:997] Posting receive on endpoint=0xadfbce0 buffer=0x7fc3ce1c7010 size=8192 context=0xadb2f78
I0317 11:12:08.209632     274 libfabric_rail.cpp:1006] Receive posted successfully
I0317 11:12:08.209633     274 libfabric_rail.cpp:320] Allocate on Rail 0 allocated control request XFER_ID=28 buffer_size=8192
I0317 11:12:08.209634     274 libfabric_rail.cpp:997] Posting receive on endpoint=0xadfbce0 buffer=0x7fc3ce1c5010 size=8192 context=0xadb2ed0
I0317 11:12:08.209635     274 libfabric_rail.cpp:1006] Receive posted successfully
I0317 11:12:08.209635     274 libfabric_rail.cpp:320] Allocate on Rail 0 allocated control request XFER_ID=29 buffer_size=8192
I0317 11:12:08.209636     274 libfabric_rail.cpp:997] Posting receive on endpoint=0xadfbce0 buffer=0x7fc3ce1c3010 size=8192 context=0xadb2e20
I0317 11:12:08.209637     274 libfabric_rail.cpp:1006] Receive posted successfully
I0317 11:12:08.209637     274 libfabric_rail.cpp:320] Allocate on Rail 0 allocated control request XFER_ID=30 buffer_size=8192
I0317 11:12:08.209638     274 libfabric_rail.cpp:997] Posting receive on endpoint=0xadfbce0 buffer=0x7fc3ce1c1010 size=8192 context=0xadb2d78
I0317 11:12:08.209639     274 libfabric_rail.cpp:1006] Receive posted successfully
I0317 11:12:08.209639     274 libfabric_rail.cpp:320] Allocate on Rail 0 allocated control request XFER_ID=31 buffer_size=8192
I0317 11:12:08.209640     274 libfabric_rail.cpp:997] Posting receive on endpoint=0xadfbce0 buffer=0x7fc3ce1bf010 size=8192 context=0xadb2cd0
I0317 11:12:08.209641     274 libfabric_rail.cpp:1006] Receive posted successfully
I0317 11:12:08.209642     274 libfabric_rail.cpp:320] Allocate on Rail 0 allocated control request XFER_ID=32 buffer_size=8192
I0317 11:12:08.209642     274 libfabric_rail.cpp:997] Posting receive on endpoint=0xadfbce0 buffer=0x7fc3ce1bd010 size=8192 context=0xadb2c20
I0317 11:12:08.209643     274 libfabric_rail.cpp:1006] Receive posted successfully
I0317 11:12:08.209644     274 libfabric_rail.cpp:320] Allocate on Rail 0 allocated control request XFER_ID=33 buffer_size=8192
I0317 11:12:08.209649     274 libfabric_rail.cpp:997] Posting receive on endpoint=0xadfbce0 buffer=0x7fc3ce1bb010 size=8192 context=0xadb2b78
I0317 11:12:08.209649     274 libfabric_rail.cpp:1006] Receive posted successfully
I0317 11:12:08.209650     274 libfabric_rail.cpp:320] Allocate on Rail 0 allocated control request XFER_ID=34 buffer_size=8192
I0317 11:12:08.209651     274 libfabric_rail.cpp:997] Posting receive on endpoint=0xadfbce0 buffer=0x7fc3ce1b9010 size=8192 context=0xadb2ad0
I0317 11:12:08.209652     274 libfabric_rail.cpp:1006] Receive posted successfully
I0317 11:12:08.209652     274 libfabric_rail.cpp:320] Allocate on Rail 0 allocated control request XFER_ID=35 buffer_size=8192
I0317 11:12:08.209653     274 libfabric_rail.cpp:997] Posting receive on endpoint=0xadfbce0 buffer=0x7fc3ce1b7010 size=8192 context=0xadb2a20
I0317 11:12:08.209654     274 libfabric_rail.cpp:1006] Receive posted successfully
I0317 11:12:08.209654     274 libfabric_rail.cpp:320] Allocate on Rail 0 allocated control request XFER_ID=36 buffer_size=8192
I0317 11:12:08.209655     274 libfabric_rail.cpp:997] Posting receive on endpoint=0xadfbce0 buffer=0x7fc3ce1b5010 size=8192 context=0xadb2978
I0317 11:12:08.209656     274 libfabric_rail.cpp:1006] Receive posted successfully
I0317 11:12:08.209657     274 libfabric_rail.cpp:320] Allocate on Rail 0 allocated control request XFER_ID=37 buffer_size=8192
I0317 11:12:08.209657     274 libfabric_rail.cpp:997] Posting receive on endpoint=0xadfbce0 buffer=0x7fc3ce1b3010 size=8192 context=0xadb28d0
I0317 11:12:08.209658     274 libfabric_rail.cpp:1006] Receive posted successfully
I0317 11:12:08.209659     274 libfabric_rail.cpp:320] Allocate on Rail 0 allocated control request XFER_ID=38 buffer_size=8192
I0317 11:12:08.209659     274 libfabric_rail.cpp:997] Posting receive on endpoint=0xadfbce0 buffer=0x7fc3ce1b1010 size=8192 context=0xadb2820
I0317 11:12:08.209661     274 libfabric_rail.cpp:1006] Receive posted successfully
I0317 11:12:08.209661     274 libfabric_rail.cpp:320] Allocate on Rail 0 allocated control request XFER_ID=39 buffer_size=8192
I0317 11:12:08.209662     274 libfabric_rail.cpp:997] Posting receive on endpoint=0xadfbce0 buffer=0x7fc3ce1af010 size=8192 context=0xadb2778
I0317 11:12:08.209663     274 libfabric_rail.cpp:1006] Receive posted successfully
I0317 11:12:08.209663     274 libfabric_rail.cpp:320] Allocate on Rail 0 allocated control request XFER_ID=40 buffer_size=8192
I0317 11:12:08.209664     274 libfabric_rail.cpp:997] Posting receive on endpoint=0xadfbce0 buffer=0x7fc3ce1ad010 size=8192 context=0xadb26d0
I0317 11:12:08.209665     274 libfabric_rail.cpp:1006] Receive posted successfully
I0317 11:12:08.209666     274 libfabric_rail.cpp:320] Allocate on Rail 0 allocated control request XFER_ID=41 buffer_size=8192
I0317 11:12:08.209666     274 libfabric_rail.cpp:997] Posting receive on endpoint=0xadfbce0 buffer=0x7fc3ce1ab010 size=8192 context=0xadb2620
I0317 11:12:08.209667     274 libfabric_rail.cpp:1006] Receive posted successfully
I0317 11:12:08.209668     274 libfabric_rail.cpp:320] Allocate on Rail 0 allocated control request XFER_ID=42 buffer_size=8192
I0317 11:12:08.209668     274 libfabric_rail.cpp:997] Posting receive on endpoint=0xadfbce0 buffer=0x7fc3ce1a9010 size=8192 context=0xadb2578
I0317 11:12:08.209669     274 libfabric_rail.cpp:1006] Receive posted successfully
I0317 11:12:08.209670     274 libfabric_rail.cpp:320] Allocate on Rail 0 allocated control request XFER_ID=43 buffer_size=8192
I0317 11:12:08.209671     274 libfabric_rail.cpp:997] Posting receive on endpoint=0xadfbce0 buffer=0x7fc3ce1a7010 size=8192 context=0xadb24d0
I0317 11:12:08.209672     274 libfabric_rail.cpp:1006] Receive posted successfully
I0317 11:12:08.209673     274 libfabric_rail.cpp:320] Allocate on Rail 0 allocated control request XFER_ID=44 buffer_size=8192
I0317 11:12:08.209673     274 libfabric_rail.cpp:997] Posting receive on endpoint=0xadfbce0 buffer=0x7fc3ce1a5010 size=8192 context=0xadb2420
I0317 11:12:08.209674     274 libfabric_rail.cpp:1006] Receive posted successfully
I0317 11:12:08.209675     274 libfabric_rail.cpp:320] Allocate on Rail 0 allocated control request XFER_ID=45 buffer_size=8192
I0317 11:12:08.209675     274 libfabric_rail.cpp:997] Posting receive on endpoint=0xadfbce0 buffer=0x7fc3ce1a3010 size=8192 context=0xadb2378
I0317 11:12:08.209676     274 libfabric_rail.cpp:1006] Receive posted successfully
I0317 11:12:08.209677     274 libfabric_rail.cpp:320] Allocate on Rail 0 allocated control request XFER_ID=46 buffer_size=8192
I0317 11:12:08.209678     274 libfabric_rail.cpp:997] Posting receive on endpoint=0xadfbce0 buffer=0x7fc3ce1a1010 size=8192 context=0xadb22d0
I0317 11:12:08.209678     274 libfabric_rail.cpp:1006] Receive posted successfully
I0317 11:12:08.209679     274 libfabric_rail.cpp:320] Allocate on Rail 0 allocated control request XFER_ID=47 buffer_size=8192
I0317 11:12:08.209680     274 libfabric_rail.cpp:997] Posting receive on endpoint=0xadfbce0 buffer=0x7fc3ce19f010 size=8192 context=0xadb2220
I0317 11:12:08.209681     274 libfabric_rail.cpp:1006] Receive posted successfully
I0317 11:12:08.209681     274 libfabric_rail.cpp:320] Allocate on Rail 0 allocated control request XFER_ID=48 buffer_size=8192
I0317 11:12:08.209682     274 libfabric_rail.cpp:997] Posting receive on endpoint=0xadfbce0 buffer=0x7fc3ce19d010 size=8192 context=0xadb2178
I0317 11:12:08.209683     274 libfabric_rail.cpp:1006] Receive posted successfully
I0317 11:12:08.209683     274 libfabric_rail.cpp:320] Allocate on Rail 0 allocated control request XFER_ID=49 buffer_size=8192
I0317 11:12:08.209684     274 libfabric_rail.cpp:997] Posting receive on endpoint=0xadfbce0 buffer=0x7fc3ce19b010 size=8192 context=0xadb20d0
I0317 11:12:08.209685     274 libfabric_rail.cpp:1006] Receive posted successfully
I0317 11:12:08.209686     274 libfabric_rail.cpp:320] Allocate on Rail 0 allocated control request XFER_ID=50 buffer_size=8192
I0317 11:12:08.209686     274 libfabric_rail.cpp:997] Posting receive on endpoint=0xadfbce0 buffer=0x7fc3ce199010 size=8192 context=0xadb2020
I0317 11:12:08.209687     274 libfabric_rail.cpp:1006] Receive posted successfully
I0317 11:12:08.209688     274 libfabric_rail.cpp:320] Allocate on Rail 0 allocated control request XFER_ID=51 buffer_size=8192
I0317 11:12:08.209688     274 libfabric_rail.cpp:997] Posting receive on endpoint=0xadfbce0 buffer=0x7fc3ce197010 size=8192 context=0xadb1f78
I0317 11:12:08.209689     274 libfabric_rail.cpp:1006] Receive posted successfully
I0317 11:12:08.209690     274 libfabric_rail.cpp:320] Allocate on Rail 0 allocated control request XFER_ID=52 buffer_size=8192
I0317 11:12:08.209691     274 libfabric_rail.cpp:997] Posting receive on endpoint=0xadfbce0 buffer=0x7fc3ce195010 size=8192 context=0xadb1ed0
I0317 11:12:08.209691     274 libfabric_rail.cpp:1006] Receive posted successfully
I0317 11:12:08.209692     274 libfabric_rail.cpp:320] Allocate on Rail 0 allocated control request XFER_ID=53 buffer_size=8192
I0317 11:12:08.209693     274 libfabric_rail.cpp:997] Posting receive on endpoint=0xadfbce0 buffer=0x7fc3ce193010 size=8192 context=0xadb1e20
I0317 11:12:08.209694     274 libfabric_rail.cpp:1006] Receive posted successfully
I0317 11:12:08.209694     274 libfabric_rail.cpp:320] Allocate on Rail 0 allocated control request XFER_ID=54 buffer_size=8192
I0317 11:12:08.209695     274 libfabric_rail.cpp:997] Posting receive on endpoint=0xadfbce0 buffer=0x7fc3ce191010 size=8192 context=0xadb1d78
I0317 11:12:08.209696     274 libfabric_rail.cpp:1006] Receive posted successfully
I0317 11:12:08.209697     274 libfabric_rail.cpp:320] Allocate on Rail 0 allocated control request XFER_ID=55 buffer_size=8192
I0317 11:12:08.209698     274 libfabric_rail.cpp:997] Posting receive on endpoint=0xadfbce0 buffer=0x7fc3ce18f010 size=8192 context=0xadb1cd0
I0317 11:12:08.209699     274 libfabric_rail.cpp:1006] Receive posted successfully
I0317 11:12:08.209699     274 libfabric_rail.cpp:320] Allocate on Rail 0 allocated control request XFER_ID=56 buffer_size=8192
I0317 11:12:08.209700     274 libfabric_rail.cpp:997] Posting receive on endpoint=0xadfbce0 buffer=0x7fc3ce18d010 size=8192 context=0xadb1c20
I0317 11:12:08.209701     274 libfabric_rail.cpp:1006] Receive posted successfully
I0317 11:12:08.209701     274 libfabric_rail.cpp:320] Allocate on Rail 0 allocated control request XFER_ID=57 buffer_size=8192
I0317 11:12:08.209702     274 libfabric_rail.cpp:997] Posting receive on endpoint=0xadfbce0 buffer=0x7fc3ce18b010 size=8192 context=0xadb1b78
I0317 11:12:08.209703     274 libfabric_rail.cpp:1006] Receive posted successfully
I0317 11:12:08.209703     274 libfabric_rail.cpp:320] Allocate on Rail 0 allocated control request XFER_ID=58 buffer_size=8192
I0317 11:12:08.209704     274 libfabric_rail.cpp:997] Posting receive on endpoint=0xadfbce0 buffer=0x7fc3ce189010 size=8192 context=0xadb1ad0
I0317 11:12:08.209705     274 libfabric_rail.cpp:1006] Receive posted successfully
I0317 11:12:08.209706     274 libfabric_rail.cpp:320] Allocate on Rail 0 allocated control request XFER_ID=59 buffer_size=8192
I0317 11:12:08.209706     274 libfabric_rail.cpp:997] Posting receive on endpoint=0xadfbce0 buffer=0x7fc3ce187010 size=8192 context=0xadb1a20
I0317 11:12:08.209707     274 libfabric_rail.cpp:1006] Receive posted successfully
I0317 11:12:08.209708     274 libfabric_rail.cpp:320] Allocate on Rail 0 allocated control request XFER_ID=60 buffer_size=8192
I0317 11:12:08.209708     274 libfabric_rail.cpp:997] Posting receive on endpoint=0xadfbce0 buffer=0x7fc3ce185010 size=8192 context=0xadb1978
I0317 11:12:08.209709     274 libfabric_rail.cpp:1006] Receive posted successfully
I0317 11:12:08.209710     274 libfabric_rail.cpp:320] Allocate on Rail 0 allocated control request XFER_ID=61 buffer_size=8192
I0317 11:12:08.209711     274 libfabric_rail.cpp:997] Posting receive on endpoint=0xadfbce0 buffer=0x7fc3ce183010 size=8192 context=0xadb18d0
I0317 11:12:08.209711     274 libfabric_rail.cpp:1006] Receive posted successfully
I0317 11:12:08.209712     274 libfabric_rail.cpp:320] Allocate on Rail 0 allocated control request XFER_ID=62 buffer_size=8192
I0317 11:12:08.209713     274 libfabric_rail.cpp:997] Posting receive on endpoint=0xadfbce0 buffer=0x7fc3ce181010 size=8192 context=0xadb1820
I0317 11:12:08.209714     274 libfabric_rail.cpp:1006] Receive posted successfully
I0317 11:12:08.209714     274 libfabric_rail.cpp:320] Allocate on Rail 0 allocated control request XFER_ID=63 buffer_size=8192
I0317 11:12:08.209715     274 libfabric_rail.cpp:997] Posting receive on endpoint=0xadfbce0 buffer=0x7fc3ce17f010 size=8192 context=0xadb1778
I0317 11:12:08.209716     274 libfabric_rail.cpp:1006] Receive posted successfully
I0317 11:12:08.209716     274 libfabric_rail.cpp:320] Allocate on Rail 0 allocated control request XFER_ID=64 buffer_size=8192
I0317 11:12:08.209717     274 libfabric_rail.cpp:997] Posting receive on endpoint=0xadfbce0 buffer=0x7fc3ce17d010 size=8192 context=0xadb16d0
I0317 11:12:08.209718     274 libfabric_rail.cpp:1006] Receive posted successfully
I0317 11:12:08.209719     274 libfabric_rail.cpp:320] Allocate on Rail 0 allocated control request XFER_ID=65 buffer_size=8192
I0317 11:12:08.209719     274 libfabric_rail.cpp:997] Posting receive on endpoint=0xadfbce0 buffer=0x7fc3ce17b010 size=8192 context=0xadb1620
I0317 11:12:08.209720     274 libfabric_rail.cpp:1006] Receive posted successfully
I0317 11:12:08.209721     274 libfabric_rail.cpp:320] Allocate on Rail 0 allocated control request XFER_ID=66 buffer_size=8192
I0317 11:12:08.209722     274 libfabric_rail.cpp:997] Posting receive on endpoint=0xadfbce0 buffer=0x7fc3ce179010 size=8192 context=0xadb1578
I0317 11:12:08.209723     274 libfabric_rail.cpp:1006] Receive posted successfully
I0317 11:12:08.209724     274 libfabric_rail.cpp:320] Allocate on Rail 0 allocated control request XFER_ID=67 buffer_size=8192
I0317 11:12:08.209724     274 libfabric_rail.cpp:997] Posting receive on endpoint=0xadfbce0 buffer=0x7fc3ce177010 size=8192 context=0xadb14d0
I0317 11:12:08.209725     274 libfabric_rail.cpp:1006] Receive posted successfully
I0317 11:12:08.209726     274 libfabric_rail.cpp:320] Allocate on Rail 0 allocated control request XFER_ID=68 buffer_size=8192
I0317 11:12:08.209726     274 libfabric_rail.cpp:997] Posting receive on endpoint=0xadfbce0 buffer=0x7fc3ce175010 size=8192 context=0xadb1420
I0317 11:12:08.209727     274 libfabric_rail.cpp:1006] Receive posted successfully
I0317 11:12:08.209728     274 libfabric_rail.cpp:320] Allocate on Rail 0 allocated control request XFER_ID=69 buffer_size=8192
I0317 11:12:08.209728     274 libfabric_rail.cpp:997] Posting receive on endpoint=0xadfbce0 buffer=0x7fc3ce173010 size=8192 context=0xadb1378
I0317 11:12:08.209729     274 libfabric_rail.cpp:1006] Receive posted successfully
I0317 11:12:08.209730     274 libfabric_rail.cpp:320] Allocate on Rail 0 allocated control request XFER_ID=70 buffer_size=8192
I0317 11:12:08.209731     274 libfabric_rail.cpp:997] Posting receive on endpoint=0xadfbce0 buffer=0x7fc3ce171010 size=8192 context=0xadb12d0
I0317 11:12:08.209731     274 libfabric_rail.cpp:1006] Receive posted successfully
I0317 11:12:08.209732     274 libfabric_rail.cpp:320] Allocate on Rail 0 allocated control request XFER_ID=71 buffer_size=8192
I0317 11:12:08.209733     274 libfabric_rail.cpp:997] Posting receive on endpoint=0xadfbce0 buffer=0x7fc3ce16f010 size=8192 context=0xadb1220
I0317 11:12:08.209734     274 libfabric_rail.cpp:1006] Receive posted successfully
I0317 11:12:08.209734     274 libfabric_rail.cpp:320] Allocate on Rail 0 allocated control request XFER_ID=72 buffer_size=8192
I0317 11:12:08.209735     274 libfabric_rail.cpp:997] Posting receive on endpoint=0xadfbce0 buffer=0x7fc3ce16d010 size=8192 context=0xadb1178
I0317 11:12:08.209736     274 libfabric_rail.cpp:1006] Receive posted successfully
I0317 11:12:08.209736     274 libfabric_rail.cpp:320] Allocate on Rail 0 allocated control request XFER_ID=73 buffer_size=8192
I0317 11:12:08.209737     274 libfabric_rail.cpp:997] Posting receive on endpoint=0xadfbce0 buffer=0x7fc3ce16b010 size=8192 context=0xadb10d0
I0317 11:12:08.209738     274 libfabric_rail.cpp:1006] Receive posted successfully
I0317 11:12:08.209738     274 libfabric_rail.cpp:320] Allocate on Rail 0 allocated control request XFER_ID=74 buffer_size=8192
I0317 11:12:08.209739     274 libfabric_rail.cpp:997] Posting receive on endpoint=0xadfbce0 buffer=0x7fc3ce169010 size=8192 context=0xadb1020
I0317 11:12:08.209740     274 libfabric_rail.cpp:1006] Receive posted successfully
I0317 11:12:08.209741     274 libfabric_rail.cpp:320] Allocate on Rail 0 allocated control request XFER_ID=75 buffer_size=8192
I0317 11:12:08.209741     274 libfabric_rail.cpp:997] Posting receive on endpoint=0xadfbce0 buffer=0x7fc3ce167010 size=8192 context=0xadb0f78
I0317 11:12:08.209742     274 libfabric_rail.cpp:1006] Receive posted successfully
I0317 11:12:08.209743     274 libfabric_rail.cpp:320] Allocate on Rail 0 allocated control request XFER_ID=76 buffer_size=8192
I0317 11:12:08.209743     274 libfabric_rail.cpp:997] Posting receive on endpoint=0xadfbce0 buffer=0x7fc3ce165010 size=8192 context=0xadb0ed0
I0317 11:12:08.209744     274 libfabric_rail.cpp:1006] Receive posted successfully
I0317 11:12:08.209745     274 libfabric_rail.cpp:320] Allocate on Rail 0 allocated control request XFER_ID=77 buffer_size=8192
I0317 11:12:08.209746     274 libfabric_rail.cpp:997] Posting receive on endpoint=0xadfbce0 buffer=0x7fc3ce163010 size=8192 context=0xadb0e20
I0317 11:12:08.209746     274 libfabric_rail.cpp:1006] Receive posted successfully
I0317 11:12:08.209748     274 libfabric_rail.cpp:320] Allocate on Rail 0 allocated control request XFER_ID=78 buffer_size=8192
I0317 11:12:08.209748     274 libfabric_rail.cpp:997] Posting receive on endpoint=0xadfbce0 buffer=0x7fc3ce161010 size=8192 context=0xadb0d78
I0317 11:12:08.209749     274 libfabric_rail.cpp:1006] Receive posted successfully
I0317 11:12:08.209750     274 libfabric_rail.cpp:320] Allocate on Rail 0 allocated control request XFER_ID=79 buffer_size=8192
I0317 11:12:08.209750     274 libfabric_rail.cpp:997] Posting receive on endpoint=0xadfbce0 buffer=0x7fc3ce15f010 size=8192 context=0xadb0cd0
I0317 11:12:08.209751     274 libfabric_rail.cpp:1006] Receive posted successfully
I0317 11:12:08.209752     274 libfabric_rail.cpp:320] Allocate on Rail 0 allocated control request XFER_ID=80 buffer_size=8192
I0317 11:12:08.209753     274 libfabric_rail.cpp:997] Posting receive on endpoint=0xadfbce0 buffer=0x7fc3ce15d010 size=8192 context=0xadb0c20
I0317 11:12:08.209753     274 libfabric_rail.cpp:1006] Receive posted successfully
I0317 11:12:08.209754     274 libfabric_rail.cpp:320] Allocate on Rail 0 allocated control request XFER_ID=81 buffer_size=8192
I0317 11:12:08.209755     274 libfabric_rail.cpp:997] Posting receive on endpoint=0xadfbce0 buffer=0x7fc3ce15b010 size=8192 context=0xadb0b78
I0317 11:12:08.209756     274 libfabric_rail.cpp:1006] Receive posted successfully
I0317 11:12:08.209756     274 libfabric_rail.cpp:320] Allocate on Rail 0 allocated control request XFER_ID=82 buffer_size=8192
I0317 11:12:08.209757     274 libfabric_rail.cpp:997] Posting receive on endpoint=0xadfbce0 buffer=0x7fc3ce159010 size=8192 context=0xadb0ad0
I0317 11:12:08.209758     274 libfabric_rail.cpp:1006] Receive posted successfully
I0317 11:12:08.209758     274 libfabric_rail.cpp:320] Allocate on Rail 0 allocated control request XFER_ID=83 buffer_size=8192
I0317 11:12:08.209759     274 libfabric_rail.cpp:997] Posting receive on endpoint=0xadfbce0 buffer=0x7fc3ce157010 size=8192 context=0xadb0a20
I0317 11:12:08.209760     274 libfabric_rail.cpp:1006] Receive posted successfully
I0317 11:12:08.209761     274 libfabric_rail.cpp:320] Allocate on Rail 0 allocated control request XFER_ID=84 buffer_size=8192
I0317 11:12:08.209761     274 libfabric_rail.cpp:997] Posting receive on endpoint=0xadfbce0 buffer=0x7fc3ce155010 size=8192 context=0xadb0978
I0317 11:12:08.209762     274 libfabric_rail.cpp:1006] Receive posted successfully
I0317 11:12:08.209763     274 libfabric_rail.cpp:320] Allocate on Rail 0 allocated control request XFER_ID=85 buffer_size=8192
I0317 11:12:08.209764     274 libfabric_rail.cpp:997] Posting receive on endpoint=0xadfbce0 buffer=0x7fc3ce153010 size=8192 context=0xadb08d0
I0317 11:12:08.209764     274 libfabric_rail.cpp:1006] Receive posted successfully
I0317 11:12:08.209765     274 libfabric_rail.cpp:320] Allocate on Rail 0 allocated control request XFER_ID=86 buffer_size=8192
I0317 11:12:08.209766     274 libfabric_rail.cpp:997] Posting receive on endpoint=0xadfbce0 buffer=0x7fc3ce151010 size=8192 context=0xadb0820
I0317 11:12:08.209767     274 libfabric_rail.cpp:1006] Receive posted successfully
I0317 11:12:08.209767     274 libfabric_rail.cpp:320] Allocate on Rail 0 allocated control request XFER_ID=87 buffer_size=8192
I0317 11:12:08.209768     274 libfabric_rail.cpp:997] Posting receive on endpoint=0xadfbce0 buffer=0x7fc3ce14f010 size=8192 context=0xadb0778
I0317 11:12:08.209769     274 libfabric_rail.cpp:1006] Receive posted successfully
I0317 11:12:08.209769     274 libfabric_rail.cpp:320] Allocate on Rail 0 allocated control request XFER_ID=88 buffer_size=8192
I0317 11:12:08.209770     274 libfabric_rail.cpp:997] Posting receive on endpoint=0xadfbce0 buffer=0x7fc3ce14d010 size=8192 context=0xadb06d0
I0317 11:12:08.209771     274 libfabric_rail.cpp:1006] Receive posted successfully
I0317 11:12:08.209772     274 libfabric_rail.cpp:320] Allocate on Rail 0 allocated control request XFER_ID=89 buffer_size=8192
I0317 11:12:08.209772     274 libfabric_rail.cpp:997] Posting receive on endpoint=0xadfbce0 buffer=0x7fc3ce14b010 size=8192 context=0xadb0620
I0317 11:12:08.209773     274 libfabric_rail.cpp:1006] Receive posted successfully
I0317 11:12:08.209774     274 libfabric_rail.cpp:320] Allocate on Rail 0 allocated control request XFER_ID=90 buffer_size=8192
I0317 11:12:08.209775     274 libfabric_rail.cpp:997] Posting receive on endpoint=0xadfbce0 buffer=0x7fc3ce149010 size=8192 context=0xadb0578
I0317 11:12:08.209776     274 libfabric_rail.cpp:1006] Receive posted successfully
I0317 11:12:08.209776     274 libfabric_rail.cpp:320] Allocate on Rail 0 allocated control request XFER_ID=91 buffer_size=8192
I0317 11:12:08.209777     274 libfabric_rail.cpp:997] Posting receive on endpoint=0xadfbce0 buffer=0x7fc3ce147010 size=8192 context=0xadb04d0
I0317 11:12:08.209778     274 libfabric_rail.cpp:1006] Receive posted successfully
I0317 11:12:08.209778     274 libfabric_rail.cpp:320] Allocate on Rail 0 allocated control request XFER_ID=92 buffer_size=8192
I0317 11:12:08.209779     274 libfabric_rail.cpp:997] Posting receive on endpoint=0xadfbce0 buffer=0x7fc3ce145010 size=8192 context=0xadb0420
I0317 11:12:08.209780     274 libfabric_rail.cpp:1006] Receive posted successfully
I0317 11:12:08.209781     274 libfabric_rail.cpp:320] Allocate on Rail 0 allocated control request XFER_ID=93 buffer_size=8192
I0317 11:12:08.209781     274 libfabric_rail.cpp:997] Posting receive on endpoint=0xadfbce0 buffer=0x7fc3ce143010 size=8192 context=0xadb0378
I0317 11:12:08.209782     274 libfabric_rail.cpp:1006] Receive posted successfully
I0317 11:12:08.209783     274 libfabric_rail.cpp:320] Allocate on Rail 0 allocated control request XFER_ID=94 buffer_size=8192
I0317 11:12:08.209783     274 libfabric_rail.cpp:997] Posting receive on endpoint=0xadfbce0 buffer=0x7fc3ce141010 size=8192 context=0xadb02d0
I0317 11:12:08.209784     274 libfabric_rail.cpp:1006] Receive posted successfully
I0317 11:12:08.209785     274 libfabric_rail.cpp:320] Allocate on Rail 0 allocated control request XFER_ID=95 buffer_size=8192
I0317 11:12:08.209786     274 libfabric_rail.cpp:997] Posting receive on endpoint=0xadfbce0 buffer=0x7fc3ce13f010 size=8192 context=0xadb0220
I0317 11:12:08.209786     274 libfabric_rail.cpp:1006] Receive posted successfully
I0317 11:12:08.209787     274 libfabric_rail.cpp:320] Allocate on Rail 0 allocated control request XFER_ID=96 buffer_size=8192
I0317 11:12:08.209788     274 libfabric_rail.cpp:997] Posting receive on endpoint=0xadfbce0 buffer=0x7fc3ce13d010 size=8192 context=0xadb0178
I0317 11:12:08.209789     274 libfabric_rail.cpp:1006] Receive posted successfully
I0317 11:12:08.209789     274 libfabric_rail.cpp:320] Allocate on Rail 0 allocated control request XFER_ID=97 buffer_size=8192
I0317 11:12:08.209790     274 libfabric_rail.cpp:997] Posting receive on endpoint=0xadfbce0 buffer=0x7fc3ce13b010 size=8192 context=0xadb00d0
I0317 11:12:08.209791     274 libfabric_rail.cpp:1006] Receive posted successfully
I0317 11:12:08.209791     274 libfabric_rail.cpp:320] Allocate on Rail 0 allocated control request XFER_ID=98 buffer_size=8192
I0317 11:12:08.209792     274 libfabric_rail.cpp:997] Posting receive on endpoint=0xadfbce0 buffer=0x7fc3ce139010 size=8192 context=0xadb0020
I0317 11:12:08.209793     274 libfabric_rail.cpp:1006] Receive posted successfully
I0317 11:12:08.209793     274 libfabric_rail.cpp:320] Allocate on Rail 0 allocated control request XFER_ID=99 buffer_size=8192
I0317 11:12:08.209794     274 libfabric_rail.cpp:997] Posting receive on endpoint=0xadfbce0 buffer=0x7fc3ce137010 size=8192 context=0xadaff78
I0317 11:12:08.209795     274 libfabric_rail.cpp:1006] Receive posted successfully
I0317 11:12:08.209796     274 libfabric_rail.cpp:320] Allocate on Rail 0 allocated control request XFER_ID=100 buffer_size=8192
I0317 11:12:08.209796     274 libfabric_rail.cpp:997] Posting receive on endpoint=0xadfbce0 buffer=0x7fc3ce135010 size=8192 context=0xadafed0
I0317 11:12:08.209797     274 libfabric_rail.cpp:1006] Receive posted successfully
I0317 11:12:08.209798     274 libfabric_rail.cpp:320] Allocate on Rail 0 allocated control request XFER_ID=101 buffer_size=8192
I0317 11:12:08.209799     274 libfabric_rail.cpp:997] Posting receive on endpoint=0xadfbce0 buffer=0x7fc3ce133010 size=8192 context=0xadafe20
I0317 11:12:08.209800     274 libfabric_rail.cpp:1006] Receive posted successfully
I0317 11:12:08.209800     274 libfabric_rail.cpp:320] Allocate on Rail 0 allocated control request XFER_ID=102 buffer_size=8192
I0317 11:12:08.209801     274 libfabric_rail.cpp:997] Posting receive on endpoint=0xadfbce0 buffer=0x7fc3ce131010 size=8192 context=0xadafd78
I0317 11:12:08.209802     274 libfabric_rail.cpp:1006] Receive posted successfully
I0317 11:12:08.209803     274 libfabric_rail.cpp:320] Allocate on Rail 0 allocated control request XFER_ID=103 buffer_size=8192
I0317 11:12:08.209803     274 libfabric_rail.cpp:997] Posting receive on endpoint=0xadfbce0 buffer=0x7fc3ce12f010 size=8192 context=0xadafcd0
I0317 11:12:08.209804     274 libfabric_rail.cpp:1006] Receive posted successfully
I0317 11:12:08.209805     274 libfabric_rail.cpp:320] Allocate on Rail 0 allocated control request XFER_ID=104 buffer_size=8192
I0317 11:12:08.209805     274 libfabric_rail.cpp:997] Posting receive on endpoint=0xadfbce0 buffer=0x7fc3ce12d010 size=8192 context=0xadafc20
I0317 11:12:08.209806     274 libfabric_rail.cpp:1006] Receive posted successfully
I0317 11:12:08.209807     274 libfabric_rail.cpp:320] Allocate on Rail 0 allocated control request XFER_ID=105 buffer_size=8192
I0317 11:12:08.209808     274 libfabric_rail.cpp:997] Posting receive on endpoint=0xadfbce0 buffer=0x7fc3ce12b010 size=8192 context=0xadafb78
I0317 11:12:08.209809     274 libfabric_rail.cpp:1006] Receive posted successfully
I0317 11:12:08.209809     274 libfabric_rail.cpp:320] Allocate on Rail 0 allocated control request XFER_ID=106 buffer_size=8192
I0317 11:12:08.209810     274 libfabric_rail.cpp:997] Posting receive on endpoint=0xadfbce0 buffer=0x7fc3ce129010 size=8192 context=0xadafad0
I0317 11:12:08.209811     274 libfabric_rail.cpp:1006] Receive posted successfully
I0317 11:12:08.209811     274 libfabric_rail.cpp:320] Allocate on Rail 0 allocated control request XFER_ID=107 buffer_size=8192
I0317 11:12:08.209812     274 libfabric_rail.cpp:997] Posting receive on endpoint=0xadfbce0 buffer=0x7fc3ce127010 size=8192 context=0xadafa20
I0317 11:12:08.209813     274 libfabric_rail.cpp:1006] Receive posted successfully
I0317 11:12:08.209814     274 libfabric_rail.cpp:320] Allocate on Rail 0 allocated control request XFER_ID=108 buffer_size=8192
I0317 11:12:08.209814     274 libfabric_rail.cpp:997] Posting receive on endpoint=0xadfbce0 buffer=0x7fc3ce125010 size=8192 context=0xadaf978
I0317 11:12:08.209815     274 libfabric_rail.cpp:1006] Receive posted successfully
I0317 11:12:08.209816     274 libfabric_rail.cpp:320] Allocate on Rail 0 allocated control request XFER_ID=109 buffer_size=8192
I0317 11:12:08.209816     274 libfabric_rail.cpp:997] Posting receive on endpoint=0xadfbce0 buffer=0x7fc3ce123010 size=8192 context=0xadaf8d0
I0317 11:12:08.209817     274 libfabric_rail.cpp:1006] Receive posted successfully
I0317 11:12:08.209818     274 libfabric_rail.cpp:320] Allocate on Rail 0 allocated control request XFER_ID=110 buffer_size=8192
I0317 11:12:08.209819     274 libfabric_rail.cpp:997] Posting receive on endpoint=0xadfbce0 buffer=0x7fc3ce121010 size=8192 context=0xadaf820
I0317 11:12:08.209819     274 libfabric_rail.cpp:1006] Receive posted successfully
I0317 11:12:08.209820     274 libfabric_rail.cpp:320] Allocate on Rail 0 allocated control request XFER_ID=111 buffer_size=8192
I0317 11:12:08.209821     274 libfabric_rail.cpp:997] Posting receive on endpoint=0xadfbce0 buffer=0x7fc3ce11f010 size=8192 context=0xadaf778
I0317 11:12:08.209822     274 libfabric_rail.cpp:1006] Receive posted successfully
I0317 11:12:08.209822     274 libfabric_rail.cpp:320] Allocate on Rail 0 allocated control request XFER_ID=112 buffer_size=8192
I0317 11:12:08.209823     274 libfabric_rail.cpp:997] Posting receive on endpoint=0xadfbce0 buffer=0x7fc3ce11d010 size=8192 context=0xadaf6d0
I0317 11:12:08.209824     274 libfabric_rail.cpp:1006] Receive posted successfully
I0317 11:12:08.209825     274 libfabric_rail.cpp:320] Allocate on Rail 0 allocated control request XFER_ID=113 buffer_size=8192
I0317 11:12:08.209826     274 libfabric_rail.cpp:997] Posting receive on endpoint=0xadfbce0 buffer=0x7fc3ce11b010 size=8192 context=0xadaf620
I0317 11:12:08.209826     274 libfabric_rail.cpp:1006] Receive posted successfully
I0317 11:12:08.209827     274 libfabric_rail.cpp:320] Allocate on Rail 0 allocated control request XFER_ID=114 buffer_size=8192
I0317 11:12:08.209828     274 libfabric_rail.cpp:997] Posting receive on endpoint=0xadfbce0 buffer=0x7fc3ce119010 size=8192 context=0xadaf578
I0317 11:12:08.209829     274 libfabric_rail.cpp:1006] Receive posted successfully
I0317 11:12:08.209829     274 libfabric_rail.cpp:320] Allocate on Rail 0 allocated control request XFER_ID=115 buffer_size=8192
I0317 11:12:08.209830     274 libfabric_rail.cpp:997] Posting receive on endpoint=0xadfbce0 buffer=0x7fc3ce117010 size=8192 context=0xadaf4d0
I0317 11:12:08.209831     274 libfabric_rail.cpp:1006] Receive posted successfully
I0317 11:12:08.209831     274 libfabric_rail.cpp:320] Allocate on Rail 0 allocated control request XFER_ID=116 buffer_size=8192
I0317 11:12:08.209832     274 libfabric_rail.cpp:997] Posting receive on endpoint=0xadfbce0 buffer=0x7fc3ce115010 size=8192 context=0xadaf420
I0317 11:12:08.209833     274 libfabric_rail.cpp:1006] Receive posted successfully
I0317 11:12:08.209834     274 libfabric_rail.cpp:320] Allocate on Rail 0 allocated control request XFER_ID=117 buffer_size=8192
I0317 11:12:08.209834     274 libfabric_rail.cpp:997] Posting receive on endpoint=0xadfbce0 buffer=0x7fc3ce113010 size=8192 context=0xadaf378
I0317 11:12:08.209835     274 libfabric_rail.cpp:1006] Receive posted successfully
I0317 11:12:08.209836     274 libfabric_rail.cpp:320] Allocate on Rail 0 allocated control request XFER_ID=118 buffer_size=8192
I0317 11:12:08.209836     274 libfabric_rail.cpp:997] Posting receive on endpoint=0xadfbce0 buffer=0x7fc3ce111010 size=8192 context=0xadaf2d0
I0317 11:12:08.209837     274 libfabric_rail.cpp:1006] Receive posted successfully
I0317 11:12:08.209838     274 libfabric_rail.cpp:320] Allocate on Rail 0 allocated control request XFER_ID=119 buffer_size=8192
I0317 11:12:08.209839     274 libfabric_rail.cpp:997] Posting receive on endpoint=0xadfbce0 buffer=0x7fc3ce10f010 size=8192 context=0xadaf220
I0317 11:12:08.209840     274 libfabric_rail.cpp:1006] Receive posted successfully
I0317 11:12:08.209840     274 libfabric_rail.cpp:320] Allocate on Rail 0 allocated control request XFER_ID=120 buffer_size=8192
I0317 11:12:08.209841     274 libfabric_rail.cpp:997] Posting receive on endpoint=0xadfbce0 buffer=0x7fc3ce10d010 size=8192 context=0xadaf178
I0317 11:12:08.209842     274 libfabric_rail.cpp:1006] Receive posted successfully
I0317 11:12:08.209843     274 libfabric_rail.cpp:320] Allocate on Rail 0 allocated control request XFER_ID=121 buffer_size=8192
I0317 11:12:08.209843     274 libfabric_rail.cpp:997] Posting receive on endpoint=0xadfbce0 buffer=0x7fc3ce10b010 size=8192 context=0xadaf0d0
I0317 11:12:08.209844     274 libfabric_rail.cpp:1006] Receive posted successfully
I0317 11:12:08.209845     274 libfabric_rail.cpp:320] Allocate on Rail 0 allocated control request XFER_ID=122 buffer_size=8192
I0317 11:12:08.209845     274 libfabric_rail.cpp:997] Posting receive on endpoint=0xadfbce0 buffer=0x7fc3ce109010 size=8192 context=0xadaf020
I0317 11:12:08.209846     274 libfabric_rail.cpp:1006] Receive posted successfully
I0317 11:12:08.209847     274 libfabric_rail.cpp:320] Allocate on Rail 0 allocated control request XFER_ID=123 buffer_size=8192
I0317 11:12:08.209848     274 libfabric_rail.cpp:997] Posting receive on endpoint=0xadfbce0 buffer=0x7fc3ce107010 size=8192 context=0xadaef78
I0317 11:12:08.209848     274 libfabric_rail.cpp:1006] Receive posted successfully
I0317 11:12:08.209849     274 libfabric_rail.cpp:320] Allocate on Rail 0 allocated control request XFER_ID=124 buffer_size=8192
I0317 11:12:08.209850     274 libfabric_rail.cpp:997] Posting receive on endpoint=0xadfbce0 buffer=0x7fc3ce105010 size=8192 context=0xadaeed0
I0317 11:12:08.209851     274 libfabric_rail.cpp:1006] Receive posted successfully
I0317 11:12:08.209851     274 libfabric_rail.cpp:320] Allocate on Rail 0 allocated control request XFER_ID=125 buffer_size=8192
I0317 11:12:08.209852     274 libfabric_rail.cpp:997] Posting receive on endpoint=0xadfbce0 buffer=0x7fc3ce103010 size=8192 context=0xadaee20
I0317 11:12:08.209853     274 libfabric_rail.cpp:1006] Receive posted successfully
I0317 11:12:08.209853     274 libfabric_rail.cpp:320] Allocate on Rail 0 allocated control request XFER_ID=126 buffer_size=8192
I0317 11:12:08.209854     274 libfabric_rail.cpp:997] Posting receive on endpoint=0xadfbce0 buffer=0x7fc3ce101010 size=8192 context=0xadaed78
I0317 11:12:08.209855     274 libfabric_rail.cpp:1006] Receive posted successfully
I0317 11:12:08.209856     274 libfabric_rail.cpp:320] Allocate on Rail 0 allocated control request XFER_ID=127 buffer_size=8192
I0317 11:12:08.209856     274 libfabric_rail.cpp:997] Posting receive on endpoint=0xadfbce0 buffer=0x7fc3ce0ff010 size=8192 context=0xadaecd0
I0317 11:12:08.209857     274 libfabric_rail.cpp:1006] Receive posted successfully
I0317 11:12:08.209858     274 libfabric_rail.cpp:320] Allocate on Rail 0 allocated control request XFER_ID=128 buffer_size=8192
I0317 11:12:08.209858     274 libfabric_rail.cpp:997] Posting receive on endpoint=0xadfbce0 buffer=0x7fc3ce0fd010 size=8192 context=0xadaec20
I0317 11:12:08.209859     274 libfabric_rail.cpp:1006] Receive posted successfully
I0317 11:12:08.209860     274 libfabric_rail.cpp:320] Allocate on Rail 0 allocated control request XFER_ID=129 buffer_size=8192
I0317 11:12:08.209861     274 libfabric_rail.cpp:997] Posting receive on endpoint=0xadfbce0 buffer=0x7fc3ce0fb010 size=8192 context=0xadaeb78
I0317 11:12:08.209862     274 libfabric_rail.cpp:1006] Receive posted successfully
I0317 11:12:08.209862     274 libfabric_rail.cpp:320] Allocate on Rail 0 allocated control request XFER_ID=130 buffer_size=8192
I0317 11:12:08.209863     274 libfabric_rail.cpp:997] Posting receive on endpoint=0xadfbce0 buffer=0x7fc3ce0f9010 size=8192 context=0xadaead0
I0317 11:12:08.209864     274 libfabric_rail.cpp:1006] Receive posted successfully
I0317 11:12:08.209864     274 libfabric_rail.cpp:320] Allocate on Rail 0 allocated control request XFER_ID=131 buffer_size=8192
I0317 11:12:08.209865     274 libfabric_rail.cpp:997] Posting receive on endpoint=0xadfbce0 buffer=0x7fc3ce0f7010 size=8192 context=0xadaea20
I0317 11:12:08.209866     274 libfabric_rail.cpp:1006] Receive posted successfully
I0317 11:12:08.209866     274 libfabric_rail.cpp:320] Allocate on Rail 0 allocated control request XFER_ID=132 buffer_size=8192
I0317 11:12:08.209867     274 libfabric_rail.cpp:997] Posting receive on endpoint=0xadfbce0 buffer=0x7fc3ce0f5010 size=8192 context=0xadae978
I0317 11:12:08.209868     274 libfabric_rail.cpp:1006] Receive posted successfully
I0317 11:12:08.209869     274 libfabric_rail.cpp:320] Allocate on Rail 0 allocated control request XFER_ID=133 buffer_size=8192
I0317 11:12:08.209869     274 libfabric_rail.cpp:997] Posting receive on endpoint=0xadfbce0 buffer=0x7fc3ce0f3010 size=8192 context=0xadae8d0
I0317 11:12:08.209870     274 libfabric_rail.cpp:1006] Receive posted successfully
I0317 11:12:08.209871     274 libfabric_rail.cpp:320] Allocate on Rail 0 allocated control request XFER_ID=134 buffer_size=8192
I0317 11:12:08.209872     274 libfabric_rail.cpp:997] Posting receive on endpoint=0xadfbce0 buffer=0x7fc3ce0f1010 size=8192 context=0xadae820
I0317 11:12:08.209872     274 libfabric_rail.cpp:1006] Receive posted successfully
I0317 11:12:08.209873     274 libfabric_rail.cpp:320] Allocate on Rail 0 allocated control request XFER_ID=135 buffer_size=8192
I0317 11:12:08.209874     274 libfabric_rail.cpp:997] Posting receive on endpoint=0xadfbce0 buffer=0x7fc3ce0ef010 size=8192 context=0xadae778
I0317 11:12:08.209875     274 libfabric_rail.cpp:1006] Receive posted successfully
I0317 11:12:08.209875     274 libfabric_rail.cpp:320] Allocate on Rail 0 allocated control request XFER_ID=136 buffer_size=8192
I0317 11:12:08.209876     274 libfabric_rail.cpp:997] Posting receive on endpoint=0xadfbce0 buffer=0x7fc3ce0ed010 size=8192 context=0xadae6d0
I0317 11:12:08.209877     274 libfabric_rail.cpp:1006] Receive posted successfully
I0317 11:12:08.209878     274 libfabric_rail.cpp:320] Allocate on Rail 0 allocated control request XFER_ID=137 buffer_size=8192
I0317 11:12:08.209878     274 libfabric_rail.cpp:997] Posting receive on endpoint=0xadfbce0 buffer=0x7fc3ce0eb010 size=8192 context=0xadae620
I0317 11:12:08.209879     274 libfabric_rail.cpp:1006] Receive posted successfully
I0317 11:12:08.209880     274 libfabric_rail.cpp:320] Allocate on Rail 0 allocated control request XFER_ID=138 buffer_size=8192
I0317 11:12:08.209881     274 libfabric_rail.cpp:997] Posting receive on endpoint=0xadfbce0 buffer=0x7fc3ce0e9010 size=8192 context=0xadae578
I0317 11:12:08.209881     274 libfabric_rail.cpp:1006] Receive posted successfully
I0317 11:12:08.209882     274 libfabric_rail.cpp:320] Allocate on Rail 0 allocated control request XFER_ID=139 buffer_size=8192
I0317 11:12:08.209883     274 libfabric_rail.cpp:997] Posting receive on endpoint=0xadfbce0 buffer=0x7fc3ce0e7010 size=8192 context=0xadae4d0
I0317 11:12:08.209884     274 libfabric_rail.cpp:1006] Receive posted successfully
I0317 11:12:08.209884     274 libfabric_rail.cpp:320] Allocate on Rail 0 allocated control request XFER_ID=140 buffer_size=8192
I0317 11:12:08.209885     274 libfabric_rail.cpp:997] Posting receive on endpoint=0xadfbce0 buffer=0x7fc3ce0e5010 size=8192 context=0xadae420
I0317 11:12:08.209886     274 libfabric_rail.cpp:1006] Receive posted successfully
I0317 11:12:08.209886     274 libfabric_rail.cpp:320] Allocate on Rail 0 allocated control request XFER_ID=141 buffer_size=8192
I0317 11:12:08.209887     274 libfabric_rail.cpp:997] Posting receive on endpoint=0xadfbce0 buffer=0x7fc3ce0e3010 size=8192 context=0xadae378
I0317 11:12:08.209888     274 libfabric_rail.cpp:1006] Receive posted successfully
I0317 11:12:08.209888     274 libfabric_rail.cpp:320] Allocate on Rail 0 allocated control request XFER_ID=142 buffer_size=8192
I0317 11:12:08.209889     274 libfabric_rail.cpp:997] Posting receive on endpoint=0xadfbce0 buffer=0x7fc3ce0e1010 size=8192 context=0xadae2d0
I0317 11:12:08.209890     274 libfabric_rail.cpp:1006] Receive posted successfully
I0317 11:12:08.209891     274 libfabric_rail.cpp:320] Allocate on Rail 0 allocated control request XFER_ID=143 buffer_size=8192
I0317 11:12:08.209891     274 libfabric_rail.cpp:997] Posting receive on endpoint=0xadfbce0 buffer=0x7fc3ce0df010 size=8192 context=0xadae220
I0317 11:12:08.209892     274 libfabric_rail.cpp:1006] Receive posted successfully
I0317 11:12:08.209893     274 libfabric_rail.cpp:320] Allocate on Rail 0 allocated control request XFER_ID=144 buffer_size=8192
I0317 11:12:08.209893     274 libfabric_rail.cpp:997] Posting receive on endpoint=0xadfbce0 buffer=0x7fc3ce0dd010 size=8192 context=0xadae178
I0317 11:12:08.209894     274 libfabric_rail.cpp:1006] Receive posted successfully
I0317 11:12:08.209895     274 libfabric_rail.cpp:320] Allocate on Rail 0 allocated control request XFER_ID=145 buffer_size=8192
I0317 11:12:08.209896     274 libfabric_rail.cpp:997] Posting receive on endpoint=0xadfbce0 buffer=0x7fc3ce0db010 size=8192 context=0xadae0d0
I0317 11:12:08.209896     274 libfabric_rail.cpp:1006] Receive posted successfully
I0317 11:12:08.209897     274 libfabric_rail.cpp:320] Allocate on Rail 0 allocated control request XFER_ID=146 buffer_size=8192
I0317 11:12:08.209898     274 libfabric_rail.cpp:997] Posting receive on endpoint=0xadfbce0 buffer=0x7fc3ce0d9010 size=8192 context=0xadae020
I0317 11:12:08.209899     274 libfabric_rail.cpp:1006] Receive posted successfully
I0317 11:12:08.209900     274 libfabric_rail.cpp:320] Allocate on Rail 0 allocated control request XFER_ID=147 buffer_size=8192
I0317 11:12:08.209900     274 libfabric_rail.cpp:997] Posting receive on endpoint=0xadfbce0 buffer=0x7fc3ce0d7010 size=8192 context=0xadadf78
I0317 11:12:08.209901     274 libfabric_rail.cpp:1006] Receive posted successfully
I0317 11:12:08.209902     274 libfabric_rail.cpp:320] Allocate on Rail 0 allocated control request XFER_ID=148 buffer_size=8192
I0317 11:12:08.209903     274 libfabric_rail.cpp:997] Posting receive on endpoint=0xadfbce0 buffer=0x7fc3ce0d5010 size=8192 context=0xadaded0
I0317 11:12:08.209903     274 libfabric_rail.cpp:1006] Receive posted successfully
I0317 11:12:08.209904     274 libfabric_rail.cpp:320] Allocate on Rail 0 allocated control request XFER_ID=149 buffer_size=8192
I0317 11:12:08.209905     274 libfabric_rail.cpp:997] Posting receive on endpoint=0xadfbce0 buffer=0x7fc3ce0d3010 size=8192 context=0xadade20
I0317 11:12:08.209906     274 libfabric_rail.cpp:1006] Receive posted successfully
I0317 11:12:08.209906     274 libfabric_rail.cpp:320] Allocate on Rail 0 allocated control request XFER_ID=150 buffer_size=8192
I0317 11:12:08.209907     274 libfabric_rail.cpp:997] Posting receive on endpoint=0xadfbce0 buffer=0x7fc3ce0d1010 size=8192 context=0xadadd78
I0317 11:12:08.209908     274 libfabric_rail.cpp:1006] Receive posted successfully
I0317 11:12:08.209909     274 libfabric_rail.cpp:320] Allocate on Rail 0 allocated control request XFER_ID=151 buffer_size=8192
I0317 11:12:08.209909     274 libfabric_rail.cpp:997] Posting receive on endpoint=0xadfbce0 buffer=0x7fc3ce0cf010 size=8192 context=0xadadcd0
I0317 11:12:08.209910     274 libfabric_rail.cpp:1006] Receive posted successfully
I0317 11:12:08.209911     274 libfabric_rail.cpp:320] Allocate on Rail 0 allocated control request XFER_ID=152 buffer_size=8192
I0317 11:12:08.209912     274 libfabric_rail.cpp:997] Posting receive on endpoint=0xadfbce0 buffer=0x7fc3ce0cd010 size=8192 context=0xadadc20
I0317 11:12:08.209912     274 libfabric_rail.cpp:1006] Receive posted successfully
I0317 11:12:08.209913     274 libfabric_rail.cpp:320] Allocate on Rail 0 allocated control request XFER_ID=153 buffer_size=8192
I0317 11:12:08.209914     274 libfabric_rail.cpp:997] Posting receive on endpoint=0xadfbce0 buffer=0x7fc3ce0cb010 size=8192 context=0xadadb78
I0317 11:12:08.209915     274 libfabric_rail.cpp:1006] Receive posted successfully
I0317 11:12:08.209915     274 libfabric_rail.cpp:320] Allocate on Rail 0 allocated control request XFER_ID=154 buffer_size=8192
I0317 11:12:08.209916     274 libfabric_rail.cpp:997] Posting receive on endpoint=0xadfbce0 buffer=0x7fc3ce0c9010 size=8192 context=0xadadad0
I0317 11:12:08.209917     274 libfabric_rail.cpp:1006] Receive posted successfully
I0317 11:12:08.209917     274 libfabric_rail.cpp:320] Allocate on Rail 0 allocated control request XFER_ID=155 buffer_size=8192
I0317 11:12:08.209918     274 libfabric_rail.cpp:997] Posting receive on endpoint=0xadfbce0 buffer=0x7fc3ce0c7010 size=8192 context=0xadada20
I0317 11:12:08.209919     274 libfabric_rail.cpp:1006] Receive posted successfully
I0317 11:12:08.209920     274 libfabric_rail.cpp:320] Allocate on Rail 0 allocated control request XFER_ID=156 buffer_size=8192
I0317 11:12:08.209920     274 libfabric_rail.cpp:997] Posting receive on endpoint=0xadfbce0 buffer=0x7fc3ce0c5010 size=8192 context=0xadad978
I0317 11:12:08.209921     274 libfabric_rail.cpp:1006] Receive posted successfully
I0317 11:12:08.209922     274 libfabric_rail.cpp:320] Allocate on Rail 0 allocated control request XFER_ID=157 buffer_size=8192
I0317 11:12:08.209922     274 libfabric_rail.cpp:997] Posting receive on endpoint=0xadfbce0 buffer=0x7fc3ce0c3010 size=8192 context=0xadad8d0
I0317 11:12:08.209923     274 libfabric_rail.cpp:1006] Receive posted successfully
I0317 11:12:08.209924     274 libfabric_rail.cpp:320] Allocate on Rail 0 allocated control request XFER_ID=158 buffer_size=8192
I0317 11:12:08.209924     274 libfabric_rail.cpp:997] Posting receive on endpoint=0xadfbce0 buffer=0x7fc3ce0c1010 size=8192 context=0xadad820
I0317 11:12:08.209925     274 libfabric_rail.cpp:1006] Receive posted successfully
I0317 11:12:08.209926     274 libfabric_rail.cpp:320] Allocate on Rail 0 allocated control request XFER_ID=159 buffer_size=8192
I0317 11:12:08.209927     274 libfabric_rail.cpp:997] Posting receive on endpoint=0xadfbce0 buffer=0x7fc3ce0bf010 size=8192 context=0xadad778
I0317 11:12:08.209928     274 libfabric_rail.cpp:1006] Receive posted successfully
I0317 11:12:08.209928     274 libfabric_rail.cpp:320] Allocate on Rail 0 allocated control request XFER_ID=160 buffer_size=8192
I0317 11:12:08.209929     274 libfabric_rail.cpp:997] Posting receive on endpoint=0xadfbce0 buffer=0x7fc3ce0bd010 size=8192 context=0xadad6d0
I0317 11:12:08.209930     274 libfabric_rail.cpp:1006] Receive posted successfully
I0317 11:12:08.209930     274 libfabric_rail.cpp:320] Allocate on Rail 0 allocated control request XFER_ID=161 buffer_size=8192
I0317 11:12:08.209931     274 libfabric_rail.cpp:997] Posting receive on endpoint=0xadfbce0 buffer=0x7fc3ce0bb010 size=8192 context=0xadad620
I0317 11:12:08.209932     274 libfabric_rail.cpp:1006] Receive posted successfully
I0317 11:12:08.209933     274 libfabric_rail.cpp:320] Allocate on Rail 0 allocated control request XFER_ID=162 buffer_size=8192
I0317 11:12:08.209933     274 libfabric_rail.cpp:997] Posting receive on endpoint=0xadfbce0 buffer=0x7fc3ce0b9010 size=8192 context=0xadad578
I0317 11:12:08.209934     274 libfabric_rail.cpp:1006] Receive posted successfully
I0317 11:12:08.209935     274 libfabric_rail.cpp:320] Allocate on Rail 0 allocated control request XFER_ID=163 buffer_size=8192
I0317 11:12:08.209935     274 libfabric_rail.cpp:997] Posting receive on endpoint=0xadfbce0 buffer=0x7fc3ce0b7010 size=8192 context=0xadad4d0
I0317 11:12:08.209936     274 libfabric_rail.cpp:1006] Receive posted successfully
I0317 11:12:08.209937     274 libfabric_rail.cpp:320] Allocate on Rail 0 allocated control request XFER_ID=164 buffer_size=8192
I0317 11:12:08.209938     274 libfabric_rail.cpp:997] Posting receive on endpoint=0xadfbce0 buffer=0x7fc3ce0b5010 size=8192 context=0xadad420
I0317 11:12:08.209938     274 libfabric_rail.cpp:1006] Receive posted successfully
I0317 11:12:08.209939     274 libfabric_rail.cpp:320] Allocate on Rail 0 allocated control request XFER_ID=165 buffer_size=8192
I0317 11:12:08.209940     274 libfabric_rail.cpp:997] Posting receive on endpoint=0xadfbce0 buffer=0x7fc3ce0b3010 size=8192 context=0xadad378
I0317 11:12:08.209941     274 libfabric_rail.cpp:1006] Receive posted successfully
I0317 11:12:08.209941     274 libfabric_rail.cpp:320] Allocate on Rail 0 allocated control request XFER_ID=166 buffer_size=8192
I0317 11:12:08.209942     274 libfabric_rail.cpp:997] Posting receive on endpoint=0xadfbce0 buffer=0x7fc3ce0b1010 size=8192 context=0xadad2d0
I0317 11:12:08.209943     274 libfabric_rail.cpp:1006] Receive posted successfully
I0317 11:12:08.209943     274 libfabric_rail.cpp:320] Allocate on Rail 0 allocated control request XFER_ID=167 buffer_size=8192
I0317 11:12:08.209944     274 libfabric_rail.cpp:997] Posting receive on endpoint=0xadfbce0 buffer=0x7fc3ce0af010 size=8192 context=0xadad220
I0317 11:12:08.209945     274 libfabric_rail.cpp:1006] Receive posted successfully
I0317 11:12:08.209945     274 libfabric_rail.cpp:320] Allocate on Rail 0 allocated control request XFER_ID=168 buffer_size=8192
I0317 11:12:08.209946     274 libfabric_rail.cpp:997] Posting receive on endpoint=0xadfbce0 buffer=0x7fc3ce0ad010 size=8192 context=0xadad178
I0317 11:12:08.209947     274 libfabric_rail.cpp:1006] Receive posted successfully
I0317 11:12:08.209948     274 libfabric_rail.cpp:320] Allocate on Rail 0 allocated control request XFER_ID=169 buffer_size=8192
I0317 11:12:08.209948     274 libfabric_rail.cpp:997] Posting receive on endpoint=0xadfbce0 buffer=0x7fc3ce0ab010 size=8192 context=0xadad0d0
I0317 11:12:08.209949     274 libfabric_rail.cpp:1006] Receive posted successfully
I0317 11:12:08.209950     274 libfabric_rail.cpp:320] Allocate on Rail 0 allocated control request XFER_ID=170 buffer_size=8192
I0317 11:12:08.209951     274 libfabric_rail.cpp:997] Posting receive on endpoint=0xadfbce0 buffer=0x7fc3ce0a9010 size=8192 context=0xadad020
I0317 11:12:08.209952     274 libfabric_rail.cpp:1006] Receive posted successfully
I0317 11:12:08.209952     274 libfabric_rail.cpp:320] Allocate on Rail 0 allocated control request XFER_ID=171 buffer_size=8192
I0317 11:12:08.209953     274 libfabric_rail.cpp:997] Posting receive on endpoint=0xadfbce0 buffer=0x7fc3ce0a7010 size=8192 context=0xadacf78
I0317 11:12:08.209954     274 libfabric_rail.cpp:1006] Receive posted successfully
I0317 11:12:08.209955     274 libfabric_rail.cpp:320] Allocate on Rail 0 allocated control request XFER_ID=172 buffer_size=8192
I0317 11:12:08.209955     274 libfabric_rail.cpp:997] Posting receive on endpoint=0xadfbce0 buffer=0x7fc3ce0a5010 size=8192 context=0xadaced0
I0317 11:12:08.209956     274 libfabric_rail.cpp:1006] Receive posted successfully
I0317 11:12:08.209957     274 libfabric_rail.cpp:320] Allocate on Rail 0 allocated control request XFER_ID=173 buffer_size=8192
I0317 11:12:08.209957     274 libfabric_rail.cpp:997] Posting receive on endpoint=0xadfbce0 buffer=0x7fc3ce0a3010 size=8192 context=0xadace20
I0317 11:12:08.209958     274 libfabric_rail.cpp:1006] Receive posted successfully
I0317 11:12:08.209959     274 libfabric_rail.cpp:320] Allocate on Rail 0 allocated control request XFER_ID=174 buffer_size=8192
I0317 11:12:08.209960     274 libfabric_rail.cpp:997] Posting receive on endpoint=0xadfbce0 buffer=0x7fc3ce0a1010 size=8192 context=0xadacd78
I0317 11:12:08.209960     274 libfabric_rail.cpp:1006] Receive posted successfully
I0317 11:12:08.209961     274 libfabric_rail.cpp:320] Allocate on Rail 0 allocated control request XFER_ID=175 buffer_size=8192
I0317 11:12:08.209962     274 libfabric_rail.cpp:997] Posting receive on endpoint=0xadfbce0 buffer=0x7fc3ce09f010 size=8192 context=0xadaccd0
I0317 11:12:08.209963     274 libfabric_rail.cpp:1006] Receive posted successfully
I0317 11:12:08.209963     274 libfabric_rail.cpp:320] Allocate on Rail 0 allocated control request XFER_ID=176 buffer_size=8192
I0317 11:12:08.209964     274 libfabric_rail.cpp:997] Posting receive on endpoint=0xadfbce0 buffer=0x7fc3ce09d010 size=8192 context=0xadacc20
I0317 11:12:08.209965     274 libfabric_rail.cpp:1006] Receive posted successfully
I0317 11:12:08.209966     274 libfabric_rail.cpp:320] Allocate on Rail 0 allocated control request XFER_ID=177 buffer_size=8192
I0317 11:12:08.209966     274 libfabric_rail.cpp:997] Posting receive on endpoint=0xadfbce0 buffer=0x7fc3ce09b010 size=8192 context=0xadacb78
I0317 11:12:08.209967     274 libfabric_rail.cpp:1006] Receive posted successfully
I0317 11:12:08.209968     274 libfabric_rail.cpp:320] Allocate on Rail 0 allocated control request XFER_ID=178 buffer_size=8192
I0317 11:12:08.209969     274 libfabric_rail.cpp:997] Posting receive on endpoint=0xadfbce0 buffer=0x7fc3ce099010 size=8192 context=0xadacad0
I0317 11:12:08.209969     274 libfabric_rail.cpp:1006] Receive posted successfully
I0317 11:12:08.209970     274 libfabric_rail.cpp:320] Allocate on Rail 0 allocated control request XFER_ID=179 buffer_size=8192
I0317 11:12:08.209971     274 libfabric_rail.cpp:997] Posting receive on endpoint=0xadfbce0 buffer=0x7fc3ce097010 size=8192 context=0xadaca20
I0317 11:12:08.209972     274 libfabric_rail.cpp:1006] Receive posted successfully
I0317 11:12:08.209972     274 libfabric_rail.cpp:320] Allocate on Rail 0 allocated control request XFER_ID=180 buffer_size=8192
I0317 11:12:08.209973     274 libfabric_rail.cpp:997] Posting receive on endpoint=0xadfbce0 buffer=0x7fc3ce095010 size=8192 context=0xadac978
I0317 11:12:08.209974     274 libfabric_rail.cpp:1006] Receive posted successfully
I0317 11:12:08.209974     274 libfabric_rail.cpp:320] Allocate on Rail 0 allocated control request XFER_ID=181 buffer_size=8192
I0317 11:12:08.209975     274 libfabric_rail.cpp:997] Posting receive on endpoint=0xadfbce0 buffer=0x7fc3ce093010 size=8192 context=0xadac8d0
I0317 11:12:08.209976     274 libfabric_rail.cpp:1006] Receive posted successfully
I0317 11:12:08.209977     274 libfabric_rail.cpp:320] Allocate on Rail 0 allocated control request XFER_ID=182 buffer_size=8192
I0317 11:12:08.209977     274 libfabric_rail.cpp:997] Posting receive on endpoint=0xadfbce0 buffer=0x7fc3ce091010 size=8192 context=0xadac820
I0317 11:12:08.209978     274 libfabric_rail.cpp:1006] Receive posted successfully
I0317 11:12:08.209979     274 libfabric_rail.cpp:320] Allocate on Rail 0 allocated control request XFER_ID=183 buffer_size=8192
I0317 11:12:08.209980     274 libfabric_rail.cpp:997] Posting receive on endpoint=0xadfbce0 buffer=0x7fc3ce08f010 size=8192 context=0xadac778
I0317 11:12:08.209980     274 libfabric_rail.cpp:1006] Receive posted successfully
I0317 11:12:08.209981     274 libfabric_rail.cpp:320] Allocate on Rail 0 allocated control request XFER_ID=184 buffer_size=8192
I0317 11:12:08.209982     274 libfabric_rail.cpp:997] Posting receive on endpoint=0xadfbce0 buffer=0x7fc3ce08d010 size=8192 context=0xadac6d0
I0317 11:12:08.209983     274 libfabric_rail.cpp:1006] Receive posted successfully
I0317 11:12:08.209983     274 libfabric_rail.cpp:320] Allocate on Rail 0 allocated control request XFER_ID=185 buffer_size=8192
I0317 11:12:08.209984     274 libfabric_rail.cpp:997] Posting receive on endpoint=0xadfbce0 buffer=0x7fc3ce08b010 size=8192 context=0xadac620
I0317 11:12:08.209985     274 libfabric_rail.cpp:1006] Receive posted successfully
I0317 11:12:08.209985     274 libfabric_rail.cpp:320] Allocate on Rail 0 allocated control request XFER_ID=186 buffer_size=8192
I0317 11:12:08.209986     274 libfabric_rail.cpp:997] Posting receive on endpoint=0xadfbce0 buffer=0x7fc3ce089010 size=8192 context=0xadac578
I0317 11:12:08.209987     274 libfabric_rail.cpp:1006] Receive posted successfully
I0317 11:12:08.209988     274 libfabric_rail.cpp:320] Allocate on Rail 0 allocated control request XFER_ID=187 buffer_size=8192
I0317 11:12:08.209988     274 libfabric_rail.cpp:997] Posting receive on endpoint=0xadfbce0 buffer=0x7fc3ce087010 size=8192 context=0xadac4d0
I0317 11:12:08.209989     274 libfabric_rail.cpp:1006] Receive posted successfully
I0317 11:12:08.209990     274 libfabric_rail.cpp:320] Allocate on Rail 0 allocated control request XFER_ID=188 buffer_size=8192
I0317 11:12:08.209991     274 libfabric_rail.cpp:997] Posting receive on endpoint=0xadfbce0 buffer=0x7fc3ce085010 size=8192 context=0xadac420
I0317 11:12:08.209992     274 libfabric_rail.cpp:1006] Receive posted successfully
I0317 11:12:08.209992     274 libfabric_rail.cpp:320] Allocate on Rail 0 allocated control request XFER_ID=189 buffer_size=8192
I0317 11:12:08.209993     274 libfabric_rail.cpp:997] Posting receive on endpoint=0xadfbce0 buffer=0x7fc3ce083010 size=8192 context=0xadac378
I0317 11:12:08.209994     274 libfabric_rail.cpp:1006] Receive posted successfully
I0317 11:12:08.209994     274 libfabric_rail.cpp:320] Allocate on Rail 0 allocated control request XFER_ID=190 buffer_size=8192
I0317 11:12:08.209995     274 libfabric_rail.cpp:997] Posting receive on endpoint=0xadfbce0 buffer=0x7fc3ce081010 size=8192 context=0xadac2d0
I0317 11:12:08.209996     274 libfabric_rail.cpp:1006] Receive posted successfully
I0317 11:12:08.209997     274 libfabric_rail.cpp:320] Allocate on Rail 0 allocated control request XFER_ID=191 buffer_size=8192
I0317 11:12:08.209997     274 libfabric_rail.cpp:997] Posting receive on endpoint=0xadfbce0 buffer=0x7fc3ce07f010 size=8192 context=0xadac220
I0317 11:12:08.209998     274 libfabric_rail.cpp:1006] Receive posted successfully
I0317 11:12:08.209999     274 libfabric_rail.cpp:320] Allocate on Rail 0 allocated control request XFER_ID=192 buffer_size=8192
I0317 11:12:08.209999     274 libfabric_rail.cpp:997] Posting receive on endpoint=0xadfbce0 buffer=0x7fc3ce07d010 size=8192 context=0xadac178
I0317 11:12:08.210000     274 libfabric_rail.cpp:1006] Receive posted successfully
I0317 11:12:08.210001     274 libfabric_rail.cpp:320] Allocate on Rail 0 allocated control request XFER_ID=193 buffer_size=8192
I0317 11:12:08.210002     274 libfabric_rail.cpp:997] Posting receive on endpoint=0xadfbce0 buffer=0x7fc3ce07b010 size=8192 context=0xadac0d0
I0317 11:12:08.210003     274 libfabric_rail.cpp:1006] Receive posted successfully
I0317 11:12:08.210003     274 libfabric_rail.cpp:320] Allocate on Rail 0 allocated control request XFER_ID=194 buffer_size=8192
I0317 11:12:08.210004     274 libfabric_rail.cpp:997] Posting receive on endpoint=0xadfbce0 buffer=0x7fc3ce079010 size=8192 context=0xadac020
I0317 11:12:08.210005     274 libfabric_rail.cpp:1006] Receive posted successfully
I0317 11:12:08.210005     274 libfabric_rail.cpp:320] Allocate on Rail 0 allocated control request XFER_ID=195 buffer_size=8192
I0317 11:12:08.210006     274 libfabric_rail.cpp:997] Posting receive on endpoint=0xadfbce0 buffer=0x7fc3ce077010 size=8192 context=0xadabf78
I0317 11:12:08.210007     274 libfabric_rail.cpp:1006] Receive posted successfully
I0317 11:12:08.210007     274 libfabric_rail.cpp:320] Allocate on Rail 0 allocated control request XFER_ID=196 buffer_size=8192
I0317 11:12:08.210008     274 libfabric_rail.cpp:997] Posting receive on endpoint=0xadfbce0 buffer=0x7fc3ce075010 size=8192 context=0xadabed0
I0317 11:12:08.210009     274 libfabric_rail.cpp:1006] Receive posted successfully
I0317 11:12:08.210010     274 libfabric_rail.cpp:320] Allocate on Rail 0 allocated control request XFER_ID=197 buffer_size=8192
I0317 11:12:08.210010     274 libfabric_rail.cpp:997] Posting receive on endpoint=0xadfbce0 buffer=0x7fc3ce073010 size=8192 context=0xadabe20
I0317 11:12:08.210011     274 libfabric_rail.cpp:1006] Receive posted successfully
I0317 11:12:08.210012     274 libfabric_rail.cpp:320] Allocate on Rail 0 allocated control request XFER_ID=198 buffer_size=8192
I0317 11:12:08.210013     274 libfabric_rail.cpp:997] Posting receive on endpoint=0xadfbce0 buffer=0x7fc3ce071010 size=8192 context=0xadabd78
I0317 11:12:08.210014     274 libfabric_rail.cpp:1006] Receive posted successfully
I0317 11:12:08.210014     274 libfabric_rail.cpp:320] Allocate on Rail 0 allocated control request XFER_ID=199 buffer_size=8192
I0317 11:12:08.210015     274 libfabric_rail.cpp:997] Posting receive on endpoint=0xadfbce0 buffer=0x7fc3ce06f010 size=8192 context=0xadabcd0
I0317 11:12:08.210016     274 libfabric_rail.cpp:1006] Receive posted successfully
I0317 11:12:08.210016     274 libfabric_rail.cpp:320] Allocate on Rail 0 allocated control request XFER_ID=200 buffer_size=8192
I0317 11:12:08.210017     274 libfabric_rail.cpp:997] Posting receive on endpoint=0xadfbce0 buffer=0x7fc3ce06d010 size=8192 context=0xadabc20
I0317 11:12:08.210018     274 libfabric_rail.cpp:1006] Receive posted successfully
I0317 11:12:08.210018     274 libfabric_rail.cpp:320] Allocate on Rail 0 allocated control request XFER_ID=201 buffer_size=8192
I0317 11:12:08.210019     274 libfabric_rail.cpp:997] Posting receive on endpoint=0xadfbce0 buffer=0x7fc3ce06b010 size=8192 context=0xadabb78
I0317 11:12:08.210020     274 libfabric_rail.cpp:1006] Receive posted successfully
I0317 11:12:08.210021     274 libfabric_rail.cpp:320] Allocate on Rail 0 allocated control request XFER_ID=202 buffer_size=8192
I0317 11:12:08.210021     274 libfabric_rail.cpp:997] Posting receive on endpoint=0xadfbce0 buffer=0x7fc3ce069010 size=8192 context=0xadabad0
I0317 11:12:08.210022     274 libfabric_rail.cpp:1006] Receive posted successfully
I0317 11:12:08.210023     274 libfabric_rail.cpp:320] Allocate on Rail 0 allocated control request XFER_ID=203 buffer_size=8192
I0317 11:12:08.210023     274 libfabric_rail.cpp:997] Posting receive on endpoint=0xadfbce0 buffer=0x7fc3ce067010 size=8192 context=0xadaba20
I0317 11:12:08.210024     274 libfabric_rail.cpp:1006] Receive posted successfully
I0317 11:12:08.210025     274 libfabric_rail.cpp:320] Allocate on Rail 0 allocated control request XFER_ID=204 buffer_size=8192
I0317 11:12:08.210026     274 libfabric_rail.cpp:997] Posting receive on endpoint=0xadfbce0 buffer=0x7fc3ce065010 size=8192 context=0xadab978
I0317 11:12:08.210027     274 libfabric_rail.cpp:1006] Receive posted successfully
I0317 11:12:08.210027     274 libfabric_rail.cpp:320] Allocate on Rail 0 allocated control request XFER_ID=205 buffer_size=8192
I0317 11:12:08.210028     274 libfabric_rail.cpp:997] Posting receive on endpoint=0xadfbce0 buffer=0x7fc3ce063010 size=8192 context=0xadab8d0
I0317 11:12:08.210029     274 libfabric_rail.cpp:1006] Receive posted successfully
I0317 11:12:08.210030     274 libfabric_rail.cpp:320] Allocate on Rail 0 allocated control request XFER_ID=206 buffer_size=8192
I0317 11:12:08.210030     274 libfabric_rail.cpp:997] Posting receive on endpoint=0xadfbce0 buffer=0x7fc3ce061010 size=8192 context=0xadab820
I0317 11:12:08.210031     274 libfabric_rail.cpp:1006] Receive posted successfully
I0317 11:12:08.210032     274 libfabric_rail.cpp:320] Allocate on Rail 0 allocated control request XFER_ID=207 buffer_size=8192
I0317 11:12:08.210032     274 libfabric_rail.cpp:997] Posting receive on endpoint=0xadfbce0 buffer=0x7fc3ce05f010 size=8192 context=0xadab778
I0317 11:12:08.210033     274 libfabric_rail.cpp:1006] Receive posted successfully
I0317 11:12:08.210034     274 libfabric_rail.cpp:320] Allocate on Rail 0 allocated control request XFER_ID=208 buffer_size=8192
I0317 11:12:08.210035     274 libfabric_rail.cpp:997] Posting receive on endpoint=0xadfbce0 buffer=0x7fc3ce05d010 size=8192 context=0xadab6d0
I0317 11:12:08.210036     274 libfabric_rail.cpp:1006] Receive posted successfully
I0317 11:12:08.210037     274 libfabric_rail.cpp:320] Allocate on Rail 0 allocated control request XFER_ID=209 buffer_size=8192
I0317 11:12:08.210038     274 libfabric_rail.cpp:997] Posting receive on endpoint=0xadfbce0 buffer=0x7fc3ce05b010 size=8192 context=0xadab620
I0317 11:12:08.210038     274 libfabric_rail.cpp:1006] Receive posted successfully
I0317 11:12:08.210039     274 libfabric_rail.cpp:320] Allocate on Rail 0 allocated control request XFER_ID=210 buffer_size=8192
I0317 11:12:08.210040     274 libfabric_rail.cpp:997] Posting receive on endpoint=0xadfbce0 buffer=0x7fc3ce059010 size=8192 context=0xadab578
I0317 11:12:08.210041     274 libfabric_rail.cpp:1006] Receive posted successfully
I0317 11:12:08.210041     274 libfabric_rail.cpp:320] Allocate on Rail 0 allocated control request XFER_ID=211 buffer_size=8192
I0317 11:12:08.210042     274 libfabric_rail.cpp:997] Posting receive on endpoint=0xadfbce0 buffer=0x7fc3ce057010 size=8192 context=0xadab4d0
I0317 11:12:08.210043     274 libfabric_rail.cpp:1006] Receive posted successfully
I0317 11:12:08.210043     274 libfabric_rail.cpp:320] Allocate on Rail 0 allocated control request XFER_ID=212 buffer_size=8192
I0317 11:12:08.210044     274 libfabric_rail.cpp:997] Posting receive on endpoint=0xadfbce0 buffer=0x7fc3ce055010 size=8192 context=0xadab420
I0317 11:12:08.210045     274 libfabric_rail.cpp:1006] Receive posted successfully
I0317 11:12:08.210046     274 libfabric_rail.cpp:320] Allocate on Rail 0 allocated control request XFER_ID=213 buffer_size=8192
I0317 11:12:08.210046     274 libfabric_rail.cpp:997] Posting receive on endpoint=0xadfbce0 buffer=0x7fc3ce053010 size=8192 context=0xadab378
I0317 11:12:08.210047     274 libfabric_rail.cpp:1006] Receive posted successfully
I0317 11:12:08.210048     274 libfabric_rail.cpp:320] Allocate on Rail 0 allocated control request XFER_ID=214 buffer_size=8192
I0317 11:12:08.210048     274 libfabric_rail.cpp:997] Posting receive on endpoint=0xadfbce0 buffer=0x7fc3ce051010 size=8192 context=0xadab2d0
I0317 11:12:08.210049     274 libfabric_rail.cpp:1006] Receive posted successfully
I0317 11:12:08.210050     274 libfabric_rail.cpp:320] Allocate on Rail 0 allocated control request XFER_ID=215 buffer_size=8192
I0317 11:12:08.210051     274 libfabric_rail.cpp:997] Posting receive on endpoint=0xadfbce0 buffer=0x7fc3ce04f010 size=8192 context=0xadab220
I0317 11:12:08.210051     274 libfabric_rail.cpp:1006] Receive posted successfully
I0317 11:12:08.210052     274 libfabric_rail.cpp:320] Allocate on Rail 0 allocated control request XFER_ID=216 buffer_size=8192
I0317 11:12:08.210053     274 libfabric_rail.cpp:997] Posting receive on endpoint=0xadfbce0 buffer=0x7fc3ce04d010 size=8192 context=0xadab178
I0317 11:12:08.210054     274 libfabric_rail.cpp:1006] Receive posted successfully
I0317 11:12:08.210054     274 libfabric_rail.cpp:320] Allocate on Rail 0 allocated control request XFER_ID=217 buffer_size=8192
I0317 11:12:08.210055     274 libfabric_rail.cpp:997] Posting receive on endpoint=0xadfbce0 buffer=0x7fc3ce04b010 size=8192 context=0xadab0d0
I0317 11:12:08.210056     274 libfabric_rail.cpp:1006] Receive posted successfully
I0317 11:12:08.210056     274 libfabric_rail.cpp:320] Allocate on Rail 0 allocated control request XFER_ID=218 buffer_size=8192
I0317 11:12:08.210057     274 libfabric_rail.cpp:997] Posting receive on endpoint=0xadfbce0 buffer=0x7fc3ce049010 size=8192 context=0xadab020
I0317 11:12:08.210058     274 libfabric_rail.cpp:1006] Receive posted successfully
I0317 11:12:08.210059     274 libfabric_rail.cpp:320] Allocate on Rail 0 allocated control request XFER_ID=219 buffer_size=8192
I0317 11:12:08.210059     274 libfabric_rail.cpp:997] Posting receive on endpoint=0xadfbce0 buffer=0x7fc3ce047010 size=8192 context=0xadaaf78
I0317 11:12:08.210060     274 libfabric_rail.cpp:1006] Receive posted successfully
I0317 11:12:08.210061     274 libfabric_rail.cpp:320] Allocate on Rail 0 allocated control request XFER_ID=220 buffer_size=8192
I0317 11:12:08.210061     274 libfabric_rail.cpp:997] Posting receive on endpoint=0xadfbce0 buffer=0x7fc3ce045010 size=8192 context=0xadaaed0
I0317 11:12:08.210062     274 libfabric_rail.cpp:1006] Receive posted successfully
I0317 11:12:08.210063     274 libfabric_rail.cpp:320] Allocate on Rail 0 allocated control request XFER_ID=221 buffer_size=8192
I0317 11:12:08.210064     274 libfabric_rail.cpp:997] Posting receive on endpoint=0xadfbce0 buffer=0x7fc3ce043010 size=8192 context=0xadaae20
I0317 11:12:08.210064     274 libfabric_rail.cpp:1006] Receive posted successfully
I0317 11:12:08.210065     274 libfabric_rail.cpp:320] Allocate on Rail 0 allocated control request XFER_ID=222 buffer_size=8192
I0317 11:12:08.210066     274 libfabric_rail.cpp:997] Posting receive on endpoint=0xadfbce0 buffer=0x7fc3ce041010 size=8192 context=0xadaad78
I0317 11:12:08.210067     274 libfabric_rail.cpp:1006] Receive posted successfully
I0317 11:12:08.210067     274 libfabric_rail.cpp:320] Allocate on Rail 0 allocated control request XFER_ID=223 buffer_size=8192
I0317 11:12:08.210068     274 libfabric_rail.cpp:997] Posting receive on endpoint=0xadfbce0 buffer=0x7fc3ce03f010 size=8192 context=0xadaacd0
I0317 11:12:08.210069     274 libfabric_rail.cpp:1006] Receive posted successfully
I0317 11:12:08.210070     274 libfabric_rail.cpp:320] Allocate on Rail 0 allocated control request XFER_ID=224 buffer_size=8192
I0317 11:12:08.210071     274 libfabric_rail.cpp:997] Posting receive on endpoint=0xadfbce0 buffer=0x7fc3ce03d010 size=8192 context=0xadaac20
I0317 11:12:08.210071     274 libfabric_rail.cpp:1006] Receive posted successfully
I0317 11:12:08.210072     274 libfabric_rail.cpp:320] Allocate on Rail 0 allocated control request XFER_ID=225 buffer_size=8192
I0317 11:12:08.210073     274 libfabric_rail.cpp:997] Posting receive on endpoint=0xadfbce0 buffer=0x7fc3ce03b010 size=8192 context=0xadaab78
I0317 11:12:08.210074     274 libfabric_rail.cpp:1006] Receive posted successfully
I0317 11:12:08.210074     274 libfabric_rail.cpp:320] Allocate on Rail 0 allocated control request XFER_ID=226 buffer_size=8192
I0317 11:12:08.210075     274 libfabric_rail.cpp:997] Posting receive on endpoint=0xadfbce0 buffer=0x7fc3ce039010 size=8192 context=0xadaaad0
I0317 11:12:08.210076     274 libfabric_rail.cpp:1006] Receive posted successfully
I0317 11:12:08.210076     274 libfabric_rail.cpp:320] Allocate on Rail 0 allocated control request XFER_ID=227 buffer_size=8192
I0317 11:12:08.210077     274 libfabric_rail.cpp:997] Posting receive on endpoint=0xadfbce0 buffer=0x7fc3ce037010 size=8192 context=0xadaaa20
I0317 11:12:08.210078     274 libfabric_rail.cpp:1006] Receive posted successfully
I0317 11:12:08.210079     274 libfabric_rail.cpp:320] Allocate on Rail 0 allocated control request XFER_ID=228 buffer_size=8192
I0317 11:12:08.210079     274 libfabric_rail.cpp:997] Posting receive on endpoint=0xadfbce0 buffer=0x7fc3ce035010 size=8192 context=0xadaa978
I0317 11:12:08.210080     274 libfabric_rail.cpp:1006] Receive posted successfully
I0317 11:12:08.210081     274 libfabric_rail.cpp:320] Allocate on Rail 0 allocated control request XFER_ID=229 buffer_size=8192
I0317 11:12:08.210081     274 libfabric_rail.cpp:997] Posting receive on endpoint=0xadfbce0 buffer=0x7fc3ce033010 size=8192 context=0xadaa8d0
I0317 11:12:08.210082     274 libfabric_rail.cpp:1006] Receive posted successfully
I0317 11:12:08.210083     274 libfabric_rail.cpp:320] Allocate on Rail 0 allocated control request XFER_ID=230 buffer_size=8192
I0317 11:12:08.210084     274 libfabric_rail.cpp:997] Posting receive on endpoint=0xadfbce0 buffer=0x7fc3ce031010 size=8192 context=0xadaa820
I0317 11:12:08.210084     274 libfabric_rail.cpp:1006] Receive posted successfully
I0317 11:12:08.210085     274 libfabric_rail.cpp:320] Allocate on Rail 0 allocated control request XFER_ID=231 buffer_size=8192
I0317 11:12:08.210086     274 libfabric_rail.cpp:997] Posting receive on endpoint=0xadfbce0 buffer=0x7fc3ce02f010 size=8192 context=0xadaa778
I0317 11:12:08.210087     274 libfabric_rail.cpp:1006] Receive posted successfully
I0317 11:12:08.210087     274 libfabric_rail.cpp:320] Allocate on Rail 0 allocated control request XFER_ID=232 buffer_size=8192
I0317 11:12:08.210088     274 libfabric_rail.cpp:997] Posting receive on endpoint=0xadfbce0 buffer=0x7fc3ce02d010 size=8192 context=0xadaa6d0
I0317 11:12:08.210089     274 libfabric_rail.cpp:1006] Receive posted successfully
I0317 11:12:08.210089     274 libfabric_rail.cpp:320] Allocate on Rail 0 allocated control request XFER_ID=233 buffer_size=8192
I0317 11:12:08.210090     274 libfabric_rail.cpp:997] Posting receive on endpoint=0xadfbce0 buffer=0x7fc3ce02b010 size=8192 context=0xadaa620
I0317 11:12:08.210091     274 libfabric_rail.cpp:1006] Receive posted successfully
I0317 11:12:08.210092     274 libfabric_rail.cpp:320] Allocate on Rail 0 allocated control request XFER_ID=234 buffer_size=8192
I0317 11:12:08.210092     274 libfabric_rail.cpp:997] Posting receive on endpoint=0xadfbce0 buffer=0x7fc3ce029010 size=8192 context=0xadaa578
I0317 11:12:08.210093     274 libfabric_rail.cpp:1006] Receive posted successfully
I0317 11:12:08.210094     274 libfabric_rail.cpp:320] Allocate on Rail 0 allocated control request XFER_ID=235 buffer_size=8192
I0317 11:12:08.210094     274 libfabric_rail.cpp:997] Posting receive on endpoint=0xadfbce0 buffer=0x7fc3ce027010 size=8192 context=0xadaa4d0
I0317 11:12:08.210095     274 libfabric_rail.cpp:1006] Receive posted successfully
I0317 11:12:08.210096     274 libfabric_rail.cpp:320] Allocate on Rail 0 allocated control request XFER_ID=236 buffer_size=8192
I0317 11:12:08.210097     274 libfabric_rail.cpp:997] Posting receive on endpoint=0xadfbce0 buffer=0x7fc3ce025010 size=8192 context=0xadaa420
I0317 11:12:08.210098     274 libfabric_rail.cpp:1006] Receive posted successfully
I0317 11:12:08.210098     274 libfabric_rail.cpp:320] Allocate on Rail 0 allocated control request XFER_ID=237 buffer_size=8192
I0317 11:12:08.210099     274 libfabric_rail.cpp:997] Posting receive on endpoint=0xadfbce0 buffer=0x7fc3ce023010 size=8192 context=0xadaa378
I0317 11:12:08.210100     274 libfabric_rail.cpp:1006] Receive posted successfully
I0317 11:12:08.210100     274 libfabric_rail.cpp:320] Allocate on Rail 0 allocated control request XFER_ID=238 buffer_size=8192
I0317 11:12:08.210101     274 libfabric_rail.cpp:997] Posting receive on endpoint=0xadfbce0 buffer=0x7fc3ce021010 size=8192 context=0xadaa2d0
I0317 11:12:08.210102     274 libfabric_rail.cpp:1006] Receive posted successfully
I0317 11:12:08.210102     274 libfabric_rail.cpp:320] Allocate on Rail 0 allocated control request XFER_ID=239 buffer_size=8192
I0317 11:12:08.210103     274 libfabric_rail.cpp:997] Posting receive on endpoint=0xadfbce0 buffer=0x7fc3ce01f010 size=8192 context=0xadaa220
I0317 11:12:08.210104     274 libfabric_rail.cpp:1006] Receive posted successfully
I0317 11:12:08.210105     274 libfabric_rail.cpp:320] Allocate on Rail 0 allocated control request XFER_ID=240 buffer_size=8192
I0317 11:12:08.210105     274 libfabric_rail.cpp:997] Posting receive on endpoint=0xadfbce0 buffer=0x7fc3ce01d010 size=8192 context=0xadaa178
I0317 11:12:08.210106     274 libfabric_rail.cpp:1006] Receive posted successfully
I0317 11:12:08.210107     274 libfabric_rail.cpp:320] Allocate on Rail 0 allocated control request XFER_ID=241 buffer_size=8192
I0317 11:12:08.210107     274 libfabric_rail.cpp:997] Posting receive on endpoint=0xadfbce0 buffer=0x7fc3ce01b010 size=8192 context=0xadaa0d0
I0317 11:12:08.210108     274 libfabric_rail.cpp:1006] Receive posted successfully
I0317 11:12:08.210109     274 libfabric_rail.cpp:320] Allocate on Rail 0 allocated control request XFER_ID=242 buffer_size=8192
I0317 11:12:08.210110     274 libfabric_rail.cpp:997] Posting receive on endpoint=0xadfbce0 buffer=0x7fc3ce019010 size=8192 context=0xadaa020
I0317 11:12:08.210111     274 libfabric_rail.cpp:1006] Receive posted successfully
I0317 11:12:08.210111     274 libfabric_rail.cpp:320] Allocate on Rail 0 allocated control request XFER_ID=243 buffer_size=8192
I0317 11:12:08.210112     274 libfabric_rail.cpp:997] Posting receive on endpoint=0xadfbce0 buffer=0x7fc3ce017010 size=8192 context=0xada9f78
I0317 11:12:08.210113     274 libfabric_rail.cpp:1006] Receive posted successfully
I0317 11:12:08.210113     274 libfabric_rail.cpp:320] Allocate on Rail 0 allocated control request XFER_ID=244 buffer_size=8192
I0317 11:12:08.210114     274 libfabric_rail.cpp:997] Posting receive on endpoint=0xadfbce0 buffer=0x7fc3ce015010 size=8192 context=0xada9ed0
I0317 11:12:08.210115     274 libfabric_rail.cpp:1006] Receive posted successfully
I0317 11:12:08.210115     274 libfabric_rail.cpp:320] Allocate on Rail 0 allocated control request XFER_ID=245 buffer_size=8192
I0317 11:12:08.210116     274 libfabric_rail.cpp:997] Posting receive on endpoint=0xadfbce0 buffer=0x7fc3ce013010 size=8192 context=0xada9e20
I0317 11:12:08.210117     274 libfabric_rail.cpp:1006] Receive posted successfully
I0317 11:12:08.210118     274 libfabric_rail.cpp:320] Allocate on Rail 0 allocated control request XFER_ID=246 buffer_size=8192
I0317 11:12:08.210118     274 libfabric_rail.cpp:997] Posting receive on endpoint=0xadfbce0 buffer=0x7fc3ce011010 size=8192 context=0xada9d78
I0317 11:12:08.210119     274 libfabric_rail.cpp:1006] Receive posted successfully
I0317 11:12:08.210120     274 libfabric_rail.cpp:320] Allocate on Rail 0 allocated control request XFER_ID=247 buffer_size=8192
I0317 11:12:08.210120     274 libfabric_rail.cpp:997] Posting receive on endpoint=0xadfbce0 buffer=0x7fc3ce00f010 size=8192 context=0xada9cd0
I0317 11:12:08.210121     274 libfabric_rail.cpp:1006] Receive posted successfully
I0317 11:12:08.210122     274 libfabric_rail.cpp:320] Allocate on Rail 0 allocated control request XFER_ID=248 buffer_size=8192
I0317 11:12:08.210123     274 libfabric_rail.cpp:997] Posting receive on endpoint=0xadfbce0 buffer=0x7fc3ce00d010 size=8192 context=0xada9c20
I0317 11:12:08.210124     274 libfabric_rail.cpp:1006] Receive posted successfully
I0317 11:12:08.210124     274 libfabric_rail.cpp:320] Allocate on Rail 0 allocated control request XFER_ID=249 buffer_size=8192
I0317 11:12:08.210125     274 libfabric_rail.cpp:997] Posting receive on endpoint=0xadfbce0 buffer=0x7fc3ce00b010 size=8192 context=0xada9b78
I0317 11:12:08.210126     274 libfabric_rail.cpp:1006] Receive posted successfully
I0317 11:12:08.210126     274 libfabric_rail.cpp:320] Allocate on Rail 0 allocated control request XFER_ID=250 buffer_size=8192
I0317 11:12:08.210127     274 libfabric_rail.cpp:997] Posting receive on endpoint=0xadfbce0 buffer=0x7fc3ce009010 size=8192 context=0xada9ad0
I0317 11:12:08.210128     274 libfabric_rail.cpp:1006] Receive posted successfully
I0317 11:12:08.210129     274 libfabric_rail.cpp:320] Allocate on Rail 0 allocated control request XFER_ID=251 buffer_size=8192
I0317 11:12:08.210130     274 libfabric_rail.cpp:997] Posting receive on endpoint=0xadfbce0 buffer=0x7fc3ce007010 size=8192 context=0xada9a20
I0317 11:12:08.210131     274 libfabric_rail.cpp:1006] Receive posted successfully
I0317 11:12:08.210131     274 libfabric_rail.cpp:320] Allocate on Rail 0 allocated control request XFER_ID=252 buffer_size=8192
I0317 11:12:08.210132     274 libfabric_rail.cpp:997] Posting receive on endpoint=0xadfbce0 buffer=0x7fc3ce005010 size=8192 context=0xada9978
I0317 11:12:08.210133     274 libfabric_rail.cpp:1006] Receive posted successfully
I0317 11:12:08.210134     274 libfabric_rail.cpp:320] Allocate on Rail 0 allocated control request XFER_ID=253 buffer_size=8192
I0317 11:12:08.210134     274 libfabric_rail.cpp:997] Posting receive on endpoint=0xadfbce0 buffer=0x7fc3ce003010 size=8192 context=0xada98d0
I0317 11:12:08.210135     274 libfabric_rail.cpp:1006] Receive posted successfully
I0317 11:12:08.210136     274 libfabric_rail.cpp:320] Allocate on Rail 0 allocated control request XFER_ID=254 buffer_size=8192
I0317 11:12:08.210137     274 libfabric_rail.cpp:997] Posting receive on endpoint=0xadfbce0 buffer=0x7fc3ce001010 size=8192 context=0xada9820
I0317 11:12:08.210137     274 libfabric_rail.cpp:1006] Receive posted successfully
I0317 11:12:08.210138     274 libfabric_rail.cpp:320] Allocate on Rail 0 allocated control request XFER_ID=255 buffer_size=8192
I0317 11:12:08.210139     274 libfabric_rail.cpp:997] Posting receive on endpoint=0xadfbce0 buffer=0x7fc3cdfff010 size=8192 context=0xada9778
I0317 11:12:08.210140     274 libfabric_rail.cpp:1006] Receive posted successfully
I0317 11:12:08.210140     274 libfabric_rail.cpp:320] Allocate on Rail 0 allocated control request XFER_ID=256 buffer_size=8192
I0317 11:12:08.210141     274 libfabric_rail.cpp:997] Posting receive on endpoint=0xadfbce0 buffer=0x7fc3cdffd010 size=8192 context=0xada96d0
I0317 11:12:08.210142     274 libfabric_rail.cpp:1006] Receive posted successfully
I0317 11:12:08.210142     274 libfabric_rail.cpp:320] Allocate on Rail 0 allocated control request XFER_ID=257 buffer_size=8192
I0317 11:12:08.210143     274 libfabric_rail.cpp:997] Posting receive on endpoint=0xadfbce0 buffer=0x7fc3cdffb010 size=8192 context=0xada9620
I0317 11:12:08.210144     274 libfabric_rail.cpp:1006] Receive posted successfully
I0317 11:12:08.210145     274 libfabric_rail.cpp:320] Allocate on Rail 0 allocated control request XFER_ID=258 buffer_size=8192
I0317 11:12:08.210145     274 libfabric_rail.cpp:997] Posting receive on endpoint=0xadfbce0 buffer=0x7fc3cdff9010 size=8192 context=0xada9578
I0317 11:12:08.210146     274 libfabric_rail.cpp:1006] Receive posted successfully
I0317 11:12:08.210147     274 libfabric_rail.cpp:320] Allocate on Rail 0 allocated control request XFER_ID=259 buffer_size=8192
I0317 11:12:08.210148     274 libfabric_rail.cpp:997] Posting receive on endpoint=0xadfbce0 buffer=0x7fc3cdff7010 size=8192 context=0xada94d0
I0317 11:12:08.210148     274 libfabric_rail.cpp:1006] Receive posted successfully
I0317 11:12:08.210149     274 libfabric_rail.cpp:320] Allocate on Rail 0 allocated control request XFER_ID=260 buffer_size=8192
I0317 11:12:08.210150     274 libfabric_rail.cpp:997] Posting receive on endpoint=0xadfbce0 buffer=0x7fc3cdff5010 size=8192 context=0xada9420
I0317 11:12:08.210151     274 libfabric_rail.cpp:1006] Receive posted successfully
I0317 11:12:08.210151     274 libfabric_rail.cpp:320] Allocate on Rail 0 allocated control request XFER_ID=261 buffer_size=8192
I0317 11:12:08.210152     274 libfabric_rail.cpp:997] Posting receive on endpoint=0xadfbce0 buffer=0x7fc3cdff3010 size=8192 context=0xada9378
I0317 11:12:08.210153     274 libfabric_rail.cpp:1006] Receive posted successfully
I0317 11:12:08.210153     274 libfabric_rail.cpp:320] Allocate on Rail 0 allocated control request XFER_ID=262 buffer_size=8192
I0317 11:12:08.210154     274 libfabric_rail.cpp:997] Posting receive on endpoint=0xadfbce0 buffer=0x7fc3cdff1010 size=8192 context=0xada92d0
I0317 11:12:08.210156     274 libfabric_rail.cpp:1006] Receive posted successfully
I0317 11:12:08.210156     274 libfabric_rail.cpp:320] Allocate on Rail 0 allocated control request XFER_ID=263 buffer_size=8192
I0317 11:12:08.210157     274 libfabric_rail.cpp:997] Posting receive on endpoint=0xadfbce0 buffer=0x7fc3cdfef010 size=8192 context=0xada9220
I0317 11:12:08.210158     274 libfabric_rail.cpp:1006] Receive posted successfully
I0317 11:12:08.210158     274 libfabric_rail.cpp:320] Allocate on Rail 0 allocated control request XFER_ID=264 buffer_size=8192
I0317 11:12:08.210159     274 libfabric_rail.cpp:997] Posting receive on endpoint=0xadfbce0 buffer=0x7fc3cdfed010 size=8192 context=0xada9178
I0317 11:12:08.210160     274 libfabric_rail.cpp:1006] Receive posted successfully
I0317 11:12:08.210160     274 libfabric_rail.cpp:320] Allocate on Rail 0 allocated control request XFER_ID=265 buffer_size=8192
I0317 11:12:08.210161     274 libfabric_rail.cpp:997] Posting receive on endpoint=0xadfbce0 buffer=0x7fc3cdfeb010 size=8192 context=0xada90d0
I0317 11:12:08.210162     274 libfabric_rail.cpp:1006] Receive posted successfully
I0317 11:12:08.210163     274 libfabric_rail.cpp:320] Allocate on Rail 0 allocated control request XFER_ID=266 buffer_size=8192
I0317 11:12:08.210163     274 libfabric_rail.cpp:997] Posting receive on endpoint=0xadfbce0 buffer=0x7fc3cdfe9010 size=8192 context=0xada9020
I0317 11:12:08.210164     274 libfabric_rail.cpp:1006] Receive posted successfully
I0317 11:12:08.210165     274 libfabric_rail.cpp:320] Allocate on Rail 0 allocated control request XFER_ID=267 buffer_size=8192
I0317 11:12:08.210166     274 libfabric_rail.cpp:997] Posting receive on endpoint=0xadfbce0 buffer=0x7fc3cdfe7010 size=8192 context=0xada8f78
I0317 11:12:08.210166     274 libfabric_rail.cpp:1006] Receive posted successfully
I0317 11:12:08.210167     274 libfabric_rail.cpp:320] Allocate on Rail 0 allocated control request XFER_ID=268 buffer_size=8192
I0317 11:12:08.210168     274 libfabric_rail.cpp:997] Posting receive on endpoint=0xadfbce0 buffer=0x7fc3cdfe5010 size=8192 context=0xada8ed0
I0317 11:12:08.210169     274 libfabric_rail.cpp:1006] Receive posted successfully
I0317 11:12:08.210169     274 libfabric_rail.cpp:320] Allocate on Rail 0 allocated control request XFER_ID=269 buffer_size=8192
I0317 11:12:08.210170     274 libfabric_rail.cpp:997] Posting receive on endpoint=0xadfbce0 buffer=0x7fc3cdfe3010 size=8192 context=0xada8e20
I0317 11:12:08.210171     274 libfabric_rail.cpp:1006] Receive posted successfully
I0317 11:12:08.210171     274 libfabric_rail.cpp:320] Allocate on Rail 0 allocated control request XFER_ID=270 buffer_size=8192
I0317 11:12:08.210172     274 libfabric_rail.cpp:997] Posting receive on endpoint=0xadfbce0 buffer=0x7fc3cdfe1010 size=8192 context=0xada8d78
I0317 11:12:08.210173     274 libfabric_rail.cpp:1006] Receive posted successfully
I0317 11:12:08.210173     274 libfabric_rail.cpp:320] Allocate on Rail 0 allocated control request XFER_ID=271 buffer_size=8192
I0317 11:12:08.210175     274 libfabric_rail.cpp:997] Posting receive on endpoint=0xadfbce0 buffer=0x7fc3cdfdf010 size=8192 context=0xada8cd0
I0317 11:12:08.210175     274 libfabric_rail.cpp:1006] Receive posted successfully
I0317 11:12:08.210176     274 libfabric_rail.cpp:320] Allocate on Rail 0 allocated control request XFER_ID=272 buffer_size=8192
I0317 11:12:08.210177     274 libfabric_rail.cpp:997] Posting receive on endpoint=0xadfbce0 buffer=0x7fc3cdfdd010 size=8192 context=0xada8c20
I0317 11:12:08.210178     274 libfabric_rail.cpp:1006] Receive posted successfully
I0317 11:12:08.210178     274 libfabric_rail.cpp:320] Allocate on Rail 0 allocated control request XFER_ID=273 buffer_size=8192
I0317 11:12:08.210179     274 libfabric_rail.cpp:997] Posting receive on endpoint=0xadfbce0 buffer=0x7fc3cdfdb010 size=8192 context=0xada8b78
I0317 11:12:08.210180     274 libfabric_rail.cpp:1006] Receive posted successfully
I0317 11:12:08.210180     274 libfabric_rail.cpp:320] Allocate on Rail 0 allocated control request XFER_ID=274 buffer_size=8192
I0317 11:12:08.210181     274 libfabric_rail.cpp:997] Posting receive on endpoint=0xadfbce0 buffer=0x7fc3cdfd9010 size=8192 context=0xada8ad0
I0317 11:12:08.210182     274 libfabric_rail.cpp:1006] Receive posted successfully
I0317 11:12:08.210183     274 libfabric_rail.cpp:320] Allocate on Rail 0 allocated control request XFER_ID=275 buffer_size=8192
I0317 11:12:08.210183     274 libfabric_rail.cpp:997] Posting receive on endpoint=0xadfbce0 buffer=0x7fc3cdfd7010 size=8192 context=0xada8a20
I0317 11:12:08.210184     274 libfabric_rail.cpp:1006] Receive posted successfully
I0317 11:12:08.210185     274 libfabric_rail.cpp:320] Allocate on Rail 0 allocated control request XFER_ID=276 buffer_size=8192
I0317 11:12:08.210185     274 libfabric_rail.cpp:997] Posting receive on endpoint=0xadfbce0 buffer=0x7fc3cdfd5010 size=8192 context=0xada8978
I0317 11:12:08.210186     274 libfabric_rail.cpp:1006] Receive posted successfully
I0317 11:12:08.210187     274 libfabric_rail.cpp:320] Allocate on Rail 0 allocated control request XFER_ID=277 buffer_size=8192
I0317 11:12:08.210188     274 libfabric_rail.cpp:997] Posting receive on endpoint=0xadfbce0 buffer=0x7fc3cdfd3010 size=8192 context=0xada88d0
I0317 11:12:08.210188     274 libfabric_rail.cpp:1006] Receive posted successfully
I0317 11:12:08.210189     274 libfabric_rail.cpp:320] Allocate on Rail 0 allocated control request XFER_ID=278 buffer_size=8192
I0317 11:12:08.210190     274 libfabric_rail.cpp:997] Posting receive on endpoint=0xadfbce0 buffer=0x7fc3cdfd1010 size=8192 context=0xada8820
I0317 11:12:08.210191     274 libfabric_rail.cpp:1006] Receive posted successfully
I0317 11:12:08.210191     274 libfabric_rail.cpp:320] Allocate on Rail 0 allocated control request XFER_ID=279 buffer_size=8192
I0317 11:12:08.210192     274 libfabric_rail.cpp:997] Posting receive on endpoint=0xadfbce0 buffer=0x7fc3cdfcf010 size=8192 context=0xada8778
I0317 11:12:08.210193     274 libfabric_rail.cpp:1006] Receive posted successfully
I0317 11:12:08.210193     274 libfabric_rail.cpp:320] Allocate on Rail 0 allocated control request XFER_ID=280 buffer_size=8192
I0317 11:12:08.210194     274 libfabric_rail.cpp:997] Posting receive on endpoint=0xadfbce0 buffer=0x7fc3cdfcd010 size=8192 context=0xada86d0
I0317 11:12:08.210195     274 libfabric_rail.cpp:1006] Receive posted successfully
I0317 11:12:08.210196     274 libfabric_rail.cpp:320] Allocate on Rail 0 allocated control request XFER_ID=281 buffer_size=8192
I0317 11:12:08.210196     274 libfabric_rail.cpp:997] Posting receive on endpoint=0xadfbce0 buffer=0x7fc3cdfcb010 size=8192 context=0xada8620
I0317 11:12:08.210197     274 libfabric_rail.cpp:1006] Receive posted successfully
I0317 11:12:08.210198     274 libfabric_rail.cpp:320] Allocate on Rail 0 allocated control request XFER_ID=282 buffer_size=8192
I0317 11:12:08.210198     274 libfabric_rail.cpp:997] Posting receive on endpoint=0xadfbce0 buffer=0x7fc3cdfc9010 size=8192 context=0xada8578
I0317 11:12:08.210200     274 libfabric_rail.cpp:1006] Receive posted successfully
I0317 11:12:08.210201     274 libfabric_rail.cpp:320] Allocate on Rail 0 allocated control request XFER_ID=283 buffer_size=8192
I0317 11:12:08.210201     274 libfabric_rail.cpp:997] Posting receive on endpoint=0xadfbce0 buffer=0x7fc3cdfc7010 size=8192 context=0xada84d0
I0317 11:12:08.210202     274 libfabric_rail.cpp:1006] Receive posted successfully
I0317 11:12:08.210203     274 libfabric_rail.cpp:320] Allocate on Rail 0 allocated control request XFER_ID=284 buffer_size=8192
I0317 11:12:08.210203     274 libfabric_rail.cpp:997] Posting receive on endpoint=0xadfbce0 buffer=0x7fc3cdfc5010 size=8192 context=0xada8420
I0317 11:12:08.210204     274 libfabric_rail.cpp:1006] Receive posted successfully
I0317 11:12:08.210205     274 libfabric_rail.cpp:320] Allocate on Rail 0 allocated control request XFER_ID=285 buffer_size=8192
I0317 11:12:08.210206     274 libfabric_rail.cpp:997] Posting receive on endpoint=0xadfbce0 buffer=0x7fc3cdfc3010 size=8192 context=0xada8378
I0317 11:12:08.210207     274 libfabric_rail.cpp:1006] Receive posted successfully
I0317 11:12:08.210207     274 libfabric_rail.cpp:320] Allocate on Rail 0 allocated control request XFER_ID=286 buffer_size=8192
I0317 11:12:08.210208     274 libfabric_rail.cpp:997] Posting receive on endpoint=0xadfbce0 buffer=0x7fc3cdfc1010 size=8192 context=0xada82d0
I0317 11:12:08.210209     274 libfabric_rail.cpp:1006] Receive posted successfully
I0317 11:12:08.210209     274 libfabric_rail.cpp:320] Allocate on Rail 0 allocated control request XFER_ID=287 buffer_size=8192
I0317 11:12:08.210210     274 libfabric_rail.cpp:997] Posting receive on endpoint=0xadfbce0 buffer=0x7fc3cdfbf010 size=8192 context=0xada8220
I0317 11:12:08.210211     274 libfabric_rail.cpp:1006] Receive posted successfully
I0317 11:12:08.210211     274 libfabric_rail.cpp:320] Allocate on Rail 0 allocated control request XFER_ID=288 buffer_size=8192
I0317 11:12:08.210212     274 libfabric_rail.cpp:997] Posting receive on endpoint=0xadfbce0 buffer=0x7fc3cdfbd010 size=8192 context=0xada8178
I0317 11:12:08.210213     274 libfabric_rail.cpp:1006] Receive posted successfully
I0317 11:12:08.210214     274 libfabric_rail.cpp:320] Allocate on Rail 0 allocated control request XFER_ID=289 buffer_size=8192
I0317 11:12:08.210214     274 libfabric_rail.cpp:997] Posting receive on endpoint=0xadfbce0 buffer=0x7fc3cdfbb010 size=8192 context=0xada80d0
I0317 11:12:08.210215     274 libfabric_rail.cpp:1006] Receive posted successfully
I0317 11:12:08.210216     274 libfabric_rail.cpp:320] Allocate on Rail 0 allocated control request XFER_ID=290 buffer_size=8192
I0317 11:12:08.210217     274 libfabric_rail.cpp:997] Posting receive on endpoint=0xadfbce0 buffer=0x7fc3cdfb9010 size=8192 context=0xada8020
I0317 11:12:08.210217     274 libfabric_rail.cpp:1006] Receive posted successfully
I0317 11:12:08.210218     274 libfabric_rail.cpp:320] Allocate on Rail 0 allocated control request XFER_ID=291 buffer_size=8192
I0317 11:12:08.210219     274 libfabric_rail.cpp:997] Posting receive on endpoint=0xadfbce0 buffer=0x7fc3cdfb7010 size=8192 context=0xada7f78
I0317 11:12:08.210220     274 libfabric_rail.cpp:1006] Receive posted successfully
I0317 11:12:08.210220     274 libfabric_rail.cpp:320] Allocate on Rail 0 allocated control request XFER_ID=292 buffer_size=8192
I0317 11:12:08.210221     274 libfabric_rail.cpp:997] Posting receive on endpoint=0xadfbce0 buffer=0x7fc3cdfb5010 size=8192 context=0xada7ed0
I0317 11:12:08.210222     274 libfabric_rail.cpp:1006] Receive posted successfully
I0317 11:12:08.210222     274 libfabric_rail.cpp:320] Allocate on Rail 0 allocated control request XFER_ID=293 buffer_size=8192
I0317 11:12:08.210223     274 libfabric_rail.cpp:997] Posting receive on endpoint=0xadfbce0 buffer=0x7fc3cdfb3010 size=8192 context=0xada7e20
I0317 11:12:08.210224     274 libfabric_rail.cpp:1006] Receive posted successfully
I0317 11:12:08.210225     274 libfabric_rail.cpp:320] Allocate on Rail 0 allocated control request XFER_ID=294 buffer_size=8192
I0317 11:12:08.210226     274 libfabric_rail.cpp:997] Posting receive on endpoint=0xadfbce0 buffer=0x7fc3cdfb1010 size=8192 context=0xada7d78
I0317 11:12:08.210227     274 libfabric_rail.cpp:1006] Receive posted successfully
I0317 11:12:08.210227     274 libfabric_rail.cpp:320] Allocate on Rail 0 allocated control request XFER_ID=295 buffer_size=8192
I0317 11:12:08.210228     274 libfabric_rail.cpp:997] Posting receive on endpoint=0xadfbce0 buffer=0x7fc3cdfaf010 size=8192 context=0xada7cd0
I0317 11:12:08.210229     274 libfabric_rail.cpp:1006] Receive posted successfully
I0317 11:12:08.210229     274 libfabric_rail.cpp:320] Allocate on Rail 0 allocated control request XFER_ID=296 buffer_size=8192
I0317 11:12:08.210230     274 libfabric_rail.cpp:997] Posting receive on endpoint=0xadfbce0 buffer=0x7fc3cdfad010 size=8192 context=0xada7c20
I0317 11:12:08.210231     274 libfabric_rail.cpp:1006] Receive posted successfully
I0317 11:12:08.210231     274 libfabric_rail.cpp:320] Allocate on Rail 0 allocated control request XFER_ID=297 buffer_size=8192
I0317 11:12:08.210232     274 libfabric_rail.cpp:997] Posting receive on endpoint=0xadfbce0 buffer=0x7fc3cdfab010 size=8192 context=0xada7b78
I0317 11:12:08.210233     274 libfabric_rail.cpp:1006] Receive posted successfully
I0317 11:12:08.210234     274 libfabric_rail.cpp:320] Allocate on Rail 0 allocated control request XFER_ID=298 buffer_size=8192
I0317 11:12:08.210234     274 libfabric_rail.cpp:997] Posting receive on endpoint=0xadfbce0 buffer=0x7fc3cdfa9010 size=8192 context=0xada7ad0
I0317 11:12:08.210235     274 libfabric_rail.cpp:1006] Receive posted successfully
I0317 11:12:08.210236     274 libfabric_rail.cpp:320] Allocate on Rail 0 allocated control request XFER_ID=299 buffer_size=8192
I0317 11:12:08.210236     274 libfabric_rail.cpp:997] Posting receive on endpoint=0xadfbce0 buffer=0x7fc3cdfa7010 size=8192 context=0xada7a20
I0317 11:12:08.210237     274 libfabric_rail.cpp:1006] Receive posted successfully
I0317 11:12:08.210238     274 libfabric_rail.cpp:320] Allocate on Rail 0 allocated control request XFER_ID=300 buffer_size=8192
I0317 11:12:08.210239     274 libfabric_rail.cpp:997] Posting receive on endpoint=0xadfbce0 buffer=0x7fc3cdfa5010 size=8192 context=0xada7978
I0317 11:12:08.210239     274 libfabric_rail.cpp:1006] Receive posted successfully
I0317 11:12:08.210240     274 libfabric_rail.cpp:320] Allocate on Rail 0 allocated control request XFER_ID=301 buffer_size=8192
I0317 11:12:08.210241     274 libfabric_rail.cpp:997] Posting receive on endpoint=0xadfbce0 buffer=0x7fc3cdfa3010 size=8192 context=0xada78d0
I0317 11:12:08.210242     274 libfabric_rail.cpp:1006] Receive posted successfully
I0317 11:12:08.210242     274 libfabric_rail.cpp:320] Allocate on Rail 0 allocated control request XFER_ID=302 buffer_size=8192
I0317 11:12:08.210243     274 libfabric_rail.cpp:997] Posting receive on endpoint=0xadfbce0 buffer=0x7fc3cdfa1010 size=8192 context=0xada7820
I0317 11:12:08.210244     274 libfabric_rail.cpp:1006] Receive posted successfully
I0317 11:12:08.210244     274 libfabric_rail.cpp:320] Allocate on Rail 0 allocated control request XFER_ID=303 buffer_size=8192
I0317 11:12:08.210245     274 libfabric_rail.cpp:997] Posting receive on endpoint=0xadfbce0 buffer=0x7fc3cdf9f010 size=8192 context=0xada7778
I0317 11:12:08.210246     274 libfabric_rail.cpp:1006] Receive posted successfully
I0317 11:12:08.210247     274 libfabric_rail.cpp:320] Allocate on Rail 0 allocated control request XFER_ID=304 buffer_size=8192
I0317 11:12:08.210247     274 libfabric_rail.cpp:997] Posting receive on endpoint=0xadfbce0 buffer=0x7fc3cdf9d010 size=8192 context=0xada76d0
I0317 11:12:08.210248     274 libfabric_rail.cpp:1006] Receive posted successfully
I0317 11:12:08.210249     274 libfabric_rail.cpp:320] Allocate on Rail 0 allocated control request XFER_ID=305 buffer_size=8192
I0317 11:12:08.210250     274 libfabric_rail.cpp:997] Posting receive on endpoint=0xadfbce0 buffer=0x7fc3cdf9b010 size=8192 context=0xada7620
I0317 11:12:08.210251     274 libfabric_rail.cpp:1006] Receive posted successfully
I0317 11:12:08.210251     274 libfabric_rail.cpp:320] Allocate on Rail 0 allocated control request XFER_ID=306 buffer_size=8192
I0317 11:12:08.210252     274 libfabric_rail.cpp:997] Posting receive on endpoint=0xadfbce0 buffer=0x7fc3cdf99010 size=8192 context=0xada7578
I0317 11:12:08.210253     274 libfabric_rail.cpp:1006] Receive posted successfully
I0317 11:12:08.210254     274 libfabric_rail.cpp:320] Allocate on Rail 0 allocated control request XFER_ID=307 buffer_size=8192
I0317 11:12:08.210254     274 libfabric_rail.cpp:997] Posting receive on endpoint=0xadfbce0 buffer=0x7fc3cdf97010 size=8192 context=0xada74d0
I0317 11:12:08.210255     274 libfabric_rail.cpp:1006] Receive posted successfully
I0317 11:12:08.210256     274 libfabric_rail.cpp:320] Allocate on Rail 0 allocated control request XFER_ID=308 buffer_size=8192
I0317 11:12:08.210256     274 libfabric_rail.cpp:997] Posting receive on endpoint=0xadfbce0 buffer=0x7fc3cdf95010 size=8192 context=0xada7420
I0317 11:12:08.210257     274 libfabric_rail.cpp:1006] Receive posted successfully
I0317 11:12:08.210258     274 libfabric_rail.cpp:320] Allocate on Rail 0 allocated control request XFER_ID=309 buffer_size=8192
I0317 11:12:08.210259     274 libfabric_rail.cpp:997] Posting receive on endpoint=0xadfbce0 buffer=0x7fc3cdf93010 size=8192 context=0xada7378
I0317 11:12:08.210259     274 libfabric_rail.cpp:1006] Receive posted successfully
I0317 11:12:08.210260     274 libfabric_rail.cpp:320] Allocate on Rail 0 allocated control request XFER_ID=310 buffer_size=8192
I0317 11:12:08.210261     274 libfabric_rail.cpp:997] Posting receive on endpoint=0xadfbce0 buffer=0x7fc3cdf91010 size=8192 context=0xada72d0
I0317 11:12:08.210262     274 libfabric_rail.cpp:1006] Receive posted successfully
I0317 11:12:08.210262     274 libfabric_rail.cpp:320] Allocate on Rail 0 allocated control request XFER_ID=311 buffer_size=8192
I0317 11:12:08.210263     274 libfabric_rail.cpp:997] Posting receive on endpoint=0xadfbce0 buffer=0x7fc3cdf8f010 size=8192 context=0xada7220
I0317 11:12:08.210264     274 libfabric_rail.cpp:1006] Receive posted successfully
I0317 11:12:08.210264     274 libfabric_rail.cpp:320] Allocate on Rail 0 allocated control request XFER_ID=312 buffer_size=8192
I0317 11:12:08.210265     274 libfabric_rail.cpp:997] Posting receive on endpoint=0xadfbce0 buffer=0x7fc3cdf8d010 size=8192 context=0xada7178
I0317 11:12:08.210266     274 libfabric_rail.cpp:1006] Receive posted successfully
I0317 11:12:08.210267     274 libfabric_rail.cpp:320] Allocate on Rail 0 allocated control request XFER_ID=313 buffer_size=8192
I0317 11:12:08.210267     274 libfabric_rail.cpp:997] Posting receive on endpoint=0xadfbce0 buffer=0x7fc3cdf8b010 size=8192 context=0xada70d0
I0317 11:12:08.210268     274 libfabric_rail.cpp:1006] Receive posted successfully
I0317 11:12:08.210269     274 libfabric_rail.cpp:320] Allocate on Rail 0 allocated control request XFER_ID=314 buffer_size=8192
I0317 11:12:08.210269     274 libfabric_rail.cpp:997] Posting receive on endpoint=0xadfbce0 buffer=0x7fc3cdf89010 size=8192 context=0xada7020
I0317 11:12:08.210270     274 libfabric_rail.cpp:1006] Receive posted successfully
I0317 11:12:08.210271     274 libfabric_rail.cpp:320] Allocate on Rail 0 allocated control request XFER_ID=315 buffer_size=8192
I0317 11:12:08.210272     274 libfabric_rail.cpp:997] Posting receive on endpoint=0xadfbce0 buffer=0x7fc3cdf87010 size=8192 context=0xada6f78
I0317 11:12:08.210272     274 libfabric_rail.cpp:1006] Receive posted successfully
I0317 11:12:08.210273     274 libfabric_rail.cpp:320] Allocate on Rail 0 allocated control request XFER_ID=316 buffer_size=8192
I0317 11:12:08.210274     274 libfabric_rail.cpp:997] Posting receive on endpoint=0xadfbce0 buffer=0x7fc3cdf85010 size=8192 context=0xada6ed0
I0317 11:12:08.210275     274 libfabric_rail.cpp:1006] Receive posted successfully
I0317 11:12:08.210276     274 libfabric_rail.cpp:320] Allocate on Rail 0 allocated control request XFER_ID=317 buffer_size=8192
I0317 11:12:08.210276     274 libfabric_rail.cpp:997] Posting receive on endpoint=0xadfbce0 buffer=0x7fc3cdf83010 size=8192 context=0xada6e20
I0317 11:12:08.210277     274 libfabric_rail.cpp:1006] Receive posted successfully
I0317 11:12:08.210278     274 libfabric_rail.cpp:320] Allocate on Rail 0 allocated control request XFER_ID=318 buffer_size=8192
I0317 11:12:08.210279     274 libfabric_rail.cpp:997] Posting receive on endpoint=0xadfbce0 buffer=0x7fc3cdf81010 size=8192 context=0xada6d78
I0317 11:12:08.210279     274 libfabric_rail.cpp:1006] Receive posted successfully
I0317 11:12:08.210280     274 libfabric_rail.cpp:320] Allocate on Rail 0 allocated control request XFER_ID=319 buffer_size=8192
I0317 11:12:08.210281     274 libfabric_rail.cpp:997] Posting receive on endpoint=0xadfbce0 buffer=0x7fc3cdf7f010 size=8192 context=0xada6cd0
I0317 11:12:08.210282     274 libfabric_rail.cpp:1006] Receive posted successfully
I0317 11:12:08.210282     274 libfabric_rail.cpp:320] Allocate on Rail 0 allocated control request XFER_ID=320 buffer_size=8192
I0317 11:12:08.210283     274 libfabric_rail.cpp:997] Posting receive on endpoint=0xadfbce0 buffer=0x7fc3cdf7d010 size=8192 context=0xada6c20
I0317 11:12:08.210284     274 libfabric_rail.cpp:1006] Receive posted successfully
I0317 11:12:08.210284     274 libfabric_rail.cpp:320] Allocate on Rail 0 allocated control request XFER_ID=321 buffer_size=8192
I0317 11:12:08.210285     274 libfabric_rail.cpp:997] Posting receive on endpoint=0xadfbce0 buffer=0x7fc3cdf7b010 size=8192 context=0xada6b78
I0317 11:12:08.210286     274 libfabric_rail.cpp:1006] Receive posted successfully
I0317 11:12:08.210286     274 libfabric_rail.cpp:320] Allocate on Rail 0 allocated control request XFER_ID=322 buffer_size=8192
I0317 11:12:08.210287     274 libfabric_rail.cpp:997] Posting receive on endpoint=0xadfbce0 buffer=0x7fc3cdf79010 size=8192 context=0xada6ad0
I0317 11:12:08.210288     274 libfabric_rail.cpp:1006] Receive posted successfully
I0317 11:12:08.210289     274 libfabric_rail.cpp:320] Allocate on Rail 0 allocated control request XFER_ID=323 buffer_size=8192
I0317 11:12:08.210289     274 libfabric_rail.cpp:997] Posting receive on endpoint=0xadfbce0 buffer=0x7fc3cdf77010 size=8192 context=0xada6a20
I0317 11:12:08.210290     274 libfabric_rail.cpp:1006] Receive posted successfully
I0317 11:12:08.210291     274 libfabric_rail.cpp:320] Allocate on Rail 0 allocated control request XFER_ID=324 buffer_size=8192
I0317 11:12:08.210292     274 libfabric_rail.cpp:997] Posting receive on endpoint=0xadfbce0 buffer=0x7fc3cdf75010 size=8192 context=0xada6978
I0317 11:12:08.210292     274 libfabric_rail.cpp:1006] Receive posted successfully
I0317 11:12:08.210293     274 libfabric_rail.cpp:320] Allocate on Rail 0 allocated control request XFER_ID=325 buffer_size=8192
I0317 11:12:08.210294     274 libfabric_rail.cpp:997] Posting receive on endpoint=0xadfbce0 buffer=0x7fc3cdf73010 size=8192 context=0xada68d0
I0317 11:12:08.210295     274 libfabric_rail.cpp:1006] Receive posted successfully
I0317 11:12:08.210295     274 libfabric_rail.cpp:320] Allocate on Rail 0 allocated control request XFER_ID=326 buffer_size=8192
I0317 11:12:08.210296     274 libfabric_rail.cpp:997] Posting receive on endpoint=0xadfbce0 buffer=0x7fc3cdf71010 size=8192 context=0xada6820
I0317 11:12:08.210297     274 libfabric_rail.cpp:1006] Receive posted successfully
I0317 11:12:08.210297     274 libfabric_rail.cpp:320] Allocate on Rail 0 allocated control request XFER_ID=327 buffer_size=8192
I0317 11:12:08.210298     274 libfabric_rail.cpp:997] Posting receive on endpoint=0xadfbce0 buffer=0x7fc3cdf6f010 size=8192 context=0xada6778
I0317 11:12:08.210299     274 libfabric_rail.cpp:1006] Receive posted successfully
I0317 11:12:08.210299     274 libfabric_rail.cpp:320] Allocate on Rail 0 allocated control request XFER_ID=328 buffer_size=8192
I0317 11:12:08.210300     274 libfabric_rail.cpp:997] Posting receive on endpoint=0xadfbce0 buffer=0x7fc3cdf6d010 size=8192 context=0xada66d0
I0317 11:12:08.210301     274 libfabric_rail.cpp:1006] Receive posted successfully
I0317 11:12:08.210302     274 libfabric_rail.cpp:320] Allocate on Rail 0 allocated control request XFER_ID=329 buffer_size=8192
I0317 11:12:08.210303     274 libfabric_rail.cpp:997] Posting receive on endpoint=0xadfbce0 buffer=0x7fc3cdf6b010 size=8192 context=0xada6620
I0317 11:12:08.210304     274 libfabric_rail.cpp:1006] Receive posted successfully
I0317 11:12:08.210304     274 libfabric_rail.cpp:320] Allocate on Rail 0 allocated control request XFER_ID=330 buffer_size=8192
I0317 11:12:08.210305     274 libfabric_rail.cpp:997] Posting receive on endpoint=0xadfbce0 buffer=0x7fc3cdf69010 size=8192 context=0xada6578
I0317 11:12:08.210306     274 libfabric_rail.cpp:1006] Receive posted successfully
I0317 11:12:08.210306     274 libfabric_rail.cpp:320] Allocate on Rail 0 allocated control request XFER_ID=331 buffer_size=8192
I0317 11:12:08.210307     274 libfabric_rail.cpp:997] Posting receive on endpoint=0xadfbce0 buffer=0x7fc3cdf67010 size=8192 context=0xada64d0
I0317 11:12:08.210308     274 libfabric_rail.cpp:1006] Receive posted successfully
I0317 11:12:08.210308     274 libfabric_rail.cpp:320] Allocate on Rail 0 allocated control request XFER_ID=332 buffer_size=8192
I0317 11:12:08.210309     274 libfabric_rail.cpp:997] Posting receive on endpoint=0xadfbce0 buffer=0x7fc3cdf65010 size=8192 context=0xada6420
I0317 11:12:08.210310     274 libfabric_rail.cpp:1006] Receive posted successfully
I0317 11:12:08.210311     274 libfabric_rail.cpp:320] Allocate on Rail 0 allocated control request XFER_ID=333 buffer_size=8192
I0317 11:12:08.210311     274 libfabric_rail.cpp:997] Posting receive on endpoint=0xadfbce0 buffer=0x7fc3cdf63010 size=8192 context=0xada6378
I0317 11:12:08.210312     274 libfabric_rail.cpp:1006] Receive posted successfully
I0317 11:12:08.210313     274 libfabric_rail.cpp:320] Allocate on Rail 0 allocated control request XFER_ID=334 buffer_size=8192
I0317 11:12:08.210313     274 libfabric_rail.cpp:997] Posting receive on endpoint=0xadfbce0 buffer=0x7fc3cdf61010 size=8192 context=0xada62d0
I0317 11:12:08.210314     274 libfabric_rail.cpp:1006] Receive posted successfully
I0317 11:12:08.210315     274 libfabric_rail.cpp:320] Allocate on Rail 0 allocated control request XFER_ID=335 buffer_size=8192
I0317 11:12:08.210316     274 libfabric_rail.cpp:997] Posting receive on endpoint=0xadfbce0 buffer=0x7fc3cdf5f010 size=8192 context=0xada6220
I0317 11:12:08.210317     274 libfabric_rail.cpp:1006] Receive posted successfully
I0317 11:12:08.210318     274 libfabric_rail.cpp:320] Allocate on Rail 0 allocated control request XFER_ID=336 buffer_size=8192
I0317 11:12:08.210318     274 libfabric_rail.cpp:997] Posting receive on endpoint=0xadfbce0 buffer=0x7fc3cdf5d010 size=8192 context=0xada6178
I0317 11:12:08.210319     274 libfabric_rail.cpp:1006] Receive posted successfully
I0317 11:12:08.210320     274 libfabric_rail.cpp:320] Allocate on Rail 0 allocated control request XFER_ID=337 buffer_size=8192
I0317 11:12:08.210321     274 libfabric_rail.cpp:997] Posting receive on endpoint=0xadfbce0 buffer=0x7fc3cdf5b010 size=8192 context=0xada60d0
I0317 11:12:08.210321     274 libfabric_rail.cpp:1006] Receive posted successfully
I0317 11:12:08.210322     274 libfabric_rail.cpp:320] Allocate on Rail 0 allocated control request XFER_ID=338 buffer_size=8192
I0317 11:12:08.210323     274 libfabric_rail.cpp:997] Posting receive on endpoint=0xadfbce0 buffer=0x7fc3cdf59010 size=8192 context=0xada6020
I0317 11:12:08.210324     274 libfabric_rail.cpp:1006] Receive posted successfully
I0317 11:12:08.210324     274 libfabric_rail.cpp:320] Allocate on Rail 0 allocated control request XFER_ID=339 buffer_size=8192
I0317 11:12:08.210325     274 libfabric_rail.cpp:997] Posting receive on endpoint=0xadfbce0 buffer=0x7fc3cdf57010 size=8192 context=0xada5f78
I0317 11:12:08.210326     274 libfabric_rail.cpp:1006] Receive posted successfully
I0317 11:12:08.210326     274 libfabric_rail.cpp:320] Allocate on Rail 0 allocated control request XFER_ID=340 buffer_size=8192
I0317 11:12:08.210327     274 libfabric_rail.cpp:997] Posting receive on endpoint=0xadfbce0 buffer=0x7fc3cdf55010 size=8192 context=0xada5ed0
I0317 11:12:08.210328     274 libfabric_rail.cpp:1006] Receive posted successfully
I0317 11:12:08.210329     274 libfabric_rail.cpp:320] Allocate on Rail 0 allocated control request XFER_ID=341 buffer_size=8192
I0317 11:12:08.210329     274 libfabric_rail.cpp:997] Posting receive on endpoint=0xadfbce0 buffer=0x7fc3cdf53010 size=8192 context=0xada5e20
I0317 11:12:08.210330     274 libfabric_rail.cpp:1006] Receive posted successfully
I0317 11:12:08.210331     274 libfabric_rail.cpp:320] Allocate on Rail 0 allocated control request XFER_ID=342 buffer_size=8192
I0317 11:12:08.210331     274 libfabric_rail.cpp:997] Posting receive on endpoint=0xadfbce0 buffer=0x7fc3cdf51010 size=8192 context=0xada5d78
I0317 11:12:08.210332     274 libfabric_rail.cpp:1006] Receive posted successfully
I0317 11:12:08.210333     274 libfabric_rail.cpp:320] Allocate on Rail 0 allocated control request XFER_ID=343 buffer_size=8192
I0317 11:12:08.210334     274 libfabric_rail.cpp:997] Posting receive on endpoint=0xadfbce0 buffer=0x7fc3cdf4f010 size=8192 context=0xada5cd0
I0317 11:12:08.210335     274 libfabric_rail.cpp:1006] Receive posted successfully
I0317 11:12:08.210335     274 libfabric_rail.cpp:320] Allocate on Rail 0 allocated control request XFER_ID=344 buffer_size=8192
I0317 11:12:08.210336     274 libfabric_rail.cpp:997] Posting receive on endpoint=0xadfbce0 buffer=0x7fc3cdf4d010 size=8192 context=0xada5c20
I0317 11:12:08.210337     274 libfabric_rail.cpp:1006] Receive posted successfully
I0317 11:12:08.210337     274 libfabric_rail.cpp:320] Allocate on Rail 0 allocated control request XFER_ID=345 buffer_size=8192
I0317 11:12:08.210338     274 libfabric_rail.cpp:997] Posting receive on endpoint=0xadfbce0 buffer=0x7fc3cdf4b010 size=8192 context=0xada5b78
I0317 11:12:08.210339     274 libfabric_rail.cpp:1006] Receive posted successfully
I0317 11:12:08.210339     274 libfabric_rail.cpp:320] Allocate on Rail 0 allocated control request XFER_ID=346 buffer_size=8192
I0317 11:12:08.210340     274 libfabric_rail.cpp:997] Posting receive on endpoint=0xadfbce0 buffer=0x7fc3cdf49010 size=8192 context=0xada5ad0
I0317 11:12:08.210341     274 libfabric_rail.cpp:1006] Receive posted successfully
I0317 11:12:08.210342     274 libfabric_rail.cpp:320] Allocate on Rail 0 allocated control request XFER_ID=347 buffer_size=8192
I0317 11:12:08.210342     274 libfabric_rail.cpp:997] Posting receive on endpoint=0xadfbce0 buffer=0x7fc3cdf47010 size=8192 context=0xada5a20
I0317 11:12:08.210343     274 libfabric_rail.cpp:1006] Receive posted successfully
I0317 11:12:08.210344     274 libfabric_rail.cpp:320] Allocate on Rail 0 allocated control request XFER_ID=348 buffer_size=8192
I0317 11:12:08.210344     274 libfabric_rail.cpp:997] Posting receive on endpoint=0xadfbce0 buffer=0x7fc3cdf45010 size=8192 context=0xada5978
I0317 11:12:08.210345     274 libfabric_rail.cpp:1006] Receive posted successfully
I0317 11:12:08.210346     274 libfabric_rail.cpp:320] Allocate on Rail 0 allocated control request XFER_ID=349 buffer_size=8192
I0317 11:12:08.210347     274 libfabric_rail.cpp:997] Posting receive on endpoint=0xadfbce0 buffer=0x7fc3cdf43010 size=8192 context=0xada58d0
I0317 11:12:08.210348     274 libfabric_rail.cpp:1006] Receive posted successfully
I0317 11:12:08.210348     274 libfabric_rail.cpp:320] Allocate on Rail 0 allocated control request XFER_ID=350 buffer_size=8192
I0317 11:12:08.210349     274 libfabric_rail.cpp:997] Posting receive on endpoint=0xadfbce0 buffer=0x7fc3cdf41010 size=8192 context=0xada5820
I0317 11:12:08.210350     274 libfabric_rail.cpp:1006] Receive posted successfully
I0317 11:12:08.210350     274 libfabric_rail.cpp:320] Allocate on Rail 0 allocated control request XFER_ID=351 buffer_size=8192
I0317 11:12:08.210351     274 libfabric_rail.cpp:997] Posting receive on endpoint=0xadfbce0 buffer=0x7fc3cdf3f010 size=8192 context=0xada5778
I0317 11:12:08.210352     274 libfabric_rail.cpp:1006] Receive posted successfully
I0317 11:12:08.210353     274 libfabric_rail.cpp:320] Allocate on Rail 0 allocated control request XFER_ID=352 buffer_size=8192
I0317 11:12:08.210354     274 libfabric_rail.cpp:997] Posting receive on endpoint=0xadfbce0 buffer=0x7fc3cdf3d010 size=8192 context=0xada56d0
I0317 11:12:08.210354     274 libfabric_rail.cpp:1006] Receive posted successfully
I0317 11:12:08.210355     274 libfabric_rail.cpp:320] Allocate on Rail 0 allocated control request XFER_ID=353 buffer_size=8192
I0317 11:12:08.210356     274 libfabric_rail.cpp:997] Posting receive on endpoint=0xadfbce0 buffer=0x7fc3cdf3b010 size=8192 context=0xada5620
I0317 11:12:08.210357     274 libfabric_rail.cpp:1006] Receive posted successfully
I0317 11:12:08.210357     274 libfabric_rail.cpp:320] Allocate on Rail 0 allocated control request XFER_ID=354 buffer_size=8192
I0317 11:12:08.210358     274 libfabric_rail.cpp:997] Posting receive on endpoint=0xadfbce0 buffer=0x7fc3cdf39010 size=8192 context=0xada5578
I0317 11:12:08.210359     274 libfabric_rail.cpp:1006] Receive posted successfully
I0317 11:12:08.210359     274 libfabric_rail.cpp:320] Allocate on Rail 0 allocated control request XFER_ID=355 buffer_size=8192
I0317 11:12:08.210360     274 libfabric_rail.cpp:997] Posting receive on endpoint=0xadfbce0 buffer=0x7fc3cdf37010 size=8192 context=0xada54d0
I0317 11:12:08.210361     274 libfabric_rail.cpp:1006] Receive posted successfully
I0317 11:12:08.210362     274 libfabric_rail.cpp:320] Allocate on Rail 0 allocated control request XFER_ID=356 buffer_size=8192
I0317 11:12:08.210362     274 libfabric_rail.cpp:997] Posting receive on endpoint=0xadfbce0 buffer=0x7fc3cdf35010 size=8192 context=0xada5420
I0317 11:12:08.210363     274 libfabric_rail.cpp:1006] Receive posted successfully
I0317 11:12:08.210364     274 libfabric_rail.cpp:320] Allocate on Rail 0 allocated control request XFER_ID=357 buffer_size=8192
I0317 11:12:08.210364     274 libfabric_rail.cpp:997] Posting receive on endpoint=0xadfbce0 buffer=0x7fc3cdf33010 size=8192 context=0xada5378
I0317 11:12:08.210365     274 libfabric_rail.cpp:1006] Receive posted successfully
I0317 11:12:08.210366     274 libfabric_rail.cpp:320] Allocate on Rail 0 allocated control request XFER_ID=358 buffer_size=8192
I0317 11:12:08.210367     274 libfabric_rail.cpp:997] Posting receive on endpoint=0xadfbce0 buffer=0x7fc3cdf31010 size=8192 context=0xada52d0
I0317 11:12:08.210367     274 libfabric_rail.cpp:1006] Receive posted successfully
I0317 11:12:08.210368     274 libfabric_rail.cpp:320] Allocate on Rail 0 allocated control request XFER_ID=359 buffer_size=8192
I0317 11:12:08.210369     274 libfabric_rail.cpp:997] Posting receive on endpoint=0xadfbce0 buffer=0x7fc3cdf2f010 size=8192 context=0xada5220
I0317 11:12:08.210370     274 libfabric_rail.cpp:1006] Receive posted successfully
I0317 11:12:08.210370     274 libfabric_rail.cpp:320] Allocate on Rail 0 allocated control request XFER_ID=360 buffer_size=8192
I0317 11:12:08.210371     274 libfabric_rail.cpp:997] Posting receive on endpoint=0xadfbce0 buffer=0x7fc3cdf2d010 size=8192 context=0xada5178
I0317 11:12:08.210372     274 libfabric_rail.cpp:1006] Receive posted successfully
I0317 11:12:08.210372     274 libfabric_rail.cpp:320] Allocate on Rail 0 allocated control request XFER_ID=361 buffer_size=8192
I0317 11:12:08.210373     274 libfabric_rail.cpp:997] Posting receive on endpoint=0xadfbce0 buffer=0x7fc3cdf2b010 size=8192 context=0xada50d0
I0317 11:12:08.210374     274 libfabric_rail.cpp:1006] Receive posted successfully
I0317 11:12:08.210375     274 libfabric_rail.cpp:320] Allocate on Rail 0 allocated control request XFER_ID=362 buffer_size=8192
I0317 11:12:08.210375     274 libfabric_rail.cpp:997] Posting receive on endpoint=0xadfbce0 buffer=0x7fc3cdf29010 size=8192 context=0xada5020
I0317 11:12:08.210376     274 libfabric_rail.cpp:1006] Receive posted successfully
I0317 11:12:08.210377     274 libfabric_rail.cpp:320] Allocate on Rail 0 allocated control request XFER_ID=363 buffer_size=8192
I0317 11:12:08.210378     274 libfabric_rail.cpp:997] Posting receive on endpoint=0xadfbce0 buffer=0x7fc3cdf27010 size=8192 context=0xada4f78
I0317 11:12:08.210379     274 libfabric_rail.cpp:1006] Receive posted successfully
I0317 11:12:08.210379     274 libfabric_rail.cpp:320] Allocate on Rail 0 allocated control request XFER_ID=364 buffer_size=8192
I0317 11:12:08.210380     274 libfabric_rail.cpp:997] Posting receive on endpoint=0xadfbce0 buffer=0x7fc3cdf25010 size=8192 context=0xada4ed0
I0317 11:12:08.210381     274 libfabric_rail.cpp:1006] Receive posted successfully
I0317 11:12:08.210381     274 libfabric_rail.cpp:320] Allocate on Rail 0 allocated control request XFER_ID=365 buffer_size=8192
I0317 11:12:08.210382     274 libfabric_rail.cpp:997] Posting receive on endpoint=0xadfbce0 buffer=0x7fc3cdf23010 size=8192 context=0xada4e20
I0317 11:12:08.210383     274 libfabric_rail.cpp:1006] Receive posted successfully
I0317 11:12:08.210384     274 libfabric_rail.cpp:320] Allocate on Rail 0 allocated control request XFER_ID=366 buffer_size=8192
I0317 11:12:08.210384     274 libfabric_rail.cpp:997] Posting receive on endpoint=0xadfbce0 buffer=0x7fc3cdf21010 size=8192 context=0xada4d78
I0317 11:12:08.210385     274 libfabric_rail.cpp:1006] Receive posted successfully
I0317 11:12:08.210386     274 libfabric_rail.cpp:320] Allocate on Rail 0 allocated control request XFER_ID=367 buffer_size=8192
I0317 11:12:08.210386     274 libfabric_rail.cpp:997] Posting receive on endpoint=0xadfbce0 buffer=0x7fc3cdf1f010 size=8192 context=0xada4cd0
I0317 11:12:08.210387     274 libfabric_rail.cpp:1006] Receive posted successfully
I0317 11:12:08.210388     274 libfabric_rail.cpp:320] Allocate on Rail 0 allocated control request XFER_ID=368 buffer_size=8192
I0317 11:12:08.210389     274 libfabric_rail.cpp:997] Posting receive on endpoint=0xadfbce0 buffer=0x7fc3cdf1d010 size=8192 context=0xada4c20
I0317 11:12:08.210389     274 libfabric_rail.cpp:1006] Receive posted successfully
I0317 11:12:08.210390     274 libfabric_rail.cpp:320] Allocate on Rail 0 allocated control request XFER_ID=369 buffer_size=8192
I0317 11:12:08.210391     274 libfabric_rail.cpp:997] Posting receive on endpoint=0xadfbce0 buffer=0x7fc3cdf1b010 size=8192 context=0xada4b78
I0317 11:12:08.210392     274 libfabric_rail.cpp:1006] Receive posted successfully
I0317 11:12:08.210392     274 libfabric_rail.cpp:320] Allocate on Rail 0 allocated control request XFER_ID=370 buffer_size=8192
I0317 11:12:08.210393     274 libfabric_rail.cpp:997] Posting receive on endpoint=0xadfbce0 buffer=0x7fc3cdf19010 size=8192 context=0xada4ad0
I0317 11:12:08.210394     274 libfabric_rail.cpp:1006] Receive posted successfully
I0317 11:12:08.210395     274 libfabric_rail.cpp:320] Allocate on Rail 0 allocated control request XFER_ID=371 buffer_size=8192
I0317 11:12:08.210395     274 libfabric_rail.cpp:997] Posting receive on endpoint=0xadfbce0 buffer=0x7fc3cdf17010 size=8192 context=0xada4a20
I0317 11:12:08.210396     274 libfabric_rail.cpp:1006] Receive posted successfully
I0317 11:12:08.210397     274 libfabric_rail.cpp:320] Allocate on Rail 0 allocated control request XFER_ID=372 buffer_size=8192
I0317 11:12:08.210397     274 libfabric_rail.cpp:997] Posting receive on endpoint=0xadfbce0 buffer=0x7fc3cdf15010 size=8192 context=0xada4978
I0317 11:12:08.210398     274 libfabric_rail.cpp:1006] Receive posted successfully
I0317 11:12:08.210399     274 libfabric_rail.cpp:320] Allocate on Rail 0 allocated control request XFER_ID=373 buffer_size=8192
I0317 11:12:08.210400     274 libfabric_rail.cpp:997] Posting receive on endpoint=0xadfbce0 buffer=0x7fc3cdf13010 size=8192 context=0xada48d0
I0317 11:12:08.210400     274 libfabric_rail.cpp:1006] Receive posted successfully
I0317 11:12:08.210401     274 libfabric_rail.cpp:320] Allocate on Rail 0 allocated control request XFER_ID=374 buffer_size=8192
I0317 11:12:08.210402     274 libfabric_rail.cpp:997] Posting receive on endpoint=0xadfbce0 buffer=0x7fc3cdf11010 size=8192 context=0xada4820
I0317 11:12:08.210403     274 libfabric_rail.cpp:1006] Receive posted successfully
I0317 11:12:08.210403     274 libfabric_rail.cpp:320] Allocate on Rail 0 allocated control request XFER_ID=375 buffer_size=8192
I0317 11:12:08.210404     274 libfabric_rail.cpp:997] Posting receive on endpoint=0xadfbce0 buffer=0x7fc3cdf0f010 size=8192 context=0xada4778
I0317 11:12:08.210405     274 libfabric_rail.cpp:1006] Receive posted successfully
I0317 11:12:08.210405     274 libfabric_rail.cpp:320] Allocate on Rail 0 allocated control request XFER_ID=376 buffer_size=8192
I0317 11:12:08.210406     274 libfabric_rail.cpp:997] Posting receive on endpoint=0xadfbce0 buffer=0x7fc3cdf0d010 size=8192 context=0xada46d0
I0317 11:12:08.210407     274 libfabric_rail.cpp:1006] Receive posted successfully
I0317 11:12:08.210408     274 libfabric_rail.cpp:320] Allocate on Rail 0 allocated control request XFER_ID=377 buffer_size=8192
I0317 11:12:08.210408     274 libfabric_rail.cpp:997] Posting receive on endpoint=0xadfbce0 buffer=0x7fc3cdf0b010 size=8192 context=0xada4620
I0317 11:12:08.210409     274 libfabric_rail.cpp:1006] Receive posted successfully
I0317 11:12:08.210410     274 libfabric_rail.cpp:320] Allocate on Rail 0 allocated control request XFER_ID=378 buffer_size=8192
I0317 11:12:08.210411     274 libfabric_rail.cpp:997] Posting receive on endpoint=0xadfbce0 buffer=0x7fc3cdf09010 size=8192 context=0xada4578
I0317 11:12:08.210411     274 libfabric_rail.cpp:1006] Receive posted successfully
I0317 11:12:08.210412     274 libfabric_rail.cpp:320] Allocate on Rail 0 allocated control request XFER_ID=379 buffer_size=8192
I0317 11:12:08.210413     274 libfabric_rail.cpp:997] Posting receive on endpoint=0xadfbce0 buffer=0x7fc3cdf07010 size=8192 context=0xada44d0
I0317 11:12:08.210414     274 libfabric_rail.cpp:1006] Receive posted successfully
I0317 11:12:08.210414     274 libfabric_rail.cpp:320] Allocate on Rail 0 allocated control request XFER_ID=380 buffer_size=8192
I0317 11:12:08.210415     274 libfabric_rail.cpp:997] Posting receive on endpoint=0xadfbce0 buffer=0x7fc3cdf05010 size=8192 context=0xada4420
I0317 11:12:08.210416     274 libfabric_rail.cpp:1006] Receive posted successfully
I0317 11:12:08.210416     274 libfabric_rail.cpp:320] Allocate on Rail 0 allocated control request XFER_ID=381 buffer_size=8192
I0317 11:12:08.210417     274 libfabric_rail.cpp:997] Posting receive on endpoint=0xadfbce0 buffer=0x7fc3cdf03010 size=8192 context=0xada4378
I0317 11:12:08.210418     274 libfabric_rail.cpp:1006] Receive posted successfully
I0317 11:12:08.210418     274 libfabric_rail.cpp:320] Allocate on Rail 0 allocated control request XFER_ID=382 buffer_size=8192
I0317 11:12:08.210419     274 libfabric_rail.cpp:997] Posting receive on endpoint=0xadfbce0 buffer=0x7fc3cdf01010 size=8192 context=0xada42d0
I0317 11:12:08.210420     274 libfabric_rail.cpp:1006] Receive posted successfully
I0317 11:12:08.210421     274 libfabric_rail.cpp:320] Allocate on Rail 0 allocated control request XFER_ID=383 buffer_size=8192
I0317 11:12:08.210421     274 libfabric_rail.cpp:997] Posting receive on endpoint=0xadfbce0 buffer=0x7fc3cdeff010 size=8192 context=0xada4220
I0317 11:12:08.210422     274 libfabric_rail.cpp:1006] Receive posted successfully
I0317 11:12:08.210423     274 libfabric_rail.cpp:320] Allocate on Rail 0 allocated control request XFER_ID=384 buffer_size=8192
I0317 11:12:08.210424     274 libfabric_rail.cpp:997] Posting receive on endpoint=0xadfbce0 buffer=0x7fc3cdefd010 size=8192 context=0xada4178
I0317 11:12:08.210424     274 libfabric_rail.cpp:1006] Receive posted successfully
I0317 11:12:08.210425     274 libfabric_rail.cpp:320] Allocate on Rail 0 allocated control request XFER_ID=385 buffer_size=8192
I0317 11:12:08.210426     274 libfabric_rail.cpp:997] Posting receive on endpoint=0xadfbce0 buffer=0x7fc3cdefb010 size=8192 context=0xada40d0
I0317 11:12:08.210427     274 libfabric_rail.cpp:1006] Receive posted successfully
I0317 11:12:08.210427     274 libfabric_rail.cpp:320] Allocate on Rail 0 allocated control request XFER_ID=386 buffer_size=8192
I0317 11:12:08.210428     274 libfabric_rail.cpp:997] Posting receive on endpoint=0xadfbce0 buffer=0x7fc3cdef9010 size=8192 context=0xada4020
I0317 11:12:08.210429     274 libfabric_rail.cpp:1006] Receive posted successfully
I0317 11:12:08.210429     274 libfabric_rail.cpp:320] Allocate on Rail 0 allocated control request XFER_ID=387 buffer_size=8192
I0317 11:12:08.210430     274 libfabric_rail.cpp:997] Posting receive on endpoint=0xadfbce0 buffer=0x7fc3cdef7010 size=8192 context=0xada3f78
I0317 11:12:08.210431     274 libfabric_rail.cpp:1006] Receive posted successfully
I0317 11:12:08.210432     274 libfabric_rail.cpp:320] Allocate on Rail 0 allocated control request XFER_ID=388 buffer_size=8192
I0317 11:12:08.210432     274 libfabric_rail.cpp:997] Posting receive on endpoint=0xadfbce0 buffer=0x7fc3cdef5010 size=8192 context=0xada3ed0
I0317 11:12:08.210433     274 libfabric_rail.cpp:1006] Receive posted successfully
I0317 11:12:08.210434     274 libfabric_rail.cpp:320] Allocate on Rail 0 allocated control request XFER_ID=389 buffer_size=8192
I0317 11:12:08.210434     274 libfabric_rail.cpp:997] Posting receive on endpoint=0xadfbce0 buffer=0x7fc3cdef3010 size=8192 context=0xada3e20
I0317 11:12:08.210435     274 libfabric_rail.cpp:1006] Receive posted successfully
I0317 11:12:08.210436     274 libfabric_rail.cpp:320] Allocate on Rail 0 allocated control request XFER_ID=390 buffer_size=8192
I0317 11:12:08.210437     274 libfabric_rail.cpp:997] Posting receive on endpoint=0xadfbce0 buffer=0x7fc3cdef1010 size=8192 context=0xada3d78
I0317 11:12:08.210438     274 libfabric_rail.cpp:1006] Receive posted successfully
I0317 11:12:08.210438     274 libfabric_rail.cpp:320] Allocate on Rail 0 allocated control request XFER_ID=391 buffer_size=8192
I0317 11:12:08.210439     274 libfabric_rail.cpp:997] Posting receive on endpoint=0xadfbce0 buffer=0x7fc3cdeef010 size=8192 context=0xada3cd0
I0317 11:12:08.210440     274 libfabric_rail.cpp:1006] Receive posted successfully
I0317 11:12:08.210440     274 libfabric_rail.cpp:320] Allocate on Rail 0 allocated control request XFER_ID=392 buffer_size=8192
I0317 11:12:08.210441     274 libfabric_rail.cpp:997] Posting receive on endpoint=0xadfbce0 buffer=0x7fc3cdeed010 size=8192 context=0xada3c20
I0317 11:12:08.210442     274 libfabric_rail.cpp:1006] Receive posted successfully
I0317 11:12:08.210442     274 libfabric_rail.cpp:320] Allocate on Rail 0 allocated control request XFER_ID=393 buffer_size=8192
I0317 11:12:08.210443     274 libfabric_rail.cpp:997] Posting receive on endpoint=0xadfbce0 buffer=0x7fc3cdeeb010 size=8192 context=0xada3b78
I0317 11:12:08.210444     274 libfabric_rail.cpp:1006] Receive posted successfully
I0317 11:12:08.210445     274 libfabric_rail.cpp:320] Allocate on Rail 0 allocated control request XFER_ID=394 buffer_size=8192
I0317 11:12:08.210445     274 libfabric_rail.cpp:997] Posting receive on endpoint=0xadfbce0 buffer=0x7fc3cdee9010 size=8192 context=0xada3ad0
I0317 11:12:08.210446     274 libfabric_rail.cpp:1006] Receive posted successfully
I0317 11:12:08.210447     274 libfabric_rail.cpp:320] Allocate on Rail 0 allocated control request XFER_ID=395 buffer_size=8192
I0317 11:12:08.210447     274 libfabric_rail.cpp:997] Posting receive on endpoint=0xadfbce0 buffer=0x7fc3cdee7010 size=8192 context=0xada3a20
I0317 11:12:08.210448     274 libfabric_rail.cpp:1006] Receive posted successfully
I0317 11:12:08.210449     274 libfabric_rail.cpp:320] Allocate on Rail 0 allocated control request XFER_ID=396 buffer_size=8192
I0317 11:12:08.210450     274 libfabric_rail.cpp:997] Posting receive on endpoint=0xadfbce0 buffer=0x7fc3cdee5010 size=8192 context=0xada3978
I0317 11:12:08.210451     274 libfabric_rail.cpp:1006] Receive posted successfully
I0317 11:12:08.210452     274 libfabric_rail.cpp:320] Allocate on Rail 0 allocated control request XFER_ID=397 buffer_size=8192
I0317 11:12:08.210453     274 libfabric_rail.cpp:997] Posting receive on endpoint=0xadfbce0 buffer=0x7fc3cdee3010 size=8192 context=0xada38d0
I0317 11:12:08.210454     274 libfabric_rail.cpp:1006] Receive posted successfully
I0317 11:12:08.210454     274 libfabric_rail.cpp:320] Allocate on Rail 0 allocated control request XFER_ID=398 buffer_size=8192
I0317 11:12:08.210455     274 libfabric_rail.cpp:997] Posting receive on endpoint=0xadfbce0 buffer=0x7fc3cdee1010 size=8192 context=0xada3820
I0317 11:12:08.210456     274 libfabric_rail.cpp:1006] Receive posted successfully
I0317 11:12:08.210456     274 libfabric_rail.cpp:320] Allocate on Rail 0 allocated control request XFER_ID=399 buffer_size=8192
I0317 11:12:08.210457     274 libfabric_rail.cpp:997] Posting receive on endpoint=0xadfbce0 buffer=0x7fc3cdedf010 size=8192 context=0xada3778
I0317 11:12:08.210458     274 libfabric_rail.cpp:1006] Receive posted successfully
I0317 11:12:08.210458     274 libfabric_rail.cpp:320] Allocate on Rail 0 allocated control request XFER_ID=400 buffer_size=8192
I0317 11:12:08.210459     274 libfabric_rail.cpp:997] Posting receive on endpoint=0xadfbce0 buffer=0x7fc3cdedd010 size=8192 context=0xada36d0
I0317 11:12:08.210460     274 libfabric_rail.cpp:1006] Receive posted successfully
I0317 11:12:08.210461     274 libfabric_rail.cpp:320] Allocate on Rail 0 allocated control request XFER_ID=401 buffer_size=8192
I0317 11:12:08.210461     274 libfabric_rail.cpp:997] Posting receive on endpoint=0xadfbce0 buffer=0x7fc3cdedb010 size=8192 context=0xada3620
I0317 11:12:08.210462     274 libfabric_rail.cpp:1006] Receive posted successfully
I0317 11:12:08.210463     274 libfabric_rail.cpp:320] Allocate on Rail 0 allocated control request XFER_ID=402 buffer_size=8192
I0317 11:12:08.210463     274 libfabric_rail.cpp:997] Posting receive on endpoint=0xadfbce0 buffer=0x7fc3cded9010 size=8192 context=0xada3578
I0317 11:12:08.210464     274 libfabric_rail.cpp:1006] Receive posted successfully
I0317 11:12:08.210465     274 libfabric_rail.cpp:320] Allocate on Rail 0 allocated control request XFER_ID=403 buffer_size=8192
I0317 11:12:08.210466     274 libfabric_rail.cpp:997] Posting receive on endpoint=0xadfbce0 buffer=0x7fc3cded7010 size=8192 context=0xada34d0
I0317 11:12:08.210467     274 libfabric_rail.cpp:1006] Receive posted successfully
I0317 11:12:08.210467     274 libfabric_rail.cpp:320] Allocate on Rail 0 allocated control request XFER_ID=404 buffer_size=8192
I0317 11:12:08.210468     274 libfabric_rail.cpp:997] Posting receive on endpoint=0xadfbce0 buffer=0x7fc3cded5010 size=8192 context=0xada3420
I0317 11:12:08.210469     274 libfabric_rail.cpp:1006] Receive posted successfully
I0317 11:12:08.210469     274 libfabric_rail.cpp:320] Allocate on Rail 0 allocated control request XFER_ID=405 buffer_size=8192
I0317 11:12:08.210470     274 libfabric_rail.cpp:997] Posting receive on endpoint=0xadfbce0 buffer=0x7fc3cded3010 size=8192 context=0xada3378
I0317 11:12:08.210471     274 libfabric_rail.cpp:1006] Receive posted successfully
I0317 11:12:08.210471     274 libfabric_rail.cpp:320] Allocate on Rail 0 allocated control request XFER_ID=406 buffer_size=8192
I0317 11:12:08.210472     274 libfabric_rail.cpp:997] Posting receive on endpoint=0xadfbce0 buffer=0x7fc3cded1010 size=8192 context=0xada32d0
I0317 11:12:08.210473     274 libfabric_rail.cpp:1006] Receive posted successfully
I0317 11:12:08.210474     274 libfabric_rail.cpp:320] Allocate on Rail 0 allocated control request XFER_ID=407 buffer_size=8192
I0317 11:12:08.210474     274 libfabric_rail.cpp:997] Posting receive on endpoint=0xadfbce0 buffer=0x7fc3cdecf010 size=8192 context=0xada3220
I0317 11:12:08.210475     274 libfabric_rail.cpp:1006] Receive posted successfully
I0317 11:12:08.210476     274 libfabric_rail.cpp:320] Allocate on Rail 0 allocated control request XFER_ID=408 buffer_size=8192
I0317 11:12:08.210476     274 libfabric_rail.cpp:997] Posting receive on endpoint=0xadfbce0 buffer=0x7fc3cdecd010 size=8192 context=0xada3178
I0317 11:12:08.210477     274 libfabric_rail.cpp:1006] Receive posted successfully
I0317 11:12:08.210478     274 libfabric_rail.cpp:320] Allocate on Rail 0 allocated control request XFER_ID=409 buffer_size=8192
I0317 11:12:08.210479     274 libfabric_rail.cpp:997] Posting receive on endpoint=0xadfbce0 buffer=0x7fc3cdecb010 size=8192 context=0xada30d0
I0317 11:12:08.210480     274 libfabric_rail.cpp:1006] Receive posted successfully
I0317 11:12:08.210480     274 libfabric_rail.cpp:320] Allocate on Rail 0 allocated control request XFER_ID=410 buffer_size=8192
I0317 11:12:08.210481     274 libfabric_rail.cpp:997] Posting receive on endpoint=0xadfbce0 buffer=0x7fc3cdec9010 size=8192 context=0xada3020
I0317 11:12:08.210482     274 libfabric_rail.cpp:1006] Receive posted successfully
I0317 11:12:08.210483     274 libfabric_rail.cpp:320] Allocate on Rail 0 allocated control request XFER_ID=411 buffer_size=8192
I0317 11:12:08.210483     274 libfabric_rail.cpp:997] Posting receive on endpoint=0xadfbce0 buffer=0x7fc3cdec7010 size=8192 context=0xada2f78
I0317 11:12:08.210484     274 libfabric_rail.cpp:1006] Receive posted successfully
I0317 11:12:08.210485     274 libfabric_rail.cpp:320] Allocate on Rail 0 allocated control request XFER_ID=412 buffer_size=8192
I0317 11:12:08.210486     274 libfabric_rail.cpp:997] Posting receive on endpoint=0xadfbce0 buffer=0x7fc3cdec5010 size=8192 context=0xada2ed0
I0317 11:12:08.210486     274 libfabric_rail.cpp:1006] Receive posted successfully
I0317 11:12:08.210487     274 libfabric_rail.cpp:320] Allocate on Rail 0 allocated control request XFER_ID=413 buffer_size=8192
I0317 11:12:08.210488     274 libfabric_rail.cpp:997] Posting receive on endpoint=0xadfbce0 buffer=0x7fc3cdec3010 size=8192 context=0xada2e20
I0317 11:12:08.210489     274 libfabric_rail.cpp:1006] Receive posted successfully
I0317 11:12:08.210489     274 libfabric_rail.cpp:320] Allocate on Rail 0 allocated control request XFER_ID=414 buffer_size=8192
I0317 11:12:08.210490     274 libfabric_rail.cpp:997] Posting receive on endpoint=0xadfbce0 buffer=0x7fc3cdec1010 size=8192 context=0xada2d78
I0317 11:12:08.210491     274 libfabric_rail.cpp:1006] Receive posted successfully
I0317 11:12:08.210491     274 libfabric_rail.cpp:320] Allocate on Rail 0 allocated control request XFER_ID=415 buffer_size=8192
I0317 11:12:08.210492     274 libfabric_rail.cpp:997] Posting receive on endpoint=0xadfbce0 buffer=0x7fc3cdebf010 size=8192 context=0xada2cd0
I0317 11:12:08.210493     274 libfabric_rail.cpp:1006] Receive posted successfully
I0317 11:12:08.210493     274 libfabric_rail.cpp:320] Allocate on Rail 0 allocated control request XFER_ID=416 buffer_size=8192
I0317 11:12:08.210494     274 libfabric_rail.cpp:997] Posting receive on endpoint=0xadfbce0 buffer=0x7fc3cdebd010 size=8192 context=0xada2c20
I0317 11:12:08.210495     274 libfabric_rail.cpp:1006] Receive posted successfully
I0317 11:12:08.210496     274 libfabric_rail.cpp:320] Allocate on Rail 0 allocated control request XFER_ID=417 buffer_size=8192
I0317 11:12:08.210496     274 libfabric_rail.cpp:997] Posting receive on endpoint=0xadfbce0 buffer=0x7fc3cdebb010 size=8192 context=0xada2b78
I0317 11:12:08.210497     274 libfabric_rail.cpp:1006] Receive posted successfully
I0317 11:12:08.210498     274 libfabric_rail.cpp:320] Allocate on Rail 0 allocated control request XFER_ID=418 buffer_size=8192
I0317 11:12:08.210498     274 libfabric_rail.cpp:997] Posting receive on endpoint=0xadfbce0 buffer=0x7fc3cdeb9010 size=8192 context=0xada2ad0
I0317 11:12:08.210499     274 libfabric_rail.cpp:1006] Receive posted successfully
I0317 11:12:08.210500     274 libfabric_rail.cpp:320] Allocate on Rail 0 allocated control request XFER_ID=419 buffer_size=8192
I0317 11:12:08.210501     274 libfabric_rail.cpp:997] Posting receive on endpoint=0xadfbce0 buffer=0x7fc3cdeb7010 size=8192 context=0xada2a20
I0317 11:12:08.210502     274 libfabric_rail.cpp:1006] Receive posted successfully
I0317 11:12:08.210502     274 libfabric_rail.cpp:320] Allocate on Rail 0 allocated control request XFER_ID=420 buffer_size=8192
I0317 11:12:08.210503     274 libfabric_rail.cpp:997] Posting receive on endpoint=0xadfbce0 buffer=0x7fc3cdeb5010 size=8192 context=0xada2978
I0317 11:12:08.210504     274 libfabric_rail.cpp:1006] Receive posted successfully
I0317 11:12:08.210505     274 libfabric_rail.cpp:320] Allocate on Rail 0 allocated control request XFER_ID=421 buffer_size=8192
I0317 11:12:08.210505     274 libfabric_rail.cpp:997] Posting receive on endpoint=0xadfbce0 buffer=0x7fc3cdeb3010 size=8192 context=0xada28d0
I0317 11:12:08.210506     274 libfabric_rail.cpp:1006] Receive posted successfully
I0317 11:12:08.210507     274 libfabric_rail.cpp:320] Allocate on Rail 0 allocated control request XFER_ID=422 buffer_size=8192
I0317 11:12:08.210507     274 libfabric_rail.cpp:997] Posting receive on endpoint=0xadfbce0 buffer=0x7fc3cdeb1010 size=8192 context=0xada2820
I0317 11:12:08.210508     274 libfabric_rail.cpp:1006] Receive posted successfully
I0317 11:12:08.210509     274 libfabric_rail.cpp:320] Allocate on Rail 0 allocated control request XFER_ID=423 buffer_size=8192
I0317 11:12:08.210510     274 libfabric_rail.cpp:997] Posting receive on endpoint=0xadfbce0 buffer=0x7fc3cdeaf010 size=8192 context=0xada2778
I0317 11:12:08.210510     274 libfabric_rail.cpp:1006] Receive posted successfully
I0317 11:12:08.210511     274 libfabric_rail.cpp:320] Allocate on Rail 0 allocated control request XFER_ID=424 buffer_size=8192
I0317 11:12:08.210512     274 libfabric_rail.cpp:997] Posting receive on endpoint=0xadfbce0 buffer=0x7fc3cdead010 size=8192 context=0xada26d0
I0317 11:12:08.210513     274 libfabric_rail.cpp:1006] Receive posted successfully
I0317 11:12:08.210513     274 libfabric_rail.cpp:320] Allocate on Rail 0 allocated control request XFER_ID=425 buffer_size=8192
I0317 11:12:08.210514     274 libfabric_rail.cpp:997] Posting receive on endpoint=0xadfbce0 buffer=0x7fc3cdeab010 size=8192 context=0xada2620
I0317 11:12:08.210515     274 libfabric_rail.cpp:1006] Receive posted successfully
I0317 11:12:08.210515     274 libfabric_rail.cpp:320] Allocate on Rail 0 allocated control request XFER_ID=426 buffer_size=8192
I0317 11:12:08.210516     274 libfabric_rail.cpp:997] Posting receive on endpoint=0xadfbce0 buffer=0x7fc3cdea9010 size=8192 context=0xada2578
I0317 11:12:08.210517     274 libfabric_rail.cpp:1006] Receive posted successfully
I0317 11:12:08.210518     274 libfabric_rail.cpp:320] Allocate on Rail 0 allocated control request XFER_ID=427 buffer_size=8192
I0317 11:12:08.210518     274 libfabric_rail.cpp:997] Posting receive on endpoint=0xadfbce0 buffer=0x7fc3cdea7010 size=8192 context=0xada24d0
I0317 11:12:08.210519     274 libfabric_rail.cpp:1006] Receive posted successfully
I0317 11:12:08.210520     274 libfabric_rail.cpp:320] Allocate on Rail 0 allocated control request XFER_ID=428 buffer_size=8192
I0317 11:12:08.210520     274 libfabric_rail.cpp:997] Posting receive on endpoint=0xadfbce0 buffer=0x7fc3cdea5010 size=8192 context=0xada2420
I0317 11:12:08.210521     274 libfabric_rail.cpp:1006] Receive posted successfully
I0317 11:12:08.210522     274 libfabric_rail.cpp:320] Allocate on Rail 0 allocated control request XFER_ID=429 buffer_size=8192
I0317 11:12:08.210523     274 libfabric_rail.cpp:997] Posting receive on endpoint=0xadfbce0 buffer=0x7fc3cdea3010 size=8192 context=0xada2378
I0317 11:12:08.210523     274 libfabric_rail.cpp:1006] Receive posted successfully
I0317 11:12:08.210524     274 libfabric_rail.cpp:320] Allocate on Rail 0 allocated control request XFER_ID=430 buffer_size=8192
I0317 11:12:08.210525     274 libfabric_rail.cpp:997] Posting receive on endpoint=0xadfbce0 buffer=0x7fc3cdea1010 size=8192 context=0xada22d0
I0317 11:12:08.210526     274 libfabric_rail.cpp:1006] Receive posted successfully
I0317 11:12:08.210526     274 libfabric_rail.cpp:320] Allocate on Rail 0 allocated control request XFER_ID=431 buffer_size=8192
I0317 11:12:08.210527     274 libfabric_rail.cpp:997] Posting receive on endpoint=0xadfbce0 buffer=0x7fc3cde9f010 size=8192 context=0xada2220
I0317 11:12:08.210528     274 libfabric_rail.cpp:1006] Receive posted successfully
I0317 11:12:08.210529     274 libfabric_rail.cpp:320] Allocate on Rail 0 allocated control request XFER_ID=432 buffer_size=8192
I0317 11:12:08.210530     274 libfabric_rail.cpp:997] Posting receive on endpoint=0xadfbce0 buffer=0x7fc3cde9d010 size=8192 context=0xada2178
I0317 11:12:08.210530     274 libfabric_rail.cpp:1006] Receive posted successfully
I0317 11:12:08.210531     274 libfabric_rail.cpp:320] Allocate on Rail 0 allocated control request XFER_ID=433 buffer_size=8192
I0317 11:12:08.210532     274 libfabric_rail.cpp:997] Posting receive on endpoint=0xadfbce0 buffer=0x7fc3cde9b010 size=8192 context=0xada20d0
I0317 11:12:08.210533     274 libfabric_rail.cpp:1006] Receive posted successfully
I0317 11:12:08.210533     274 libfabric_rail.cpp:320] Allocate on Rail 0 allocated control request XFER_ID=434 buffer_size=8192
I0317 11:12:08.210534     274 libfabric_rail.cpp:997] Posting receive on endpoint=0xadfbce0 buffer=0x7fc3cde99010 size=8192 context=0xada2020
I0317 11:12:08.210535     274 libfabric_rail.cpp:1006] Receive posted successfully
I0317 11:12:08.210535     274 libfabric_rail.cpp:320] Allocate on Rail 0 allocated control request XFER_ID=435 buffer_size=8192
I0317 11:12:08.210536     274 libfabric_rail.cpp:997] Posting receive on endpoint=0xadfbce0 buffer=0x7fc3cde97010 size=8192 context=0xada1f78
I0317 11:12:08.210537     274 libfabric_rail.cpp:1006] Receive posted successfully
I0317 11:12:08.210537     274 libfabric_rail.cpp:320] Allocate on Rail 0 allocated control request XFER_ID=436 buffer_size=8192
I0317 11:12:08.210538     274 libfabric_rail.cpp:997] Posting receive on endpoint=0xadfbce0 buffer=0x7fc3cde95010 size=8192 context=0xada1ed0
I0317 11:12:08.210539     274 libfabric_rail.cpp:1006] Receive posted successfully
I0317 11:12:08.210540     274 libfabric_rail.cpp:320] Allocate on Rail 0 allocated control request XFER_ID=437 buffer_size=8192
I0317 11:12:08.210540     274 libfabric_rail.cpp:997] Posting receive on endpoint=0xadfbce0 buffer=0x7fc3cde93010 size=8192 context=0xada1e20
I0317 11:12:08.210541     274 libfabric_rail.cpp:1006] Receive posted successfully
I0317 11:12:08.210542     274 libfabric_rail.cpp:320] Allocate on Rail 0 allocated control request XFER_ID=438 buffer_size=8192
I0317 11:12:08.210542     274 libfabric_rail.cpp:997] Posting receive on endpoint=0xadfbce0 buffer=0x7fc3cde91010 size=8192 context=0xada1d78
I0317 11:12:08.210543     274 libfabric_rail.cpp:1006] Receive posted successfully
I0317 11:12:08.210544     274 libfabric_rail.cpp:320] Allocate on Rail 0 allocated control request XFER_ID=439 buffer_size=8192
I0317 11:12:08.210545     274 libfabric_rail.cpp:997] Posting receive on endpoint=0xadfbce0 buffer=0x7fc3cde8f010 size=8192 context=0xada1cd0
I0317 11:12:08.210546     274 libfabric_rail.cpp:1006] Receive posted successfully
I0317 11:12:08.210546     274 libfabric_rail.cpp:320] Allocate on Rail 0 allocated control request XFER_ID=440 buffer_size=8192
I0317 11:12:08.210547     274 libfabric_rail.cpp:997] Posting receive on endpoint=0xadfbce0 buffer=0x7fc3cde8d010 size=8192 context=0xada1c20
I0317 11:12:08.210548     274 libfabric_rail.cpp:1006] Receive posted successfully
I0317 11:12:08.210548     274 libfabric_rail.cpp:320] Allocate on Rail 0 allocated control request XFER_ID=441 buffer_size=8192
I0317 11:12:08.210549     274 libfabric_rail.cpp:997] Posting receive on endpoint=0xadfbce0 buffer=0x7fc3cde8b010 size=8192 context=0xada1b78
I0317 11:12:08.210550     274 libfabric_rail.cpp:1006] Receive posted successfully
I0317 11:12:08.210551     274 libfabric_rail.cpp:320] Allocate on Rail 0 allocated control request XFER_ID=442 buffer_size=8192
I0317 11:12:08.210551     274 libfabric_rail.cpp:997] Posting receive on endpoint=0xadfbce0 buffer=0x7fc3cde89010 size=8192 context=0xada1ad0
I0317 11:12:08.210552     274 libfabric_rail.cpp:1006] Receive posted successfully
I0317 11:12:08.210553     274 libfabric_rail.cpp:320] Allocate on Rail 0 allocated control request XFER_ID=443 buffer_size=8192
I0317 11:12:08.210553     274 libfabric_rail.cpp:997] Posting receive on endpoint=0xadfbce0 buffer=0x7fc3cde87010 size=8192 context=0xada1a20
I0317 11:12:08.210554     274 libfabric_rail.cpp:1006] Receive posted successfully
I0317 11:12:08.210555     274 libfabric_rail.cpp:320] Allocate on Rail 0 allocated control request XFER_ID=444 buffer_size=8192
I0317 11:12:08.210556     274 libfabric_rail.cpp:997] Posting receive on endpoint=0xadfbce0 buffer=0x7fc3cde85010 size=8192 context=0xada1978
I0317 11:12:08.210556     274 libfabric_rail.cpp:1006] Receive posted successfully
I0317 11:12:08.210557     274 libfabric_rail.cpp:320] Allocate on Rail 0 allocated control request XFER_ID=445 buffer_size=8192
I0317 11:12:08.210558     274 libfabric_rail.cpp:997] Posting receive on endpoint=0xadfbce0 buffer=0x7fc3cde83010 size=8192 context=0xada18d0
I0317 11:12:08.210559     274 libfabric_rail.cpp:1006] Receive posted successfully
I0317 11:12:08.210559     274 libfabric_rail.cpp:320] Allocate on Rail 0 allocated control request XFER_ID=446 buffer_size=8192
I0317 11:12:08.210560     274 libfabric_rail.cpp:997] Posting receive on endpoint=0xadfbce0 buffer=0x7fc3cde81010 size=8192 context=0xada1820
I0317 11:12:08.210561     274 libfabric_rail.cpp:1006] Receive posted successfully
I0317 11:12:08.210561     274 libfabric_rail.cpp:320] Allocate on Rail 0 allocated control request XFER_ID=447 buffer_size=8192
I0317 11:12:08.210562     274 libfabric_rail.cpp:997] Posting receive on endpoint=0xadfbce0 buffer=0x7fc3cde7f010 size=8192 context=0xada1778
I0317 11:12:08.210563     274 libfabric_rail.cpp:1006] Receive posted successfully
I0317 11:12:08.210563     274 libfabric_rail.cpp:320] Allocate on Rail 0 allocated control request XFER_ID=448 buffer_size=8192
I0317 11:12:08.210564     274 libfabric_rail.cpp:997] Posting receive on endpoint=0xadfbce0 buffer=0x7fc3cde7d010 size=8192 context=0xada16d0
I0317 11:12:08.210565     274 libfabric_rail.cpp:1006] Receive posted successfully
I0317 11:12:08.210566     274 libfabric_rail.cpp:320] Allocate on Rail 0 allocated control request XFER_ID=449 buffer_size=8192
I0317 11:12:08.210567     274 libfabric_rail.cpp:997] Posting receive on endpoint=0xadfbce0 buffer=0x7fc3cde7b010 size=8192 context=0xada1620
I0317 11:12:08.210567     274 libfabric_rail.cpp:1006] Receive posted successfully
I0317 11:12:08.210568     274 libfabric_rail.cpp:320] Allocate on Rail 0 allocated control request XFER_ID=450 buffer_size=8192
I0317 11:12:08.210569     274 libfabric_rail.cpp:997] Posting receive on endpoint=0xadfbce0 buffer=0x7fc3cde79010 size=8192 context=0xada1578
I0317 11:12:08.210570     274 libfabric_rail.cpp:1006] Receive posted successfully
I0317 11:12:08.210570     274 libfabric_rail.cpp:320] Allocate on Rail 0 allocated control request XFER_ID=451 buffer_size=8192
I0317 11:12:08.210571     274 libfabric_rail.cpp:997] Posting receive on endpoint=0xadfbce0 buffer=0x7fc3cde77010 size=8192 context=0xada14d0
I0317 11:12:08.210572     274 libfabric_rail.cpp:1006] Receive posted successfully
I0317 11:12:08.210572     274 libfabric_rail.cpp:320] Allocate on Rail 0 allocated control request XFER_ID=452 buffer_size=8192
I0317 11:12:08.210573     274 libfabric_rail.cpp:997] Posting receive on endpoint=0xadfbce0 buffer=0x7fc3cde75010 size=8192 context=0xada1420
I0317 11:12:08.210574     274 libfabric_rail.cpp:1006] Receive posted successfully
I0317 11:12:08.210574     274 libfabric_rail.cpp:320] Allocate on Rail 0 allocated control request XFER_ID=453 buffer_size=8192
I0317 11:12:08.210575     274 libfabric_rail.cpp:997] Posting receive on endpoint=0xadfbce0 buffer=0x7fc3cde73010 size=8192 context=0xada1378
I0317 11:12:08.210576     274 libfabric_rail.cpp:1006] Receive posted successfully
I0317 11:12:08.210577     274 libfabric_rail.cpp:320] Allocate on Rail 0 allocated control request XFER_ID=454 buffer_size=8192
I0317 11:12:08.210577     274 libfabric_rail.cpp:997] Posting receive on endpoint=0xadfbce0 buffer=0x7fc3cde71010 size=8192 context=0xada12d0
I0317 11:12:08.210578     274 libfabric_rail.cpp:1006] Receive posted successfully
I0317 11:12:08.210579     274 libfabric_rail.cpp:320] Allocate on Rail 0 allocated control request XFER_ID=455 buffer_size=8192
I0317 11:12:08.210580     274 libfabric_rail.cpp:997] Posting receive on endpoint=0xadfbce0 buffer=0x7fc3cde6f010 size=8192 context=0xada1220
I0317 11:12:08.210581     274 libfabric_rail.cpp:1006] Receive posted successfully
I0317 11:12:08.210581     274 libfabric_rail.cpp:320] Allocate on Rail 0 allocated control request XFER_ID=456 buffer_size=8192
I0317 11:12:08.210582     274 libfabric_rail.cpp:997] Posting receive on endpoint=0xadfbce0 buffer=0x7fc3cde6d010 size=8192 context=0xada1178
I0317 11:12:08.210583     274 libfabric_rail.cpp:1006] Receive posted successfully
I0317 11:12:08.210583     274 libfabric_rail.cpp:320] Allocate on Rail 0 allocated control request XFER_ID=457 buffer_size=8192
I0317 11:12:08.210584     274 libfabric_rail.cpp:997] Posting receive on endpoint=0xadfbce0 buffer=0x7fc3cde6b010 size=8192 context=0xada10d0
I0317 11:12:08.210585     274 libfabric_rail.cpp:1006] Receive posted successfully
I0317 11:12:08.210586     274 libfabric_rail.cpp:320] Allocate on Rail 0 allocated control request XFER_ID=458 buffer_size=8192
I0317 11:12:08.210586     274 libfabric_rail.cpp:997] Posting receive on endpoint=0xadfbce0 buffer=0x7fc3cde69010 size=8192 context=0xada1020
I0317 11:12:08.210587     274 libfabric_rail.cpp:1006] Receive posted successfully
I0317 11:12:08.210588     274 libfabric_rail.cpp:320] Allocate on Rail 0 allocated control request XFER_ID=459 buffer_size=8192
I0317 11:12:08.210588     274 libfabric_rail.cpp:997] Posting receive on endpoint=0xadfbce0 buffer=0x7fc3cde67010 size=8192 context=0xada0f78
I0317 11:12:08.210589     274 libfabric_rail.cpp:1006] Receive posted successfully
I0317 11:12:08.210590     274 libfabric_rail.cpp:320] Allocate on Rail 0 allocated control request XFER_ID=460 buffer_size=8192
I0317 11:12:08.210591     274 libfabric_rail.cpp:997] Posting receive on endpoint=0xadfbce0 buffer=0x7fc3cde65010 size=8192 context=0xada0ed0
I0317 11:12:08.210591     274 libfabric_rail.cpp:1006] Receive posted successfully
I0317 11:12:08.210592     274 libfabric_rail.cpp:320] Allocate on Rail 0 allocated control request XFER_ID=461 buffer_size=8192
I0317 11:12:08.210593     274 libfabric_rail.cpp:997] Posting receive on endpoint=0xadfbce0 buffer=0x7fc3cde63010 size=8192 context=0xada0e20
I0317 11:12:08.210594     274 libfabric_rail.cpp:1006] Receive posted successfully
I0317 11:12:08.210594     274 libfabric_rail.cpp:320] Allocate on Rail 0 allocated control request XFER_ID=462 buffer_size=8192
I0317 11:12:08.210595     274 libfabric_rail.cpp:997] Posting receive on endpoint=0xadfbce0 buffer=0x7fc3cde61010 size=8192 context=0xada0d78
I0317 11:12:08.210596     274 libfabric_rail.cpp:1006] Receive posted successfully
I0317 11:12:08.210596     274 libfabric_rail.cpp:320] Allocate on Rail 0 allocated control request XFER_ID=463 buffer_size=8192
I0317 11:12:08.210597     274 libfabric_rail.cpp:997] Posting receive on endpoint=0xadfbce0 buffer=0x7fc3cde5f010 size=8192 context=0xada0cd0
I0317 11:12:08.210598     274 libfabric_rail.cpp:1006] Receive posted successfully
I0317 11:12:08.210599     274 libfabric_rail.cpp:320] Allocate on Rail 0 allocated control request XFER_ID=464 buffer_size=8192
I0317 11:12:08.210599     274 libfabric_rail.cpp:997] Posting receive on endpoint=0xadfbce0 buffer=0x7fc3cde5d010 size=8192 context=0xada0c20
I0317 11:12:08.210600     274 libfabric_rail.cpp:1006] Receive posted successfully
I0317 11:12:08.210601     274 libfabric_rail.cpp:320] Allocate on Rail 0 allocated control request XFER_ID=465 buffer_size=8192
I0317 11:12:08.210602     274 libfabric_rail.cpp:997] Posting receive on endpoint=0xadfbce0 buffer=0x7fc3cde5b010 size=8192 context=0xada0b78
I0317 11:12:08.210602     274 libfabric_rail.cpp:1006] Receive posted successfully
I0317 11:12:08.210603     274 libfabric_rail.cpp:320] Allocate on Rail 0 allocated control request XFER_ID=466 buffer_size=8192
I0317 11:12:08.210604     274 libfabric_rail.cpp:997] Posting receive on endpoint=0xadfbce0 buffer=0x7fc3cde59010 size=8192 context=0xada0ad0
I0317 11:12:08.210605     274 libfabric_rail.cpp:1006] Receive posted successfully
I0317 11:12:08.210606     274 libfabric_rail.cpp:320] Allocate on Rail 0 allocated control request XFER_ID=467 buffer_size=8192
I0317 11:12:08.210606     274 libfabric_rail.cpp:997] Posting receive on endpoint=0xadfbce0 buffer=0x7fc3cde57010 size=8192 context=0xada0a20
I0317 11:12:08.210607     274 libfabric_rail.cpp:1006] Receive posted successfully
I0317 11:12:08.210608     274 libfabric_rail.cpp:320] Allocate on Rail 0 allocated control request XFER_ID=468 buffer_size=8192
I0317 11:12:08.210609     274 libfabric_rail.cpp:997] Posting receive on endpoint=0xadfbce0 buffer=0x7fc3cde55010 size=8192 context=0xada0978
I0317 11:12:08.210609     274 libfabric_rail.cpp:1006] Receive posted successfully
I0317 11:12:08.210610     274 libfabric_rail.cpp:320] Allocate on Rail 0 allocated control request XFER_ID=469 buffer_size=8192
I0317 11:12:08.210611     274 libfabric_rail.cpp:997] Posting receive on endpoint=0xadfbce0 buffer=0x7fc3cde53010 size=8192 context=0xada08d0
I0317 11:12:08.210612     274 libfabric_rail.cpp:1006] Receive posted successfully
I0317 11:12:08.210612     274 libfabric_rail.cpp:320] Allocate on Rail 0 allocated control request XFER_ID=470 buffer_size=8192
I0317 11:12:08.210613     274 libfabric_rail.cpp:997] Posting receive on endpoint=0xadfbce0 buffer=0x7fc3cde51010 size=8192 context=0xada0820
I0317 11:12:08.210614     274 libfabric_rail.cpp:1006] Receive posted successfully
I0317 11:12:08.210614     274 libfabric_rail.cpp:320] Allocate on Rail 0 allocated control request XFER_ID=471 buffer_size=8192
I0317 11:12:08.210615     274 libfabric_rail.cpp:997] Posting receive on endpoint=0xadfbce0 buffer=0x7fc3cde4f010 size=8192 context=0xada0778
I0317 11:12:08.210616     274 libfabric_rail.cpp:1006] Receive posted successfully
I0317 11:12:08.210616     274 libfabric_rail.cpp:320] Allocate on Rail 0 allocated control request XFER_ID=472 buffer_size=8192
I0317 11:12:08.210617     274 libfabric_rail.cpp:997] Posting receive on endpoint=0xadfbce0 buffer=0x7fc3cde4d010 size=8192 context=0xada06d0
I0317 11:12:08.210618     274 libfabric_rail.cpp:1006] Receive posted successfully
I0317 11:12:08.210619     274 libfabric_rail.cpp:320] Allocate on Rail 0 allocated control request XFER_ID=473 buffer_size=8192
I0317 11:12:08.210619     274 libfabric_rail.cpp:997] Posting receive on endpoint=0xadfbce0 buffer=0x7fc3cde4b010 size=8192 context=0xada0620
I0317 11:12:08.210620     274 libfabric_rail.cpp:1006] Receive posted successfully
I0317 11:12:08.210621     274 libfabric_rail.cpp:320] Allocate on Rail 0 allocated control request XFER_ID=474 buffer_size=8192
I0317 11:12:08.210621     274 libfabric_rail.cpp:997] Posting receive on endpoint=0xadfbce0 buffer=0x7fc3cde49010 size=8192 context=0xada0578
I0317 11:12:08.210622     274 libfabric_rail.cpp:1006] Receive posted successfully
I0317 11:12:08.210623     274 libfabric_rail.cpp:320] Allocate on Rail 0 allocated control request XFER_ID=475 buffer_size=8192
I0317 11:12:08.210624     274 libfabric_rail.cpp:997] Posting receive on endpoint=0xadfbce0 buffer=0x7fc3cde47010 size=8192 context=0xada04d0
I0317 11:12:08.210624     274 libfabric_rail.cpp:1006] Receive posted successfully
I0317 11:12:08.210625     274 libfabric_rail.cpp:320] Allocate on Rail 0 allocated control request XFER_ID=476 buffer_size=8192
I0317 11:12:08.210626     274 libfabric_rail.cpp:997] Posting receive on endpoint=0xadfbce0 buffer=0x7fc3cde45010 size=8192 context=0xada0420
I0317 11:12:08.210627     274 libfabric_rail.cpp:1006] Receive posted successfully
I0317 11:12:08.210627     274 libfabric_rail.cpp:320] Allocate on Rail 0 allocated control request XFER_ID=477 buffer_size=8192
I0317 11:12:08.210628     274 libfabric_rail.cpp:997] Posting receive on endpoint=0xadfbce0 buffer=0x7fc3cde43010 size=8192 context=0xada0378
I0317 11:12:08.210629     274 libfabric_rail.cpp:1006] Receive posted successfully
I0317 11:12:08.210629     274 libfabric_rail.cpp:320] Allocate on Rail 0 allocated control request XFER_ID=478 buffer_size=8192
I0317 11:12:08.210630     274 libfabric_rail.cpp:997] Posting receive on endpoint=0xadfbce0 buffer=0x7fc3cde41010 size=8192 context=0xada02d0
I0317 11:12:08.210631     274 libfabric_rail.cpp:1006] Receive posted successfully
I0317 11:12:08.210632     274 libfabric_rail.cpp:320] Allocate on Rail 0 allocated control request XFER_ID=479 buffer_size=8192
I0317 11:12:08.210632     274 libfabric_rail.cpp:997] Posting receive on endpoint=0xadfbce0 buffer=0x7fc3cde3f010 size=8192 context=0xada0220
I0317 11:12:08.210633     274 libfabric_rail.cpp:1006] Receive posted successfully
I0317 11:12:08.210634     274 libfabric_rail.cpp:320] Allocate on Rail 0 allocated control request XFER_ID=480 buffer_size=8192
I0317 11:12:08.210635     274 libfabric_rail.cpp:997] Posting receive on endpoint=0xadfbce0 buffer=0x7fc3cde3d010 size=8192 context=0xada0178
I0317 11:12:08.210635     274 libfabric_rail.cpp:1006] Receive posted successfully
I0317 11:12:08.210636     274 libfabric_rail.cpp:320] Allocate on Rail 0 allocated control request XFER_ID=481 buffer_size=8192
I0317 11:12:08.210637     274 libfabric_rail.cpp:997] Posting receive on endpoint=0xadfbce0 buffer=0x7fc3cde3b010 size=8192 context=0xada00d0
I0317 11:12:08.210638     274 libfabric_rail.cpp:1006] Receive posted successfully
I0317 11:12:08.210638     274 libfabric_rail.cpp:320] Allocate on Rail 0 allocated control request XFER_ID=482 buffer_size=8192
I0317 11:12:08.210639     274 libfabric_rail.cpp:997] Posting receive on endpoint=0xadfbce0 buffer=0x7fc3cde39010 size=8192 context=0xada0020
I0317 11:12:08.210640     274 libfabric_rail.cpp:1006] Receive posted successfully
I0317 11:12:08.210640     274 libfabric_rail.cpp:320] Allocate on Rail 0 allocated control request XFER_ID=483 buffer_size=8192
I0317 11:12:08.210641     274 libfabric_rail.cpp:997] Posting receive on endpoint=0xadfbce0 buffer=0x7fc3cde37010 size=8192 context=0xad9ff78
I0317 11:12:08.210642     274 libfabric_rail.cpp:1006] Receive posted successfully
I0317 11:12:08.210642     274 libfabric_rail.cpp:320] Allocate on Rail 0 allocated control request XFER_ID=484 buffer_size=8192
I0317 11:12:08.210643     274 libfabric_rail.cpp:997] Posting receive on endpoint=0xadfbce0 buffer=0x7fc3cde35010 size=8192 context=0xad9fed0
I0317 11:12:08.210644     274 libfabric_rail.cpp:1006] Receive posted successfully
I0317 11:12:08.210645     274 libfabric_rail.cpp:320] Allocate on Rail 0 allocated control request XFER_ID=485 buffer_size=8192
I0317 11:12:08.210645     274 libfabric_rail.cpp:997] Posting receive on endpoint=0xadfbce0 buffer=0x7fc3cde33010 size=8192 context=0xad9fe20
I0317 11:12:08.210646     274 libfabric_rail.cpp:1006] Receive posted successfully
I0317 11:12:08.210647     274 libfabric_rail.cpp:320] Allocate on Rail 0 allocated control request XFER_ID=486 buffer_size=8192
I0317 11:12:08.210647     274 libfabric_rail.cpp:997] Posting receive on endpoint=0xadfbce0 buffer=0x7fc3cde31010 size=8192 context=0xad9fd78
I0317 11:12:08.210648     274 libfabric_rail.cpp:1006] Receive posted successfully
I0317 11:12:08.210649     274 libfabric_rail.cpp:320] Allocate on Rail 0 allocated control request XFER_ID=487 buffer_size=8192
I0317 11:12:08.210650     274 libfabric_rail.cpp:997] Posting receive on endpoint=0xadfbce0 buffer=0x7fc3cde2f010 size=8192 context=0xad9fcd0
I0317 11:12:08.210651     274 libfabric_rail.cpp:1006] Receive posted successfully
I0317 11:12:08.210651     274 libfabric_rail.cpp:320] Allocate on Rail 0 allocated control request XFER_ID=488 buffer_size=8192
I0317 11:12:08.210652     274 libfabric_rail.cpp:997] Posting receive on endpoint=0xadfbce0 buffer=0x7fc3cde2d010 size=8192 context=0xad9fc20
I0317 11:12:08.210653     274 libfabric_rail.cpp:1006] Receive posted successfully
I0317 11:12:08.210653     274 libfabric_rail.cpp:320] Allocate on Rail 0 allocated control request XFER_ID=489 buffer_size=8192
I0317 11:12:08.210654     274 libfabric_rail.cpp:997] Posting receive on endpoint=0xadfbce0 buffer=0x7fc3cde2b010 size=8192 context=0xad9fb78
I0317 11:12:08.210655     274 libfabric_rail.cpp:1006] Receive posted successfully
I0317 11:12:08.210656     274 libfabric_rail.cpp:320] Allocate on Rail 0 allocated control request XFER_ID=490 buffer_size=8192
I0317 11:12:08.210657     274 libfabric_rail.cpp:997] Posting receive on endpoint=0xadfbce0 buffer=0x7fc3cde29010 size=8192 context=0xad9fad0
I0317 11:12:08.210657     274 libfabric_rail.cpp:1006] Receive posted successfully
I0317 11:12:08.210658     274 libfabric_rail.cpp:320] Allocate on Rail 0 allocated control request XFER_ID=491 buffer_size=8192
I0317 11:12:08.210659     274 libfabric_rail.cpp:997] Posting receive on endpoint=0xadfbce0 buffer=0x7fc3cde27010 size=8192 context=0xad9fa20
I0317 11:12:08.210660     274 libfabric_rail.cpp:1006] Receive posted successfully
I0317 11:12:08.210660     274 libfabric_rail.cpp:320] Allocate on Rail 0 allocated control request XFER_ID=492 buffer_size=8192
I0317 11:12:08.210661     274 libfabric_rail.cpp:997] Posting receive on endpoint=0xadfbce0 buffer=0x7fc3cde25010 size=8192 context=0xad9f978
I0317 11:12:08.210662     274 libfabric_rail.cpp:1006] Receive posted successfully
I0317 11:12:08.210662     274 libfabric_rail.cpp:320] Allocate on Rail 0 allocated control request XFER_ID=493 buffer_size=8192
I0317 11:12:08.210663     274 libfabric_rail.cpp:997] Posting receive on endpoint=0xadfbce0 buffer=0x7fc3cde23010 size=8192 context=0xad9f8d0
I0317 11:12:08.210664     274 libfabric_rail.cpp:1006] Receive posted successfully
I0317 11:12:08.210664     274 libfabric_rail.cpp:320] Allocate on Rail 0 allocated control request XFER_ID=494 buffer_size=8192
I0317 11:12:08.210665     274 libfabric_rail.cpp:997] Posting receive on endpoint=0xadfbce0 buffer=0x7fc3cde21010 size=8192 context=0xad9f820
I0317 11:12:08.210666     274 libfabric_rail.cpp:1006] Receive posted successfully
I0317 11:12:08.210667     274 libfabric_rail.cpp:320] Allocate on Rail 0 allocated control request XFER_ID=495 buffer_size=8192
I0317 11:12:08.210667     274 libfabric_rail.cpp:997] Posting receive on endpoint=0xadfbce0 buffer=0x7fc3cde1f010 size=8192 context=0xad9f778
I0317 11:12:08.210668     274 libfabric_rail.cpp:1006] Receive posted successfully
I0317 11:12:08.210669     274 libfabric_rail.cpp:320] Allocate on Rail 0 allocated control request XFER_ID=496 buffer_size=8192
I0317 11:12:08.210670     274 libfabric_rail.cpp:997] Posting receive on endpoint=0xadfbce0 buffer=0x7fc3cde1d010 size=8192 context=0xad9f6d0
I0317 11:12:08.210670     274 libfabric_rail.cpp:1006] Receive posted successfully
I0317 11:12:08.210671     274 libfabric_rail.cpp:320] Allocate on Rail 0 allocated control request XFER_ID=497 buffer_size=8192
I0317 11:12:08.210672     274 libfabric_rail.cpp:997] Posting receive on endpoint=0xadfbce0 buffer=0x7fc3cde1b010 size=8192 context=0xad9f620
I0317 11:12:08.210673     274 libfabric_rail.cpp:1006] Receive posted successfully
I0317 11:12:08.210673     274 libfabric_rail.cpp:320] Allocate on Rail 0 allocated control request XFER_ID=498 buffer_size=8192
I0317 11:12:08.210674     274 libfabric_rail.cpp:997] Posting receive on endpoint=0xadfbce0 buffer=0x7fc3cde19010 size=8192 context=0xad9f578
I0317 11:12:08.210675     274 libfabric_rail.cpp:1006] Receive posted successfully
I0317 11:12:08.210675     274 libfabric_rail.cpp:320] Allocate on Rail 0 allocated control request XFER_ID=499 buffer_size=8192
I0317 11:12:08.210676     274 libfabric_rail.cpp:997] Posting receive on endpoint=0xadfbce0 buffer=0x7fc3cde17010 size=8192 context=0xad9f4d0
I0317 11:12:08.210677     274 libfabric_rail.cpp:1006] Receive posted successfully
I0317 11:12:08.210678     274 libfabric_rail.cpp:320] Allocate on Rail 0 allocated control request XFER_ID=500 buffer_size=8192
I0317 11:12:08.210678     274 libfabric_rail.cpp:997] Posting receive on endpoint=0xadfbce0 buffer=0x7fc3cde15010 size=8192 context=0xad9f420
I0317 11:12:08.210679     274 libfabric_rail.cpp:1006] Receive posted successfully
I0317 11:12:08.210680     274 libfabric_rail.cpp:320] Allocate on Rail 0 allocated control request XFER_ID=501 buffer_size=8192
I0317 11:12:08.210680     274 libfabric_rail.cpp:997] Posting receive on endpoint=0xadfbce0 buffer=0x7fc3cde13010 size=8192 context=0xad9f378
I0317 11:12:08.210681     274 libfabric_rail.cpp:1006] Receive posted successfully
I0317 11:12:08.210682     274 libfabric_rail.cpp:320] Allocate on Rail 0 allocated control request XFER_ID=502 buffer_size=8192
I0317 11:12:08.210683     274 libfabric_rail.cpp:997] Posting receive on endpoint=0xadfbce0 buffer=0x7fc3cde11010 size=8192 context=0xad9f2d0
I0317 11:12:08.210683     274 libfabric_rail.cpp:1006] Receive posted successfully
I0317 11:12:08.210684     274 libfabric_rail.cpp:320] Allocate on Rail 0 allocated control request XFER_ID=503 buffer_size=8192
I0317 11:12:08.210685     274 libfabric_rail.cpp:997] Posting receive on endpoint=0xadfbce0 buffer=0x7fc3cde0f010 size=8192 context=0xad9f220
I0317 11:12:08.210686     274 libfabric_rail.cpp:1006] Receive posted successfully
I0317 11:12:08.210686     274 libfabric_rail.cpp:320] Allocate on Rail 0 allocated control request XFER_ID=504 buffer_size=8192
I0317 11:12:08.210687     274 libfabric_rail.cpp:997] Posting receive on endpoint=0xadfbce0 buffer=0x7fc3cde0d010 size=8192 context=0xad9f178
I0317 11:12:08.210688     274 libfabric_rail.cpp:1006] Receive posted successfully
I0317 11:12:08.210688     274 libfabric_rail.cpp:320] Allocate on Rail 0 allocated control request XFER_ID=505 buffer_size=8192
I0317 11:12:08.210689     274 libfabric_rail.cpp:997] Posting receive on endpoint=0xadfbce0 buffer=0x7fc3cde0b010 size=8192 context=0xad9f0d0
I0317 11:12:08.210690     274 libfabric_rail.cpp:1006] Receive posted successfully
I0317 11:12:08.210691     274 libfabric_rail.cpp:320] Allocate on Rail 0 allocated control request XFER_ID=506 buffer_size=8192
I0317 11:12:08.210691     274 libfabric_rail.cpp:997] Posting receive on endpoint=0xadfbce0 buffer=0x7fc3cde09010 size=8192 context=0xad9f020
I0317 11:12:08.210692     274 libfabric_rail.cpp:1006] Receive posted successfully
I0317 11:12:08.210693     274 libfabric_rail.cpp:320] Allocate on Rail 0 allocated control request XFER_ID=507 buffer_size=8192
I0317 11:12:08.210693     274 libfabric_rail.cpp:997] Posting receive on endpoint=0xadfbce0 buffer=0x7fc3cde07010 size=8192 context=0xad9ef78
I0317 11:12:08.210694     274 libfabric_rail.cpp:1006] Receive posted successfully
I0317 11:12:08.210695     274 libfabric_rail.cpp:320] Allocate on Rail 0 allocated control request XFER_ID=508 buffer_size=8192
I0317 11:12:08.210696     274 libfabric_rail.cpp:997] Posting receive on endpoint=0xadfbce0 buffer=0x7fc3cde05010 size=8192 context=0xad9eed0
I0317 11:12:08.210696     274 libfabric_rail.cpp:1006] Receive posted successfully
I0317 11:12:08.210697     274 libfabric_rail.cpp:320] Allocate on Rail 0 allocated control request XFER_ID=509 buffer_size=8192
I0317 11:12:08.210698     274 libfabric_rail.cpp:997] Posting receive on endpoint=0xadfbce0 buffer=0x7fc3cde03010 size=8192 context=0xad9ee20
I0317 11:12:08.210699     274 libfabric_rail.cpp:1006] Receive posted successfully
I0317 11:12:08.210699     274 libfabric_rail.cpp:320] Allocate on Rail 0 allocated control request XFER_ID=510 buffer_size=8192
I0317 11:12:08.210700     274 libfabric_rail.cpp:997] Posting receive on endpoint=0xadfbce0 buffer=0x7fc3cde01010 size=8192 context=0xad9ed78
I0317 11:12:08.210701     274 libfabric_rail.cpp:1006] Receive posted successfully
I0317 11:12:08.210701     274 libfabric_rail.cpp:320] Allocate on Rail 0 allocated control request XFER_ID=511 buffer_size=8192
I0317 11:12:08.210702     274 libfabric_rail.cpp:997] Posting receive on endpoint=0xadfbce0 buffer=0x7fc3cddff010 size=8192 context=0xad9ecd0
I0317 11:12:08.210703     274 libfabric_rail.cpp:1006] Receive posted successfully
I0317 11:12:08.210703     274 libfabric_rail.cpp:320] Allocate on Rail 0 allocated control request XFER_ID=512 buffer_size=8192
I0317 11:12:08.210704     274 libfabric_rail.cpp:997] Posting receive on endpoint=0xadfbce0 buffer=0x7fc3cddfd010 size=8192 context=0xad9ec20
I0317 11:12:08.210705     274 libfabric_rail.cpp:1006] Receive posted successfully
I0317 11:12:08.210706     274 libfabric_rail.cpp:320] Allocate on Rail 0 allocated control request XFER_ID=513 buffer_size=8192
I0317 11:12:08.210707     274 libfabric_rail.cpp:997] Posting receive on endpoint=0xadfbce0 buffer=0x7fc3cddfb010 size=8192 context=0xad9eb78
I0317 11:12:08.210708     274 libfabric_rail.cpp:1006] Receive posted successfully
I0317 11:12:08.210708     274 libfabric_rail.cpp:320] Allocate on Rail 0 allocated control request XFER_ID=514 buffer_size=8192
I0317 11:12:08.210709     274 libfabric_rail.cpp:997] Posting receive on endpoint=0xadfbce0 buffer=0x7fc3cddf9010 size=8192 context=0xad9ead0
I0317 11:12:08.210710     274 libfabric_rail.cpp:1006] Receive posted successfully
I0317 11:12:08.210710     274 libfabric_rail.cpp:320] Allocate on Rail 0 allocated control request XFER_ID=515 buffer_size=8192
I0317 11:12:08.210711     274 libfabric_rail.cpp:997] Posting receive on endpoint=0xadfbce0 buffer=0x7fc3cddf7010 size=8192 context=0xad9ea20
I0317 11:12:08.210712     274 libfabric_rail.cpp:1006] Receive posted successfully
I0317 11:12:08.210713     274 libfabric_rail.cpp:320] Allocate on Rail 0 allocated control request XFER_ID=516 buffer_size=8192
I0317 11:12:08.210713     274 libfabric_rail.cpp:997] Posting receive on endpoint=0xadfbce0 buffer=0x7fc3cddf5010 size=8192 context=0xad9e978
I0317 11:12:08.210714     274 libfabric_rail.cpp:1006] Receive posted successfully
I0317 11:12:08.210715     274 libfabric_rail.cpp:320] Allocate on Rail 0 allocated control request XFER_ID=517 buffer_size=8192
I0317 11:12:08.210715     274 libfabric_rail.cpp:997] Posting receive on endpoint=0xadfbce0 buffer=0x7fc3cddf3010 size=8192 context=0xad9e8d0
I0317 11:12:08.210716     274 libfabric_rail.cpp:1006] Receive posted successfully
I0317 11:12:08.210717     274 libfabric_rail.cpp:320] Allocate on Rail 0 allocated control request XFER_ID=518 buffer_size=8192
I0317 11:12:08.210718     274 libfabric_rail.cpp:997] Posting receive on endpoint=0xadfbce0 buffer=0x7fc3cddf1010 size=8192 context=0xad9e820
I0317 11:12:08.210718     274 libfabric_rail.cpp:1006] Receive posted successfully
I0317 11:12:08.210719     274 libfabric_rail.cpp:320] Allocate on Rail 0 allocated control request XFER_ID=519 buffer_size=8192
I0317 11:12:08.210720     274 libfabric_rail.cpp:997] Posting receive on endpoint=0xadfbce0 buffer=0x7fc3cddef010 size=8192 context=0xad9e778
I0317 11:12:08.210721     274 libfabric_rail.cpp:1006] Receive posted successfully
I0317 11:12:08.210721     274 libfabric_rail.cpp:320] Allocate on Rail 0 allocated control request XFER_ID=520 buffer_size=8192
I0317 11:12:08.210722     274 libfabric_rail.cpp:997] Posting receive on endpoint=0xadfbce0 buffer=0x7fc3cdded010 size=8192 context=0xad9e6d0
I0317 11:12:08.210723     274 libfabric_rail.cpp:1006] Receive posted successfully
I0317 11:12:08.210723     274 libfabric_rail.cpp:320] Allocate on Rail 0 allocated control request XFER_ID=521 buffer_size=8192
I0317 11:12:08.210724     274 libfabric_rail.cpp:997] Posting receive on endpoint=0xadfbce0 buffer=0x7fc3cddeb010 size=8192 context=0xad9e620
I0317 11:12:08.210725     274 libfabric_rail.cpp:1006] Receive posted successfully
I0317 11:12:08.210726     274 libfabric_rail.cpp:320] Allocate on Rail 0 allocated control request XFER_ID=522 buffer_size=8192
I0317 11:12:08.210726     274 libfabric_rail.cpp:997] Posting receive on endpoint=0xadfbce0 buffer=0x7fc3cdde9010 size=8192 context=0xad9e578
I0317 11:12:08.210727     274 libfabric_rail.cpp:1006] Receive posted successfully
I0317 11:12:08.210728     274 libfabric_rail.cpp:320] Allocate on Rail 0 allocated control request XFER_ID=523 buffer_size=8192
I0317 11:12:08.210728     274 libfabric_rail.cpp:997] Posting receive on endpoint=0xadfbce0 buffer=0x7fc3cdde7010 size=8192 context=0xad9e4d0
I0317 11:12:08.210729     274 libfabric_rail.cpp:1006] Receive posted successfully
I0317 11:12:08.210730     274 libfabric_rail.cpp:320] Allocate on Rail 0 allocated control request XFER_ID=524 buffer_size=8192
I0317 11:12:08.210731     274 libfabric_rail.cpp:997] Posting receive on endpoint=0xadfbce0 buffer=0x7fc3cdde5010 size=8192 context=0xad9e420
I0317 11:12:08.210732     274 libfabric_rail.cpp:1006] Receive posted successfully
I0317 11:12:08.210732     274 libfabric_rail.cpp:320] Allocate on Rail 0 allocated control request XFER_ID=525 buffer_size=8192
I0317 11:12:08.210733     274 libfabric_rail.cpp:997] Posting receive on endpoint=0xadfbce0 buffer=0x7fc3cdde3010 size=8192 context=0xad9e378
I0317 11:12:08.210734     274 libfabric_rail.cpp:1006] Receive posted successfully
I0317 11:12:08.210735     274 libfabric_rail.cpp:320] Allocate on Rail 0 allocated control request XFER_ID=526 buffer_size=8192
I0317 11:12:08.210735     274 libfabric_rail.cpp:997] Posting receive on endpoint=0xadfbce0 buffer=0x7fc3cdde1010 size=8192 context=0xad9e2d0
I0317 11:12:08.210736     274 libfabric_rail.cpp:1006] Receive posted successfully
I0317 11:12:08.210737     274 libfabric_rail.cpp:320] Allocate on Rail 0 allocated control request XFER_ID=527 buffer_size=8192
I0317 11:12:08.210737     274 libfabric_rail.cpp:997] Posting receive on endpoint=0xadfbce0 buffer=0x7fc3cdddf010 size=8192 context=0xad9e220
I0317 11:12:08.210738     274 libfabric_rail.cpp:1006] Receive posted successfully
I0317 11:12:08.210739     274 libfabric_rail.cpp:320] Allocate on Rail 0 allocated control request XFER_ID=528 buffer_size=8192
I0317 11:12:08.210740     274 libfabric_rail.cpp:997] Posting receive on endpoint=0xadfbce0 buffer=0x7fc3cdddd010 size=8192 context=0xad9e178
I0317 11:12:08.210741     274 libfabric_rail.cpp:1006] Receive posted successfully
I0317 11:12:08.210741     274 libfabric_rail.cpp:320] Allocate on Rail 0 allocated control request XFER_ID=529 buffer_size=8192
I0317 11:12:08.210742     274 libfabric_rail.cpp:997] Posting receive on endpoint=0xadfbce0 buffer=0x7fc3cdddb010 size=8192 context=0xad9e0d0
I0317 11:12:08.210743     274 libfabric_rail.cpp:1006] Receive posted successfully
I0317 11:12:08.210743     274 libfabric_rail.cpp:320] Allocate on Rail 0 allocated control request XFER_ID=530 buffer_size=8192
I0317 11:12:08.210744     274 libfabric_rail.cpp:997] Posting receive on endpoint=0xadfbce0 buffer=0x7fc3cddd9010 size=8192 context=0xad9e020
I0317 11:12:08.210745     274 libfabric_rail.cpp:1006] Receive posted successfully
I0317 11:12:08.210745     274 libfabric_rail.cpp:320] Allocate on Rail 0 allocated control request XFER_ID=531 buffer_size=8192
I0317 11:12:08.210746     274 libfabric_rail.cpp:997] Posting receive on endpoint=0xadfbce0 buffer=0x7fc3cddd7010 size=8192 context=0xad9df78
I0317 11:12:08.210747     274 libfabric_rail.cpp:1006] Receive posted successfully
I0317 11:12:08.210748     274 libfabric_rail.cpp:320] Allocate on Rail 0 allocated control request XFER_ID=532 buffer_size=8192
I0317 11:12:08.210748     274 libfabric_rail.cpp:997] Posting receive on endpoint=0xadfbce0 buffer=0x7fc3cddd5010 size=8192 context=0xad9ded0
I0317 11:12:08.210749     274 libfabric_rail.cpp:1006] Receive posted successfully
I0317 11:12:08.210750     274 libfabric_rail.cpp:320] Allocate on Rail 0 allocated control request XFER_ID=533 buffer_size=8192
I0317 11:12:08.210751     274 libfabric_rail.cpp:997] Posting receive on endpoint=0xadfbce0 buffer=0x7fc3cddd3010 size=8192 context=0xad9de20
I0317 11:12:08.210752     274 libfabric_rail.cpp:1006] Receive posted successfully
I0317 11:12:08.210752     274 libfabric_rail.cpp:320] Allocate on Rail 0 allocated control request XFER_ID=534 buffer_size=8192
I0317 11:12:08.210753     274 libfabric_rail.cpp:997] Posting receive on endpoint=0xadfbce0 buffer=0x7fc3cddd1010 size=8192 context=0xad9dd78
I0317 11:12:08.210754     274 libfabric_rail.cpp:1006] Receive posted successfully
I0317 11:12:08.210754     274 libfabric_rail.cpp:320] Allocate on Rail 0 allocated control request XFER_ID=535 buffer_size=8192
I0317 11:12:08.210755     274 libfabric_rail.cpp:997] Posting receive on endpoint=0xadfbce0 buffer=0x7fc3cddcf010 size=8192 context=0xad9dcd0
I0317 11:12:08.210756     274 libfabric_rail.cpp:1006] Receive posted successfully
I0317 11:12:08.210757     274 libfabric_rail.cpp:320] Allocate on Rail 0 allocated control request XFER_ID=536 buffer_size=8192
I0317 11:12:08.210757     274 libfabric_rail.cpp:997] Posting receive on endpoint=0xadfbce0 buffer=0x7fc3cddcd010 size=8192 context=0xad9dc20
I0317 11:12:08.210758     274 libfabric_rail.cpp:1006] Receive posted successfully
I0317 11:12:08.210759     274 libfabric_rail.cpp:320] Allocate on Rail 0 allocated control request XFER_ID=537 buffer_size=8192
I0317 11:12:08.210759     274 libfabric_rail.cpp:997] Posting receive on endpoint=0xadfbce0 buffer=0x7fc3cddcb010 size=8192 context=0xad9db78
I0317 11:12:08.210760     274 libfabric_rail.cpp:1006] Receive posted successfully
I0317 11:12:08.210761     274 libfabric_rail.cpp:320] Allocate on Rail 0 allocated control request XFER_ID=538 buffer_size=8192
I0317 11:12:08.210762     274 libfabric_rail.cpp:997] Posting receive on endpoint=0xadfbce0 buffer=0x7fc3cddc9010 size=8192 context=0xad9dad0
I0317 11:12:08.210763     274 libfabric_rail.cpp:1006] Receive posted successfully
I0317 11:12:08.210763     274 libfabric_rail.cpp:320] Allocate on Rail 0 allocated control request XFER_ID=539 buffer_size=8192
I0317 11:12:08.210764     274 libfabric_rail.cpp:997] Posting receive on endpoint=0xadfbce0 buffer=0x7fc3cddc7010 size=8192 context=0xad9da20
I0317 11:12:08.210765     274 libfabric_rail.cpp:1006] Receive posted successfully
I0317 11:12:08.210765     274 libfabric_rail.cpp:320] Allocate on Rail 0 allocated control request XFER_ID=540 buffer_size=8192
I0317 11:12:08.210766     274 libfabric_rail.cpp:997] Posting receive on endpoint=0xadfbce0 buffer=0x7fc3cddc5010 size=8192 context=0xad9d978
I0317 11:12:08.210767     274 libfabric_rail.cpp:1006] Receive posted successfully
I0317 11:12:08.210768     274 libfabric_rail.cpp:320] Allocate on Rail 0 allocated control request XFER_ID=541 buffer_size=8192
I0317 11:12:08.210768     274 libfabric_rail.cpp:997] Posting receive on endpoint=0xadfbce0 buffer=0x7fc3cddc3010 size=8192 context=0xad9d8d0
I0317 11:12:08.210769     274 libfabric_rail.cpp:1006] Receive posted successfully
I0317 11:12:08.210770     274 libfabric_rail.cpp:320] Allocate on Rail 0 allocated control request XFER_ID=542 buffer_size=8192
I0317 11:12:08.210770     274 libfabric_rail.cpp:997] Posting receive on endpoint=0xadfbce0 buffer=0x7fc3cddc1010 size=8192 context=0xad9d820
I0317 11:12:08.210771     274 libfabric_rail.cpp:1006] Receive posted successfully
I0317 11:12:08.210772     274 libfabric_rail.cpp:320] Allocate on Rail 0 allocated control request XFER_ID=543 buffer_size=8192
I0317 11:12:08.210773     274 libfabric_rail.cpp:997] Posting receive on endpoint=0xadfbce0 buffer=0x7fc3cddbf010 size=8192 context=0xad9d778
I0317 11:12:08.210773     274 libfabric_rail.cpp:1006] Receive posted successfully
I0317 11:12:08.210774     274 libfabric_rail.cpp:320] Allocate on Rail 0 allocated control request XFER_ID=544 buffer_size=8192
I0317 11:12:08.210775     274 libfabric_rail.cpp:997] Posting receive on endpoint=0xadfbce0 buffer=0x7fc3cddbd010 size=8192 context=0xad9d6d0
I0317 11:12:08.210776     274 libfabric_rail.cpp:1006] Receive posted successfully
I0317 11:12:08.210776     274 libfabric_rail.cpp:320] Allocate on Rail 0 allocated control request XFER_ID=545 buffer_size=8192
I0317 11:12:08.210777     274 libfabric_rail.cpp:997] Posting receive on endpoint=0xadfbce0 buffer=0x7fc3cddbb010 size=8192 context=0xad9d620
I0317 11:12:08.210778     274 libfabric_rail.cpp:1006] Receive posted successfully
I0317 11:12:08.210778     274 libfabric_rail.cpp:320] Allocate on Rail 0 allocated control request XFER_ID=546 buffer_size=8192
I0317 11:12:08.210779     274 libfabric_rail.cpp:997] Posting receive on endpoint=0xadfbce0 buffer=0x7fc3cddb9010 size=8192 context=0xad9d578
I0317 11:12:08.210780     274 libfabric_rail.cpp:1006] Receive posted successfully
I0317 11:12:08.210781     274 libfabric_rail.cpp:320] Allocate on Rail 0 allocated control request XFER_ID=547 buffer_size=8192
I0317 11:12:08.210782     274 libfabric_rail.cpp:997] Posting receive on endpoint=0xadfbce0 buffer=0x7fc3cddb7010 size=8192 context=0xad9d4d0
I0317 11:12:08.210783     274 libfabric_rail.cpp:1006] Receive posted successfully
I0317 11:12:08.210783     274 libfabric_rail.cpp:320] Allocate on Rail 0 allocated control request XFER_ID=548 buffer_size=8192
I0317 11:12:08.210784     274 libfabric_rail.cpp:997] Posting receive on endpoint=0xadfbce0 buffer=0x7fc3cddb5010 size=8192 context=0xad9d420
I0317 11:12:08.210785     274 libfabric_rail.cpp:1006] Receive posted successfully
I0317 11:12:08.210785     274 libfabric_rail.cpp:320] Allocate on Rail 0 allocated control request XFER_ID=549 buffer_size=8192
I0317 11:12:08.210786     274 libfabric_rail.cpp:997] Posting receive on endpoint=0xadfbce0 buffer=0x7fc3cddb3010 size=8192 context=0xad9d378
I0317 11:12:08.210787     274 libfabric_rail.cpp:1006] Receive posted successfully
I0317 11:12:08.210788     274 libfabric_rail.cpp:320] Allocate on Rail 0 allocated control request XFER_ID=550 buffer_size=8192
I0317 11:12:08.210788     274 libfabric_rail.cpp:997] Posting receive on endpoint=0xadfbce0 buffer=0x7fc3cddb1010 size=8192 context=0xad9d2d0
I0317 11:12:08.210789     274 libfabric_rail.cpp:1006] Receive posted successfully
I0317 11:12:08.210790     274 libfabric_rail.cpp:320] Allocate on Rail 0 allocated control request XFER_ID=551 buffer_size=8192
I0317 11:12:08.210790     274 libfabric_rail.cpp:997] Posting receive on endpoint=0xadfbce0 buffer=0x7fc3cddaf010 size=8192 context=0xad9d220
I0317 11:12:08.210791     274 libfabric_rail.cpp:1006] Receive posted successfully
I0317 11:12:08.210792     274 libfabric_rail.cpp:320] Allocate on Rail 0 allocated control request XFER_ID=552 buffer_size=8192
I0317 11:12:08.210793     274 libfabric_rail.cpp:997] Posting receive on endpoint=0xadfbce0 buffer=0x7fc3cddad010 size=8192 context=0xad9d178
I0317 11:12:08.210794     274 libfabric_rail.cpp:1006] Receive posted successfully
I0317 11:12:08.210794     274 libfabric_rail.cpp:320] Allocate on Rail 0 allocated control request XFER_ID=553 buffer_size=8192
I0317 11:12:08.210795     274 libfabric_rail.cpp:997] Posting receive on endpoint=0xadfbce0 buffer=0x7fc3cddab010 size=8192 context=0xad9d0d0
I0317 11:12:08.210796     274 libfabric_rail.cpp:1006] Receive posted successfully
I0317 11:12:08.210796     274 libfabric_rail.cpp:320] Allocate on Rail 0 allocated control request XFER_ID=554 buffer_size=8192
I0317 11:12:08.210797     274 libfabric_rail.cpp:997] Posting receive on endpoint=0xadfbce0 buffer=0x7fc3cdda9010 size=8192 context=0xad9d020
I0317 11:12:08.210798     274 libfabric_rail.cpp:1006] Receive posted successfully
I0317 11:12:08.210798     274 libfabric_rail.cpp:320] Allocate on Rail 0 allocated control request XFER_ID=555 buffer_size=8192
I0317 11:12:08.210799     274 libfabric_rail.cpp:997] Posting receive on endpoint=0xadfbce0 buffer=0x7fc3cdda7010 size=8192 context=0xad9cf78
I0317 11:12:08.210800     274 libfabric_rail.cpp:1006] Receive posted successfully
I0317 11:12:08.210801     274 libfabric_rail.cpp:320] Allocate on Rail 0 allocated control request XFER_ID=556 buffer_size=8192
I0317 11:12:08.210801     274 libfabric_rail.cpp:997] Posting receive on endpoint=0xadfbce0 buffer=0x7fc3cdda5010 size=8192 context=0xad9ced0
I0317 11:12:08.210802     274 libfabric_rail.cpp:1006] Receive posted successfully
I0317 11:12:08.210803     274 libfabric_rail.cpp:320] Allocate on Rail 0 allocated control request XFER_ID=557 buffer_size=8192
I0317 11:12:08.210804     274 libfabric_rail.cpp:997] Posting receive on endpoint=0xadfbce0 buffer=0x7fc3cdda3010 size=8192 context=0xad9ce20
I0317 11:12:08.210804     274 libfabric_rail.cpp:1006] Receive posted successfully
I0317 11:12:08.210805     274 libfabric_rail.cpp:320] Allocate on Rail 0 allocated control request XFER_ID=558 buffer_size=8192
I0317 11:12:08.210806     274 libfabric_rail.cpp:997] Posting receive on endpoint=0xadfbce0 buffer=0x7fc3cdda1010 size=8192 context=0xad9cd78
I0317 11:12:08.210807     274 libfabric_rail.cpp:1006] Receive posted successfully
I0317 11:12:08.210808     274 libfabric_rail.cpp:320] Allocate on Rail 0 allocated control request XFER_ID=559 buffer_size=8192
I0317 11:12:08.210808     274 libfabric_rail.cpp:997] Posting receive on endpoint=0xadfbce0 buffer=0x7fc3cdd9f010 size=8192 context=0xad9ccd0
I0317 11:12:08.210809     274 libfabric_rail.cpp:1006] Receive posted successfully
I0317 11:12:08.210810     274 libfabric_rail.cpp:320] Allocate on Rail 0 allocated control request XFER_ID=560 buffer_size=8192
I0317 11:12:08.210810     274 libfabric_rail.cpp:997] Posting receive on endpoint=0xadfbce0 buffer=0x7fc3cdd9d010 size=8192 context=0xad9cc20
I0317 11:12:08.210811     274 libfabric_rail.cpp:1006] Receive posted successfully
I0317 11:12:08.210812     274 libfabric_rail.cpp:320] Allocate on Rail 0 allocated control request XFER_ID=561 buffer_size=8192
I0317 11:12:08.210813     274 libfabric_rail.cpp:997] Posting receive on endpoint=0xadfbce0 buffer=0x7fc3cdd9b010 size=8192 context=0xad9cb78
I0317 11:12:08.210813     274 libfabric_rail.cpp:1006] Receive posted successfully
I0317 11:12:08.210814     274 libfabric_rail.cpp:320] Allocate on Rail 0 allocated control request XFER_ID=562 buffer_size=8192
I0317 11:12:08.210815     274 libfabric_rail.cpp:997] Posting receive on endpoint=0xadfbce0 buffer=0x7fc3cdd99010 size=8192 context=0xad9cad0
I0317 11:12:08.210816     274 libfabric_rail.cpp:1006] Receive posted successfully
I0317 11:12:08.210816     274 libfabric_rail.cpp:320] Allocate on Rail 0 allocated control request XFER_ID=563 buffer_size=8192
I0317 11:12:08.210817     274 libfabric_rail.cpp:997] Posting receive on endpoint=0xadfbce0 buffer=0x7fc3cdd97010 size=8192 context=0xad9ca20
I0317 11:12:08.210818     274 libfabric_rail.cpp:1006] Receive posted successfully
I0317 11:12:08.210818     274 libfabric_rail.cpp:320] Allocate on Rail 0 allocated control request XFER_ID=564 buffer_size=8192
I0317 11:12:08.210819     274 libfabric_rail.cpp:997] Posting receive on endpoint=0xadfbce0 buffer=0x7fc3cdd95010 size=8192 context=0xad9c978
I0317 11:12:08.210820     274 libfabric_rail.cpp:1006] Receive posted successfully
I0317 11:12:08.210820     274 libfabric_rail.cpp:320] Allocate on Rail 0 allocated control request XFER_ID=565 buffer_size=8192
I0317 11:12:08.210821     274 libfabric_rail.cpp:997] Posting receive on endpoint=0xadfbce0 buffer=0x7fc3cdd93010 size=8192 context=0xad9c8d0
I0317 11:12:08.210822     274 libfabric_rail.cpp:1006] Receive posted successfully
I0317 11:12:08.210823     274 libfabric_rail.cpp:320] Allocate on Rail 0 allocated control request XFER_ID=566 buffer_size=8192
I0317 11:12:08.210823     274 libfabric_rail.cpp:997] Posting receive on endpoint=0xadfbce0 buffer=0x7fc3cdd91010 size=8192 context=0xad9c820
I0317 11:12:08.210824     274 libfabric_rail.cpp:1006] Receive posted successfully
I0317 11:12:08.210825     274 libfabric_rail.cpp:320] Allocate on Rail 0 allocated control request XFER_ID=567 buffer_size=8192
I0317 11:12:08.210825     274 libfabric_rail.cpp:997] Posting receive on endpoint=0xadfbce0 buffer=0x7fc3cdd8f010 size=8192 context=0xad9c778
I0317 11:12:08.210826     274 libfabric_rail.cpp:1006] Receive posted successfully
I0317 11:12:08.210827     274 libfabric_rail.cpp:320] Allocate on Rail 0 allocated control request XFER_ID=568 buffer_size=8192
I0317 11:12:08.210828     274 libfabric_rail.cpp:997] Posting receive on endpoint=0xadfbce0 buffer=0x7fc3cdd8d010 size=8192 context=0xad9c6d0
I0317 11:12:08.210829     274 libfabric_rail.cpp:1006] Receive posted successfully
I0317 11:12:08.210829     274 libfabric_rail.cpp:320] Allocate on Rail 0 allocated control request XFER_ID=569 buffer_size=8192
I0317 11:12:08.210830     274 libfabric_rail.cpp:997] Posting receive on endpoint=0xadfbce0 buffer=0x7fc3cdd8b010 size=8192 context=0xad9c620
I0317 11:12:08.210831     274 libfabric_rail.cpp:1006] Receive posted successfully
I0317 11:12:08.210832     274 libfabric_rail.cpp:320] Allocate on Rail 0 allocated control request XFER_ID=570 buffer_size=8192
I0317 11:12:08.210832     274 libfabric_rail.cpp:997] Posting receive on endpoint=0xadfbce0 buffer=0x7fc3cdd89010 size=8192 context=0xad9c578
I0317 11:12:08.210833     274 libfabric_rail.cpp:1006] Receive posted successfully
I0317 11:12:08.210834     274 libfabric_rail.cpp:320] Allocate on Rail 0 allocated control request XFER_ID=571 buffer_size=8192
I0317 11:12:08.210834     274 libfabric_rail.cpp:997] Posting receive on endpoint=0xadfbce0 buffer=0x7fc3cdd87010 size=8192 context=0xad9c4d0
I0317 11:12:08.210835     274 libfabric_rail.cpp:1006] Receive posted successfully
I0317 11:12:08.210836     274 libfabric_rail.cpp:320] Allocate on Rail 0 allocated control request XFER_ID=572 buffer_size=8192
I0317 11:12:08.210837     274 libfabric_rail.cpp:997] Posting receive on endpoint=0xadfbce0 buffer=0x7fc3cdd85010 size=8192 context=0xad9c420
I0317 11:12:08.210837     274 libfabric_rail.cpp:1006] Receive posted successfully
I0317 11:12:08.210838     274 libfabric_rail.cpp:320] Allocate on Rail 0 allocated control request XFER_ID=573 buffer_size=8192
I0317 11:12:08.210839     274 libfabric_rail.cpp:997] Posting receive on endpoint=0xadfbce0 buffer=0x7fc3cdd83010 size=8192 context=0xad9c378
I0317 11:12:08.210840     274 libfabric_rail.cpp:1006] Receive posted successfully
I0317 11:12:08.210840     274 libfabric_rail.cpp:320] Allocate on Rail 0 allocated control request XFER_ID=574 buffer_size=8192
I0317 11:12:08.210841     274 libfabric_rail.cpp:997] Posting receive on endpoint=0xadfbce0 buffer=0x7fc3cdd81010 size=8192 context=0xad9c2d0
I0317 11:12:08.210842     274 libfabric_rail.cpp:1006] Receive posted successfully
I0317 11:12:08.210842     274 libfabric_rail.cpp:320] Allocate on Rail 0 allocated control request XFER_ID=575 buffer_size=8192
I0317 11:12:08.210843     274 libfabric_rail.cpp:997] Posting receive on endpoint=0xadfbce0 buffer=0x7fc3cdd7f010 size=8192 context=0xad9c220
I0317 11:12:08.210844     274 libfabric_rail.cpp:1006] Receive posted successfully
I0317 11:12:08.210845     274 libfabric_rail.cpp:320] Allocate on Rail 0 allocated control request XFER_ID=576 buffer_size=8192
I0317 11:12:08.210845     274 libfabric_rail.cpp:997] Posting receive on endpoint=0xadfbce0 buffer=0x7fc3cdd7d010 size=8192 context=0xad9c178
I0317 11:12:08.210846     274 libfabric_rail.cpp:1006] Receive posted successfully
I0317 11:12:08.210847     274 libfabric_rail.cpp:320] Allocate on Rail 0 allocated control request XFER_ID=577 buffer_size=8192
I0317 11:12:08.210848     274 libfabric_rail.cpp:997] Posting receive on endpoint=0xadfbce0 buffer=0x7fc3cdd7b010 size=8192 context=0xad9c0d0
I0317 11:12:08.210849     274 libfabric_rail.cpp:1006] Receive posted successfully
I0317 11:12:08.210849     274 libfabric_rail.cpp:320] Allocate on Rail 0 allocated control request XFER_ID=578 buffer_size=8192
I0317 11:12:08.210850     274 libfabric_rail.cpp:997] Posting receive on endpoint=0xadfbce0 buffer=0x7fc3cdd79010 size=8192 context=0xad9c020
I0317 11:12:08.210851     274 libfabric_rail.cpp:1006] Receive posted successfully
I0317 11:12:08.210851     274 libfabric_rail.cpp:320] Allocate on Rail 0 allocated control request XFER_ID=579 buffer_size=8192
I0317 11:12:08.210852     274 libfabric_rail.cpp:997] Posting receive on endpoint=0xadfbce0 buffer=0x7fc3cdd77010 size=8192 context=0xad9bf78
I0317 11:12:08.210853     274 libfabric_rail.cpp:1006] Receive posted successfully
I0317 11:12:08.210854     274 libfabric_rail.cpp:320] Allocate on Rail 0 allocated control request XFER_ID=580 buffer_size=8192
I0317 11:12:08.210854     274 libfabric_rail.cpp:997] Posting receive on endpoint=0xadfbce0 buffer=0x7fc3cdd75010 size=8192 context=0xad9bed0
I0317 11:12:08.210855     274 libfabric_rail.cpp:1006] Receive posted successfully
I0317 11:12:08.210856     274 libfabric_rail.cpp:320] Allocate on Rail 0 allocated control request XFER_ID=581 buffer_size=8192
I0317 11:12:08.210856     274 libfabric_rail.cpp:997] Posting receive on endpoint=0xadfbce0 buffer=0x7fc3cdd73010 size=8192 context=0xad9be20
I0317 11:12:08.210857     274 libfabric_rail.cpp:1006] Receive posted successfully
I0317 11:12:08.210858     274 libfabric_rail.cpp:320] Allocate on Rail 0 allocated control request XFER_ID=582 buffer_size=8192
I0317 11:12:08.210859     274 libfabric_rail.cpp:997] Posting receive on endpoint=0xadfbce0 buffer=0x7fc3cdd71010 size=8192 context=0xad9bd78
I0317 11:12:08.210859     274 libfabric_rail.cpp:1006] Receive posted successfully
I0317 11:12:08.210860     274 libfabric_rail.cpp:320] Allocate on Rail 0 allocated control request XFER_ID=583 buffer_size=8192
I0317 11:12:08.210861     274 libfabric_rail.cpp:997] Posting receive on endpoint=0xadfbce0 buffer=0x7fc3cdd6f010 size=8192 context=0xad9bcd0
I0317 11:12:08.210862     274 libfabric_rail.cpp:1006] Receive posted successfully
I0317 11:12:08.210862     274 libfabric_rail.cpp:320] Allocate on Rail 0 allocated control request XFER_ID=584 buffer_size=8192
I0317 11:12:08.210863     274 libfabric_rail.cpp:997] Posting receive on endpoint=0xadfbce0 buffer=0x7fc3cdd6d010 size=8192 context=0xad9bc20
I0317 11:12:08.210864     274 libfabric_rail.cpp:1006] Receive posted successfully
I0317 11:12:08.210864     274 libfabric_rail.cpp:320] Allocate on Rail 0 allocated control request XFER_ID=585 buffer_size=8192
I0317 11:12:08.210865     274 libfabric_rail.cpp:997] Posting receive on endpoint=0xadfbce0 buffer=0x7fc3cdd6b010 size=8192 context=0xad9bb78
I0317 11:12:08.210866     274 libfabric_rail.cpp:1006] Receive posted successfully
I0317 11:12:08.210867     274 libfabric_rail.cpp:320] Allocate on Rail 0 allocated control request XFER_ID=586 buffer_size=8192
I0317 11:12:08.210867     274 libfabric_rail.cpp:997] Posting receive on endpoint=0xadfbce0 buffer=0x7fc3cdd69010 size=8192 context=0xad9bad0
I0317 11:12:08.210868     274 libfabric_rail.cpp:1006] Receive posted successfully
I0317 11:12:08.210869     274 libfabric_rail.cpp:320] Allocate on Rail 0 allocated control request XFER_ID=587 buffer_size=8192
I0317 11:12:08.210870     274 libfabric_rail.cpp:997] Posting receive on endpoint=0xadfbce0 buffer=0x7fc3cdd67010 size=8192 context=0xad9ba20
I0317 11:12:08.210870     274 libfabric_rail.cpp:1006] Receive posted successfully
I0317 11:12:08.210871     274 libfabric_rail.cpp:320] Allocate on Rail 0 allocated control request XFER_ID=588 buffer_size=8192
I0317 11:12:08.210872     274 libfabric_rail.cpp:997] Posting receive on endpoint=0xadfbce0 buffer=0x7fc3cdd65010 size=8192 context=0xad9b978
I0317 11:12:08.210873     274 libfabric_rail.cpp:1006] Receive posted successfully
I0317 11:12:08.210873     274 libfabric_rail.cpp:320] Allocate on Rail 0 allocated control request XFER_ID=589 buffer_size=8192
I0317 11:12:08.210874     274 libfabric_rail.cpp:997] Posting receive on endpoint=0xadfbce0 buffer=0x7fc3cdd63010 size=8192 context=0xad9b8d0
I0317 11:12:08.210875     274 libfabric_rail.cpp:1006] Receive posted successfully
I0317 11:12:08.210875     274 libfabric_rail.cpp:320] Allocate on Rail 0 allocated control request XFER_ID=590 buffer_size=8192
I0317 11:12:08.210876     274 libfabric_rail.cpp:997] Posting receive on endpoint=0xadfbce0 buffer=0x7fc3cdd61010 size=8192 context=0xad9b820
I0317 11:12:08.210877     274 libfabric_rail.cpp:1006] Receive posted successfully
I0317 11:12:08.210877     274 libfabric_rail.cpp:320] Allocate on Rail 0 allocated control request XFER_ID=591 buffer_size=8192
I0317 11:12:08.210878     274 libfabric_rail.cpp:997] Posting receive on endpoint=0xadfbce0 buffer=0x7fc3cdd5f010 size=8192 context=0xad9b778
I0317 11:12:08.210879     274 libfabric_rail.cpp:1006] Receive posted successfully
I0317 11:12:08.210880     274 libfabric_rail.cpp:320] Allocate on Rail 0 allocated control request XFER_ID=592 buffer_size=8192
I0317 11:12:08.210880     274 libfabric_rail.cpp:997] Posting receive on endpoint=0xadfbce0 buffer=0x7fc3cdd5d010 size=8192 context=0xad9b6d0
I0317 11:12:08.210881     274 libfabric_rail.cpp:1006] Receive posted successfully
I0317 11:12:08.210882     274 libfabric_rail.cpp:320] Allocate on Rail 0 allocated control request XFER_ID=593 buffer_size=8192
I0317 11:12:08.210883     274 libfabric_rail.cpp:997] Posting receive on endpoint=0xadfbce0 buffer=0x7fc3cdd5b010 size=8192 context=0xad9b620
I0317 11:12:08.210884     274 libfabric_rail.cpp:1006] Receive posted successfully
I0317 11:12:08.210884     274 libfabric_rail.cpp:320] Allocate on Rail 0 allocated control request XFER_ID=594 buffer_size=8192
I0317 11:12:08.210885     274 libfabric_rail.cpp:997] Posting receive on endpoint=0xadfbce0 buffer=0x7fc3cdd59010 size=8192 context=0xad9b578
I0317 11:12:08.210886     274 libfabric_rail.cpp:1006] Receive posted successfully
I0317 11:12:08.210887     274 libfabric_rail.cpp:320] Allocate on Rail 0 allocated control request XFER_ID=595 buffer_size=8192
I0317 11:12:08.210887     274 libfabric_rail.cpp:997] Posting receive on endpoint=0xadfbce0 buffer=0x7fc3cdd57010 size=8192 context=0xad9b4d0
I0317 11:12:08.210888     274 libfabric_rail.cpp:1006] Receive posted successfully
I0317 11:12:08.210889     274 libfabric_rail.cpp:320] Allocate on Rail 0 allocated control request XFER_ID=596 buffer_size=8192
I0317 11:12:08.210889     274 libfabric_rail.cpp:997] Posting receive on endpoint=0xadfbce0 buffer=0x7fc3cdd55010 size=8192 context=0xad9b420
I0317 11:12:08.210890     274 libfabric_rail.cpp:1006] Receive posted successfully
I0317 11:12:08.210891     274 libfabric_rail.cpp:320] Allocate on Rail 0 allocated control request XFER_ID=597 buffer_size=8192
I0317 11:12:08.210892     274 libfabric_rail.cpp:997] Posting receive on endpoint=0xadfbce0 buffer=0x7fc3cdd53010 size=8192 context=0xad9b378
I0317 11:12:08.210893     274 libfabric_rail.cpp:1006] Receive posted successfully
I0317 11:12:08.210893     274 libfabric_rail.cpp:320] Allocate on Rail 0 allocated control request XFER_ID=598 buffer_size=8192
I0317 11:12:08.210894     274 libfabric_rail.cpp:997] Posting receive on endpoint=0xadfbce0 buffer=0x7fc3cdd51010 size=8192 context=0xad9b2d0
I0317 11:12:08.210895     274 libfabric_rail.cpp:1006] Receive posted successfully
I0317 11:12:08.210896     274 libfabric_rail.cpp:320] Allocate on Rail 0 allocated control request XFER_ID=599 buffer_size=8192
I0317 11:12:08.210896     274 libfabric_rail.cpp:997] Posting receive on endpoint=0xadfbce0 buffer=0x7fc3cdd4f010 size=8192 context=0xad9b220
I0317 11:12:08.210897     274 libfabric_rail.cpp:1006] Receive posted successfully
I0317 11:12:08.210898     274 libfabric_rail.cpp:320] Allocate on Rail 0 allocated control request XFER_ID=600 buffer_size=8192
I0317 11:12:08.210898     274 libfabric_rail.cpp:997] Posting receive on endpoint=0xadfbce0 buffer=0x7fc3cdd4d010 size=8192 context=0xad9b178
I0317 11:12:08.210899     274 libfabric_rail.cpp:1006] Receive posted successfully
I0317 11:12:08.210900     274 libfabric_rail.cpp:320] Allocate on Rail 0 allocated control request XFER_ID=601 buffer_size=8192
I0317 11:12:08.210901     274 libfabric_rail.cpp:997] Posting receive on endpoint=0xadfbce0 buffer=0x7fc3cdd4b010 size=8192 context=0xad9b0d0
I0317 11:12:08.210902     274 libfabric_rail.cpp:1006] Receive posted successfully
I0317 11:12:08.210902     274 libfabric_rail.cpp:320] Allocate on Rail 0 allocated control request XFER_ID=602 buffer_size=8192
I0317 11:12:08.210903     274 libfabric_rail.cpp:997] Posting receive on endpoint=0xadfbce0 buffer=0x7fc3cdd49010 size=8192 context=0xad9b020
I0317 11:12:08.210904     274 libfabric_rail.cpp:1006] Receive posted successfully
I0317 11:12:08.210904     274 libfabric_rail.cpp:320] Allocate on Rail 0 allocated control request XFER_ID=603 buffer_size=8192
I0317 11:12:08.210905     274 libfabric_rail.cpp:997] Posting receive on endpoint=0xadfbce0 buffer=0x7fc3cdd47010 size=8192 context=0xad9af78
I0317 11:12:08.210906     274 libfabric_rail.cpp:1006] Receive posted successfully
I0317 11:12:08.210906     274 libfabric_rail.cpp:320] Allocate on Rail 0 allocated control request XFER_ID=604 buffer_size=8192
I0317 11:12:08.210907     274 libfabric_rail.cpp:997] Posting receive on endpoint=0xadfbce0 buffer=0x7fc3cdd45010 size=8192 context=0xad9aed0
I0317 11:12:08.210908     274 libfabric_rail.cpp:1006] Receive posted successfully
I0317 11:12:08.210909     274 libfabric_rail.cpp:320] Allocate on Rail 0 allocated control request XFER_ID=605 buffer_size=8192
I0317 11:12:08.210909     274 libfabric_rail.cpp:997] Posting receive on endpoint=0xadfbce0 buffer=0x7fc3cdd43010 size=8192 context=0xad9ae20
I0317 11:12:08.210910     274 libfabric_rail.cpp:1006] Receive posted successfully
I0317 11:12:08.210911     274 libfabric_rail.cpp:320] Allocate on Rail 0 allocated control request XFER_ID=606 buffer_size=8192
I0317 11:12:08.210911     274 libfabric_rail.cpp:997] Posting receive on endpoint=0xadfbce0 buffer=0x7fc3cdd41010 size=8192 context=0xad9ad78
I0317 11:12:08.210912     274 libfabric_rail.cpp:1006] Receive posted successfully
I0317 11:12:08.210913     274 libfabric_rail.cpp:320] Allocate on Rail 0 allocated control request XFER_ID=607 buffer_size=8192
I0317 11:12:08.210914     274 libfabric_rail.cpp:997] Posting receive on endpoint=0xadfbce0 buffer=0x7fc3cdd3f010 size=8192 context=0xad9acd0
I0317 11:12:08.210915     274 libfabric_rail.cpp:1006] Receive posted successfully
I0317 11:12:08.210915     274 libfabric_rail.cpp:320] Allocate on Rail 0 allocated control request XFER_ID=608 buffer_size=8192
I0317 11:12:08.210916     274 libfabric_rail.cpp:997] Posting receive on endpoint=0xadfbce0 buffer=0x7fc3cdd3d010 size=8192 context=0xad9ac20
I0317 11:12:08.210917     274 libfabric_rail.cpp:1006] Receive posted successfully
I0317 11:12:08.210917     274 libfabric_rail.cpp:320] Allocate on Rail 0 allocated control request XFER_ID=609 buffer_size=8192
I0317 11:12:08.210918     274 libfabric_rail.cpp:997] Posting receive on endpoint=0xadfbce0 buffer=0x7fc3cdd3b010 size=8192 context=0xad9ab78
I0317 11:12:08.210919     274 libfabric_rail.cpp:1006] Receive posted successfully
I0317 11:12:08.210919     274 libfabric_rail.cpp:320] Allocate on Rail 0 allocated control request XFER_ID=610 buffer_size=8192
I0317 11:12:08.210920     274 libfabric_rail.cpp:997] Posting receive on endpoint=0xadfbce0 buffer=0x7fc3cdd39010 size=8192 context=0xad9aad0
I0317 11:12:08.210921     274 libfabric_rail.cpp:1006] Receive posted successfully
I0317 11:12:08.210922     274 libfabric_rail.cpp:320] Allocate on Rail 0 allocated control request XFER_ID=611 buffer_size=8192
I0317 11:12:08.210922     274 libfabric_rail.cpp:997] Posting receive on endpoint=0xadfbce0 buffer=0x7fc3cdd37010 size=8192 context=0xad9aa20
I0317 11:12:08.210923     274 libfabric_rail.cpp:1006] Receive posted successfully
I0317 11:12:08.210924     274 libfabric_rail.cpp:320] Allocate on Rail 0 allocated control request XFER_ID=612 buffer_size=8192
I0317 11:12:08.210925     274 libfabric_rail.cpp:997] Posting receive on endpoint=0xadfbce0 buffer=0x7fc3cdd35010 size=8192 context=0xad9a978
I0317 11:12:08.210926     274 libfabric_rail.cpp:1006] Receive posted successfully
I0317 11:12:08.210926     274 libfabric_rail.cpp:320] Allocate on Rail 0 allocated control request XFER_ID=613 buffer_size=8192
I0317 11:12:08.210927     274 libfabric_rail.cpp:997] Posting receive on endpoint=0xadfbce0 buffer=0x7fc3cdd33010 size=8192 context=0xad9a8d0
I0317 11:12:08.210928     274 libfabric_rail.cpp:1006] Receive posted successfully
I0317 11:12:08.210928     274 libfabric_rail.cpp:320] Allocate on Rail 0 allocated control request XFER_ID=614 buffer_size=8192
I0317 11:12:08.210929     274 libfabric_rail.cpp:997] Posting receive on endpoint=0xadfbce0 buffer=0x7fc3cdd31010 size=8192 context=0xad9a820
I0317 11:12:08.210930     274 libfabric_rail.cpp:1006] Receive posted successfully
I0317 11:12:08.210930     274 libfabric_rail.cpp:320] Allocate on Rail 0 allocated control request XFER_ID=615 buffer_size=8192
I0317 11:12:08.210931     274 libfabric_rail.cpp:997] Posting receive on endpoint=0xadfbce0 buffer=0x7fc3cdd2f010 size=8192 context=0xad9a778
I0317 11:12:08.210932     274 libfabric_rail.cpp:1006] Receive posted successfully
I0317 11:12:08.210933     274 libfabric_rail.cpp:320] Allocate on Rail 0 allocated control request XFER_ID=616 buffer_size=8192
I0317 11:12:08.210933     274 libfabric_rail.cpp:997] Posting receive on endpoint=0xadfbce0 buffer=0x7fc3cdd2d010 size=8192 context=0xad9a6d0
I0317 11:12:08.210934     274 libfabric_rail.cpp:1006] Receive posted successfully
I0317 11:12:08.210935     274 libfabric_rail.cpp:320] Allocate on Rail 0 allocated control request XFER_ID=617 buffer_size=8192
I0317 11:12:08.210936     274 libfabric_rail.cpp:997] Posting receive on endpoint=0xadfbce0 buffer=0x7fc3cdd2b010 size=8192 context=0xad9a620
I0317 11:12:08.210936     274 libfabric_rail.cpp:1006] Receive posted successfully
I0317 11:12:08.210937     274 libfabric_rail.cpp:320] Allocate on Rail 0 allocated control request XFER_ID=618 buffer_size=8192
I0317 11:12:08.210938     274 libfabric_rail.cpp:997] Posting receive on endpoint=0xadfbce0 buffer=0x7fc3cdd29010 size=8192 context=0xad9a578
I0317 11:12:08.210939     274 libfabric_rail.cpp:1006] Receive posted successfully
I0317 11:12:08.210939     274 libfabric_rail.cpp:320] Allocate on Rail 0 allocated control request XFER_ID=619 buffer_size=8192
I0317 11:12:08.210940     274 libfabric_rail.cpp:997] Posting receive on endpoint=0xadfbce0 buffer=0x7fc3cdd27010 size=8192 context=0xad9a4d0
I0317 11:12:08.210941     274 libfabric_rail.cpp:1006] Receive posted successfully
I0317 11:12:08.210941     274 libfabric_rail.cpp:320] Allocate on Rail 0 allocated control request XFER_ID=620 buffer_size=8192
I0317 11:12:08.210942     274 libfabric_rail.cpp:997] Posting receive on endpoint=0xadfbce0 buffer=0x7fc3cdd25010 size=8192 context=0xad9a420
I0317 11:12:08.210943     274 libfabric_rail.cpp:1006] Receive posted successfully
I0317 11:12:08.210943     274 libfabric_rail.cpp:320] Allocate on Rail 0 allocated control request XFER_ID=621 buffer_size=8192
I0317 11:12:08.210944     274 libfabric_rail.cpp:997] Posting receive on endpoint=0xadfbce0 buffer=0x7fc3cdd23010 size=8192 context=0xad9a378
I0317 11:12:08.210945     274 libfabric_rail.cpp:1006] Receive posted successfully
I0317 11:12:08.210946     274 libfabric_rail.cpp:320] Allocate on Rail 0 allocated control request XFER_ID=622 buffer_size=8192
I0317 11:12:08.210946     274 libfabric_rail.cpp:997] Posting receive on endpoint=0xadfbce0 buffer=0x7fc3cdd21010 size=8192 context=0xad9a2d0
I0317 11:12:08.210947     274 libfabric_rail.cpp:1006] Receive posted successfully
I0317 11:12:08.210948     274 libfabric_rail.cpp:320] Allocate on Rail 0 allocated control request XFER_ID=623 buffer_size=8192
I0317 11:12:08.210948     274 libfabric_rail.cpp:997] Posting receive on endpoint=0xadfbce0 buffer=0x7fc3cdd1f010 size=8192 context=0xad9a220
I0317 11:12:08.210949     274 libfabric_rail.cpp:1006] Receive posted successfully
I0317 11:12:08.210950     274 libfabric_rail.cpp:320] Allocate on Rail 0 allocated control request XFER_ID=624 buffer_size=8192
I0317 11:12:08.210951     274 libfabric_rail.cpp:997] Posting receive on endpoint=0xadfbce0 buffer=0x7fc3cdd1d010 size=8192 context=0xad9a178
I0317 11:12:08.210952     274 libfabric_rail.cpp:1006] Receive posted successfully
I0317 11:12:08.210952     274 libfabric_rail.cpp:320] Allocate on Rail 0 allocated control request XFER_ID=625 buffer_size=8192
I0317 11:12:08.210953     274 libfabric_rail.cpp:997] Posting receive on endpoint=0xadfbce0 buffer=0x7fc3cdd1b010 size=8192 context=0xad9a0d0
I0317 11:12:08.210954     274 libfabric_rail.cpp:1006] Receive posted successfully
I0317 11:12:08.210954     274 libfabric_rail.cpp:320] Allocate on Rail 0 allocated control request XFER_ID=626 buffer_size=8192
I0317 11:12:08.210955     274 libfabric_rail.cpp:997] Posting receive on endpoint=0xadfbce0 buffer=0x7fc3cdd19010 size=8192 context=0xad9a020
I0317 11:12:08.210956     274 libfabric_rail.cpp:1006] Receive posted successfully
I0317 11:12:08.210957     274 libfabric_rail.cpp:320] Allocate on Rail 0 allocated control request XFER_ID=627 buffer_size=8192
I0317 11:12:08.210957     274 libfabric_rail.cpp:997] Posting receive on endpoint=0xadfbce0 buffer=0x7fc3cdd17010 size=8192 context=0xad99f78
I0317 11:12:08.210958     274 libfabric_rail.cpp:1006] Receive posted successfully
I0317 11:12:08.210959     274 libfabric_rail.cpp:320] Allocate on Rail 0 allocated control request XFER_ID=628 buffer_size=8192
I0317 11:12:08.210960     274 libfabric_rail.cpp:997] Posting receive on endpoint=0xadfbce0 buffer=0x7fc3cdd15010 size=8192 context=0xad99ed0
I0317 11:12:08.210961     274 libfabric_rail.cpp:1006] Receive posted successfully
I0317 11:12:08.210961     274 libfabric_rail.cpp:320] Allocate on Rail 0 allocated control request XFER_ID=629 buffer_size=8192
I0317 11:12:08.210962     274 libfabric_rail.cpp:997] Posting receive on endpoint=0xadfbce0 buffer=0x7fc3cdd13010 size=8192 context=0xad99e20
I0317 11:12:08.210963     274 libfabric_rail.cpp:1006] Receive posted successfully
I0317 11:12:08.210964     274 libfabric_rail.cpp:320] Allocate on Rail 0 allocated control request XFER_ID=630 buffer_size=8192
I0317 11:12:08.210964     274 libfabric_rail.cpp:997] Posting receive on endpoint=0xadfbce0 buffer=0x7fc3cdd11010 size=8192 context=0xad99d78
I0317 11:12:08.210965     274 libfabric_rail.cpp:1006] Receive posted successfully
I0317 11:12:08.210966     274 libfabric_rail.cpp:320] Allocate on Rail 0 allocated control request XFER_ID=631 buffer_size=8192
I0317 11:12:08.210966     274 libfabric_rail.cpp:997] Posting receive on endpoint=0xadfbce0 buffer=0x7fc3cdd0f010 size=8192 context=0xad99cd0
I0317 11:12:08.210967     274 libfabric_rail.cpp:1006] Receive posted successfully
I0317 11:12:08.210968     274 libfabric_rail.cpp:320] Allocate on Rail 0 allocated control request XFER_ID=632 buffer_size=8192
I0317 11:12:08.210969     274 libfabric_rail.cpp:997] Posting receive on endpoint=0xadfbce0 buffer=0x7fc3cdd0d010 size=8192 context=0xad99c20
I0317 11:12:08.210970     274 libfabric_rail.cpp:1006] Receive posted successfully
I0317 11:12:08.210970     274 libfabric_rail.cpp:320] Allocate on Rail 0 allocated control request XFER_ID=633 buffer_size=8192
I0317 11:12:08.210971     274 libfabric_rail.cpp:997] Posting receive on endpoint=0xadfbce0 buffer=0x7fc3cdd0b010 size=8192 context=0xad99b78
I0317 11:12:08.210972     274 libfabric_rail.cpp:1006] Receive posted successfully
I0317 11:12:08.210972     274 libfabric_rail.cpp:320] Allocate on Rail 0 allocated control request XFER_ID=634 buffer_size=8192
I0317 11:12:08.210973     274 libfabric_rail.cpp:997] Posting receive on endpoint=0xadfbce0 buffer=0x7fc3cdd09010 size=8192 context=0xad99ad0
I0317 11:12:08.210974     274 libfabric_rail.cpp:1006] Receive posted successfully
I0317 11:12:08.210974     274 libfabric_rail.cpp:320] Allocate on Rail 0 allocated control request XFER_ID=635 buffer_size=8192
I0317 11:12:08.210975     274 libfabric_rail.cpp:997] Posting receive on endpoint=0xadfbce0 buffer=0x7fc3cdd07010 size=8192 context=0xad99a20
I0317 11:12:08.210976     274 libfabric_rail.cpp:1006] Receive posted successfully
I0317 11:12:08.210977     274 libfabric_rail.cpp:320] Allocate on Rail 0 allocated control request XFER_ID=636 buffer_size=8192
I0317 11:12:08.210977     274 libfabric_rail.cpp:997] Posting receive on endpoint=0xadfbce0 buffer=0x7fc3cdd05010 size=8192 context=0xad99978
I0317 11:12:08.210978     274 libfabric_rail.cpp:1006] Receive posted successfully
I0317 11:12:08.210979     274 libfabric_rail.cpp:320] Allocate on Rail 0 allocated control request XFER_ID=637 buffer_size=8192
I0317 11:12:08.210979     274 libfabric_rail.cpp:997] Posting receive on endpoint=0xadfbce0 buffer=0x7fc3cdd03010 size=8192 context=0xad998d0
I0317 11:12:08.210980     274 libfabric_rail.cpp:1006] Receive posted successfully
I0317 11:12:08.210981     274 libfabric_rail.cpp:320] Allocate on Rail 0 allocated control request XFER_ID=638 buffer_size=8192
I0317 11:12:08.210982     274 libfabric_rail.cpp:997] Posting receive on endpoint=0xadfbce0 buffer=0x7fc3cdd01010 size=8192 context=0xad99820
I0317 11:12:08.210982     274 libfabric_rail.cpp:1006] Receive posted successfully
I0317 11:12:08.210983     274 libfabric_rail.cpp:320] Allocate on Rail 0 allocated control request XFER_ID=639 buffer_size=8192
I0317 11:12:08.210984     274 libfabric_rail.cpp:997] Posting receive on endpoint=0xadfbce0 buffer=0x7fc3cdcff010 size=8192 context=0xad99778
I0317 11:12:08.210985     274 libfabric_rail.cpp:1006] Receive posted successfully
I0317 11:12:08.210985     274 libfabric_rail.cpp:320] Allocate on Rail 0 allocated control request XFER_ID=640 buffer_size=8192
I0317 11:12:08.210986     274 libfabric_rail.cpp:997] Posting receive on endpoint=0xadfbce0 buffer=0x7fc3cdcfd010 size=8192 context=0xad996d0
I0317 11:12:08.210987     274 libfabric_rail.cpp:1006] Receive posted successfully
I0317 11:12:08.210988     274 libfabric_rail.cpp:320] Allocate on Rail 0 allocated control request XFER_ID=641 buffer_size=8192
I0317 11:12:08.210988     274 libfabric_rail.cpp:997] Posting receive on endpoint=0xadfbce0 buffer=0x7fc3cdcfb010 size=8192 context=0xad99620
I0317 11:12:08.210989     274 libfabric_rail.cpp:1006] Receive posted successfully
I0317 11:12:08.210990     274 libfabric_rail.cpp:320] Allocate on Rail 0 allocated control request XFER_ID=642 buffer_size=8192
I0317 11:12:08.210990     274 libfabric_rail.cpp:997] Posting receive on endpoint=0xadfbce0 buffer=0x7fc3cdcf9010 size=8192 context=0xad99578
I0317 11:12:08.210991     274 libfabric_rail.cpp:1006] Receive posted successfully
I0317 11:12:08.210992     274 libfabric_rail.cpp:320] Allocate on Rail 0 allocated control request XFER_ID=643 buffer_size=8192
I0317 11:12:08.210993     274 libfabric_rail.cpp:997] Posting receive on endpoint=0xadfbce0 buffer=0x7fc3cdcf7010 size=8192 context=0xad994d0
I0317 11:12:08.210993     274 libfabric_rail.cpp:1006] Receive posted successfully
I0317 11:12:08.210994     274 libfabric_rail.cpp:320] Allocate on Rail 0 allocated control request XFER_ID=644 buffer_size=8192
I0317 11:12:08.210995     274 libfabric_rail.cpp:997] Posting receive on endpoint=0xadfbce0 buffer=0x7fc3cdcf5010 size=8192 context=0xad99420
I0317 11:12:08.210996     274 libfabric_rail.cpp:1006] Receive posted successfully
I0317 11:12:08.210996     274 libfabric_rail.cpp:320] Allocate on Rail 0 allocated control request XFER_ID=645 buffer_size=8192
I0317 11:12:08.210997     274 libfabric_rail.cpp:997] Posting receive on endpoint=0xadfbce0 buffer=0x7fc3cdcf3010 size=8192 context=0xad99378
I0317 11:12:08.210998     274 libfabric_rail.cpp:1006] Receive posted successfully
I0317 11:12:08.210998     274 libfabric_rail.cpp:320] Allocate on Rail 0 allocated control request XFER_ID=646 buffer_size=8192
I0317 11:12:08.210999     274 libfabric_rail.cpp:997] Posting receive on endpoint=0xadfbce0 buffer=0x7fc3cdcf1010 size=8192 context=0xad992d0
I0317 11:12:08.211000     274 libfabric_rail.cpp:1006] Receive posted successfully
I0317 11:12:08.211000     274 libfabric_rail.cpp:320] Allocate on Rail 0 allocated control request XFER_ID=647 buffer_size=8192
I0317 11:12:08.211001     274 libfabric_rail.cpp:997] Posting receive on endpoint=0xadfbce0 buffer=0x7fc3cdcef010 size=8192 context=0xad99220
I0317 11:12:08.211002     274 libfabric_rail.cpp:1006] Receive posted successfully
I0317 11:12:08.211003     274 libfabric_rail.cpp:320] Allocate on Rail 0 allocated control request XFER_ID=648 buffer_size=8192
I0317 11:12:08.211003     274 libfabric_rail.cpp:997] Posting receive on endpoint=0xadfbce0 buffer=0x7fc3cdced010 size=8192 context=0xad99178
I0317 11:12:08.211004     274 libfabric_rail.cpp:1006] Receive posted successfully
I0317 11:12:08.211005     274 libfabric_rail.cpp:320] Allocate on Rail 0 allocated control request XFER_ID=649 buffer_size=8192
I0317 11:12:08.211005     274 libfabric_rail.cpp:997] Posting receive on endpoint=0xadfbce0 buffer=0x7fc3cdceb010 size=8192 context=0xad990d0
I0317 11:12:08.211006     274 libfabric_rail.cpp:1006] Receive posted successfully
I0317 11:12:08.211007     274 libfabric_rail.cpp:320] Allocate on Rail 0 allocated control request XFER_ID=650 buffer_size=8192
I0317 11:12:08.211008     274 libfabric_rail.cpp:997] Posting receive on endpoint=0xadfbce0 buffer=0x7fc3cdce9010 size=8192 context=0xad99020
I0317 11:12:08.211009     274 libfabric_rail.cpp:1006] Receive posted successfully
I0317 11:12:08.211009     274 libfabric_rail.cpp:320] Allocate on Rail 0 allocated control request XFER_ID=651 buffer_size=8192
I0317 11:12:08.211010     274 libfabric_rail.cpp:997] Posting receive on endpoint=0xadfbce0 buffer=0x7fc3cdce7010 size=8192 context=0xad98f78
I0317 11:12:08.211011     274 libfabric_rail.cpp:1006] Receive posted successfully
I0317 11:12:08.211011     274 libfabric_rail.cpp:320] Allocate on Rail 0 allocated control request XFER_ID=652 buffer_size=8192
I0317 11:12:08.211012     274 libfabric_rail.cpp:997] Posting receive on endpoint=0xadfbce0 buffer=0x7fc3cdce5010 size=8192 context=0xad98ed0
I0317 11:12:08.211013     274 libfabric_rail.cpp:1006] Receive posted successfully
I0317 11:12:08.211014     274 libfabric_rail.cpp:320] Allocate on Rail 0 allocated control request XFER_ID=653 buffer_size=8192
I0317 11:12:08.211014     274 libfabric_rail.cpp:997] Posting receive on endpoint=0xadfbce0 buffer=0x7fc3cdce3010 size=8192 context=0xad98e20
I0317 11:12:08.211015     274 libfabric_rail.cpp:1006] Receive posted successfully
I0317 11:12:08.211016     274 libfabric_rail.cpp:320] Allocate on Rail 0 allocated control request XFER_ID=654 buffer_size=8192
I0317 11:12:08.211016     274 libfabric_rail.cpp:997] Posting receive on endpoint=0xadfbce0 buffer=0x7fc3cdce1010 size=8192 context=0xad98d78
I0317 11:12:08.211017     274 libfabric_rail.cpp:1006] Receive posted successfully
I0317 11:12:08.211018     274 libfabric_rail.cpp:320] Allocate on Rail 0 allocated control request XFER_ID=655 buffer_size=8192
I0317 11:12:08.211019     274 libfabric_rail.cpp:997] Posting receive on endpoint=0xadfbce0 buffer=0x7fc3cdcdf010 size=8192 context=0xad98cd0
I0317 11:12:08.211019     274 libfabric_rail.cpp:1006] Receive posted successfully
I0317 11:12:08.211020     274 libfabric_rail.cpp:320] Allocate on Rail 0 allocated control request XFER_ID=656 buffer_size=8192
I0317 11:12:08.211021     274 libfabric_rail.cpp:997] Posting receive on endpoint=0xadfbce0 buffer=0x7fc3cdcdd010 size=8192 context=0xad98c20
I0317 11:12:08.211022     274 libfabric_rail.cpp:1006] Receive posted successfully
I0317 11:12:08.211022     274 libfabric_rail.cpp:320] Allocate on Rail 0 allocated control request XFER_ID=657 buffer_size=8192
I0317 11:12:08.211023     274 libfabric_rail.cpp:997] Posting receive on endpoint=0xadfbce0 buffer=0x7fc3cdcdb010 size=8192 context=0xad98b78
I0317 11:12:08.211024     274 libfabric_rail.cpp:1006] Receive posted successfully
I0317 11:12:08.211024     274 libfabric_rail.cpp:320] Allocate on Rail 0 allocated control request XFER_ID=658 buffer_size=8192
I0317 11:12:08.211025     274 libfabric_rail.cpp:997] Posting receive on endpoint=0xadfbce0 buffer=0x7fc3cdcd9010 size=8192 context=0xad98ad0
I0317 11:12:08.211026     274 libfabric_rail.cpp:1006] Receive posted successfully
I0317 11:12:08.211026     274 libfabric_rail.cpp:320] Allocate on Rail 0 allocated control request XFER_ID=659 buffer_size=8192
I0317 11:12:08.211027     274 libfabric_rail.cpp:997] Posting receive on endpoint=0xadfbce0 buffer=0x7fc3cdcd7010 size=8192 context=0xad98a20
I0317 11:12:08.211028     274 libfabric_rail.cpp:1006] Receive posted successfully
I0317 11:12:08.211029     274 libfabric_rail.cpp:320] Allocate on Rail 0 allocated control request XFER_ID=660 buffer_size=8192
I0317 11:12:08.211029     274 libfabric_rail.cpp:997] Posting receive on endpoint=0xadfbce0 buffer=0x7fc3cdcd5010 size=8192 context=0xad98978
I0317 11:12:08.211030     274 libfabric_rail.cpp:1006] Receive posted successfully
I0317 11:12:08.211031     274 libfabric_rail.cpp:320] Allocate on Rail 0 allocated control request XFER_ID=661 buffer_size=8192
I0317 11:12:08.211032     274 libfabric_rail.cpp:997] Posting receive on endpoint=0xadfbce0 buffer=0x7fc3cdcd3010 size=8192 context=0xad988d0
I0317 11:12:08.211032     274 libfabric_rail.cpp:1006] Receive posted successfully
I0317 11:12:08.211034     274 libfabric_rail.cpp:320] Allocate on Rail 0 allocated control request XFER_ID=662 buffer_size=8192
I0317 11:12:08.211034     274 libfabric_rail.cpp:997] Posting receive on endpoint=0xadfbce0 buffer=0x7fc3cdcd1010 size=8192 context=0xad98820
I0317 11:12:08.211035     274 libfabric_rail.cpp:1006] Receive posted successfully
I0317 11:12:08.211036     274 libfabric_rail.cpp:320] Allocate on Rail 0 allocated control request XFER_ID=663 buffer_size=8192
I0317 11:12:08.211037     274 libfabric_rail.cpp:997] Posting receive on endpoint=0xadfbce0 buffer=0x7fc3cdccf010 size=8192 context=0xad98778
I0317 11:12:08.211038     274 libfabric_rail.cpp:1006] Receive posted successfully
I0317 11:12:08.211038     274 libfabric_rail.cpp:320] Allocate on Rail 0 allocated control request XFER_ID=664 buffer_size=8192
I0317 11:12:08.211039     274 libfabric_rail.cpp:997] Posting receive on endpoint=0xadfbce0 buffer=0x7fc3cdccd010 size=8192 context=0xad986d0
I0317 11:12:08.211040     274 libfabric_rail.cpp:1006] Receive posted successfully
I0317 11:12:08.211040     274 libfabric_rail.cpp:320] Allocate on Rail 0 allocated control request XFER_ID=665 buffer_size=8192
I0317 11:12:08.211041     274 libfabric_rail.cpp:997] Posting receive on endpoint=0xadfbce0 buffer=0x7fc3cdccb010 size=8192 context=0xad98620
I0317 11:12:08.211042     274 libfabric_rail.cpp:1006] Receive posted successfully
I0317 11:12:08.211043     274 libfabric_rail.cpp:320] Allocate on Rail 0 allocated control request XFER_ID=666 buffer_size=8192
I0317 11:12:08.211043     274 libfabric_rail.cpp:997] Posting receive on endpoint=0xadfbce0 buffer=0x7fc3cdcc9010 size=8192 context=0xad98578
I0317 11:12:08.211044     274 libfabric_rail.cpp:1006] Receive posted successfully
I0317 11:12:08.211045     274 libfabric_rail.cpp:320] Allocate on Rail 0 allocated control request XFER_ID=667 buffer_size=8192
I0317 11:12:08.211045     274 libfabric_rail.cpp:997] Posting receive on endpoint=0xadfbce0 buffer=0x7fc3cdcc7010 size=8192 context=0xad984d0
I0317 11:12:08.211046     274 libfabric_rail.cpp:1006] Receive posted successfully
I0317 11:12:08.211047     274 libfabric_rail.cpp:320] Allocate on Rail 0 allocated control request XFER_ID=668 buffer_size=8192
I0317 11:12:08.211048     274 libfabric_rail.cpp:997] Posting receive on endpoint=0xadfbce0 buffer=0x7fc3cdcc5010 size=8192 context=0xad98420
I0317 11:12:08.211048     274 libfabric_rail.cpp:1006] Receive posted successfully
I0317 11:12:08.211049     274 libfabric_rail.cpp:320] Allocate on Rail 0 allocated control request XFER_ID=669 buffer_size=8192
I0317 11:12:08.211050     274 libfabric_rail.cpp:997] Posting receive on endpoint=0xadfbce0 buffer=0x7fc3cdcc3010 size=8192 context=0xad98378
I0317 11:12:08.211051     274 libfabric_rail.cpp:1006] Receive posted successfully
I0317 11:12:08.211051     274 libfabric_rail.cpp:320] Allocate on Rail 0 allocated control request XFER_ID=670 buffer_size=8192
I0317 11:12:08.211052     274 libfabric_rail.cpp:997] Posting receive on endpoint=0xadfbce0 buffer=0x7fc3cdcc1010 size=8192 context=0xad982d0
I0317 11:12:08.211053     274 libfabric_rail.cpp:1006] Receive posted successfully
I0317 11:12:08.211053     274 libfabric_rail.cpp:320] Allocate on Rail 0 allocated control request XFER_ID=671 buffer_size=8192
I0317 11:12:08.211054     274 libfabric_rail.cpp:997] Posting receive on endpoint=0xadfbce0 buffer=0x7fc3cdcbf010 size=8192 context=0xad98220
I0317 11:12:08.211055     274 libfabric_rail.cpp:1006] Receive posted successfully
I0317 11:12:08.211055     274 libfabric_rail.cpp:320] Allocate on Rail 0 allocated control request XFER_ID=672 buffer_size=8192
I0317 11:12:08.211056     274 libfabric_rail.cpp:997] Posting receive on endpoint=0xadfbce0 buffer=0x7fc3cdcbd010 size=8192 context=0xad98178
I0317 11:12:08.211057     274 libfabric_rail.cpp:1006] Receive posted successfully
I0317 11:12:08.211058     274 libfabric_rail.cpp:320] Allocate on Rail 0 allocated control request XFER_ID=673 buffer_size=8192
I0317 11:12:08.211058     274 libfabric_rail.cpp:997] Posting receive on endpoint=0xadfbce0 buffer=0x7fc3cdcbb010 size=8192 context=0xad980d0
I0317 11:12:08.211060     274 libfabric_rail.cpp:1006] Receive posted successfully
I0317 11:12:08.211060     274 libfabric_rail.cpp:320] Allocate on Rail 0 allocated control request XFER_ID=674 buffer_size=8192
I0317 11:12:08.211061     274 libfabric_rail.cpp:997] Posting receive on endpoint=0xadfbce0 buffer=0x7fc3cdcb9010 size=8192 context=0xad98020
I0317 11:12:08.211062     274 libfabric_rail.cpp:1006] Receive posted successfully
I0317 11:12:08.211063     274 libfabric_rail.cpp:320] Allocate on Rail 0 allocated control request XFER_ID=675 buffer_size=8192
I0317 11:12:08.211063     274 libfabric_rail.cpp:997] Posting receive on endpoint=0xadfbce0 buffer=0x7fc3cdcb7010 size=8192 context=0xad97f78
I0317 11:12:08.211064     274 libfabric_rail.cpp:1006] Receive posted successfully
I0317 11:12:08.211065     274 libfabric_rail.cpp:320] Allocate on Rail 0 allocated control request XFER_ID=676 buffer_size=8192
I0317 11:12:08.211065     274 libfabric_rail.cpp:997] Posting receive on endpoint=0xadfbce0 buffer=0x7fc3cdcb5010 size=8192 context=0xad97ed0
I0317 11:12:08.211066     274 libfabric_rail.cpp:1006] Receive posted successfully
I0317 11:12:08.211067     274 libfabric_rail.cpp:320] Allocate on Rail 0 allocated control request XFER_ID=677 buffer_size=8192
I0317 11:12:08.211068     274 libfabric_rail.cpp:997] Posting receive on endpoint=0xadfbce0 buffer=0x7fc3cdcb3010 size=8192 context=0xad97e20
I0317 11:12:08.211068     274 libfabric_rail.cpp:1006] Receive posted successfully
I0317 11:12:08.211069     274 libfabric_rail.cpp:320] Allocate on Rail 0 allocated control request XFER_ID=678 buffer_size=8192
I0317 11:12:08.211070     274 libfabric_rail.cpp:997] Posting receive on endpoint=0xadfbce0 buffer=0x7fc3cdcb1010 size=8192 context=0xad97d78
I0317 11:12:08.211071     274 libfabric_rail.cpp:1006] Receive posted successfully
I0317 11:12:08.211071     274 libfabric_rail.cpp:320] Allocate on Rail 0 allocated control request XFER_ID=679 buffer_size=8192
I0317 11:12:08.211072     274 libfabric_rail.cpp:997] Posting receive on endpoint=0xadfbce0 buffer=0x7fc3cdcaf010 size=8192 context=0xad97cd0
I0317 11:12:08.211073     274 libfabric_rail.cpp:1006] Receive posted successfully
I0317 11:12:08.211074     274 libfabric_rail.cpp:320] Allocate on Rail 0 allocated control request XFER_ID=680 buffer_size=8192
I0317 11:12:08.211074     274 libfabric_rail.cpp:997] Posting receive on endpoint=0xadfbce0 buffer=0x7fc3cdcad010 size=8192 context=0xad97c20
I0317 11:12:08.211075     274 libfabric_rail.cpp:1006] Receive posted successfully
I0317 11:12:08.211076     274 libfabric_rail.cpp:320] Allocate on Rail 0 allocated control request XFER_ID=681 buffer_size=8192
I0317 11:12:08.211077     274 libfabric_rail.cpp:997] Posting receive on endpoint=0xadfbce0 buffer=0x7fc3cdcab010 size=8192 context=0xad97b78
I0317 11:12:08.211077     274 libfabric_rail.cpp:1006] Receive posted successfully
I0317 11:12:08.211078     274 libfabric_rail.cpp:320] Allocate on Rail 0 allocated control request XFER_ID=682 buffer_size=8192
I0317 11:12:08.211079     274 libfabric_rail.cpp:997] Posting receive on endpoint=0xadfbce0 buffer=0x7fc3cdca9010 size=8192 context=0xad97ad0
I0317 11:12:08.211080     274 libfabric_rail.cpp:1006] Receive posted successfully
I0317 11:12:08.211080     274 libfabric_rail.cpp:320] Allocate on Rail 0 allocated control request XFER_ID=683 buffer_size=8192
I0317 11:12:08.211081     274 libfabric_rail.cpp:997] Posting receive on endpoint=0xadfbce0 buffer=0x7fc3cdca7010 size=8192 context=0xad97a20
I0317 11:12:08.211082     274 libfabric_rail.cpp:1006] Receive posted successfully
I0317 11:12:08.211082     274 libfabric_rail.cpp:320] Allocate on Rail 0 allocated control request XFER_ID=684 buffer_size=8192
I0317 11:12:08.211083     274 libfabric_rail.cpp:997] Posting receive on endpoint=0xadfbce0 buffer=0x7fc3cdca5010 size=8192 context=0xad97978
I0317 11:12:08.211084     274 libfabric_rail.cpp:1006] Receive posted successfully
I0317 11:12:08.211085     274 libfabric_rail.cpp:320] Allocate on Rail 0 allocated control request XFER_ID=685 buffer_size=8192
I0317 11:12:08.211086     274 libfabric_rail.cpp:997] Posting receive on endpoint=0xadfbce0 buffer=0x7fc3cdca3010 size=8192 context=0xad978d0
I0317 11:12:08.211086     274 libfabric_rail.cpp:1006] Receive posted successfully
I0317 11:12:08.211087     274 libfabric_rail.cpp:320] Allocate on Rail 0 allocated control request XFER_ID=686 buffer_size=8192
I0317 11:12:08.211088     274 libfabric_rail.cpp:997] Posting receive on endpoint=0xadfbce0 buffer=0x7fc3cdca1010 size=8192 context=0xad97820
I0317 11:12:08.211089     274 libfabric_rail.cpp:1006] Receive posted successfully
I0317 11:12:08.211089     274 libfabric_rail.cpp:320] Allocate on Rail 0 allocated control request XFER_ID=687 buffer_size=8192
I0317 11:12:08.211090     274 libfabric_rail.cpp:997] Posting receive on endpoint=0xadfbce0 buffer=0x7fc3cdc9f010 size=8192 context=0xad97778
I0317 11:12:08.211091     274 libfabric_rail.cpp:1006] Receive posted successfully
I0317 11:12:08.211091     274 libfabric_rail.cpp:320] Allocate on Rail 0 allocated control request XFER_ID=688 buffer_size=8192
I0317 11:12:08.211092     274 libfabric_rail.cpp:997] Posting receive on endpoint=0xadfbce0 buffer=0x7fc3cdc9d010 size=8192 context=0xad976d0
I0317 11:12:08.211093     274 libfabric_rail.cpp:1006] Receive posted successfully
I0317 11:12:08.211094     274 libfabric_rail.cpp:320] Allocate on Rail 0 allocated control request XFER_ID=689 buffer_size=8192
I0317 11:12:08.211094     274 libfabric_rail.cpp:997] Posting receive on endpoint=0xadfbce0 buffer=0x7fc3cdc9b010 size=8192 context=0xad97620
I0317 11:12:08.211095     274 libfabric_rail.cpp:1006] Receive posted successfully
I0317 11:12:08.211096     274 libfabric_rail.cpp:320] Allocate on Rail 0 allocated control request XFER_ID=690 buffer_size=8192
I0317 11:12:08.211096     274 libfabric_rail.cpp:997] Posting receive on endpoint=0xadfbce0 buffer=0x7fc3cdc99010 size=8192 context=0xad97578
I0317 11:12:08.211097     274 libfabric_rail.cpp:1006] Receive posted successfully
I0317 11:12:08.211098     274 libfabric_rail.cpp:320] Allocate on Rail 0 allocated control request XFER_ID=691 buffer_size=8192
I0317 11:12:08.211099     274 libfabric_rail.cpp:997] Posting receive on endpoint=0xadfbce0 buffer=0x7fc3cdc97010 size=8192 context=0xad974d0
I0317 11:12:08.211099     274 libfabric_rail.cpp:1006] Receive posted successfully
I0317 11:12:08.211100     274 libfabric_rail.cpp:320] Allocate on Rail 0 allocated control request XFER_ID=692 buffer_size=8192
I0317 11:12:08.211101     274 libfabric_rail.cpp:997] Posting receive on endpoint=0xadfbce0 buffer=0x7fc3cdc95010 size=8192 context=0xad97420
I0317 11:12:08.211102     274 libfabric_rail.cpp:1006] Receive posted successfully
I0317 11:12:08.211102     274 libfabric_rail.cpp:320] Allocate on Rail 0 allocated control request XFER_ID=693 buffer_size=8192
I0317 11:12:08.211103     274 libfabric_rail.cpp:997] Posting receive on endpoint=0xadfbce0 buffer=0x7fc3cdc93010 size=8192 context=0xad97378
I0317 11:12:08.211104     274 libfabric_rail.cpp:1006] Receive posted successfully
I0317 11:12:08.211104     274 libfabric_rail.cpp:320] Allocate on Rail 0 allocated control request XFER_ID=694 buffer_size=8192
I0317 11:12:08.211105     274 libfabric_rail.cpp:997] Posting receive on endpoint=0xadfbce0 buffer=0x7fc3cdc91010 size=8192 context=0xad972d0
I0317 11:12:08.211106     274 libfabric_rail.cpp:1006] Receive posted successfully
I0317 11:12:08.211106     274 libfabric_rail.cpp:320] Allocate on Rail 0 allocated control request XFER_ID=695 buffer_size=8192
I0317 11:12:08.211107     274 libfabric_rail.cpp:997] Posting receive on endpoint=0xadfbce0 buffer=0x7fc3cdc8f010 size=8192 context=0xad97220
I0317 11:12:08.211108     274 libfabric_rail.cpp:1006] Receive posted successfully
I0317 11:12:08.211109     274 libfabric_rail.cpp:320] Allocate on Rail 0 allocated control request XFER_ID=696 buffer_size=8192
I0317 11:12:08.211109     274 libfabric_rail.cpp:997] Posting receive on endpoint=0xadfbce0 buffer=0x7fc3cdc8d010 size=8192 context=0xad97178
I0317 11:12:08.211110     274 libfabric_rail.cpp:1006] Receive posted successfully
I0317 11:12:08.211111     274 libfabric_rail.cpp:320] Allocate on Rail 0 allocated control request XFER_ID=697 buffer_size=8192
I0317 11:12:08.211112     274 libfabric_rail.cpp:997] Posting receive on endpoint=0xadfbce0 buffer=0x7fc3cdc8b010 size=8192 context=0xad970d0
I0317 11:12:08.211112     274 libfabric_rail.cpp:1006] Receive posted successfully
I0317 11:12:08.211113     274 libfabric_rail.cpp:320] Allocate on Rail 0 allocated control request XFER_ID=698 buffer_size=8192
I0317 11:12:08.211114     274 libfabric_rail.cpp:997] Posting receive on endpoint=0xadfbce0 buffer=0x7fc3cdc89010 size=8192 context=0xad97020
I0317 11:12:08.211115     274 libfabric_rail.cpp:1006] Receive posted successfully
I0317 11:12:08.211115     274 libfabric_rail.cpp:320] Allocate on Rail 0 allocated control request XFER_ID=699 buffer_size=8192
I0317 11:12:08.211116     274 libfabric_rail.cpp:997] Posting receive on endpoint=0xadfbce0 buffer=0x7fc3cdc87010 size=8192 context=0xad96f78
I0317 11:12:08.211117     274 libfabric_rail.cpp:1006] Receive posted successfully
I0317 11:12:08.211117     274 libfabric_rail.cpp:320] Allocate on Rail 0 allocated control request XFER_ID=700 buffer_size=8192
I0317 11:12:08.211118     274 libfabric_rail.cpp:997] Posting receive on endpoint=0xadfbce0 buffer=0x7fc3cdc85010 size=8192 context=0xad96ed0
I0317 11:12:08.211119     274 libfabric_rail.cpp:1006] Receive posted successfully
I0317 11:12:08.211119     274 libfabric_rail.cpp:320] Allocate on Rail 0 allocated control request XFER_ID=701 buffer_size=8192
I0317 11:12:08.211120     274 libfabric_rail.cpp:997] Posting receive on endpoint=0xadfbce0 buffer=0x7fc3cdc83010 size=8192 context=0xad96e20
I0317 11:12:08.211121     274 libfabric_rail.cpp:1006] Receive posted successfully
I0317 11:12:08.211122     274 libfabric_rail.cpp:320] Allocate on Rail 0 allocated control request XFER_ID=702 buffer_size=8192
I0317 11:12:08.211122     274 libfabric_rail.cpp:997] Posting receive on endpoint=0xadfbce0 buffer=0x7fc3cdc81010 size=8192 context=0xad96d78
I0317 11:12:08.211123     274 libfabric_rail.cpp:1006] Receive posted successfully
I0317 11:12:08.211124     274 libfabric_rail.cpp:320] Allocate on Rail 0 allocated control request XFER_ID=703 buffer_size=8192
I0317 11:12:08.211124     274 libfabric_rail.cpp:997] Posting receive on endpoint=0xadfbce0 buffer=0x7fc3cdc7f010 size=8192 context=0xad96cd0
I0317 11:12:08.211125     274 libfabric_rail.cpp:1006] Receive posted successfully
I0317 11:12:08.211126     274 libfabric_rail.cpp:320] Allocate on Rail 0 allocated control request XFER_ID=704 buffer_size=8192
I0317 11:12:08.211127     274 libfabric_rail.cpp:997] Posting receive on endpoint=0xadfbce0 buffer=0x7fc3cdc7d010 size=8192 context=0xad96c20
I0317 11:12:08.211128     274 libfabric_rail.cpp:1006] Receive posted successfully
I0317 11:12:08.211128     274 libfabric_rail.cpp:320] Allocate on Rail 0 allocated control request XFER_ID=705 buffer_size=8192
I0317 11:12:08.211129     274 libfabric_rail.cpp:997] Posting receive on endpoint=0xadfbce0 buffer=0x7fc3cdc7b010 size=8192 context=0xad96b78
I0317 11:12:08.211130     274 libfabric_rail.cpp:1006] Receive posted successfully
I0317 11:12:08.211131     274 libfabric_rail.cpp:320] Allocate on Rail 0 allocated control request XFER_ID=706 buffer_size=8192
I0317 11:12:08.211131     274 libfabric_rail.cpp:997] Posting receive on endpoint=0xadfbce0 buffer=0x7fc3cdc79010 size=8192 context=0xad96ad0
I0317 11:12:08.211132     274 libfabric_rail.cpp:1006] Receive posted successfully
I0317 11:12:08.211133     274 libfabric_rail.cpp:320] Allocate on Rail 0 allocated control request XFER_ID=707 buffer_size=8192
I0317 11:12:08.211134     274 libfabric_rail.cpp:997] Posting receive on endpoint=0xadfbce0 buffer=0x7fc3cdc77010 size=8192 context=0xad96a20
I0317 11:12:08.211135     274 libfabric_rail.cpp:1006] Receive posted successfully
I0317 11:12:08.211135     274 libfabric_rail.cpp:320] Allocate on Rail 0 allocated control request XFER_ID=708 buffer_size=8192
I0317 11:12:08.211136     274 libfabric_rail.cpp:997] Posting receive on endpoint=0xadfbce0 buffer=0x7fc3cdc75010 size=8192 context=0xad96978
I0317 11:12:08.211137     274 libfabric_rail.cpp:1006] Receive posted successfully
I0317 11:12:08.211137     274 libfabric_rail.cpp:320] Allocate on Rail 0 allocated control request XFER_ID=709 buffer_size=8192
I0317 11:12:08.211138     274 libfabric_rail.cpp:997] Posting receive on endpoint=0xadfbce0 buffer=0x7fc3cdc73010 size=8192 context=0xad968d0
I0317 11:12:08.211139     274 libfabric_rail.cpp:1006] Receive posted successfully
I0317 11:12:08.211140     274 libfabric_rail.cpp:320] Allocate on Rail 0 allocated control request XFER_ID=710 buffer_size=8192
I0317 11:12:08.211140     274 libfabric_rail.cpp:997] Posting receive on endpoint=0xadfbce0 buffer=0x7fc3cdc71010 size=8192 context=0xad96820
I0317 11:12:08.211141     274 libfabric_rail.cpp:1006] Receive posted successfully
I0317 11:12:08.211142     274 libfabric_rail.cpp:320] Allocate on Rail 0 allocated control request XFER_ID=711 buffer_size=8192
I0317 11:12:08.211142     274 libfabric_rail.cpp:997] Posting receive on endpoint=0xadfbce0 buffer=0x7fc3cdc6f010 size=8192 context=0xad96778
I0317 11:12:08.211143     274 libfabric_rail.cpp:1006] Receive posted successfully
I0317 11:12:08.211144     274 libfabric_rail.cpp:320] Allocate on Rail 0 allocated control request XFER_ID=712 buffer_size=8192
I0317 11:12:08.211145     274 libfabric_rail.cpp:997] Posting receive on endpoint=0xadfbce0 buffer=0x7fc3cdc6d010 size=8192 context=0xad966d0
I0317 11:12:08.211145     274 libfabric_rail.cpp:1006] Receive posted successfully
I0317 11:12:08.211146     274 libfabric_rail.cpp:320] Allocate on Rail 0 allocated control request XFER_ID=713 buffer_size=8192
I0317 11:12:08.211147     274 libfabric_rail.cpp:997] Posting receive on endpoint=0xadfbce0 buffer=0x7fc3cdc6b010 size=8192 context=0xad96620
I0317 11:12:08.211148     274 libfabric_rail.cpp:1006] Receive posted successfully
I0317 11:12:08.211148     274 libfabric_rail.cpp:320] Allocate on Rail 0 allocated control request XFER_ID=714 buffer_size=8192
I0317 11:12:08.211149     274 libfabric_rail.cpp:997] Posting receive on endpoint=0xadfbce0 buffer=0x7fc3cdc69010 size=8192 context=0xad96578
I0317 11:12:08.211150     274 libfabric_rail.cpp:1006] Receive posted successfully
I0317 11:12:08.211150     274 libfabric_rail.cpp:320] Allocate on Rail 0 allocated control request XFER_ID=715 buffer_size=8192
I0317 11:12:08.211151     274 libfabric_rail.cpp:997] Posting receive on endpoint=0xadfbce0 buffer=0x7fc3cdc67010 size=8192 context=0xad964d0
I0317 11:12:08.211152     274 libfabric_rail.cpp:1006] Receive posted successfully
I0317 11:12:08.211153     274 libfabric_rail.cpp:320] Allocate on Rail 0 allocated control request XFER_ID=716 buffer_size=8192
I0317 11:12:08.211153     274 libfabric_rail.cpp:997] Posting receive on endpoint=0xadfbce0 buffer=0x7fc3cdc65010 size=8192 context=0xad96420
I0317 11:12:08.211154     274 libfabric_rail.cpp:1006] Receive posted successfully
I0317 11:12:08.211155     274 libfabric_rail.cpp:320] Allocate on Rail 0 allocated control request XFER_ID=717 buffer_size=8192
I0317 11:12:08.211156     274 libfabric_rail.cpp:997] Posting receive on endpoint=0xadfbce0 buffer=0x7fc3cdc63010 size=8192 context=0xad96378
I0317 11:12:08.211156     274 libfabric_rail.cpp:1006] Receive posted successfully
I0317 11:12:08.211157     274 libfabric_rail.cpp:320] Allocate on Rail 0 allocated control request XFER_ID=718 buffer_size=8192
I0317 11:12:08.211158     274 libfabric_rail.cpp:997] Posting receive on endpoint=0xadfbce0 buffer=0x7fc3cdc61010 size=8192 context=0xad962d0
I0317 11:12:08.211159     274 libfabric_rail.cpp:1006] Receive posted successfully
I0317 11:12:08.211159     274 libfabric_rail.cpp:320] Allocate on Rail 0 allocated control request XFER_ID=719 buffer_size=8192
I0317 11:12:08.211160     274 libfabric_rail.cpp:997] Posting receive on endpoint=0xadfbce0 buffer=0x7fc3cdc5f010 size=8192 context=0xad96220
I0317 11:12:08.211161     274 libfabric_rail.cpp:1006] Receive posted successfully
I0317 11:12:08.211162     274 libfabric_rail.cpp:320] Allocate on Rail 0 allocated control request XFER_ID=720 buffer_size=8192
I0317 11:12:08.211162     274 libfabric_rail.cpp:997] Posting receive on endpoint=0xadfbce0 buffer=0x7fc3cdc5d010 size=8192 context=0xad96178
I0317 11:12:08.211163     274 libfabric_rail.cpp:1006] Receive posted successfully
I0317 11:12:08.211164     274 libfabric_rail.cpp:320] Allocate on Rail 0 allocated control request XFER_ID=721 buffer_size=8192
I0317 11:12:08.211165     274 libfabric_rail.cpp:997] Posting receive on endpoint=0xadfbce0 buffer=0x7fc3cdc5b010 size=8192 context=0xad960d0
I0317 11:12:08.211166     274 libfabric_rail.cpp:1006] Receive posted successfully
I0317 11:12:08.211166     274 libfabric_rail.cpp:320] Allocate on Rail 0 allocated control request XFER_ID=722 buffer_size=8192
I0317 11:12:08.211167     274 libfabric_rail.cpp:997] Posting receive on endpoint=0xadfbce0 buffer=0x7fc3cdc59010 size=8192 context=0xad96020
I0317 11:12:08.211168     274 libfabric_rail.cpp:1006] Receive posted successfully
I0317 11:12:08.211168     274 libfabric_rail.cpp:320] Allocate on Rail 0 allocated control request XFER_ID=723 buffer_size=8192
I0317 11:12:08.211169     274 libfabric_rail.cpp:997] Posting receive on endpoint=0xadfbce0 buffer=0x7fc3cdc57010 size=8192 context=0xad95f78
I0317 11:12:08.211170     274 libfabric_rail.cpp:1006] Receive posted successfully
I0317 11:12:08.211170     274 libfabric_rail.cpp:320] Allocate on Rail 0 allocated control request XFER_ID=724 buffer_size=8192
I0317 11:12:08.211171     274 libfabric_rail.cpp:997] Posting receive on endpoint=0xadfbce0 buffer=0x7fc3cdc55010 size=8192 context=0xad95ed0
I0317 11:12:08.211172     274 libfabric_rail.cpp:1006] Receive posted successfully
I0317 11:12:08.211173     274 libfabric_rail.cpp:320] Allocate on Rail 0 allocated control request XFER_ID=725 buffer_size=8192
I0317 11:12:08.211173     274 libfabric_rail.cpp:997] Posting receive on endpoint=0xadfbce0 buffer=0x7fc3cdc53010 size=8192 context=0xad95e20
I0317 11:12:08.211174     274 libfabric_rail.cpp:1006] Receive posted successfully
I0317 11:12:08.211175     274 libfabric_rail.cpp:320] Allocate on Rail 0 allocated control request XFER_ID=726 buffer_size=8192
I0317 11:12:08.211175     274 libfabric_rail.cpp:997] Posting receive on endpoint=0xadfbce0 buffer=0x7fc3cdc51010 size=8192 context=0xad95d78
I0317 11:12:08.211176     274 libfabric_rail.cpp:1006] Receive posted successfully
I0317 11:12:08.211177     274 libfabric_rail.cpp:320] Allocate on Rail 0 allocated control request XFER_ID=727 buffer_size=8192
I0317 11:12:08.211178     274 libfabric_rail.cpp:997] Posting receive on endpoint=0xadfbce0 buffer=0x7fc3cdc4f010 size=8192 context=0xad95cd0
I0317 11:12:08.211178     274 libfabric_rail.cpp:1006] Receive posted successfully
I0317 11:12:08.211179     274 libfabric_rail.cpp:320] Allocate on Rail 0 allocated control request XFER_ID=728 buffer_size=8192
I0317 11:12:08.211180     274 libfabric_rail.cpp:997] Posting receive on endpoint=0xadfbce0 buffer=0x7fc3cdc4d010 size=8192 context=0xad95c20
I0317 11:12:08.211181     274 libfabric_rail.cpp:1006] Receive posted successfully
I0317 11:12:08.211181     274 libfabric_rail.cpp:320] Allocate on Rail 0 allocated control request XFER_ID=729 buffer_size=8192
I0317 11:12:08.211182     274 libfabric_rail.cpp:997] Posting receive on endpoint=0xadfbce0 buffer=0x7fc3cdc4b010 size=8192 context=0xad95b78
I0317 11:12:08.211183     274 libfabric_rail.cpp:1006] Receive posted successfully
I0317 11:12:08.211183     274 libfabric_rail.cpp:320] Allocate on Rail 0 allocated control request XFER_ID=730 buffer_size=8192
I0317 11:12:08.211184     274 libfabric_rail.cpp:997] Posting receive on endpoint=0xadfbce0 buffer=0x7fc3cdc49010 size=8192 context=0xad95ad0
I0317 11:12:08.211185     274 libfabric_rail.cpp:1006] Receive posted successfully
I0317 11:12:08.211186     274 libfabric_rail.cpp:320] Allocate on Rail 0 allocated control request XFER_ID=731 buffer_size=8192
I0317 11:12:08.211187     274 libfabric_rail.cpp:997] Posting receive on endpoint=0xadfbce0 buffer=0x7fc3cdc47010 size=8192 context=0xad95a20
I0317 11:12:08.211187     274 libfabric_rail.cpp:1006] Receive posted successfully
I0317 11:12:08.211188     274 libfabric_rail.cpp:320] Allocate on Rail 0 allocated control request XFER_ID=732 buffer_size=8192
I0317 11:12:08.211189     274 libfabric_rail.cpp:997] Posting receive on endpoint=0xadfbce0 buffer=0x7fc3cdc45010 size=8192 context=0xad95978
I0317 11:12:08.211190     274 libfabric_rail.cpp:1006] Receive posted successfully
I0317 11:12:08.211191     274 libfabric_rail.cpp:320] Allocate on Rail 0 allocated control request XFER_ID=733 buffer_size=8192
I0317 11:12:08.211191     274 libfabric_rail.cpp:997] Posting receive on endpoint=0xadfbce0 buffer=0x7fc3cdc43010 size=8192 context=0xad958d0
I0317 11:12:08.211192     274 libfabric_rail.cpp:1006] Receive posted successfully
I0317 11:12:08.211193     274 libfabric_rail.cpp:320] Allocate on Rail 0 allocated control request XFER_ID=734 buffer_size=8192
I0317 11:12:08.211193     274 libfabric_rail.cpp:997] Posting receive on endpoint=0xadfbce0 buffer=0x7fc3cdc41010 size=8192 context=0xad95820
I0317 11:12:08.211194     274 libfabric_rail.cpp:1006] Receive posted successfully
I0317 11:12:08.211195     274 libfabric_rail.cpp:320] Allocate on Rail 0 allocated control request XFER_ID=735 buffer_size=8192
I0317 11:12:08.211196     274 libfabric_rail.cpp:997] Posting receive on endpoint=0xadfbce0 buffer=0x7fc3cdc3f010 size=8192 context=0xad95778
I0317 11:12:08.211196     274 libfabric_rail.cpp:1006] Receive posted successfully
I0317 11:12:08.211197     274 libfabric_rail.cpp:320] Allocate on Rail 0 allocated control request XFER_ID=736 buffer_size=8192
I0317 11:12:08.211198     274 libfabric_rail.cpp:997] Posting receive on endpoint=0xadfbce0 buffer=0x7fc3cdc3d010 size=8192 context=0xad956d0
I0317 11:12:08.211199     274 libfabric_rail.cpp:1006] Receive posted successfully
I0317 11:12:08.211199     274 libfabric_rail.cpp:320] Allocate on Rail 0 allocated control request XFER_ID=737 buffer_size=8192
I0317 11:12:08.211200     274 libfabric_rail.cpp:997] Posting receive on endpoint=0xadfbce0 buffer=0x7fc3cdc3b010 size=8192 context=0xad95620
I0317 11:12:08.211201     274 libfabric_rail.cpp:1006] Receive posted successfully
I0317 11:12:08.211201     274 libfabric_rail.cpp:320] Allocate on Rail 0 allocated control request XFER_ID=738 buffer_size=8192
I0317 11:12:08.211202     274 libfabric_rail.cpp:997] Posting receive on endpoint=0xadfbce0 buffer=0x7fc3cdc39010 size=8192 context=0xad95578
I0317 11:12:08.211203     274 libfabric_rail.cpp:1006] Receive posted successfully
I0317 11:12:08.211204     274 libfabric_rail.cpp:320] Allocate on Rail 0 allocated control request XFER_ID=739 buffer_size=8192
I0317 11:12:08.211204     274 libfabric_rail.cpp:997] Posting receive on endpoint=0xadfbce0 buffer=0x7fc3cdc37010 size=8192 context=0xad954d0
I0317 11:12:08.211205     274 libfabric_rail.cpp:1006] Receive posted successfully
I0317 11:12:08.211206     274 libfabric_rail.cpp:320] Allocate on Rail 0 allocated control request XFER_ID=740 buffer_size=8192
I0317 11:12:08.211206     274 libfabric_rail.cpp:997] Posting receive on endpoint=0xadfbce0 buffer=0x7fc3cdc35010 size=8192 context=0xad95420
I0317 11:12:08.211207     274 libfabric_rail.cpp:1006] Receive posted successfully
I0317 11:12:08.211208     274 libfabric_rail.cpp:320] Allocate on Rail 0 allocated control request XFER_ID=741 buffer_size=8192
I0317 11:12:08.211209     274 libfabric_rail.cpp:997] Posting receive on endpoint=0xadfbce0 buffer=0x7fc3cdc33010 size=8192 context=0xad95378
I0317 11:12:08.211209     274 libfabric_rail.cpp:1006] Receive posted successfully
I0317 11:12:08.211210     274 libfabric_rail.cpp:320] Allocate on Rail 0 allocated control request XFER_ID=742 buffer_size=8192
I0317 11:12:08.211211     274 libfabric_rail.cpp:997] Posting receive on endpoint=0xadfbce0 buffer=0x7fc3cdc31010 size=8192 context=0xad952d0
I0317 11:12:08.211212     274 libfabric_rail.cpp:1006] Receive posted successfully
I0317 11:12:08.211212     274 libfabric_rail.cpp:320] Allocate on Rail 0 allocated control request XFER_ID=743 buffer_size=8192
I0317 11:12:08.211213     274 libfabric_rail.cpp:997] Posting receive on endpoint=0xadfbce0 buffer=0x7fc3cdc2f010 size=8192 context=0xad95220
I0317 11:12:08.211214     274 libfabric_rail.cpp:1006] Receive posted successfully
I0317 11:12:08.211214     274 libfabric_rail.cpp:320] Allocate on Rail 0 allocated control request XFER_ID=744 buffer_size=8192
I0317 11:12:08.211215     274 libfabric_rail.cpp:997] Posting receive on endpoint=0xadfbce0 buffer=0x7fc3cdc2d010 size=8192 context=0xad95178
I0317 11:12:08.211216     274 libfabric_rail.cpp:1006] Receive posted successfully
I0317 11:12:08.211217     274 libfabric_rail.cpp:320] Allocate on Rail 0 allocated control request XFER_ID=745 buffer_size=8192
I0317 11:12:08.211217     274 libfabric_rail.cpp:997] Posting receive on endpoint=0xadfbce0 buffer=0x7fc3cdc2b010 size=8192 context=0xad950d0
I0317 11:12:08.211218     274 libfabric_rail.cpp:1006] Receive posted successfully
I0317 11:12:08.211219     274 libfabric_rail.cpp:320] Allocate on Rail 0 allocated control request XFER_ID=746 buffer_size=8192
I0317 11:12:08.211219     274 libfabric_rail.cpp:997] Posting receive on endpoint=0xadfbce0 buffer=0x7fc3cdc29010 size=8192 context=0xad95020
I0317 11:12:08.211220     274 libfabric_rail.cpp:1006] Receive posted successfully
I0317 11:12:08.211221     274 libfabric_rail.cpp:320] Allocate on Rail 0 allocated control request XFER_ID=747 buffer_size=8192
I0317 11:12:08.211222     274 libfabric_rail.cpp:997] Posting receive on endpoint=0xadfbce0 buffer=0x7fc3cdc27010 size=8192 context=0xad94f78
I0317 11:12:08.211222     274 libfabric_rail.cpp:1006] Receive posted successfully
I0317 11:12:08.211223     274 libfabric_rail.cpp:320] Allocate on Rail 0 allocated control request XFER_ID=748 buffer_size=8192
I0317 11:12:08.211224     274 libfabric_rail.cpp:997] Posting receive on endpoint=0xadfbce0 buffer=0x7fc3cdc25010 size=8192 context=0xad94ed0
I0317 11:12:08.211225     274 libfabric_rail.cpp:1006] Receive posted successfully
I0317 11:12:08.211225     274 libfabric_rail.cpp:320] Allocate on Rail 0 allocated control request XFER_ID=749 buffer_size=8192
I0317 11:12:08.211226     274 libfabric_rail.cpp:997] Posting receive on endpoint=0xadfbce0 buffer=0x7fc3cdc23010 size=8192 context=0xad94e20
I0317 11:12:08.211227     274 libfabric_rail.cpp:1006] Receive posted successfully
I0317 11:12:08.211228     274 libfabric_rail.cpp:320] Allocate on Rail 0 allocated control request XFER_ID=750 buffer_size=8192
I0317 11:12:08.211228     274 libfabric_rail.cpp:997] Posting receive on endpoint=0xadfbce0 buffer=0x7fc3cdc21010 size=8192 context=0xad94d78
I0317 11:12:08.211229     274 libfabric_rail.cpp:1006] Receive posted successfully
I0317 11:12:08.211230     274 libfabric_rail.cpp:320] Allocate on Rail 0 allocated control request XFER_ID=751 buffer_size=8192
I0317 11:12:08.211230     274 libfabric_rail.cpp:997] Posting receive on endpoint=0xadfbce0 buffer=0x7fc3cdc1f010 size=8192 context=0xad94cd0
I0317 11:12:08.211231     274 libfabric_rail.cpp:1006] Receive posted successfully
I0317 11:12:08.211232     274 libfabric_rail.cpp:320] Allocate on Rail 0 allocated control request XFER_ID=752 buffer_size=8192
I0317 11:12:08.211233     274 libfabric_rail.cpp:997] Posting receive on endpoint=0xadfbce0 buffer=0x7fc3cdc1d010 size=8192 context=0xad94c20
I0317 11:12:08.211233     274 libfabric_rail.cpp:1006] Receive posted successfully
I0317 11:12:08.211234     274 libfabric_rail.cpp:320] Allocate on Rail 0 allocated control request XFER_ID=753 buffer_size=8192
I0317 11:12:08.211235     274 libfabric_rail.cpp:997] Posting receive on endpoint=0xadfbce0 buffer=0x7fc3cdc1b010 size=8192 context=0xad94b78
I0317 11:12:08.211236     274 libfabric_rail.cpp:1006] Receive posted successfully
I0317 11:12:08.211237     274 libfabric_rail.cpp:320] Allocate on Rail 0 allocated control request XFER_ID=754 buffer_size=8192
I0317 11:12:08.211237     274 libfabric_rail.cpp:997] Posting receive on endpoint=0xadfbce0 buffer=0x7fc3cdc19010 size=8192 context=0xad94ad0
I0317 11:12:08.211238     274 libfabric_rail.cpp:1006] Receive posted successfully
I0317 11:12:08.211239     274 libfabric_rail.cpp:320] Allocate on Rail 0 allocated control request XFER_ID=755 buffer_size=8192
I0317 11:12:08.211240     274 libfabric_rail.cpp:997] Posting receive on endpoint=0xadfbce0 buffer=0x7fc3cdc17010 size=8192 context=0xad94a20
I0317 11:12:08.211240     274 libfabric_rail.cpp:1006] Receive posted successfully
I0317 11:12:08.211241     274 libfabric_rail.cpp:320] Allocate on Rail 0 allocated control request XFER_ID=756 buffer_size=8192
I0317 11:12:08.211242     274 libfabric_rail.cpp:997] Posting receive on endpoint=0xadfbce0 buffer=0x7fc3cdc15010 size=8192 context=0xad94978
I0317 11:12:08.211243     274 libfabric_rail.cpp:1006] Receive posted successfully
I0317 11:12:08.211243     274 libfabric_rail.cpp:320] Allocate on Rail 0 allocated control request XFER_ID=757 buffer_size=8192
I0317 11:12:08.211244     274 libfabric_rail.cpp:997] Posting receive on endpoint=0xadfbce0 buffer=0x7fc3cdc13010 size=8192 context=0xad948d0
I0317 11:12:08.211245     274 libfabric_rail.cpp:1006] Receive posted successfully
I0317 11:12:08.211245     274 libfabric_rail.cpp:320] Allocate on Rail 0 allocated control request XFER_ID=758 buffer_size=8192
I0317 11:12:08.211246     274 libfabric_rail.cpp:997] Posting receive on endpoint=0xadfbce0 buffer=0x7fc3cdc11010 size=8192 context=0xad94820
I0317 11:12:08.211247     274 libfabric_rail.cpp:1006] Receive posted successfully
I0317 11:12:08.211248     274 libfabric_rail.cpp:320] Allocate on Rail 0 allocated control request XFER_ID=759 buffer_size=8192
I0317 11:12:08.211248     274 libfabric_rail.cpp:997] Posting receive on endpoint=0xadfbce0 buffer=0x7fc3cdc0f010 size=8192 context=0xad94778
I0317 11:12:08.211249     274 libfabric_rail.cpp:1006] Receive posted successfully
I0317 11:12:08.211250     274 libfabric_rail.cpp:320] Allocate on Rail 0 allocated control request XFER_ID=760 buffer_size=8192
I0317 11:12:08.211250     274 libfabric_rail.cpp:997] Posting receive on endpoint=0xadfbce0 buffer=0x7fc3cdc0d010 size=8192 context=0xad946d0
I0317 11:12:08.211251     274 libfabric_rail.cpp:1006] Receive posted successfully
I0317 11:12:08.211252     274 libfabric_rail.cpp:320] Allocate on Rail 0 allocated control request XFER_ID=761 buffer_size=8192
I0317 11:12:08.211253     274 libfabric_rail.cpp:997] Posting receive on endpoint=0xadfbce0 buffer=0x7fc3cdc0b010 size=8192 context=0xad94620
I0317 11:12:08.211253     274 libfabric_rail.cpp:1006] Receive posted successfully
I0317 11:12:08.211254     274 libfabric_rail.cpp:320] Allocate on Rail 0 allocated control request XFER_ID=762 buffer_size=8192
I0317 11:12:08.211255     274 libfabric_rail.cpp:997] Posting receive on endpoint=0xadfbce0 buffer=0x7fc3cdc09010 size=8192 context=0xad94578
I0317 11:12:08.211256     274 libfabric_rail.cpp:1006] Receive posted successfully
I0317 11:12:08.211256     274 libfabric_rail.cpp:320] Allocate on Rail 0 allocated control request XFER_ID=763 buffer_size=8192
I0317 11:12:08.211257     274 libfabric_rail.cpp:997] Posting receive on endpoint=0xadfbce0 buffer=0x7fc3cdc07010 size=8192 context=0xad944d0
I0317 11:12:08.211258     274 libfabric_rail.cpp:1006] Receive posted successfully
I0317 11:12:08.211258     274 libfabric_rail.cpp:320] Allocate on Rail 0 allocated control request XFER_ID=764 buffer_size=8192
I0317 11:12:08.211259     274 libfabric_rail.cpp:997] Posting receive on endpoint=0xadfbce0 buffer=0x7fc3cdc05010 size=8192 context=0xad94420
I0317 11:12:08.211260     274 libfabric_rail.cpp:1006] Receive posted successfully
I0317 11:12:08.211260     274 libfabric_rail.cpp:320] Allocate on Rail 0 allocated control request XFER_ID=765 buffer_size=8192
I0317 11:12:08.211261     274 libfabric_rail.cpp:997] Posting receive on endpoint=0xadfbce0 buffer=0x7fc3cdc03010 size=8192 context=0xad94378
I0317 11:12:08.211263     274 libfabric_rail.cpp:1006] Receive posted successfully
I0317 11:12:08.211263     274 libfabric_rail.cpp:320] Allocate on Rail 0 allocated control request XFER_ID=766 buffer_size=8192
I0317 11:12:08.211264     274 libfabric_rail.cpp:997] Posting receive on endpoint=0xadfbce0 buffer=0x7fc3cdc01010 size=8192 context=0xad942d0
I0317 11:12:08.211265     274 libfabric_rail.cpp:1006] Receive posted successfully
I0317 11:12:08.211265     274 libfabric_rail.cpp:320] Allocate on Rail 0 allocated control request XFER_ID=767 buffer_size=8192
I0317 11:12:08.211266     274 libfabric_rail.cpp:997] Posting receive on endpoint=0xadfbce0 buffer=0x7fc3cdbff010 size=8192 context=0xad94220
I0317 11:12:08.211267     274 libfabric_rail.cpp:1006] Receive posted successfully
I0317 11:12:08.211268     274 libfabric_rail.cpp:320] Allocate on Rail 0 allocated control request XFER_ID=768 buffer_size=8192
I0317 11:12:08.211269     274 libfabric_rail.cpp:997] Posting receive on endpoint=0xadfbce0 buffer=0x7fc3cdbfd010 size=8192 context=0xad94178
I0317 11:12:08.211269     274 libfabric_rail.cpp:1006] Receive posted successfully
I0317 11:12:08.211270     274 libfabric_rail.cpp:320] Allocate on Rail 0 allocated control request XFER_ID=769 buffer_size=8192
I0317 11:12:08.211271     274 libfabric_rail.cpp:997] Posting receive on endpoint=0xadfbce0 buffer=0x7fc3cdbfb010 size=8192 context=0xad940d0
I0317 11:12:08.211272     274 libfabric_rail.cpp:1006] Receive posted successfully
I0317 11:12:08.211272     274 libfabric_rail.cpp:320] Allocate on Rail 0 allocated control request XFER_ID=770 buffer_size=8192
I0317 11:12:08.211273     274 libfabric_rail.cpp:997] Posting receive on endpoint=0xadfbce0 buffer=0x7fc3cdbf9010 size=8192 context=0xad94020
I0317 11:12:08.211274     274 libfabric_rail.cpp:1006] Receive posted successfully
I0317 11:12:08.211274     274 libfabric_rail.cpp:320] Allocate on Rail 0 allocated control request XFER_ID=771 buffer_size=8192
I0317 11:12:08.211275     274 libfabric_rail.cpp:997] Posting receive on endpoint=0xadfbce0 buffer=0x7fc3cdbf7010 size=8192 context=0xad93f78
I0317 11:12:08.211276     274 libfabric_rail.cpp:1006] Receive posted successfully
I0317 11:12:08.211276     274 libfabric_rail.cpp:320] Allocate on Rail 0 allocated control request XFER_ID=772 buffer_size=8192
I0317 11:12:08.211277     274 libfabric_rail.cpp:997] Posting receive on endpoint=0xadfbce0 buffer=0x7fc3cdbf5010 size=8192 context=0xad93ed0
I0317 11:12:08.211278     274 libfabric_rail.cpp:1006] Receive posted successfully
I0317 11:12:08.211279     274 libfabric_rail.cpp:320] Allocate on Rail 0 allocated control request XFER_ID=773 buffer_size=8192
I0317 11:12:08.211279     274 libfabric_rail.cpp:997] Posting receive on endpoint=0xadfbce0 buffer=0x7fc3cdbf3010 size=8192 context=0xad93e20
I0317 11:12:08.211280     274 libfabric_rail.cpp:1006] Receive posted successfully
I0317 11:12:08.211281     274 libfabric_rail.cpp:320] Allocate on Rail 0 allocated control request XFER_ID=774 buffer_size=8192
I0317 11:12:08.211282     274 libfabric_rail.cpp:997] Posting receive on endpoint=0xadfbce0 buffer=0x7fc3cdbf1010 size=8192 context=0xad93d78
I0317 11:12:08.211282     274 libfabric_rail.cpp:1006] Receive posted successfully
I0317 11:12:08.211283     274 libfabric_rail.cpp:320] Allocate on Rail 0 allocated control request XFER_ID=775 buffer_size=8192
I0317 11:12:08.211284     274 libfabric_rail.cpp:997] Posting receive on endpoint=0xadfbce0 buffer=0x7fc3cdbef010 size=8192 context=0xad93cd0
I0317 11:12:08.211285     274 libfabric_rail.cpp:1006] Receive posted successfully
I0317 11:12:08.211285     274 libfabric_rail.cpp:320] Allocate on Rail 0 allocated control request XFER_ID=776 buffer_size=8192
I0317 11:12:08.211286     274 libfabric_rail.cpp:997] Posting receive on endpoint=0xadfbce0 buffer=0x7fc3cdbed010 size=8192 context=0xad93c20
I0317 11:12:08.211287     274 libfabric_rail.cpp:1006] Receive posted successfully
I0317 11:12:08.211287     274 libfabric_rail.cpp:320] Allocate on Rail 0 allocated control request XFER_ID=777 buffer_size=8192
I0317 11:12:08.211288     274 libfabric_rail.cpp:997] Posting receive on endpoint=0xadfbce0 buffer=0x7fc3cdbeb010 size=8192 context=0xad93b78
I0317 11:12:08.211289     274 libfabric_rail.cpp:1006] Receive posted successfully
I0317 11:12:08.211290     274 libfabric_rail.cpp:320] Allocate on Rail 0 allocated control request XFER_ID=778 buffer_size=8192
I0317 11:12:08.211290     274 libfabric_rail.cpp:997] Posting receive on endpoint=0xadfbce0 buffer=0x7fc3cdbe9010 size=8192 context=0xad93ad0
I0317 11:12:08.211291     274 libfabric_rail.cpp:1006] Receive posted successfully
I0317 11:12:08.211292     274 libfabric_rail.cpp:320] Allocate on Rail 0 allocated control request XFER_ID=779 buffer_size=8192
I0317 11:12:08.211292     274 libfabric_rail.cpp:997] Posting receive on endpoint=0xadfbce0 buffer=0x7fc3cdbe7010 size=8192 context=0xad93a20
I0317 11:12:08.211293     274 libfabric_rail.cpp:1006] Receive posted successfully
I0317 11:12:08.211294     274 libfabric_rail.cpp:320] Allocate on Rail 0 allocated control request XFER_ID=780 buffer_size=8192
I0317 11:12:08.211295     274 libfabric_rail.cpp:997] Posting receive on endpoint=0xadfbce0 buffer=0x7fc3cdbe5010 size=8192 context=0xad93978
I0317 11:12:08.211296     274 libfabric_rail.cpp:1006] Receive posted successfully
I0317 11:12:08.211296     274 libfabric_rail.cpp:320] Allocate on Rail 0 allocated control request XFER_ID=781 buffer_size=8192
I0317 11:12:08.211297     274 libfabric_rail.cpp:997] Posting receive on endpoint=0xadfbce0 buffer=0x7fc3cdbe3010 size=8192 context=0xad938d0
I0317 11:12:08.211298     274 libfabric_rail.cpp:1006] Receive posted successfully
I0317 11:12:08.211298     274 libfabric_rail.cpp:320] Allocate on Rail 0 allocated control request XFER_ID=782 buffer_size=8192
I0317 11:12:08.211299     274 libfabric_rail.cpp:997] Posting receive on endpoint=0xadfbce0 buffer=0x7fc3cdbe1010 size=8192 context=0xad93820
I0317 11:12:08.211300     274 libfabric_rail.cpp:1006] Receive posted successfully
I0317 11:12:08.211300     274 libfabric_rail.cpp:320] Allocate on Rail 0 allocated control request XFER_ID=783 buffer_size=8192
I0317 11:12:08.211301     274 libfabric_rail.cpp:997] Posting receive on endpoint=0xadfbce0 buffer=0x7fc3cdbdf010 size=8192 context=0xad93778
I0317 11:12:08.211302     274 libfabric_rail.cpp:1006] Receive posted successfully
I0317 11:12:08.211303     274 libfabric_rail.cpp:320] Allocate on Rail 0 allocated control request XFER_ID=784 buffer_size=8192
I0317 11:12:08.211303     274 libfabric_rail.cpp:997] Posting receive on endpoint=0xadfbce0 buffer=0x7fc3cdbdd010 size=8192 context=0xad936d0
I0317 11:12:08.211304     274 libfabric_rail.cpp:1006] Receive posted successfully
I0317 11:12:08.211305     274 libfabric_rail.cpp:320] Allocate on Rail 0 allocated control request XFER_ID=785 buffer_size=8192
I0317 11:12:08.211305     274 libfabric_rail.cpp:997] Posting receive on endpoint=0xadfbce0 buffer=0x7fc3cdbdb010 size=8192 context=0xad93620
I0317 11:12:08.211306     274 libfabric_rail.cpp:1006] Receive posted successfully
I0317 11:12:08.211307     274 libfabric_rail.cpp:320] Allocate on Rail 0 allocated control request XFER_ID=786 buffer_size=8192
I0317 11:12:08.211308     274 libfabric_rail.cpp:997] Posting receive on endpoint=0xadfbce0 buffer=0x7fc3cdbd9010 size=8192 context=0xad93578
I0317 11:12:08.211308     274 libfabric_rail.cpp:1006] Receive posted successfully
I0317 11:12:08.211309     274 libfabric_rail.cpp:320] Allocate on Rail 0 allocated control request XFER_ID=787 buffer_size=8192
I0317 11:12:08.211310     274 libfabric_rail.cpp:997] Posting receive on endpoint=0xadfbce0 buffer=0x7fc3cdbd7010 size=8192 context=0xad934d0
I0317 11:12:08.211311     274 libfabric_rail.cpp:1006] Receive posted successfully
I0317 11:12:08.211311     274 libfabric_rail.cpp:320] Allocate on Rail 0 allocated control request XFER_ID=788 buffer_size=8192
I0317 11:12:08.211312     274 libfabric_rail.cpp:997] Posting receive on endpoint=0xadfbce0 buffer=0x7fc3cdbd5010 size=8192 context=0xad93420
I0317 11:12:08.211313     274 libfabric_rail.cpp:1006] Receive posted successfully
I0317 11:12:08.211314     274 libfabric_rail.cpp:320] Allocate on Rail 0 allocated control request XFER_ID=789 buffer_size=8192
I0317 11:12:08.211314     274 libfabric_rail.cpp:997] Posting receive on endpoint=0xadfbce0 buffer=0x7fc3cdbd3010 size=8192 context=0xad93378
I0317 11:12:08.211315     274 libfabric_rail.cpp:1006] Receive posted successfully
I0317 11:12:08.211316     274 libfabric_rail.cpp:320] Allocate on Rail 0 allocated control request XFER_ID=790 buffer_size=8192
I0317 11:12:08.211317     274 libfabric_rail.cpp:997] Posting receive on endpoint=0xadfbce0 buffer=0x7fc3cdbd1010 size=8192 context=0xad932d0
I0317 11:12:08.211317     274 libfabric_rail.cpp:1006] Receive posted successfully
I0317 11:12:08.211318     274 libfabric_rail.cpp:320] Allocate on Rail 0 allocated control request XFER_ID=791 buffer_size=8192
I0317 11:12:08.211319     274 libfabric_rail.cpp:997] Posting receive on endpoint=0xadfbce0 buffer=0x7fc3cdbcf010 size=8192 context=0xad93220
I0317 11:12:08.211320     274 libfabric_rail.cpp:1006] Receive posted successfully
I0317 11:12:08.211320     274 libfabric_rail.cpp:320] Allocate on Rail 0 allocated control request XFER_ID=792 buffer_size=8192
I0317 11:12:08.211321     274 libfabric_rail.cpp:997] Posting receive on endpoint=0xadfbce0 buffer=0x7fc3cdbcd010 size=8192 context=0xad93178
I0317 11:12:08.211322     274 libfabric_rail.cpp:1006] Receive posted successfully
I0317 11:12:08.211322     274 libfabric_rail.cpp:320] Allocate on Rail 0 allocated control request XFER_ID=793 buffer_size=8192
I0317 11:12:08.211323     274 libfabric_rail.cpp:997] Posting receive on endpoint=0xadfbce0 buffer=0x7fc3cdbcb010 size=8192 context=0xad930d0
I0317 11:12:08.211324     274 libfabric_rail.cpp:1006] Receive posted successfully
I0317 11:12:08.211324     274 libfabric_rail.cpp:320] Allocate on Rail 0 allocated control request XFER_ID=794 buffer_size=8192
I0317 11:12:08.211325     274 libfabric_rail.cpp:997] Posting receive on endpoint=0xadfbce0 buffer=0x7fc3cdbc9010 size=8192 context=0xad93020
I0317 11:12:08.211326     274 libfabric_rail.cpp:1006] Receive posted successfully
I0317 11:12:08.211327     274 libfabric_rail.cpp:320] Allocate on Rail 0 allocated control request XFER_ID=795 buffer_size=8192
I0317 11:12:08.211327     274 libfabric_rail.cpp:997] Posting receive on endpoint=0xadfbce0 buffer=0x7fc3cdbc7010 size=8192 context=0xad92f78
I0317 11:12:08.211328     274 libfabric_rail.cpp:1006] Receive posted successfully
I0317 11:12:08.211329     274 libfabric_rail.cpp:320] Allocate on Rail 0 allocated control request XFER_ID=796 buffer_size=8192
I0317 11:12:08.211329     274 libfabric_rail.cpp:997] Posting receive on endpoint=0xadfbce0 buffer=0x7fc3cdbc5010 size=8192 context=0xad92ed0
I0317 11:12:08.211330     274 libfabric_rail.cpp:1006] Receive posted successfully
I0317 11:12:08.211331     274 libfabric_rail.cpp:320] Allocate on Rail 0 allocated control request XFER_ID=797 buffer_size=8192
I0317 11:12:08.211332     274 libfabric_rail.cpp:997] Posting receive on endpoint=0xadfbce0 buffer=0x7fc3cdbc3010 size=8192 context=0xad92e20
I0317 11:12:08.211333     274 libfabric_rail.cpp:1006] Receive posted successfully
I0317 11:12:08.211333     274 libfabric_rail.cpp:320] Allocate on Rail 0 allocated control request XFER_ID=798 buffer_size=8192
I0317 11:12:08.211334     274 libfabric_rail.cpp:997] Posting receive on endpoint=0xadfbce0 buffer=0x7fc3cdbc1010 size=8192 context=0xad92d78
I0317 11:12:08.211335     274 libfabric_rail.cpp:1006] Receive posted successfully
I0317 11:12:08.211335     274 libfabric_rail.cpp:320] Allocate on Rail 0 allocated control request XFER_ID=799 buffer_size=8192
I0317 11:12:08.211336     274 libfabric_rail.cpp:997] Posting receive on endpoint=0xadfbce0 buffer=0x7fc3cdbbf010 size=8192 context=0xad92cd0
I0317 11:12:08.211337     274 libfabric_rail.cpp:1006] Receive posted successfully
I0317 11:12:08.211338     274 libfabric_rail.cpp:320] Allocate on Rail 0 allocated control request XFER_ID=800 buffer_size=8192
I0317 11:12:08.211339     274 libfabric_rail.cpp:997] Posting receive on endpoint=0xadfbce0 buffer=0x7fc3cdbbd010 size=8192 context=0xad92c20
I0317 11:12:08.211339     274 libfabric_rail.cpp:1006] Receive posted successfully
I0317 11:12:08.211340     274 libfabric_rail.cpp:320] Allocate on Rail 0 allocated control request XFER_ID=801 buffer_size=8192
I0317 11:12:08.211341     274 libfabric_rail.cpp:997] Posting receive on endpoint=0xadfbce0 buffer=0x7fc3cdbbb010 size=8192 context=0xad92b78
I0317 11:12:08.211342     274 libfabric_rail.cpp:1006] Receive posted successfully
I0317 11:12:08.211342     274 libfabric_rail.cpp:320] Allocate on Rail 0 allocated control request XFER_ID=802 buffer_size=8192
I0317 11:12:08.211343     274 libfabric_rail.cpp:997] Posting receive on endpoint=0xadfbce0 buffer=0x7fc3cdbb9010 size=8192 context=0xad92ad0
I0317 11:12:08.211344     274 libfabric_rail.cpp:1006] Receive posted successfully
I0317 11:12:08.211344     274 libfabric_rail.cpp:320] Allocate on Rail 0 allocated control request XFER_ID=803 buffer_size=8192
I0317 11:12:08.211345     274 libfabric_rail.cpp:997] Posting receive on endpoint=0xadfbce0 buffer=0x7fc3cdbb7010 size=8192 context=0xad92a20
I0317 11:12:08.211346     274 libfabric_rail.cpp:1006] Receive posted successfully
I0317 11:12:08.211347     274 libfabric_rail.cpp:320] Allocate on Rail 0 allocated control request XFER_ID=804 buffer_size=8192
I0317 11:12:08.211347     274 libfabric_rail.cpp:997] Posting receive on endpoint=0xadfbce0 buffer=0x7fc3cdbb5010 size=8192 context=0xad92978
I0317 11:12:08.211348     274 libfabric_rail.cpp:1006] Receive posted successfully
I0317 11:12:08.211349     274 libfabric_rail.cpp:320] Allocate on Rail 0 allocated control request XFER_ID=805 buffer_size=8192
I0317 11:12:08.211349     274 libfabric_rail.cpp:997] Posting receive on endpoint=0xadfbce0 buffer=0x7fc3cdbb3010 size=8192 context=0xad928d0
I0317 11:12:08.211350     274 libfabric_rail.cpp:1006] Receive posted successfully
I0317 11:12:08.211351     274 libfabric_rail.cpp:320] Allocate on Rail 0 allocated control request XFER_ID=806 buffer_size=8192
I0317 11:12:08.211352     274 libfabric_rail.cpp:997] Posting receive on endpoint=0xadfbce0 buffer=0x7fc3cdbb1010 size=8192 context=0xad92820
I0317 11:12:08.211352     274 libfabric_rail.cpp:1006] Receive posted successfully
I0317 11:12:08.211353     274 libfabric_rail.cpp:320] Allocate on Rail 0 allocated control request XFER_ID=807 buffer_size=8192
I0317 11:12:08.211354     274 libfabric_rail.cpp:997] Posting receive on endpoint=0xadfbce0 buffer=0x7fc3cdbaf010 size=8192 context=0xad92778
I0317 11:12:08.211355     274 libfabric_rail.cpp:1006] Receive posted successfully
I0317 11:12:08.211355     274 libfabric_rail.cpp:320] Allocate on Rail 0 allocated control request XFER_ID=808 buffer_size=8192
I0317 11:12:08.211356     274 libfabric_rail.cpp:997] Posting receive on endpoint=0xadfbce0 buffer=0x7fc3cdbad010 size=8192 context=0xad926d0
I0317 11:12:08.211357     274 libfabric_rail.cpp:1006] Receive posted successfully
I0317 11:12:08.211357     274 libfabric_rail.cpp:320] Allocate on Rail 0 allocated control request XFER_ID=809 buffer_size=8192
I0317 11:12:08.211358     274 libfabric_rail.cpp:997] Posting receive on endpoint=0xadfbce0 buffer=0x7fc3cdbab010 size=8192 context=0xad92620
I0317 11:12:08.211359     274 libfabric_rail.cpp:1006] Receive posted successfully
I0317 11:12:08.211360     274 libfabric_rail.cpp:320] Allocate on Rail 0 allocated control request XFER_ID=810 buffer_size=8192
I0317 11:12:08.211360     274 libfabric_rail.cpp:997] Posting receive on endpoint=0xadfbce0 buffer=0x7fc3cdba9010 size=8192 context=0xad92578
I0317 11:12:08.211361     274 libfabric_rail.cpp:1006] Receive posted successfully
I0317 11:12:08.211362     274 libfabric_rail.cpp:320] Allocate on Rail 0 allocated control request XFER_ID=811 buffer_size=8192
I0317 11:12:08.211363     274 libfabric_rail.cpp:997] Posting receive on endpoint=0xadfbce0 buffer=0x7fc3cdba7010 size=8192 context=0xad924d0
I0317 11:12:08.211363     274 libfabric_rail.cpp:1006] Receive posted successfully
I0317 11:12:08.211364     274 libfabric_rail.cpp:320] Allocate on Rail 0 allocated control request XFER_ID=812 buffer_size=8192
I0317 11:12:08.211365     274 libfabric_rail.cpp:997] Posting receive on endpoint=0xadfbce0 buffer=0x7fc3cdba5010 size=8192 context=0xad92420
I0317 11:12:08.211366     274 libfabric_rail.cpp:1006] Receive posted successfully
I0317 11:12:08.211366     274 libfabric_rail.cpp:320] Allocate on Rail 0 allocated control request XFER_ID=813 buffer_size=8192
I0317 11:12:08.211367     274 libfabric_rail.cpp:997] Posting receive on endpoint=0xadfbce0 buffer=0x7fc3cdba3010 size=8192 context=0xad92378
I0317 11:12:08.211368     274 libfabric_rail.cpp:1006] Receive posted successfully
I0317 11:12:08.211368     274 libfabric_rail.cpp:320] Allocate on Rail 0 allocated control request XFER_ID=814 buffer_size=8192
I0317 11:12:08.211369     274 libfabric_rail.cpp:997] Posting receive on endpoint=0xadfbce0 buffer=0x7fc3cdba1010 size=8192 context=0xad922d0
I0317 11:12:08.211370     274 libfabric_rail.cpp:1006] Receive posted successfully
I0317 11:12:08.211371     274 libfabric_rail.cpp:320] Allocate on Rail 0 allocated control request XFER_ID=815 buffer_size=8192
I0317 11:12:08.211371     274 libfabric_rail.cpp:997] Posting receive on endpoint=0xadfbce0 buffer=0x7fc3cdb9f010 size=8192 context=0xad92220
I0317 11:12:08.211372     274 libfabric_rail.cpp:1006] Receive posted successfully
I0317 11:12:08.211373     274 libfabric_rail.cpp:320] Allocate on Rail 0 allocated control request XFER_ID=816 buffer_size=8192
I0317 11:12:08.211373     274 libfabric_rail.cpp:997] Posting receive on endpoint=0xadfbce0 buffer=0x7fc3cdb9d010 size=8192 context=0xad92178
I0317 11:12:08.211374     274 libfabric_rail.cpp:1006] Receive posted successfully
I0317 11:12:08.211375     274 libfabric_rail.cpp:320] Allocate on Rail 0 allocated control request XFER_ID=817 buffer_size=8192
I0317 11:12:08.211376     274 libfabric_rail.cpp:997] Posting receive on endpoint=0xadfbce0 buffer=0x7fc3cdb9b010 size=8192 context=0xad920d0
I0317 11:12:08.211376     274 libfabric_rail.cpp:1006] Receive posted successfully
I0317 11:12:08.211377     274 libfabric_rail.cpp:320] Allocate on Rail 0 allocated control request XFER_ID=818 buffer_size=8192
I0317 11:12:08.211378     274 libfabric_rail.cpp:997] Posting receive on endpoint=0xadfbce0 buffer=0x7fc3cdb99010 size=8192 context=0xad92020
I0317 11:12:08.211379     274 libfabric_rail.cpp:1006] Receive posted successfully
I0317 11:12:08.211379     274 libfabric_rail.cpp:320] Allocate on Rail 0 allocated control request XFER_ID=819 buffer_size=8192
I0317 11:12:08.211380     274 libfabric_rail.cpp:997] Posting receive on endpoint=0xadfbce0 buffer=0x7fc3cdb97010 size=8192 context=0xad91f78
I0317 11:12:08.211381     274 libfabric_rail.cpp:1006] Receive posted successfully
I0317 11:12:08.211381     274 libfabric_rail.cpp:320] Allocate on Rail 0 allocated control request XFER_ID=820 buffer_size=8192
I0317 11:12:08.211382     274 libfabric_rail.cpp:997] Posting receive on endpoint=0xadfbce0 buffer=0x7fc3cdb95010 size=8192 context=0xad91ed0
I0317 11:12:08.211383     274 libfabric_rail.cpp:1006] Receive posted successfully
I0317 11:12:08.211383     274 libfabric_rail.cpp:320] Allocate on Rail 0 allocated control request XFER_ID=821 buffer_size=8192
I0317 11:12:08.211384     274 libfabric_rail.cpp:997] Posting receive on endpoint=0xadfbce0 buffer=0x7fc3cdb93010 size=8192 context=0xad91e20
I0317 11:12:08.211385     274 libfabric_rail.cpp:1006] Receive posted successfully
I0317 11:12:08.211386     274 libfabric_rail.cpp:320] Allocate on Rail 0 allocated control request XFER_ID=822 buffer_size=8192
I0317 11:12:08.211386     274 libfabric_rail.cpp:997] Posting receive on endpoint=0xadfbce0 buffer=0x7fc3cdb91010 size=8192 context=0xad91d78
I0317 11:12:08.211387     274 libfabric_rail.cpp:1006] Receive posted successfully
I0317 11:12:08.211388     274 libfabric_rail.cpp:320] Allocate on Rail 0 allocated control request XFER_ID=823 buffer_size=8192
I0317 11:12:08.211389     274 libfabric_rail.cpp:997] Posting receive on endpoint=0xadfbce0 buffer=0x7fc3cdb8f010 size=8192 context=0xad91cd0
I0317 11:12:08.211389     274 libfabric_rail.cpp:1006] Receive posted successfully
I0317 11:12:08.211390     274 libfabric_rail.cpp:320] Allocate on Rail 0 allocated control request XFER_ID=824 buffer_size=8192
I0317 11:12:08.211391     274 libfabric_rail.cpp:997] Posting receive on endpoint=0xadfbce0 buffer=0x7fc3cdb8d010 size=8192 context=0xad91c20
I0317 11:12:08.211392     274 libfabric_rail.cpp:1006] Receive posted successfully
I0317 11:12:08.211392     274 libfabric_rail.cpp:320] Allocate on Rail 0 allocated control request XFER_ID=825 buffer_size=8192
I0317 11:12:08.211393     274 libfabric_rail.cpp:997] Posting receive on endpoint=0xadfbce0 buffer=0x7fc3cdb8b010 size=8192 context=0xad91b78
I0317 11:12:08.211394     274 libfabric_rail.cpp:1006] Receive posted successfully
I0317 11:12:08.211394     274 libfabric_rail.cpp:320] Allocate on Rail 0 allocated control request XFER_ID=826 buffer_size=8192
I0317 11:12:08.211395     274 libfabric_rail.cpp:997] Posting receive on endpoint=0xadfbce0 buffer=0x7fc3cdb89010 size=8192 context=0xad91ad0
I0317 11:12:08.211396     274 libfabric_rail.cpp:1006] Receive posted successfully
I0317 11:12:08.211397     274 libfabric_rail.cpp:320] Allocate on Rail 0 allocated control request XFER_ID=827 buffer_size=8192
I0317 11:12:08.211397     274 libfabric_rail.cpp:997] Posting receive on endpoint=0xadfbce0 buffer=0x7fc3cdb87010 size=8192 context=0xad91a20
I0317 11:12:08.211398     274 libfabric_rail.cpp:1006] Receive posted successfully
I0317 11:12:08.211399     274 libfabric_rail.cpp:320] Allocate on Rail 0 allocated control request XFER_ID=828 buffer_size=8192
I0317 11:12:08.211399     274 libfabric_rail.cpp:997] Posting receive on endpoint=0xadfbce0 buffer=0x7fc3cdb85010 size=8192 context=0xad91978
I0317 11:12:08.211400     274 libfabric_rail.cpp:1006] Receive posted successfully
I0317 11:12:08.211401     274 libfabric_rail.cpp:320] Allocate on Rail 0 allocated control request XFER_ID=829 buffer_size=8192
I0317 11:12:08.211402     274 libfabric_rail.cpp:997] Posting receive on endpoint=0xadfbce0 buffer=0x7fc3cdb83010 size=8192 context=0xad918d0
I0317 11:12:08.211402     274 libfabric_rail.cpp:1006] Receive posted successfully
I0317 11:12:08.211403     274 libfabric_rail.cpp:320] Allocate on Rail 0 allocated control request XFER_ID=830 buffer_size=8192
I0317 11:12:08.211404     274 libfabric_rail.cpp:997] Posting receive on endpoint=0xadfbce0 buffer=0x7fc3cdb81010 size=8192 context=0xad91820
I0317 11:12:08.211405     274 libfabric_rail.cpp:1006] Receive posted successfully
I0317 11:12:08.211405     274 libfabric_rail.cpp:320] Allocate on Rail 0 allocated control request XFER_ID=831 buffer_size=8192
I0317 11:12:08.211406     274 libfabric_rail.cpp:997] Posting receive on endpoint=0xadfbce0 buffer=0x7fc3cdb7f010 size=8192 context=0xad91778
I0317 11:12:08.211407     274 libfabric_rail.cpp:1006] Receive posted successfully
I0317 11:12:08.211407     274 libfabric_rail.cpp:320] Allocate on Rail 0 allocated control request XFER_ID=832 buffer_size=8192
I0317 11:12:08.211408     274 libfabric_rail.cpp:997] Posting receive on endpoint=0xadfbce0 buffer=0x7fc3cdb7d010 size=8192 context=0xad916d0
I0317 11:12:08.211409     274 libfabric_rail.cpp:1006] Receive posted successfully
I0317 11:12:08.211410     274 libfabric_rail.cpp:320] Allocate on Rail 0 allocated control request XFER_ID=833 buffer_size=8192
I0317 11:12:08.211410     274 libfabric_rail.cpp:997] Posting receive on endpoint=0xadfbce0 buffer=0x7fc3cdb7b010 size=8192 context=0xad91620
I0317 11:12:08.211411     274 libfabric_rail.cpp:1006] Receive posted successfully
I0317 11:12:08.211412     274 libfabric_rail.cpp:320] Allocate on Rail 0 allocated control request XFER_ID=834 buffer_size=8192
I0317 11:12:08.211412     274 libfabric_rail.cpp:997] Posting receive on endpoint=0xadfbce0 buffer=0x7fc3cdb79010 size=8192 context=0xad91578
I0317 11:12:08.211414     274 libfabric_rail.cpp:1006] Receive posted successfully
I0317 11:12:08.211414     274 libfabric_rail.cpp:320] Allocate on Rail 0 allocated control request XFER_ID=835 buffer_size=8192
I0317 11:12:08.211415     274 libfabric_rail.cpp:997] Posting receive on endpoint=0xadfbce0 buffer=0x7fc3cdb77010 size=8192 context=0xad914d0
I0317 11:12:08.211416     274 libfabric_rail.cpp:1006] Receive posted successfully
I0317 11:12:08.211416     274 libfabric_rail.cpp:320] Allocate on Rail 0 allocated control request XFER_ID=836 buffer_size=8192
I0317 11:12:08.211417     274 libfabric_rail.cpp:997] Posting receive on endpoint=0xadfbce0 buffer=0x7fc3cdb75010 size=8192 context=0xad91420
I0317 11:12:08.211418     274 libfabric_rail.cpp:1006] Receive posted successfully
I0317 11:12:08.211419     274 libfabric_rail.cpp:320] Allocate on Rail 0 allocated control request XFER_ID=837 buffer_size=8192
I0317 11:12:08.211420     274 libfabric_rail.cpp:997] Posting receive on endpoint=0xadfbce0 buffer=0x7fc3cdb73010 size=8192 context=0xad91378
I0317 11:12:08.211421     274 libfabric_rail.cpp:1006] Receive posted successfully
I0317 11:12:08.211421     274 libfabric_rail.cpp:320] Allocate on Rail 0 allocated control request XFER_ID=838 buffer_size=8192
I0317 11:12:08.211422     274 libfabric_rail.cpp:997] Posting receive on endpoint=0xadfbce0 buffer=0x7fc3cdb71010 size=8192 context=0xad912d0
I0317 11:12:08.211423     274 libfabric_rail.cpp:1006] Receive posted successfully
I0317 11:12:08.211423     274 libfabric_rail.cpp:320] Allocate on Rail 0 allocated control request XFER_ID=839 buffer_size=8192
I0317 11:12:08.211424     274 libfabric_rail.cpp:997] Posting receive on endpoint=0xadfbce0 buffer=0x7fc3cdb6f010 size=8192 context=0xad91220
I0317 11:12:08.211425     274 libfabric_rail.cpp:1006] Receive posted successfully
I0317 11:12:08.211425     274 libfabric_rail.cpp:320] Allocate on Rail 0 allocated control request XFER_ID=840 buffer_size=8192
I0317 11:12:08.211426     274 libfabric_rail.cpp:997] Posting receive on endpoint=0xadfbce0 buffer=0x7fc3cdb6d010 size=8192 context=0xad91178
I0317 11:12:08.211427     274 libfabric_rail.cpp:1006] Receive posted successfully
I0317 11:12:08.211428     274 libfabric_rail.cpp:320] Allocate on Rail 0 allocated control request XFER_ID=841 buffer_size=8192
I0317 11:12:08.211428     274 libfabric_rail.cpp:997] Posting receive on endpoint=0xadfbce0 buffer=0x7fc3cdb6b010 size=8192 context=0xad910d0
I0317 11:12:08.211429     274 libfabric_rail.cpp:1006] Receive posted successfully
I0317 11:12:08.211430     274 libfabric_rail.cpp:320] Allocate on Rail 0 allocated control request XFER_ID=842 buffer_size=8192
I0317 11:12:08.211430     274 libfabric_rail.cpp:997] Posting receive on endpoint=0xadfbce0 buffer=0x7fc3cdb69010 size=8192 context=0xad91020
I0317 11:12:08.211431     274 libfabric_rail.cpp:1006] Receive posted successfully
I0317 11:12:08.211432     274 libfabric_rail.cpp:320] Allocate on Rail 0 allocated control request XFER_ID=843 buffer_size=8192
I0317 11:12:08.211433     274 libfabric_rail.cpp:997] Posting receive on endpoint=0xadfbce0 buffer=0x7fc3cdb67010 size=8192 context=0xad90f78
I0317 11:12:08.211434     274 libfabric_rail.cpp:1006] Receive posted successfully
I0317 11:12:08.211434     274 libfabric_rail.cpp:320] Allocate on Rail 0 allocated control request XFER_ID=844 buffer_size=8192
I0317 11:12:08.211435     274 libfabric_rail.cpp:997] Posting receive on endpoint=0xadfbce0 buffer=0x7fc3cdb65010 size=8192 context=0xad90ed0
I0317 11:12:08.211436     274 libfabric_rail.cpp:1006] Receive posted successfully
I0317 11:12:08.211436     274 libfabric_rail.cpp:320] Allocate on Rail 0 allocated control request XFER_ID=845 buffer_size=8192
I0317 11:12:08.211437     274 libfabric_rail.cpp:997] Posting receive on endpoint=0xadfbce0 buffer=0x7fc3cdb63010 size=8192 context=0xad90e20
I0317 11:12:08.211438     274 libfabric_rail.cpp:1006] Receive posted successfully
I0317 11:12:08.211438     274 libfabric_rail.cpp:320] Allocate on Rail 0 allocated control request XFER_ID=846 buffer_size=8192
I0317 11:12:08.211439     274 libfabric_rail.cpp:997] Posting receive on endpoint=0xadfbce0 buffer=0x7fc3cdb61010 size=8192 context=0xad90d78
I0317 11:12:08.211440     274 libfabric_rail.cpp:1006] Receive posted successfully
I0317 11:12:08.211441     274 libfabric_rail.cpp:320] Allocate on Rail 0 allocated control request XFER_ID=847 buffer_size=8192
I0317 11:12:08.211441     274 libfabric_rail.cpp:997] Posting receive on endpoint=0xadfbce0 buffer=0x7fc3cdb5f010 size=8192 context=0xad90cd0
I0317 11:12:08.211442     274 libfabric_rail.cpp:1006] Receive posted successfully
I0317 11:12:08.211443     274 libfabric_rail.cpp:320] Allocate on Rail 0 allocated control request XFER_ID=848 buffer_size=8192
I0317 11:12:08.211443     274 libfabric_rail.cpp:997] Posting receive on endpoint=0xadfbce0 buffer=0x7fc3cdb5d010 size=8192 context=0xad90c20
I0317 11:12:08.211444     274 libfabric_rail.cpp:1006] Receive posted successfully
I0317 11:12:08.211445     274 libfabric_rail.cpp:320] Allocate on Rail 0 allocated control request XFER_ID=849 buffer_size=8192
I0317 11:12:08.211446     274 libfabric_rail.cpp:997] Posting receive on endpoint=0xadfbce0 buffer=0x7fc3cdb5b010 size=8192 context=0xad90b78
I0317 11:12:08.211447     274 libfabric_rail.cpp:1006] Receive posted successfully
I0317 11:12:08.211447     274 libfabric_rail.cpp:320] Allocate on Rail 0 allocated control request XFER_ID=850 buffer_size=8192
I0317 11:12:08.211448     274 libfabric_rail.cpp:997] Posting receive on endpoint=0xadfbce0 buffer=0x7fc3cdb59010 size=8192 context=0xad90ad0
I0317 11:12:08.211449     274 libfabric_rail.cpp:1006] Receive posted successfully
I0317 11:12:08.211449     274 libfabric_rail.cpp:320] Allocate on Rail 0 allocated control request XFER_ID=851 buffer_size=8192
I0317 11:12:08.211450     274 libfabric_rail.cpp:997] Posting receive on endpoint=0xadfbce0 buffer=0x7fc3cdb57010 size=8192 context=0xad90a20
I0317 11:12:08.211451     274 libfabric_rail.cpp:1006] Receive posted successfully
I0317 11:12:08.211451     274 libfabric_rail.cpp:320] Allocate on Rail 0 allocated control request XFER_ID=852 buffer_size=8192
I0317 11:12:08.211452     274 libfabric_rail.cpp:997] Posting receive on endpoint=0xadfbce0 buffer=0x7fc3cdb55010 size=8192 context=0xad90978
I0317 11:12:08.211453     274 libfabric_rail.cpp:1006] Receive posted successfully
I0317 11:12:08.211454     274 libfabric_rail.cpp:320] Allocate on Rail 0 allocated control request XFER_ID=853 buffer_size=8192
I0317 11:12:08.211454     274 libfabric_rail.cpp:997] Posting receive on endpoint=0xadfbce0 buffer=0x7fc3cdb53010 size=8192 context=0xad908d0
I0317 11:12:08.211455     274 libfabric_rail.cpp:1006] Receive posted successfully
I0317 11:12:08.211456     274 libfabric_rail.cpp:320] Allocate on Rail 0 allocated control request XFER_ID=854 buffer_size=8192
I0317 11:12:08.211457     274 libfabric_rail.cpp:997] Posting receive on endpoint=0xadfbce0 buffer=0x7fc3cdb51010 size=8192 context=0xad90820
I0317 11:12:08.211457     274 libfabric_rail.cpp:1006] Receive posted successfully
I0317 11:12:08.211458     274 libfabric_rail.cpp:320] Allocate on Rail 0 allocated control request XFER_ID=855 buffer_size=8192
I0317 11:12:08.211459     274 libfabric_rail.cpp:997] Posting receive on endpoint=0xadfbce0 buffer=0x7fc3cdb4f010 size=8192 context=0xad90778
I0317 11:12:08.211460     274 libfabric_rail.cpp:1006] Receive posted successfully
I0317 11:12:08.211460     274 libfabric_rail.cpp:320] Allocate on Rail 0 allocated control request XFER_ID=856 buffer_size=8192
I0317 11:12:08.211461     274 libfabric_rail.cpp:997] Posting receive on endpoint=0xadfbce0 buffer=0x7fc3cdb4d010 size=8192 context=0xad906d0
I0317 11:12:08.211462     274 libfabric_rail.cpp:1006] Receive posted successfully
I0317 11:12:08.211462     274 libfabric_rail.cpp:320] Allocate on Rail 0 allocated control request XFER_ID=857 buffer_size=8192
I0317 11:12:08.211463     274 libfabric_rail.cpp:997] Posting receive on endpoint=0xadfbce0 buffer=0x7fc3cdb4b010 size=8192 context=0xad90620
I0317 11:12:08.211464     274 libfabric_rail.cpp:1006] Receive posted successfully
I0317 11:12:08.211465     274 libfabric_rail.cpp:320] Allocate on Rail 0 allocated control request XFER_ID=858 buffer_size=8192
I0317 11:12:08.211466     274 libfabric_rail.cpp:997] Posting receive on endpoint=0xadfbce0 buffer=0x7fc3cdb49010 size=8192 context=0xad90578
I0317 11:12:08.211466     274 libfabric_rail.cpp:1006] Receive posted successfully
I0317 11:12:08.211467     274 libfabric_rail.cpp:320] Allocate on Rail 0 allocated control request XFER_ID=859 buffer_size=8192
I0317 11:12:08.211468     274 libfabric_rail.cpp:997] Posting receive on endpoint=0xadfbce0 buffer=0x7fc3cdb47010 size=8192 context=0xad904d0
I0317 11:12:08.211469     274 libfabric_rail.cpp:1006] Receive posted successfully
I0317 11:12:08.211469     274 libfabric_rail.cpp:320] Allocate on Rail 0 allocated control request XFER_ID=860 buffer_size=8192
I0317 11:12:08.211470     274 libfabric_rail.cpp:997] Posting receive on endpoint=0xadfbce0 buffer=0x7fc3cdb45010 size=8192 context=0xad90420
I0317 11:12:08.211471     274 libfabric_rail.cpp:1006] Receive posted successfully
I0317 11:12:08.211471     274 libfabric_rail.cpp:320] Allocate on Rail 0 allocated control request XFER_ID=861 buffer_size=8192
I0317 11:12:08.211472     274 libfabric_rail.cpp:997] Posting receive on endpoint=0xadfbce0 buffer=0x7fc3cdb43010 size=8192 context=0xad90378
I0317 11:12:08.211473     274 libfabric_rail.cpp:1006] Receive posted successfully
I0317 11:12:08.211474     274 libfabric_rail.cpp:320] Allocate on Rail 0 allocated control request XFER_ID=862 buffer_size=8192
I0317 11:12:08.211474     274 libfabric_rail.cpp:997] Posting receive on endpoint=0xadfbce0 buffer=0x7fc3cdb41010 size=8192 context=0xad902d0
I0317 11:12:08.211475     274 libfabric_rail.cpp:1006] Receive posted successfully
I0317 11:12:08.211476     274 libfabric_rail.cpp:320] Allocate on Rail 0 allocated control request XFER_ID=863 buffer_size=8192
I0317 11:12:08.211476     274 libfabric_rail.cpp:997] Posting receive on endpoint=0xadfbce0 buffer=0x7fc3cdb3f010 size=8192 context=0xad90220
I0317 11:12:08.211477     274 libfabric_rail.cpp:1006] Receive posted successfully
I0317 11:12:08.211478     274 libfabric_rail.cpp:320] Allocate on Rail 0 allocated control request XFER_ID=864 buffer_size=8192
I0317 11:12:08.211479     274 libfabric_rail.cpp:997] Posting receive on endpoint=0xadfbce0 buffer=0x7fc3cdb3d010 size=8192 context=0xad90178
I0317 11:12:08.211479     274 libfabric_rail.cpp:1006] Receive posted successfully
I0317 11:12:08.211480     274 libfabric_rail.cpp:320] Allocate on Rail 0 allocated control request XFER_ID=865 buffer_size=8192
I0317 11:12:08.211481     274 libfabric_rail.cpp:997] Posting receive on endpoint=0xadfbce0 buffer=0x7fc3cdb3b010 size=8192 context=0xad900d0
I0317 11:12:08.211482     274 libfabric_rail.cpp:1006] Receive posted successfully
I0317 11:12:08.211482     274 libfabric_rail.cpp:320] Allocate on Rail 0 allocated control request XFER_ID=866 buffer_size=8192
I0317 11:12:08.211483     274 libfabric_rail.cpp:997] Posting receive on endpoint=0xadfbce0 buffer=0x7fc3cdb39010 size=8192 context=0xad90020
I0317 11:12:08.211484     274 libfabric_rail.cpp:1006] Receive posted successfully
I0317 11:12:08.211484     274 libfabric_rail.cpp:320] Allocate on Rail 0 allocated control request XFER_ID=867 buffer_size=8192
I0317 11:12:08.211485     274 libfabric_rail.cpp:997] Posting receive on endpoint=0xadfbce0 buffer=0x7fc3cdb37010 size=8192 context=0xad8ff78
I0317 11:12:08.211486     274 libfabric_rail.cpp:1006] Receive posted successfully
I0317 11:12:08.211486     274 libfabric_rail.cpp:320] Allocate on Rail 0 allocated control request XFER_ID=868 buffer_size=8192
I0317 11:12:08.211487     274 libfabric_rail.cpp:997] Posting receive on endpoint=0xadfbce0 buffer=0x7fc3cdb35010 size=8192 context=0xad8fed0
I0317 11:12:08.211488     274 libfabric_rail.cpp:1006] Receive posted successfully
I0317 11:12:08.211489     274 libfabric_rail.cpp:320] Allocate on Rail 0 allocated control request XFER_ID=869 buffer_size=8192
I0317 11:12:08.211489     274 libfabric_rail.cpp:997] Posting receive on endpoint=0xadfbce0 buffer=0x7fc3cdb33010 size=8192 context=0xad8fe20
I0317 11:12:08.211490     274 libfabric_rail.cpp:1006] Receive posted successfully
I0317 11:12:08.211491     274 libfabric_rail.cpp:320] Allocate on Rail 0 allocated control request XFER_ID=870 buffer_size=8192
I0317 11:12:08.211492     274 libfabric_rail.cpp:997] Posting receive on endpoint=0xadfbce0 buffer=0x7fc3cdb31010 size=8192 context=0xad8fd78
I0317 11:12:08.211492     274 libfabric_rail.cpp:1006] Receive posted successfully
I0317 11:12:08.211493     274 libfabric_rail.cpp:320] Allocate on Rail 0 allocated control request XFER_ID=871 buffer_size=8192
I0317 11:12:08.211494     274 libfabric_rail.cpp:997] Posting receive on endpoint=0xadfbce0 buffer=0x7fc3cdb2f010 size=8192 context=0xad8fcd0
I0317 11:12:08.211495     274 libfabric_rail.cpp:1006] Receive posted successfully
I0317 11:12:08.211495     274 libfabric_rail.cpp:320] Allocate on Rail 0 allocated control request XFER_ID=872 buffer_size=8192
I0317 11:12:08.211496     274 libfabric_rail.cpp:997] Posting receive on endpoint=0xadfbce0 buffer=0x7fc3cdb2d010 size=8192 context=0xad8fc20
I0317 11:12:08.211497     274 libfabric_rail.cpp:1006] Receive posted successfully
I0317 11:12:08.211497     274 libfabric_rail.cpp:320] Allocate on Rail 0 allocated control request XFER_ID=873 buffer_size=8192
I0317 11:12:08.211498     274 libfabric_rail.cpp:997] Posting receive on endpoint=0xadfbce0 buffer=0x7fc3cdb2b010 size=8192 context=0xad8fb78
I0317 11:12:08.211499     274 libfabric_rail.cpp:1006] Receive posted successfully
I0317 11:12:08.211500     274 libfabric_rail.cpp:320] Allocate on Rail 0 allocated control request XFER_ID=874 buffer_size=8192
I0317 11:12:08.211500     274 libfabric_rail.cpp:997] Posting receive on endpoint=0xadfbce0 buffer=0x7fc3cdb29010 size=8192 context=0xad8fad0
I0317 11:12:08.211501     274 libfabric_rail.cpp:1006] Receive posted successfully
I0317 11:12:08.211502     274 libfabric_rail.cpp:320] Allocate on Rail 0 allocated control request XFER_ID=875 buffer_size=8192
I0317 11:12:08.211502     274 libfabric_rail.cpp:997] Posting receive on endpoint=0xadfbce0 buffer=0x7fc3cdb27010 size=8192 context=0xad8fa20
I0317 11:12:08.211503     274 libfabric_rail.cpp:1006] Receive posted successfully
I0317 11:12:08.211504     274 libfabric_rail.cpp:320] Allocate on Rail 0 allocated control request XFER_ID=876 buffer_size=8192
I0317 11:12:08.211504     274 libfabric_rail.cpp:997] Posting receive on endpoint=0xadfbce0 buffer=0x7fc3cdb25010 size=8192 context=0xad8f978
I0317 11:12:08.211505     274 libfabric_rail.cpp:1006] Receive posted successfully
I0317 11:12:08.211506     274 libfabric_rail.cpp:320] Allocate on Rail 0 allocated control request XFER_ID=877 buffer_size=8192
I0317 11:12:08.211507     274 libfabric_rail.cpp:997] Posting receive on endpoint=0xadfbce0 buffer=0x7fc3cdb23010 size=8192 context=0xad8f8d0
I0317 11:12:08.211508     274 libfabric_rail.cpp:1006] Receive posted successfully
I0317 11:12:08.211508     274 libfabric_rail.cpp:320] Allocate on Rail 0 allocated control request XFER_ID=878 buffer_size=8192
I0317 11:12:08.211509     274 libfabric_rail.cpp:997] Posting receive on endpoint=0xadfbce0 buffer=0x7fc3cdb21010 size=8192 context=0xad8f820
I0317 11:12:08.211510     274 libfabric_rail.cpp:1006] Receive posted successfully
I0317 11:12:08.211510     274 libfabric_rail.cpp:320] Allocate on Rail 0 allocated control request XFER_ID=879 buffer_size=8192
I0317 11:12:08.211511     274 libfabric_rail.cpp:997] Posting receive on endpoint=0xadfbce0 buffer=0x7fc3cdb1f010 size=8192 context=0xad8f778
I0317 11:12:08.211512     274 libfabric_rail.cpp:1006] Receive posted successfully
I0317 11:12:08.211513     274 libfabric_rail.cpp:320] Allocate on Rail 0 allocated control request XFER_ID=880 buffer_size=8192
I0317 11:12:08.211513     274 libfabric_rail.cpp:997] Posting receive on endpoint=0xadfbce0 buffer=0x7fc3cdb1d010 size=8192 context=0xad8f6d0
I0317 11:12:08.211515     274 libfabric_rail.cpp:1006] Receive posted successfully
I0317 11:12:08.211515     274 libfabric_rail.cpp:320] Allocate on Rail 0 allocated control request XFER_ID=881 buffer_size=8192
I0317 11:12:08.211516     274 libfabric_rail.cpp:997] Posting receive on endpoint=0xadfbce0 buffer=0x7fc3cdb1b010 size=8192 context=0xad8f620
I0317 11:12:08.211517     274 libfabric_rail.cpp:1006] Receive posted successfully
I0317 11:12:08.211517     274 libfabric_rail.cpp:320] Allocate on Rail 0 allocated control request XFER_ID=882 buffer_size=8192
I0317 11:12:08.211518     274 libfabric_rail.cpp:997] Posting receive on endpoint=0xadfbce0 buffer=0x7fc3cdb19010 size=8192 context=0xad8f578
I0317 11:12:08.211519     274 libfabric_rail.cpp:1006] Receive posted successfully
I0317 11:12:08.211520     274 libfabric_rail.cpp:320] Allocate on Rail 0 allocated control request XFER_ID=883 buffer_size=8192
I0317 11:12:08.211520     274 libfabric_rail.cpp:997] Posting receive on endpoint=0xadfbce0 buffer=0x7fc3cdb17010 size=8192 context=0xad8f4d0
I0317 11:12:08.211521     274 libfabric_rail.cpp:1006] Receive posted successfully
I0317 11:12:08.211522     274 libfabric_rail.cpp:320] Allocate on Rail 0 allocated control request XFER_ID=884 buffer_size=8192
I0317 11:12:08.211522     274 libfabric_rail.cpp:997] Posting receive on endpoint=0xadfbce0 buffer=0x7fc3cdb15010 size=8192 context=0xad8f420
I0317 11:12:08.211523     274 libfabric_rail.cpp:1006] Receive posted successfully
I0317 11:12:08.211524     274 libfabric_rail.cpp:320] Allocate on Rail 0 allocated control request XFER_ID=885 buffer_size=8192
I0317 11:12:08.211525     274 libfabric_rail.cpp:997] Posting receive on endpoint=0xadfbce0 buffer=0x7fc3cdb13010 size=8192 context=0xad8f378
I0317 11:12:08.211525     274 libfabric_rail.cpp:1006] Receive posted successfully
I0317 11:12:08.211526     274 libfabric_rail.cpp:320] Allocate on Rail 0 allocated control request XFER_ID=886 buffer_size=8192
I0317 11:12:08.211527     274 libfabric_rail.cpp:997] Posting receive on endpoint=0xadfbce0 buffer=0x7fc3cdb11010 size=8192 context=0xad8f2d0
I0317 11:12:08.211528     274 libfabric_rail.cpp:1006] Receive posted successfully
I0317 11:12:08.211528     274 libfabric_rail.cpp:320] Allocate on Rail 0 allocated control request XFER_ID=887 buffer_size=8192
I0317 11:12:08.211529     274 libfabric_rail.cpp:997] Posting receive on endpoint=0xadfbce0 buffer=0x7fc3cdb0f010 size=8192 context=0xad8f220
I0317 11:12:08.211530     274 libfabric_rail.cpp:1006] Receive posted successfully
I0317 11:12:08.211530     274 libfabric_rail.cpp:320] Allocate on Rail 0 allocated control request XFER_ID=888 buffer_size=8192
I0317 11:12:08.211531     274 libfabric_rail.cpp:997] Posting receive on endpoint=0xadfbce0 buffer=0x7fc3cdb0d010 size=8192 context=0xad8f178
I0317 11:12:08.211532     274 libfabric_rail.cpp:1006] Receive posted successfully
I0317 11:12:08.211533     274 libfabric_rail.cpp:320] Allocate on Rail 0 allocated control request XFER_ID=889 buffer_size=8192
I0317 11:12:08.211533     274 libfabric_rail.cpp:997] Posting receive on endpoint=0xadfbce0 buffer=0x7fc3cdb0b010 size=8192 context=0xad8f0d0
I0317 11:12:08.211534     274 libfabric_rail.cpp:1006] Receive posted successfully
I0317 11:12:08.211535     274 libfabric_rail.cpp:320] Allocate on Rail 0 allocated control request XFER_ID=890 buffer_size=8192
I0317 11:12:08.211535     274 libfabric_rail.cpp:997] Posting receive on endpoint=0xadfbce0 buffer=0x7fc3cdb09010 size=8192 context=0xad8f020
I0317 11:12:08.211537     274 libfabric_rail.cpp:1006] Receive posted successfully
I0317 11:12:08.211537     274 libfabric_rail.cpp:320] Allocate on Rail 0 allocated control request XFER_ID=891 buffer_size=8192
I0317 11:12:08.211538     274 libfabric_rail.cpp:997] Posting receive on endpoint=0xadfbce0 buffer=0x7fc3cdb07010 size=8192 context=0xad8ef78
I0317 11:12:08.211539     274 libfabric_rail.cpp:1006] Receive posted successfully
I0317 11:12:08.211540     274 libfabric_rail.cpp:320] Allocate on Rail 0 allocated control request XFER_ID=892 buffer_size=8192
I0317 11:12:08.211540     274 libfabric_rail.cpp:997] Posting receive on endpoint=0xadfbce0 buffer=0x7fc3cdb05010 size=8192 context=0xad8eed0
I0317 11:12:08.211541     274 libfabric_rail.cpp:1006] Receive posted successfully
I0317 11:12:08.211542     274 libfabric_rail.cpp:320] Allocate on Rail 0 allocated control request XFER_ID=893 buffer_size=8192
I0317 11:12:08.211542     274 libfabric_rail.cpp:997] Posting receive on endpoint=0xadfbce0 buffer=0x7fc3cdb03010 size=8192 context=0xad8ee20
I0317 11:12:08.211543     274 libfabric_rail.cpp:1006] Receive posted successfully
I0317 11:12:08.211544     274 libfabric_rail.cpp:320] Allocate on Rail 0 allocated control request XFER_ID=894 buffer_size=8192
I0317 11:12:08.211545     274 libfabric_rail.cpp:997] Posting receive on endpoint=0xadfbce0 buffer=0x7fc3cdb01010 size=8192 context=0xad8ed78
I0317 11:12:08.211545     274 libfabric_rail.cpp:1006] Receive posted successfully
I0317 11:12:08.211546     274 libfabric_rail.cpp:320] Allocate on Rail 0 allocated control request XFER_ID=895 buffer_size=8192
I0317 11:12:08.211547     274 libfabric_rail.cpp:997] Posting receive on endpoint=0xadfbce0 buffer=0x7fc3cdaff010 size=8192 context=0xad8ecd0
I0317 11:12:08.211548     274 libfabric_rail.cpp:1006] Receive posted successfully
I0317 11:12:08.211548     274 libfabric_rail.cpp:320] Allocate on Rail 0 allocated control request XFER_ID=896 buffer_size=8192
I0317 11:12:08.211549     274 libfabric_rail.cpp:997] Posting receive on endpoint=0xadfbce0 buffer=0x7fc3cdafd010 size=8192 context=0xad8ec20
I0317 11:12:08.211550     274 libfabric_rail.cpp:1006] Receive posted successfully
I0317 11:12:08.211550     274 libfabric_rail.cpp:320] Allocate on Rail 0 allocated control request XFER_ID=897 buffer_size=8192
I0317 11:12:08.211551     274 libfabric_rail.cpp:997] Posting receive on endpoint=0xadfbce0 buffer=0x7fc3cdafb010 size=8192 context=0xad8eb78
I0317 11:12:08.211552     274 libfabric_rail.cpp:1006] Receive posted successfully
I0317 11:12:08.211553     274 libfabric_rail.cpp:320] Allocate on Rail 0 allocated control request XFER_ID=898 buffer_size=8192
I0317 11:12:08.211553     274 libfabric_rail.cpp:997] Posting receive on endpoint=0xadfbce0 buffer=0x7fc3cdaf9010 size=8192 context=0xad8ead0
I0317 11:12:08.211554     274 libfabric_rail.cpp:1006] Receive posted successfully
I0317 11:12:08.211555     274 libfabric_rail.cpp:320] Allocate on Rail 0 allocated control request XFER_ID=899 buffer_size=8192
I0317 11:12:08.211555     274 libfabric_rail.cpp:997] Posting receive on endpoint=0xadfbce0 buffer=0x7fc3cdaf7010 size=8192 context=0xad8ea20
I0317 11:12:08.211556     274 libfabric_rail.cpp:1006] Receive posted successfully
I0317 11:12:08.211557     274 libfabric_rail.cpp:320] Allocate on Rail 0 allocated control request XFER_ID=900 buffer_size=8192
I0317 11:12:08.211558     274 libfabric_rail.cpp:997] Posting receive on endpoint=0xadfbce0 buffer=0x7fc3cdaf5010 size=8192 context=0xad8e978
I0317 11:12:08.211559     274 libfabric_rail.cpp:1006] Receive posted successfully
I0317 11:12:08.211559     274 libfabric_rail.cpp:320] Allocate on Rail 0 allocated control request XFER_ID=901 buffer_size=8192
I0317 11:12:08.211560     274 libfabric_rail.cpp:997] Posting receive on endpoint=0xadfbce0 buffer=0x7fc3cdaf3010 size=8192 context=0xad8e8d0
I0317 11:12:08.211561     274 libfabric_rail.cpp:1006] Receive posted successfully
I0317 11:12:08.211561     274 libfabric_rail.cpp:320] Allocate on Rail 0 allocated control request XFER_ID=902 buffer_size=8192
I0317 11:12:08.211562     274 libfabric_rail.cpp:997] Posting receive on endpoint=0xadfbce0 buffer=0x7fc3cdaf1010 size=8192 context=0xad8e820
I0317 11:12:08.211563     274 libfabric_rail.cpp:1006] Receive posted successfully
I0317 11:12:08.211563     274 libfabric_rail.cpp:320] Allocate on Rail 0 allocated control request XFER_ID=903 buffer_size=8192
I0317 11:12:08.211564     274 libfabric_rail.cpp:997] Posting receive on endpoint=0xadfbce0 buffer=0x7fc3cdaef010 size=8192 context=0xad8e778
I0317 11:12:08.211565     274 libfabric_rail.cpp:1006] Receive posted successfully
I0317 11:12:08.211566     274 libfabric_rail.cpp:320] Allocate on Rail 0 allocated control request XFER_ID=904 buffer_size=8192
I0317 11:12:08.211567     274 libfabric_rail.cpp:997] Posting receive on endpoint=0xadfbce0 buffer=0x7fc3cdaed010 size=8192 context=0xad8e6d0
I0317 11:12:08.211568     274 libfabric_rail.cpp:1006] Receive posted successfully
I0317 11:12:08.211568     274 libfabric_rail.cpp:320] Allocate on Rail 0 allocated control request XFER_ID=905 buffer_size=8192
I0317 11:12:08.211569     274 libfabric_rail.cpp:997] Posting receive on endpoint=0xadfbce0 buffer=0x7fc3cdaeb010 size=8192 context=0xad8e620
I0317 11:12:08.211570     274 libfabric_rail.cpp:1006] Receive posted successfully
I0317 11:12:08.211570     274 libfabric_rail.cpp:320] Allocate on Rail 0 allocated control request XFER_ID=906 buffer_size=8192
I0317 11:12:08.211571     274 libfabric_rail.cpp:997] Posting receive on endpoint=0xadfbce0 buffer=0x7fc3cdae9010 size=8192 context=0xad8e578
I0317 11:12:08.211572     274 libfabric_rail.cpp:1006] Receive posted successfully
I0317 11:12:08.211572     274 libfabric_rail.cpp:320] Allocate on Rail 0 allocated control request XFER_ID=907 buffer_size=8192
I0317 11:12:08.211573     274 libfabric_rail.cpp:997] Posting receive on endpoint=0xadfbce0 buffer=0x7fc3cdae7010 size=8192 context=0xad8e4d0
I0317 11:12:08.211574     274 libfabric_rail.cpp:1006] Receive posted successfully
I0317 11:12:08.211575     274 libfabric_rail.cpp:320] Allocate on Rail 0 allocated control request XFER_ID=908 buffer_size=8192
I0317 11:12:08.211575     274 libfabric_rail.cpp:997] Posting receive on endpoint=0xadfbce0 buffer=0x7fc3cdae5010 size=8192 context=0xad8e420
I0317 11:12:08.211576     274 libfabric_rail.cpp:1006] Receive posted successfully
I0317 11:12:08.211577     274 libfabric_rail.cpp:320] Allocate on Rail 0 allocated control request XFER_ID=909 buffer_size=8192
I0317 11:12:08.211578     274 libfabric_rail.cpp:997] Posting receive on endpoint=0xadfbce0 buffer=0x7fc3cdae3010 size=8192 context=0xad8e378
I0317 11:12:08.211578     274 libfabric_rail.cpp:1006] Receive posted successfully
I0317 11:12:08.211579     274 libfabric_rail.cpp:320] Allocate on Rail 0 allocated control request XFER_ID=910 buffer_size=8192
I0317 11:12:08.211580     274 libfabric_rail.cpp:997] Posting receive on endpoint=0xadfbce0 buffer=0x7fc3cdae1010 size=8192 context=0xad8e2d0
I0317 11:12:08.211581     274 libfabric_rail.cpp:1006] Receive posted successfully
I0317 11:12:08.211581     274 libfabric_rail.cpp:320] Allocate on Rail 0 allocated control request XFER_ID=911 buffer_size=8192
I0317 11:12:08.211582     274 libfabric_rail.cpp:997] Posting receive on endpoint=0xadfbce0 buffer=0x7fc3cdadf010 size=8192 context=0xad8e220
I0317 11:12:08.211583     274 libfabric_rail.cpp:1006] Receive posted successfully
I0317 11:12:08.211583     274 libfabric_rail.cpp:320] Allocate on Rail 0 allocated control request XFER_ID=912 buffer_size=8192
I0317 11:12:08.211584     274 libfabric_rail.cpp:997] Posting receive on endpoint=0xadfbce0 buffer=0x7fc3cdadd010 size=8192 context=0xad8e178
I0317 11:12:08.211585     274 libfabric_rail.cpp:1006] Receive posted successfully
I0317 11:12:08.211585     274 libfabric_rail.cpp:320] Allocate on Rail 0 allocated control request XFER_ID=913 buffer_size=8192
I0317 11:12:08.211586     274 libfabric_rail.cpp:997] Posting receive on endpoint=0xadfbce0 buffer=0x7fc3cdadb010 size=8192 context=0xad8e0d0
I0317 11:12:08.211587     274 libfabric_rail.cpp:1006] Receive posted successfully
I0317 11:12:08.211588     274 libfabric_rail.cpp:320] Allocate on Rail 0 allocated control request XFER_ID=914 buffer_size=8192
I0317 11:12:08.211588     274 libfabric_rail.cpp:997] Posting receive on endpoint=0xadfbce0 buffer=0x7fc3cdad9010 size=8192 context=0xad8e020
I0317 11:12:08.211589     274 libfabric_rail.cpp:1006] Receive posted successfully
I0317 11:12:08.211590     274 libfabric_rail.cpp:320] Allocate on Rail 0 allocated control request XFER_ID=915 buffer_size=8192
I0317 11:12:08.211591     274 libfabric_rail.cpp:997] Posting receive on endpoint=0xadfbce0 buffer=0x7fc3cdad7010 size=8192 context=0xad8df78
I0317 11:12:08.211592     274 libfabric_rail.cpp:1006] Receive posted successfully
I0317 11:12:08.211592     274 libfabric_rail.cpp:320] Allocate on Rail 0 allocated control request XFER_ID=916 buffer_size=8192
I0317 11:12:08.211593     274 libfabric_rail.cpp:997] Posting receive on endpoint=0xadfbce0 buffer=0x7fc3cdad5010 size=8192 context=0xad8ded0
I0317 11:12:08.211594     274 libfabric_rail.cpp:1006] Receive posted successfully
I0317 11:12:08.211595     274 libfabric_rail.cpp:320] Allocate on Rail 0 allocated control request XFER_ID=917 buffer_size=8192
I0317 11:12:08.211595     274 libfabric_rail.cpp:997] Posting receive on endpoint=0xadfbce0 buffer=0x7fc3cdad3010 size=8192 context=0xad8de20
I0317 11:12:08.211596     274 libfabric_rail.cpp:1006] Receive posted successfully
I0317 11:12:08.211597     274 libfabric_rail.cpp:320] Allocate on Rail 0 allocated control request XFER_ID=918 buffer_size=8192
I0317 11:12:08.211597     274 libfabric_rail.cpp:997] Posting receive on endpoint=0xadfbce0 buffer=0x7fc3cdad1010 size=8192 context=0xad8dd78
I0317 11:12:08.211598     274 libfabric_rail.cpp:1006] Receive posted successfully
I0317 11:12:08.211599     274 libfabric_rail.cpp:320] Allocate on Rail 0 allocated control request XFER_ID=919 buffer_size=8192
I0317 11:12:08.211600     274 libfabric_rail.cpp:997] Posting receive on endpoint=0xadfbce0 buffer=0x7fc3cdacf010 size=8192 context=0xad8dcd0
I0317 11:12:08.211600     274 libfabric_rail.cpp:1006] Receive posted successfully
I0317 11:12:08.211601     274 libfabric_rail.cpp:320] Allocate on Rail 0 allocated control request XFER_ID=920 buffer_size=8192
I0317 11:12:08.211602     274 libfabric_rail.cpp:997] Posting receive on endpoint=0xadfbce0 buffer=0x7fc3cdacd010 size=8192 context=0xad8dc20
I0317 11:12:08.211603     274 libfabric_rail.cpp:1006] Receive posted successfully
I0317 11:12:08.211603     274 libfabric_rail.cpp:320] Allocate on Rail 0 allocated control request XFER_ID=921 buffer_size=8192
I0317 11:12:08.211604     274 libfabric_rail.cpp:997] Posting receive on endpoint=0xadfbce0 buffer=0x7fc3cdacb010 size=8192 context=0xad8db78
I0317 11:12:08.211605     274 libfabric_rail.cpp:1006] Receive posted successfully
I0317 11:12:08.211605     274 libfabric_rail.cpp:320] Allocate on Rail 0 allocated control request XFER_ID=922 buffer_size=8192
I0317 11:12:08.211606     274 libfabric_rail.cpp:997] Posting receive on endpoint=0xadfbce0 buffer=0x7fc3cdac9010 size=8192 context=0xad8dad0
I0317 11:12:08.211607     274 libfabric_rail.cpp:1006] Receive posted successfully
I0317 11:12:08.211608     274 libfabric_rail.cpp:320] Allocate on Rail 0 allocated control request XFER_ID=923 buffer_size=8192
I0317 11:12:08.211608     274 libfabric_rail.cpp:997] Posting receive on endpoint=0xadfbce0 buffer=0x7fc3cdac7010 size=8192 context=0xad8da20
I0317 11:12:08.211609     274 libfabric_rail.cpp:1006] Receive posted successfully
I0317 11:12:08.211610     274 libfabric_rail.cpp:320] Allocate on Rail 0 allocated control request XFER_ID=924 buffer_size=8192
I0317 11:12:08.211610     274 libfabric_rail.cpp:997] Posting receive on endpoint=0xadfbce0 buffer=0x7fc3cdac5010 size=8192 context=0xad8d978
I0317 11:12:08.211611     274 libfabric_rail.cpp:1006] Receive posted successfully
I0317 11:12:08.211612     274 libfabric_rail.cpp:320] Allocate on Rail 0 allocated control request XFER_ID=925 buffer_size=8192
I0317 11:12:08.211613     274 libfabric_rail.cpp:997] Posting receive on endpoint=0xadfbce0 buffer=0x7fc3cdac3010 size=8192 context=0xad8d8d0
I0317 11:12:08.211613     274 libfabric_rail.cpp:1006] Receive posted successfully
I0317 11:12:08.211614     274 libfabric_rail.cpp:320] Allocate on Rail 0 allocated control request XFER_ID=926 buffer_size=8192
I0317 11:12:08.211615     274 libfabric_rail.cpp:997] Posting receive on endpoint=0xadfbce0 buffer=0x7fc3cdac1010 size=8192 context=0xad8d820
I0317 11:12:08.211616     274 libfabric_rail.cpp:1006] Receive posted successfully
I0317 11:12:08.211617     274 libfabric_rail.cpp:320] Allocate on Rail 0 allocated control request XFER_ID=927 buffer_size=8192
I0317 11:12:08.211618     274 libfabric_rail.cpp:997] Posting receive on endpoint=0xadfbce0 buffer=0x7fc3cdabf010 size=8192 context=0xad8d778
I0317 11:12:08.211619     274 libfabric_rail.cpp:1006] Receive posted successfully
I0317 11:12:08.211619     274 libfabric_rail.cpp:320] Allocate on Rail 0 allocated control request XFER_ID=928 buffer_size=8192
I0317 11:12:08.211620     274 libfabric_rail.cpp:997] Posting receive on endpoint=0xadfbce0 buffer=0x7fc3cdabd010 size=8192 context=0xad8d6d0
I0317 11:12:08.211621     274 libfabric_rail.cpp:1006] Receive posted successfully
I0317 11:12:08.211621     274 libfabric_rail.cpp:320] Allocate on Rail 0 allocated control request XFER_ID=929 buffer_size=8192
I0317 11:12:08.211622     274 libfabric_rail.cpp:997] Posting receive on endpoint=0xadfbce0 buffer=0x7fc3cdabb010 size=8192 context=0xad8d620
I0317 11:12:08.211623     274 libfabric_rail.cpp:1006] Receive posted successfully
I0317 11:12:08.211624     274 libfabric_rail.cpp:320] Allocate on Rail 0 allocated control request XFER_ID=930 buffer_size=8192
I0317 11:12:08.211624     274 libfabric_rail.cpp:997] Posting receive on endpoint=0xadfbce0 buffer=0x7fc3cdab9010 size=8192 context=0xad8d578
I0317 11:12:08.211625     274 libfabric_rail.cpp:1006] Receive posted successfully
I0317 11:12:08.211626     274 libfabric_rail.cpp:320] Allocate on Rail 0 allocated control request XFER_ID=931 buffer_size=8192
I0317 11:12:08.211626     274 libfabric_rail.cpp:997] Posting receive on endpoint=0xadfbce0 buffer=0x7fc3cdab7010 size=8192 context=0xad8d4d0
I0317 11:12:08.211627     274 libfabric_rail.cpp:1006] Receive posted successfully
I0317 11:12:08.211628     274 libfabric_rail.cpp:320] Allocate on Rail 0 allocated control request XFER_ID=932 buffer_size=8192
I0317 11:12:08.211629     274 libfabric_rail.cpp:997] Posting receive on endpoint=0xadfbce0 buffer=0x7fc3cdab5010 size=8192 context=0xad8d420
I0317 11:12:08.211630     274 libfabric_rail.cpp:1006] Receive posted successfully
I0317 11:12:08.211630     274 libfabric_rail.cpp:320] Allocate on Rail 0 allocated control request XFER_ID=933 buffer_size=8192
I0317 11:12:08.211631     274 libfabric_rail.cpp:997] Posting receive on endpoint=0xadfbce0 buffer=0x7fc3cdab3010 size=8192 context=0xad8d378
I0317 11:12:08.211632     274 libfabric_rail.cpp:1006] Receive posted successfully
I0317 11:12:08.211632     274 libfabric_rail.cpp:320] Allocate on Rail 0 allocated control request XFER_ID=934 buffer_size=8192
I0317 11:12:08.211633     274 libfabric_rail.cpp:997] Posting receive on endpoint=0xadfbce0 buffer=0x7fc3cdab1010 size=8192 context=0xad8d2d0
I0317 11:12:08.211634     274 libfabric_rail.cpp:1006] Receive posted successfully
I0317 11:12:08.211634     274 libfabric_rail.cpp:320] Allocate on Rail 0 allocated control request XFER_ID=935 buffer_size=8192
I0317 11:12:08.211635     274 libfabric_rail.cpp:997] Posting receive on endpoint=0xadfbce0 buffer=0x7fc3cdaaf010 size=8192 context=0xad8d220
I0317 11:12:08.211636     274 libfabric_rail.cpp:1006] Receive posted successfully
I0317 11:12:08.211637     274 libfabric_rail.cpp:320] Allocate on Rail 0 allocated control request XFER_ID=936 buffer_size=8192
I0317 11:12:08.211637     274 libfabric_rail.cpp:997] Posting receive on endpoint=0xadfbce0 buffer=0x7fc3cdaad010 size=8192 context=0xad8d178
I0317 11:12:08.211638     274 libfabric_rail.cpp:1006] Receive posted successfully
I0317 11:12:08.211639     274 libfabric_rail.cpp:320] Allocate on Rail 0 allocated control request XFER_ID=937 buffer_size=8192
I0317 11:12:08.211639     274 libfabric_rail.cpp:997] Posting receive on endpoint=0xadfbce0 buffer=0x7fc3cdaab010 size=8192 context=0xad8d0d0
I0317 11:12:08.211640     274 libfabric_rail.cpp:1006] Receive posted successfully
I0317 11:12:08.211641     274 libfabric_rail.cpp:320] Allocate on Rail 0 allocated control request XFER_ID=938 buffer_size=8192
I0317 11:12:08.211642     274 libfabric_rail.cpp:997] Posting receive on endpoint=0xadfbce0 buffer=0x7fc3cdaa9010 size=8192 context=0xad8d020
I0317 11:12:08.211642     274 libfabric_rail.cpp:1006] Receive posted successfully
I0317 11:12:08.211643     274 libfabric_rail.cpp:320] Allocate on Rail 0 allocated control request XFER_ID=939 buffer_size=8192
I0317 11:12:08.211644     274 libfabric_rail.cpp:997] Posting receive on endpoint=0xadfbce0 buffer=0x7fc3cdaa7010 size=8192 context=0xad8cf78
I0317 11:12:08.211645     274 libfabric_rail.cpp:1006] Receive posted successfully
I0317 11:12:08.211645     274 libfabric_rail.cpp:320] Allocate on Rail 0 allocated control request XFER_ID=940 buffer_size=8192
I0317 11:12:08.211646     274 libfabric_rail.cpp:997] Posting receive on endpoint=0xadfbce0 buffer=0x7fc3cdaa5010 size=8192 context=0xad8ced0
I0317 11:12:08.211647     274 libfabric_rail.cpp:1006] Receive posted successfully
I0317 11:12:08.211647     274 libfabric_rail.cpp:320] Allocate on Rail 0 allocated control request XFER_ID=941 buffer_size=8192
I0317 11:12:08.211648     274 libfabric_rail.cpp:997] Posting receive on endpoint=0xadfbce0 buffer=0x7fc3cdaa3010 size=8192 context=0xad8ce20
I0317 11:12:08.211649     274 libfabric_rail.cpp:1006] Receive posted successfully
I0317 11:12:08.211650     274 libfabric_rail.cpp:320] Allocate on Rail 0 allocated control request XFER_ID=942 buffer_size=8192
I0317 11:12:08.211650     274 libfabric_rail.cpp:997] Posting receive on endpoint=0xadfbce0 buffer=0x7fc3cdaa1010 size=8192 context=0xad8cd78
I0317 11:12:08.211651     274 libfabric_rail.cpp:1006] Receive posted successfully
I0317 11:12:08.211652     274 libfabric_rail.cpp:320] Allocate on Rail 0 allocated control request XFER_ID=943 buffer_size=8192
I0317 11:12:08.211652     274 libfabric_rail.cpp:997] Posting receive on endpoint=0xadfbce0 buffer=0x7fc3cda9f010 size=8192 context=0xad8ccd0
I0317 11:12:08.211653     274 libfabric_rail.cpp:1006] Receive posted successfully
I0317 11:12:08.211654     274 libfabric_rail.cpp:320] Allocate on Rail 0 allocated control request XFER_ID=944 buffer_size=8192
I0317 11:12:08.211655     274 libfabric_rail.cpp:997] Posting receive on endpoint=0xadfbce0 buffer=0x7fc3cda9d010 size=8192 context=0xad8cc20
I0317 11:12:08.211655     274 libfabric_rail.cpp:1006] Receive posted successfully
I0317 11:12:08.211656     274 libfabric_rail.cpp:320] Allocate on Rail 0 allocated control request XFER_ID=945 buffer_size=8192
I0317 11:12:08.211657     274 libfabric_rail.cpp:997] Posting receive on endpoint=0xadfbce0 buffer=0x7fc3cda9b010 size=8192 context=0xad8cb78
I0317 11:12:08.211658     274 libfabric_rail.cpp:1006] Receive posted successfully
I0317 11:12:08.211658     274 libfabric_rail.cpp:320] Allocate on Rail 0 allocated control request XFER_ID=946 buffer_size=8192
I0317 11:12:08.211659     274 libfabric_rail.cpp:997] Posting receive on endpoint=0xadfbce0 buffer=0x7fc3cda99010 size=8192 context=0xad8cad0
I0317 11:12:08.211660     274 libfabric_rail.cpp:1006] Receive posted successfully
I0317 11:12:08.211660     274 libfabric_rail.cpp:320] Allocate on Rail 0 allocated control request XFER_ID=947 buffer_size=8192
I0317 11:12:08.211661     274 libfabric_rail.cpp:997] Posting receive on endpoint=0xadfbce0 buffer=0x7fc3cda97010 size=8192 context=0xad8ca20
I0317 11:12:08.211662     274 libfabric_rail.cpp:1006] Receive posted successfully
I0317 11:12:08.211663     274 libfabric_rail.cpp:320] Allocate on Rail 0 allocated control request XFER_ID=948 buffer_size=8192
I0317 11:12:08.211663     274 libfabric_rail.cpp:997] Posting receive on endpoint=0xadfbce0 buffer=0x7fc3cda95010 size=8192 context=0xad8c978
I0317 11:12:08.211664     274 libfabric_rail.cpp:1006] Receive posted successfully
I0317 11:12:08.211665     274 libfabric_rail.cpp:320] Allocate on Rail 0 allocated control request XFER_ID=949 buffer_size=8192
I0317 11:12:08.211665     274 libfabric_rail.cpp:997] Posting receive on endpoint=0xadfbce0 buffer=0x7fc3cda93010 size=8192 context=0xad8c8d0
I0317 11:12:08.211667     274 libfabric_rail.cpp:1006] Receive posted successfully
I0317 11:12:08.211667     274 libfabric_rail.cpp:320] Allocate on Rail 0 allocated control request XFER_ID=950 buffer_size=8192
I0317 11:12:08.211668     274 libfabric_rail.cpp:997] Posting receive on endpoint=0xadfbce0 buffer=0x7fc3cda91010 size=8192 context=0xad8c820
I0317 11:12:08.211669     274 libfabric_rail.cpp:1006] Receive posted successfully
I0317 11:12:08.211670     274 libfabric_rail.cpp:320] Allocate on Rail 0 allocated control request XFER_ID=951 buffer_size=8192
I0317 11:12:08.211670     274 libfabric_rail.cpp:997] Posting receive on endpoint=0xadfbce0 buffer=0x7fc3cda8f010 size=8192 context=0xad8c778
I0317 11:12:08.211671     274 libfabric_rail.cpp:1006] Receive posted successfully
I0317 11:12:08.211672     274 libfabric_rail.cpp:320] Allocate on Rail 0 allocated control request XFER_ID=952 buffer_size=8192
I0317 11:12:08.211672     274 libfabric_rail.cpp:997] Posting receive on endpoint=0xadfbce0 buffer=0x7fc3cda8d010 size=8192 context=0xad8c6d0
I0317 11:12:08.211673     274 libfabric_rail.cpp:1006] Receive posted successfully
I0317 11:12:08.211674     274 libfabric_rail.cpp:320] Allocate on Rail 0 allocated control request XFER_ID=953 buffer_size=8192
I0317 11:12:08.211675     274 libfabric_rail.cpp:997] Posting receive on endpoint=0xadfbce0 buffer=0x7fc3cda8b010 size=8192 context=0xad8c620
I0317 11:12:08.211676     274 libfabric_rail.cpp:1006] Receive posted successfully
I0317 11:12:08.211676     274 libfabric_rail.cpp:320] Allocate on Rail 0 allocated control request XFER_ID=954 buffer_size=8192
I0317 11:12:08.211677     274 libfabric_rail.cpp:997] Posting receive on endpoint=0xadfbce0 buffer=0x7fc3cda89010 size=8192 context=0xad8c578
I0317 11:12:08.211678     274 libfabric_rail.cpp:1006] Receive posted successfully
I0317 11:12:08.211678     274 libfabric_rail.cpp:320] Allocate on Rail 0 allocated control request XFER_ID=955 buffer_size=8192
I0317 11:12:08.211679     274 libfabric_rail.cpp:997] Posting receive on endpoint=0xadfbce0 buffer=0x7fc3cda87010 size=8192 context=0xad8c4d0
I0317 11:12:08.211680     274 libfabric_rail.cpp:1006] Receive posted successfully
I0317 11:12:08.211680     274 libfabric_rail.cpp:320] Allocate on Rail 0 allocated control request XFER_ID=956 buffer_size=8192
I0317 11:12:08.211681     274 libfabric_rail.cpp:997] Posting receive on endpoint=0xadfbce0 buffer=0x7fc3cda85010 size=8192 context=0xad8c420
I0317 11:12:08.211682     274 libfabric_rail.cpp:1006] Receive posted successfully
I0317 11:12:08.211683     274 libfabric_rail.cpp:320] Allocate on Rail 0 allocated control request XFER_ID=957 buffer_size=8192
I0317 11:12:08.211683     274 libfabric_rail.cpp:997] Posting receive on endpoint=0xadfbce0 buffer=0x7fc3cda83010 size=8192 context=0xad8c378
I0317 11:12:08.211684     274 libfabric_rail.cpp:1006] Receive posted successfully
I0317 11:12:08.211685     274 libfabric_rail.cpp:320] Allocate on Rail 0 allocated control request XFER_ID=958 buffer_size=8192
I0317 11:12:08.211686     274 libfabric_rail.cpp:997] Posting receive on endpoint=0xadfbce0 buffer=0x7fc3cda81010 size=8192 context=0xad8c2d0
I0317 11:12:08.211687     274 libfabric_rail.cpp:1006] Receive posted successfully
I0317 11:12:08.211688     274 libfabric_rail.cpp:320] Allocate on Rail 0 allocated control request XFER_ID=959 buffer_size=8192
I0317 11:12:08.211688     274 libfabric_rail.cpp:997] Posting receive on endpoint=0xadfbce0 buffer=0x7fc3cda7f010 size=8192 context=0xad8c220
I0317 11:12:08.211689     274 libfabric_rail.cpp:1006] Receive posted successfully
I0317 11:12:08.211690     274 libfabric_rail.cpp:320] Allocate on Rail 0 allocated control request XFER_ID=960 buffer_size=8192
I0317 11:12:08.211690     274 libfabric_rail.cpp:997] Posting receive on endpoint=0xadfbce0 buffer=0x7fc3cda7d010 size=8192 context=0xad8c178
I0317 11:12:08.211691     274 libfabric_rail.cpp:1006] Receive posted successfully
I0317 11:12:08.211692     274 libfabric_rail.cpp:320] Allocate on Rail 0 allocated control request XFER_ID=961 buffer_size=8192
I0317 11:12:08.211693     274 libfabric_rail.cpp:997] Posting receive on endpoint=0xadfbce0 buffer=0x7fc3cda7b010 size=8192 context=0xad8c0d0
I0317 11:12:08.211694     274 libfabric_rail.cpp:1006] Receive posted successfully
I0317 11:12:08.211694     274 libfabric_rail.cpp:320] Allocate on Rail 0 allocated control request XFER_ID=962 buffer_size=8192
I0317 11:12:08.211695     274 libfabric_rail.cpp:997] Posting receive on endpoint=0xadfbce0 buffer=0x7fc3cda79010 size=8192 context=0xad8c020
I0317 11:12:08.211696     274 libfabric_rail.cpp:1006] Receive posted successfully
I0317 11:12:08.211696     274 libfabric_rail.cpp:320] Allocate on Rail 0 allocated control request XFER_ID=963 buffer_size=8192
I0317 11:12:08.211697     274 libfabric_rail.cpp:997] Posting receive on endpoint=0xadfbce0 buffer=0x7fc3cda77010 size=8192 context=0xad8bf78
I0317 11:12:08.211698     274 libfabric_rail.cpp:1006] Receive posted successfully
I0317 11:12:08.211698     274 libfabric_rail.cpp:320] Allocate on Rail 0 allocated control request XFER_ID=964 buffer_size=8192
I0317 11:12:08.211699     274 libfabric_rail.cpp:997] Posting receive on endpoint=0xadfbce0 buffer=0x7fc3cda75010 size=8192 context=0xad8bed0
I0317 11:12:08.211700     274 libfabric_rail.cpp:1006] Receive posted successfully
I0317 11:12:08.211701     274 libfabric_rail.cpp:320] Allocate on Rail 0 allocated control request XFER_ID=965 buffer_size=8192
I0317 11:12:08.211701     274 libfabric_rail.cpp:997] Posting receive on endpoint=0xadfbce0 buffer=0x7fc3cda73010 size=8192 context=0xad8be20
I0317 11:12:08.211702     274 libfabric_rail.cpp:1006] Receive posted successfully
I0317 11:12:08.211703     274 libfabric_rail.cpp:320] Allocate on Rail 0 allocated control request XFER_ID=966 buffer_size=8192
I0317 11:12:08.211703     274 libfabric_rail.cpp:997] Posting receive on endpoint=0xadfbce0 buffer=0x7fc3cda71010 size=8192 context=0xad8bd78
I0317 11:12:08.211704     274 libfabric_rail.cpp:1006] Receive posted successfully
I0317 11:12:08.211705     274 libfabric_rail.cpp:320] Allocate on Rail 0 allocated control request XFER_ID=967 buffer_size=8192
I0317 11:12:08.211706     274 libfabric_rail.cpp:997] Posting receive on endpoint=0xadfbce0 buffer=0x7fc3cda6f010 size=8192 context=0xad8bcd0
I0317 11:12:08.211706     274 libfabric_rail.cpp:1006] Receive posted successfully
I0317 11:12:08.211707     274 libfabric_rail.cpp:320] Allocate on Rail 0 allocated control request XFER_ID=968 buffer_size=8192
I0317 11:12:08.211708     274 libfabric_rail.cpp:997] Posting receive on endpoint=0xadfbce0 buffer=0x7fc3cda6d010 size=8192 context=0xad8bc20
I0317 11:12:08.211709     274 libfabric_rail.cpp:1006] Receive posted successfully
I0317 11:12:08.211709     274 libfabric_rail.cpp:320] Allocate on Rail 0 allocated control request XFER_ID=969 buffer_size=8192
I0317 11:12:08.211710     274 libfabric_rail.cpp:997] Posting receive on endpoint=0xadfbce0 buffer=0x7fc3cda6b010 size=8192 context=0xad8bb78
I0317 11:12:08.211711     274 libfabric_rail.cpp:1006] Receive posted successfully
I0317 11:12:08.211711     274 libfabric_rail.cpp:320] Allocate on Rail 0 allocated control request XFER_ID=970 buffer_size=8192
I0317 11:12:08.211712     274 libfabric_rail.cpp:997] Posting receive on endpoint=0xadfbce0 buffer=0x7fc3cda69010 size=8192 context=0xad8bad0
I0317 11:12:08.211713     274 libfabric_rail.cpp:1006] Receive posted successfully
I0317 11:12:08.211714     274 libfabric_rail.cpp:320] Allocate on Rail 0 allocated control request XFER_ID=971 buffer_size=8192
I0317 11:12:08.211714     274 libfabric_rail.cpp:997] Posting receive on endpoint=0xadfbce0 buffer=0x7fc3cda67010 size=8192 context=0xad8ba20
I0317 11:12:08.211715     274 libfabric_rail.cpp:1006] Receive posted successfully
I0317 11:12:08.211716     274 libfabric_rail.cpp:320] Allocate on Rail 0 allocated control request XFER_ID=972 buffer_size=8192
I0317 11:12:08.211716     274 libfabric_rail.cpp:997] Posting receive on endpoint=0xadfbce0 buffer=0x7fc3cda65010 size=8192 context=0xad8b978
I0317 11:12:08.211718     274 libfabric_rail.cpp:1006] Receive posted successfully
I0317 11:12:08.211718     274 libfabric_rail.cpp:320] Allocate on Rail 0 allocated control request XFER_ID=973 buffer_size=8192
I0317 11:12:08.211719     274 libfabric_rail.cpp:997] Posting receive on endpoint=0xadfbce0 buffer=0x7fc3cda63010 size=8192 context=0xad8b8d0
I0317 11:12:08.211720     274 libfabric_rail.cpp:1006] Receive posted successfully
I0317 11:12:08.211720     274 libfabric_rail.cpp:320] Allocate on Rail 0 allocated control request XFER_ID=974 buffer_size=8192
I0317 11:12:08.211721     274 libfabric_rail.cpp:997] Posting receive on endpoint=0xadfbce0 buffer=0x7fc3cda61010 size=8192 context=0xad8b820
I0317 11:12:08.211722     274 libfabric_rail.cpp:1006] Receive posted successfully
I0317 11:12:08.211723     274 libfabric_rail.cpp:320] Allocate on Rail 0 allocated control request XFER_ID=975 buffer_size=8192
I0317 11:12:08.211723     274 libfabric_rail.cpp:997] Posting receive on endpoint=0xadfbce0 buffer=0x7fc3cda5f010 size=8192 context=0xad8b778
I0317 11:12:08.211724     274 libfabric_rail.cpp:1006] Receive posted successfully
I0317 11:12:08.211725     274 libfabric_rail.cpp:320] Allocate on Rail 0 allocated control request XFER_ID=976 buffer_size=8192
I0317 11:12:08.211725     274 libfabric_rail.cpp:997] Posting receive on endpoint=0xadfbce0 buffer=0x7fc3cda5d010 size=8192 context=0xad8b6d0
I0317 11:12:08.211726     274 libfabric_rail.cpp:1006] Receive posted successfully
I0317 11:12:08.211727     274 libfabric_rail.cpp:320] Allocate on Rail 0 allocated control request XFER_ID=977 buffer_size=8192
I0317 11:12:08.211728     274 libfabric_rail.cpp:997] Posting receive on endpoint=0xadfbce0 buffer=0x7fc3cda5b010 size=8192 context=0xad8b620
I0317 11:12:08.211728     274 libfabric_rail.cpp:1006] Receive posted successfully
I0317 11:12:08.211729     274 libfabric_rail.cpp:320] Allocate on Rail 0 allocated control request XFER_ID=978 buffer_size=8192
I0317 11:12:08.211730     274 libfabric_rail.cpp:997] Posting receive on endpoint=0xadfbce0 buffer=0x7fc3cda59010 size=8192 context=0xad8b578
I0317 11:12:08.211731     274 libfabric_rail.cpp:1006] Receive posted successfully
I0317 11:12:08.211731     274 libfabric_rail.cpp:320] Allocate on Rail 0 allocated control request XFER_ID=979 buffer_size=8192
I0317 11:12:08.211732     274 libfabric_rail.cpp:997] Posting receive on endpoint=0xadfbce0 buffer=0x7fc3cda57010 size=8192 context=0xad8b4d0
I0317 11:12:08.211733     274 libfabric_rail.cpp:1006] Receive posted successfully
I0317 11:12:08.211733     274 libfabric_rail.cpp:320] Allocate on Rail 0 allocated control request XFER_ID=980 buffer_size=8192
I0317 11:12:08.211734     274 libfabric_rail.cpp:997] Posting receive on endpoint=0xadfbce0 buffer=0x7fc3cda55010 size=8192 context=0xad8b420
I0317 11:12:08.211735     274 libfabric_rail.cpp:1006] Receive posted successfully
I0317 11:12:08.211736     274 libfabric_rail.cpp:320] Allocate on Rail 0 allocated control request XFER_ID=981 buffer_size=8192
I0317 11:12:08.211736     274 libfabric_rail.cpp:997] Posting receive on endpoint=0xadfbce0 buffer=0x7fc3cda53010 size=8192 context=0xad8b378
I0317 11:12:08.211737     274 libfabric_rail.cpp:1006] Receive posted successfully
I0317 11:12:08.211738     274 libfabric_rail.cpp:320] Allocate on Rail 0 allocated control request XFER_ID=982 buffer_size=8192
I0317 11:12:08.211738     274 libfabric_rail.cpp:997] Posting receive on endpoint=0xadfbce0 buffer=0x7fc3cda51010 size=8192 context=0xad8b2d0
I0317 11:12:08.211739     274 libfabric_rail.cpp:1006] Receive posted successfully
I0317 11:12:08.211740     274 libfabric_rail.cpp:320] Allocate on Rail 0 allocated control request XFER_ID=983 buffer_size=8192
I0317 11:12:08.211741     274 libfabric_rail.cpp:997] Posting receive on endpoint=0xadfbce0 buffer=0x7fc3cda4f010 size=8192 context=0xad8b220
I0317 11:12:08.211742     274 libfabric_rail.cpp:1006] Receive posted successfully
I0317 11:12:08.211742     274 libfabric_rail.cpp:320] Allocate on Rail 0 allocated control request XFER_ID=984 buffer_size=8192
I0317 11:12:08.211743     274 libfabric_rail.cpp:997] Posting receive on endpoint=0xadfbce0 buffer=0x7fc3cda4d010 size=8192 context=0xad8b178
I0317 11:12:08.211744     274 libfabric_rail.cpp:1006] Receive posted successfully
I0317 11:12:08.211745     274 libfabric_rail.cpp:320] Allocate on Rail 0 allocated control request XFER_ID=985 buffer_size=8192
I0317 11:12:08.211745     274 libfabric_rail.cpp:997] Posting receive on endpoint=0xadfbce0 buffer=0x7fc3cda4b010 size=8192 context=0xad8b0d0
I0317 11:12:08.211746     274 libfabric_rail.cpp:1006] Receive posted successfully
I0317 11:12:08.211747     274 libfabric_rail.cpp:320] Allocate on Rail 0 allocated control request XFER_ID=986 buffer_size=8192
I0317 11:12:08.211747     274 libfabric_rail.cpp:997] Posting receive on endpoint=0xadfbce0 buffer=0x7fc3cda49010 size=8192 context=0xad8b020
I0317 11:12:08.211748     274 libfabric_rail.cpp:1006] Receive posted successfully
I0317 11:12:08.211749     274 libfabric_rail.cpp:320] Allocate on Rail 0 allocated control request XFER_ID=987 buffer_size=8192
I0317 11:12:08.211750     274 libfabric_rail.cpp:997] Posting receive on endpoint=0xadfbce0 buffer=0x7fc3cda47010 size=8192 context=0xad8af78
I0317 11:12:08.211751     274 libfabric_rail.cpp:1006] Receive posted successfully
I0317 11:12:08.211751     274 libfabric_rail.cpp:320] Allocate on Rail 0 allocated control request XFER_ID=988 buffer_size=8192
I0317 11:12:08.211752     274 libfabric_rail.cpp:997] Posting receive on endpoint=0xadfbce0 buffer=0x7fc3cda45010 size=8192 context=0xad8aed0
I0317 11:12:08.211753     274 libfabric_rail.cpp:1006] Receive posted successfully
I0317 11:12:08.211753     274 libfabric_rail.cpp:320] Allocate on Rail 0 allocated control request XFER_ID=989 buffer_size=8192
I0317 11:12:08.211754     274 libfabric_rail.cpp:997] Posting receive on endpoint=0xadfbce0 buffer=0x7fc3cda43010 size=8192 context=0xad8ae20
I0317 11:12:08.211755     274 libfabric_rail.cpp:1006] Receive posted successfully
I0317 11:12:08.211755     274 libfabric_rail.cpp:320] Allocate on Rail 0 allocated control request XFER_ID=990 buffer_size=8192
I0317 11:12:08.211756     274 libfabric_rail.cpp:997] Posting receive on endpoint=0xadfbce0 buffer=0x7fc3cda41010 size=8192 context=0xad8ad78
I0317 11:12:08.211757     274 libfabric_rail.cpp:1006] Receive posted successfully
I0317 11:12:08.211758     274 libfabric_rail.cpp:320] Allocate on Rail 0 allocated control request XFER_ID=991 buffer_size=8192
I0317 11:12:08.211758     274 libfabric_rail.cpp:997] Posting receive on endpoint=0xadfbce0 buffer=0x7fc3cda3f010 size=8192 context=0xad8acd0
I0317 11:12:08.211759     274 libfabric_rail.cpp:1006] Receive posted successfully
I0317 11:12:08.211760     274 libfabric_rail.cpp:320] Allocate on Rail 0 allocated control request XFER_ID=992 buffer_size=8192
I0317 11:12:08.211760     274 libfabric_rail.cpp:997] Posting receive on endpoint=0xadfbce0 buffer=0x7fc3cda3d010 size=8192 context=0xad8ac20
I0317 11:12:08.211761     274 libfabric_rail.cpp:1006] Receive posted successfully
I0317 11:12:08.211762     274 libfabric_rail.cpp:320] Allocate on Rail 0 allocated control request XFER_ID=993 buffer_size=8192
I0317 11:12:08.211763     274 libfabric_rail.cpp:997] Posting receive on endpoint=0xadfbce0 buffer=0x7fc3cda3b010 size=8192 context=0xad8ab78
I0317 11:12:08.211764     274 libfabric_rail.cpp:1006] Receive posted successfully
I0317 11:12:08.211764     274 libfabric_rail.cpp:320] Allocate on Rail 0 allocated control request XFER_ID=994 buffer_size=8192
I0317 11:12:08.211765     274 libfabric_rail.cpp:997] Posting receive on endpoint=0xadfbce0 buffer=0x7fc3cda39010 size=8192 context=0xad8aad0
I0317 11:12:08.211766     274 libfabric_rail.cpp:1006] Receive posted successfully
I0317 11:12:08.211766     274 libfabric_rail.cpp:320] Allocate on Rail 0 allocated control request XFER_ID=995 buffer_size=8192
I0317 11:12:08.211767     274 libfabric_rail.cpp:997] Posting receive on endpoint=0xadfbce0 buffer=0x7fc3cda37010 size=8192 context=0xad8aa20
I0317 11:12:08.211768     274 libfabric_rail.cpp:1006] Receive posted successfully
I0317 11:12:08.211768     274 libfabric_rail.cpp:320] Allocate on Rail 0 allocated control request XFER_ID=996 buffer_size=8192
I0317 11:12:08.211769     274 libfabric_rail.cpp:997] Posting receive on endpoint=0xadfbce0 buffer=0x7fc3cda35010 size=8192 context=0xad8a978
I0317 11:12:08.211770     274 libfabric_rail.cpp:1006] Receive posted successfully
I0317 11:12:08.211771     274 libfabric_rail.cpp:320] Allocate on Rail 0 allocated control request XFER_ID=997 buffer_size=8192
I0317 11:12:08.211771     274 libfabric_rail.cpp:997] Posting receive on endpoint=0xadfbce0 buffer=0x7fc3cda33010 size=8192 context=0xad8a8d0
I0317 11:12:08.211772     274 libfabric_rail.cpp:1006] Receive posted successfully
I0317 11:12:08.211773     274 libfabric_rail.cpp:320] Allocate on Rail 0 allocated control request XFER_ID=998 buffer_size=8192
I0317 11:12:08.211774     274 libfabric_rail.cpp:997] Posting receive on endpoint=0xadfbce0 buffer=0x7fc3cda31010 size=8192 context=0xad8a820
I0317 11:12:08.211774     274 libfabric_rail.cpp:1006] Receive posted successfully
I0317 11:12:08.211775     274 libfabric_rail.cpp:320] Allocate on Rail 0 allocated control request XFER_ID=999 buffer_size=8192
I0317 11:12:08.211776     274 libfabric_rail.cpp:997] Posting receive on endpoint=0xadfbce0 buffer=0x7fc3cda2f010 size=8192 context=0xad8a778
I0317 11:12:08.211777     274 libfabric_rail.cpp:1006] Receive posted successfully
I0317 11:12:08.211777     274 libfabric_rail.cpp:320] Allocate on Rail 0 allocated control request XFER_ID=1000 buffer_size=8192
I0317 11:12:08.211778     274 libfabric_rail.cpp:997] Posting receive on endpoint=0xadfbce0 buffer=0x7fc3cda2d010 size=8192 context=0xad8a6d0
I0317 11:12:08.211779     274 libfabric_rail.cpp:1006] Receive posted successfully
I0317 11:12:08.211779     274 libfabric_rail.cpp:320] Allocate on Rail 0 allocated control request XFER_ID=1001 buffer_size=8192
I0317 11:12:08.211780     274 libfabric_rail.cpp:997] Posting receive on endpoint=0xadfbce0 buffer=0x7fc3cda2b010 size=8192 context=0xad8a620
I0317 11:12:08.211781     274 libfabric_rail.cpp:1006] Receive posted successfully
I0317 11:12:08.211782     274 libfabric_rail.cpp:320] Allocate on Rail 0 allocated control request XFER_ID=1002 buffer_size=8192
I0317 11:12:08.211782     274 libfabric_rail.cpp:997] Posting receive on endpoint=0xadfbce0 buffer=0x7fc3cda29010 size=8192 context=0xad8a578
I0317 11:12:08.211783     274 libfabric_rail.cpp:1006] Receive posted successfully
I0317 11:12:08.211784     274 libfabric_rail.cpp:320] Allocate on Rail 0 allocated control request XFER_ID=1003 buffer_size=8192
I0317 11:12:08.211785     274 libfabric_rail.cpp:997] Posting receive on endpoint=0xadfbce0 buffer=0x7fc3cda27010 size=8192 context=0xad8a4d0
I0317 11:12:08.211785     274 libfabric_rail.cpp:1006] Receive posted successfully
I0317 11:12:08.211786     274 libfabric_rail.cpp:320] Allocate on Rail 0 allocated control request XFER_ID=1004 buffer_size=8192
I0317 11:12:08.211787     274 libfabric_rail.cpp:997] Posting receive on endpoint=0xadfbce0 buffer=0x7fc3cda25010 size=8192 context=0xad8a420
I0317 11:12:08.211788     274 libfabric_rail.cpp:1006] Receive posted successfully
I0317 11:12:08.211788     274 libfabric_rail.cpp:320] Allocate on Rail 0 allocated control request XFER_ID=1005 buffer_size=8192
I0317 11:12:08.211789     274 libfabric_rail.cpp:997] Posting receive on endpoint=0xadfbce0 buffer=0x7fc3cda23010 size=8192 context=0xad8a378
I0317 11:12:08.211790     274 libfabric_rail.cpp:1006] Receive posted successfully
I0317 11:12:08.211790     274 libfabric_rail.cpp:320] Allocate on Rail 0 allocated control request XFER_ID=1006 buffer_size=8192
I0317 11:12:08.211791     274 libfabric_rail.cpp:997] Posting receive on endpoint=0xadfbce0 buffer=0x7fc3cda21010 size=8192 context=0xad8a2d0
I0317 11:12:08.211792     274 libfabric_rail.cpp:1006] Receive posted successfully
I0317 11:12:08.211793     274 libfabric_rail.cpp:320] Allocate on Rail 0 allocated control request XFER_ID=1007 buffer_size=8192
I0317 11:12:08.211794     274 libfabric_rail.cpp:997] Posting receive on endpoint=0xadfbce0 buffer=0x7fc3cda1f010 size=8192 context=0xad8a220
I0317 11:12:08.211795     274 libfabric_rail.cpp:1006] Receive posted successfully
I0317 11:12:08.211795     274 libfabric_rail.cpp:320] Allocate on Rail 0 allocated control request XFER_ID=1008 buffer_size=8192
I0317 11:12:08.211796     274 libfabric_rail.cpp:997] Posting receive on endpoint=0xadfbce0 buffer=0x7fc3cda1d010 size=8192 context=0xad8a178
I0317 11:12:08.211797     274 libfabric_rail.cpp:1006] Receive posted successfully
I0317 11:12:08.211797     274 libfabric_rail.cpp:320] Allocate on Rail 0 allocated control request XFER_ID=1009 buffer_size=8192
I0317 11:12:08.211798     274 libfabric_rail.cpp:997] Posting receive on endpoint=0xadfbce0 buffer=0x7fc3cda1b010 size=8192 context=0xad8a0d0
I0317 11:12:08.211799     274 libfabric_rail.cpp:1006] Receive posted successfully
I0317 11:12:08.211799     274 libfabric_rail.cpp:320] Allocate on Rail 0 allocated control request XFER_ID=1010 buffer_size=8192
I0317 11:12:08.211800     274 libfabric_rail.cpp:997] Posting receive on endpoint=0xadfbce0 buffer=0x7fc3cda19010 size=8192 context=0xad8a020
I0317 11:12:08.211801     274 libfabric_rail.cpp:1006] Receive posted successfully
I0317 11:12:08.211802     274 libfabric_rail.cpp:320] Allocate on Rail 0 allocated control request XFER_ID=1011 buffer_size=8192
I0317 11:12:08.211802     274 libfabric_rail.cpp:997] Posting receive on endpoint=0xadfbce0 buffer=0x7fc3cda17010 size=8192 context=0xad89f78
I0317 11:12:08.211803     274 libfabric_rail.cpp:1006] Receive posted successfully
I0317 11:12:08.211804     274 libfabric_rail.cpp:320] Allocate on Rail 0 allocated control request XFER_ID=1012 buffer_size=8192
I0317 11:12:08.211804     274 libfabric_rail.cpp:997] Posting receive on endpoint=0xadfbce0 buffer=0x7fc3cda15010 size=8192 context=0xad89ed0
I0317 11:12:08.211805     274 libfabric_rail.cpp:1006] Receive posted successfully
I0317 11:12:08.211806     274 libfabric_rail.cpp:320] Allocate on Rail 0 allocated control request XFER_ID=1013 buffer_size=8192
I0317 11:12:08.211807     274 libfabric_rail.cpp:997] Posting receive on endpoint=0xadfbce0 buffer=0x7fc3cda13010 size=8192 context=0xad89e20
I0317 11:12:08.211808     274 libfabric_rail.cpp:1006] Receive posted successfully
I0317 11:12:08.211808     274 libfabric_rail.cpp:320] Allocate on Rail 0 allocated control request XFER_ID=1014 buffer_size=8192
I0317 11:12:08.211809     274 libfabric_rail.cpp:997] Posting receive on endpoint=0xadfbce0 buffer=0x7fc3cda11010 size=8192 context=0xad89d78
I0317 11:12:08.211810     274 libfabric_rail.cpp:1006] Receive posted successfully
I0317 11:12:08.211810     274 libfabric_rail.cpp:320] Allocate on Rail 0 allocated control request XFER_ID=1015 buffer_size=8192
I0317 11:12:08.211811     274 libfabric_rail.cpp:997] Posting receive on endpoint=0xadfbce0 buffer=0x7fc3cda0f010 size=8192 context=0xad89cd0
I0317 11:12:08.211812     274 libfabric_rail.cpp:1006] Receive posted successfully
I0317 11:12:08.211812     274 libfabric_rail.cpp:320] Allocate on Rail 0 allocated control request XFER_ID=1016 buffer_size=8192
I0317 11:12:08.211813     274 libfabric_rail.cpp:997] Posting receive on endpoint=0xadfbce0 buffer=0x7fc3cda0d010 size=8192 context=0xad89c20
I0317 11:12:08.211814     274 libfabric_rail.cpp:1006] Receive posted successfully
I0317 11:12:08.211815     274 libfabric_rail.cpp:320] Allocate on Rail 0 allocated control request XFER_ID=1017 buffer_size=8192
I0317 11:12:08.211815     274 libfabric_rail.cpp:997] Posting receive on endpoint=0xadfbce0 buffer=0x7fc3cda0b010 size=8192 context=0xad89b78
I0317 11:12:08.211816     274 libfabric_rail.cpp:1006] Receive posted successfully
I0317 11:12:08.211817     274 libfabric_rail.cpp:320] Allocate on Rail 0 allocated control request XFER_ID=1018 buffer_size=8192
I0317 11:12:08.211818     274 libfabric_rail.cpp:997] Posting receive on endpoint=0xadfbce0 buffer=0x7fc3cda09010 size=8192 context=0xad89ad0
I0317 11:12:08.211819     274 libfabric_rail.cpp:1006] Receive posted successfully
I0317 11:12:08.211819     274 libfabric_rail.cpp:320] Allocate on Rail 0 allocated control request XFER_ID=1019 buffer_size=8192
I0317 11:12:08.211820     274 libfabric_rail.cpp:997] Posting receive on endpoint=0xadfbce0 buffer=0x7fc3cda07010 size=8192 context=0xad89a20
I0317 11:12:08.211821     274 libfabric_rail.cpp:1006] Receive posted successfully
I0317 11:12:08.211822     274 libfabric_rail.cpp:320] Allocate on Rail 0 allocated control request XFER_ID=1020 buffer_size=8192
I0317 11:12:08.211822     274 libfabric_rail.cpp:997] Posting receive on endpoint=0xadfbce0 buffer=0x7fc3cda05010 size=8192 context=0xad89978
I0317 11:12:08.211823     274 libfabric_rail.cpp:1006] Receive posted successfully
I0317 11:12:08.211824     274 libfabric_rail.cpp:320] Allocate on Rail 0 allocated control request XFER_ID=1021 buffer_size=8192
I0317 11:12:08.211824     274 libfabric_rail.cpp:997] Posting receive on endpoint=0xadfbce0 buffer=0x7fc3cda03010 size=8192 context=0xad898d0
I0317 11:12:08.211825     274 libfabric_rail.cpp:1006] Receive posted successfully
I0317 11:12:08.211826     274 libfabric_rail.cpp:320] Allocate on Rail 0 allocated control request XFER_ID=1022 buffer_size=8192
I0317 11:12:08.211827     274 libfabric_rail.cpp:997] Posting receive on endpoint=0xadfbce0 buffer=0x7fc3cda01010 size=8192 context=0xad89820
I0317 11:12:08.211828     274 libfabric_rail.cpp:1006] Receive posted successfully
I0317 11:12:08.211828     274 libfabric_rail.cpp:320] Allocate on Rail 0 allocated control request XFER_ID=1023 buffer_size=8192
I0317 11:12:08.211829     274 libfabric_rail.cpp:997] Posting receive on endpoint=0xadfbce0 buffer=0x7fc3cd9ff010 size=8192 context=0xad89778
I0317 11:12:08.211830     274 libfabric_rail.cpp:1006] Receive posted successfully
I0317 11:12:08.211830     274 libfabric_rail.cpp:320] Allocate on Rail 0 allocated control request XFER_ID=1024 buffer_size=8192
I0317 11:12:08.211831     274 libfabric_rail.cpp:997] Posting receive on endpoint=0xadfbce0 buffer=0x7fc3cd9fd010 size=8192 context=0xad896d0
I0317 11:12:08.211832     274 libfabric_rail.cpp:1006] Receive posted successfully
I0317 11:12:08.211832     274 libfabric_rail.cpp:612] Successfully pre-posted 1024 recv requests for rail 0
I0317 11:12:08.211833     274 libfabric_rail.cpp:614] Successfully initialized rail 0
I0317 11:12:08.211849     274 libfabric_rail_manager_hip.cpp:327] Created rail 0 (device=ens22np0, provider=tcp)
I0317 11:12:08.211851     274 libfabric_rail_manager_hip.cpp:236] Successfully created 1 rails using provider=tcp
I0317 11:12:08.211867     274 libfabric_backend_hip.cpp:299] Initializing Libfabric Backend
W0317 11:12:08.211869     274 libfabric_rail_manager_hip.cpp:534] Could not find EFA devices, rail selection for DRAM memory type aborted
W0317 11:12:08.211870     274 libfabric_rail_manager_hip.cpp:263] Using default (all) rail selection policy for DRAM memory type due to previous errors
I0317 11:12:08.211879     274 libfabric_backend_hip.cpp:309] System runtime: SYSTEM
I0317 11:12:08.211883     274 libfabric_backend_hip.cpp:344] Using default striping threshold: 131072 bytes
I0317 11:12:08.211885     274 libfabric_backend_hip.cpp:349] Rail Manager created with 1 rails
I0317 11:12:08.211885     274 libfabric_backend_hip.cpp:353] Set notification processor for rail 0
I0317 11:12:08.211891     274 libfabric_backend_hip.cpp:360] Setting up XFER_ID tracking callbacks for 1 rails
I0317 11:12:08.211892     274 libfabric_backend_hip.cpp:368] Set XFER_ID callback for rail 0
I0317 11:12:08.211897     274 libfabric_backend_hip.cpp:570] Creating connection for agent: initiator
I0317 11:12:08.211971     274 libfabric_rail_manager_hip.cpp:810] Processed rail 0 (fi_addr=0)
I0317 11:12:08.211975     274 libfabric_rail_manager_hip.cpp:818] Successfully processed 1 rails
I0317 11:12:08.211978     274 libfabric_backend_hip.cpp:604] Index 0: initiator
I0317 11:12:08.211983     274 libfabric_backend_hip.cpp:612] Successfully created connection for agent: initiator on 1 rails
I0317 11:12:08.211985     274 libfabric_backend_hip.cpp:388] Created self-connection for agent: initiator on 1 rails
I0317 11:12:08.211986     274 libfabric_backend_hip.cpp:393] Starting Progress thread for rails with delay: 0 microseconds
I0317 11:12:08.212025     274 libfabric_backend_hip.cpp:402] Progress thread started successfully
I0317 11:12:08.212029     274 libfabric_backend_hip.cpp:447] Retrieving local endpoint addresses for all 1 rails
I0317 11:12:08.212035     274 libfabric_rail_manager_hip.cpp:1077] Serialized 1 rail endpoints
I0317 11:12:08.212037     274 libfabric_rail_manager_hip.cpp:1035] Connection info serialized with prefix dest, size=109
I0317 11:12:08.212038     274 libfabric_backend_hip.cpp:457] Rail Manager serialized connection info for 1 rails, total size=109
I0317 11:12:08.212045     274 libfabric_backend_hip.cpp:505] Connecting to agent: initiator, connections_ size=1
I0317 11:12:08.212048     274 libfabric_backend_hip.cpp:517] Connection exists but not established, triggering establishConnection for initiator
I0317 11:12:08.212050     274 libfabric_backend_hip.cpp:642] Establishing rail connections for agent: initiator
I0317 11:12:08.212051     274 libfabric_backend_hip.cpp:651] Using connection info with 1 rails
I0317 11:12:08.212053     274 libfabric_backend_hip.cpp:653] Rail 0: 02 00 a4 57 0a fe 0a 2f 00 00 00 00 00 00 00 00 00 00 00 00 00 00 00 00 00 00 00 00 00 00 00 00 00 00 00 00 00 00 00 00 00 00 00 00 00 00 00 00 00 00 00 00 00 00 00 00 
I0317 11:12:08.212064     274 libfabric_backend_hip.cpp:656] Agent index: 0
I0317 11:12:08.212065     274 libfabric_backend_hip.cpp:659] Connection state for agent initiator is now CONNECTED
I0317 11:12:08.212067     274 libfabric_backend_hip.cpp:535] Successfully established connection for initiator
I0317 11:12:08.212073     274 libfabric_backend_hip.cpp:678] Non-CUDA runtime, skipping VRAM support
I0317 11:12:08.212076     274 nixl_agent.cpp:391] Created backend: LIBFABRIC
I0317 11:12:08.212110     274 libfabric_backend_hip.cpp:678] Non-CUDA runtime, skipping VRAM support
I0317 11:12:08.212059     343 libfabric_backend_hip.cpp:1400] PT: Thread started successfully for rails only
2026-03-17 11:12:08 NIXL INFO    _api.py:361 Backend LIBFABRIC was instantiated
2026-03-17 11:12:08 NIXL INFO    _api.py:251 Initialized NIXL agent: initiator
2026-03-17 11:12:08 NIXL INFO    expanded_two_peers.py:79 Running test with tensor shape (16, 32) in mode initiator
I0317 11:12:08.213219     274 libfabric_backend_hip.cpp:678] Non-CUDA runtime, skipping VRAM support
I0317 11:12:08.213235     274 libfabric_backend_hip.cpp:769] Registering memory: addr=0xadbaf40 len=2048 mem_type=0 devId=0
I0317 11:12:08.213243     274 libfabric_rail_manager_hip.cpp:664] Selected rails [0] for registration of memory buffer at 0xadbaf40
I0317 11:12:08.213250     274 libfabric_rail.cpp:1261] tcp provider=using requested key 182169408 (0xadbaf40) for buffer 0xadbaf40 on rail 0
I0317 11:12:08.213252     274 libfabric_rail.cpp:1266] Memory Registration: rail=0 provider=tcp buffer=0xadbaf40 length=2048 access_flags=0x3300 requested_key=182169408
I0317 11:12:08.213254     274 libfabric_rail.cpp:1313] System memory registration - iface: FI_HMEM_SYSTEM
I0317 11:12:08.213257     274 libfabric_rail.cpp:1352] MR key obtained: 182169408 (0xadbaf40)
I0317 11:12:08.213259     274 libfabric_rail.cpp:1357] Memory Registration SUCCESS: rail=0 provider=tcp buffer=0xadbaf40 length=2048 mr=0x9fa3370 key=182169408 registered_range=[0xadbaf40 - 0xadbb740]
I0317 11:12:08.213266     274 libfabric_rail_manager_hip.cpp:1148] Marked rail 0 as active (total active: 1)
I0317 11:12:08.213270     274 libfabric_rail_manager_hip.cpp:750] Registered memory on rail 0 (mr=0x9fa3370, key=182169408)
I0317 11:12:08.213271     274 libfabric_backend_hip.cpp:786] Rail Manager successfully registered DRAM memory on 1 rails
I0317 11:12:08.213273     274 libfabric_backend_hip.cpp:791] Successfully registered memory on 1 rails for CPU device 0
I0317 11:12:08.213280     274 libfabric_backend_hip.cpp:833] Metadata loaded with Remote addr: 0xadbaf40 Remote keys for 1 rails Remote fi_addr: 0
I0317 11:12:08.213285     274 libfabric_rail_manager_hip.cpp:989] Serialized memory keys for 1 rails (buffer=0xadbaf40, size=54 bytes)
2026-03-17 11:12:08 NIXL INFO    expanded_two_peers.py:173 Initiator sending to 10.254.6.6
I0317 11:12:08.268582     343 libfabric_rail.cpp:770] Routing completion from rail 0 with flags=0x20402 FI_SEND: 0 FI_RECV: 0x400 FI_WRITE: 0 FI_REMOTE_WRITE: 0
I0317 11:12:08.268606     343 libfabric_rail.cpp:104] From context the request xfer_id is : 1
I0317 11:12:08.268609     343 libfabric_rail.cpp:899] Received control message type 2 agent_idx=1 XFER_ID=0 imm_data=0x12
I0317 11:12:08.268611     343 libfabric_rail.cpp:903] Processing notification request on rail 0 Xfer_id :0
I0317 11:12:08.268616     343 libfabric_rail.cpp:909] Adding message:      <  <       target€•+      B  €•      Œnixl_cu12._bindings”ŒnixlXferDList”“”)”BÐ  nixlSerDes|nixlDList
       nixlBDList|t           |n              |€      €9ó	    €                :ó	    €               €:ó	    €                ;ó	    €               €;ó	    €                <ó	    €               €<ó	    €                =ó	    €               €=ó	    €                >ó	    €               €>ó	    €                ?ó	    €               €?ó	    €                @ó	    €               €@ó	    €                Aó	    €               |”b.”(J€9ó	KK€K Œcpu”t”†”. to the notification list on rail 0
I0317 11:12:08.268621     343 libfabric_backend_hip.cpp:1427] Received notification size=592
I0317 11:12:08.268627     343 libfabric_backend_hip.cpp:1453] Received notification fragment notif_xfer_id=0 notif_seq_id=0/1 payload_chunk_size=572 expected_completions=0
I0317 11:12:08.268646     343 libfabric_backend_hip.cpp:1465] Created pending notification notif_xfer_id=0 expected_completions=0 expected_msg_fragments=1
I0317 11:12:08.268657     343 libfabric_backend_hip.cpp:1500] Stored fragment notif_xfer_id=0 fragment 0/1 received_msg_fragments=1 expected_completions=0 received_completions=0
I0317 11:12:08.268660     343 libfabric_backend_hip.cpp:1560] Notification complete: fragments=1/1 writes=0/0
I0317 11:12:08.268677     343 libfabric_backend_hip.cpp:1593] Processed queued notification from target message_len=566
I0317 11:12:08.268685     343 libfabric_rail.cpp:915] Notification stored via callback
I0317 11:12:08.268686     274 libfabric_backend_hip.cpp:1380] Retrieved 1 notifications
I0317 11:12:08.268689     343 libfabric_rail.cpp:69] ReleaseReq on Rail 0 releasing request XFER_ID=1 pool_index=4095
I0317 11:12:08.268700     343 libfabric_rail.cpp:320] Allocate on Rail 0 allocated control request XFER_ID=1025 buffer_size=8192
I0317 11:12:08.268702     343 libfabric_rail.cpp:997] Posting receive on endpoint=0xadfbce0 buffer=0x7fc3ce1fb010 size=8192 context=0xadb40d0
I0317 11:12:08.268711     343 libfabric_rail.cpp:1006] Receive posted successfully
I0317 11:12:08.268712     343 libfabric_rail.cpp:758] Processed 1 completions on rail 0
I0317 11:12:08.268715     343 libfabric_rail_manager_hip.cpp:935] Processed completions on rail 0
I0317 11:12:08.268717     343 libfabric_rail_manager_hip.cpp:946] Processed 1 rails, completions found
I0317 11:12:08.268718     343 libfabric_backend_hip.cpp:1408] PT: Processed completions on rails
I0317 11:12:08.442792     339 nixl_agent.cpp:1515] Loading remote metadata for agent: target
I0317 11:12:08.442815     339 libfabric_backend_hip.cpp:468] Loading remote info for agent: target, info length=109, info (hex): 6e 69 78 6c 53 65 72 44 65 73 7c 6e 75 6d 5f 72 61 69 6c 73 01 00 00 00 00 00 00 00 31 7c 64 65 73 74 5f 64 61 74 61 5f 65 70 5f 30 38 00 00 00 00 00 00 00 02 00 a7 3b 0a fe 0a 06 00 00 00 00 00 00 00 00 00 00 00 00 00 00 00 00 00 00 00 00 00 00 00 00 00 00 00 00 00 00 00 00 00 00 00 00 00 00 00 00 00 00 00 00 00 00 00 00 7c 
I0317 11:12:08.442843     339 libfabric_backend_hip.cpp:477] Processing 1 rails for agent: target
I0317 11:12:08.442879     339 libfabric_rail_manager_hip.cpp:1133] Successfully deserialized 1 rail endpoints.
I0317 11:12:08.442883     339 libfabric_rail_manager_hip.cpp:1057] Connection info deserialized with prefix dest: 1 data endpoints
I0317 11:12:08.442886     339 libfabric_backend_hip.cpp:570] Creating connection for agent: target
I0317 11:12:08.442948     339 libfabric_rail_manager_hip.cpp:810] Processed rail 0 (fi_addr=1)
I0317 11:12:08.442953     339 libfabric_rail_manager_hip.cpp:818] Successfully processed 1 rails
I0317 11:12:08.442963     339 libfabric_backend_hip.cpp:604] Index 0: initiator
I0317 11:12:08.442966     339 libfabric_backend_hip.cpp:604] Index 1: target
I0317 11:12:08.442973     339 libfabric_backend_hip.cpp:612] Successfully created connection for agent: target on 1 rails
I0317 11:12:08.442977     339 libfabric_backend_hip.cpp:496] Successfully stored multirail connection for target on 1 rails
I0317 11:12:08.442996     339 libfabric_backend_hip.cpp:852] Loading remote metadata for agent: target
I0317 11:12:08.443004     339 libfabric_rail_manager_hip.cpp:1019] Deserialized memory keys for 1 rails (remote addr: 0x9f33980)
I0317 11:12:08.443015     339 libfabric_backend_hip.cpp:833] Metadata loaded with Remote addr: 0x9f33980 Remote keys for 1 rails Remote fi_addr: 1
2026-03-17 11:12:08 NIXL INFO    expanded_two_peers.py:198 Ready for transfers
I0317 11:12:08.446379     274 nixl_agent.cpp:817] reqH descList size down to 3
I0317 11:12:08.446385     274 libfabric_backend_hip.cpp:911] Preparing transfer for remote_agent: target
I0317 11:12:08.446390     274 libfabric_backend_hip.cpp:242]  handle constructor called, address: 0xaca8160 total_requests_used=0 BinaryNotification vector initialized
I0317 11:12:08.446397     274 libfabric_backend_hip.cpp:1214] Fragmenting: agent_name=9B, message=14B, combined_payload=23B, fragments=1, frag0_capacity=8172, frag_capacity=8182
I0317 11:12:08.446400     274 libfabric_backend_hip.cpp:1243] Fragment 0: combined_payload_chunk=23B
I0317 11:12:08.446402     274 libfabric_backend_hip.cpp:1261] Fragmentation complete: 1 fragments, total_payload=23B
I0317 11:12:08.446403     274 libfabric_backend_hip.cpp:935] prepXfer: Fragmented notification into 1 fragments, total_length=23
I0317 11:12:08.446404     274 libfabric_backend_hip.cpp:942] Transfer preparation complete, handle address: 0xaca8160
I0317 11:12:08.446413     274 nixl_agent.cpp:817] reqH descList size down to 3
I0317 11:12:08.446414     274 libfabric_backend_hip.cpp:911] Preparing transfer for remote_agent: target
I0317 11:12:08.446414     274 libfabric_backend_hip.cpp:242]  handle constructor called, address: 0xadf3d60 total_requests_used=0 BinaryNotification vector initialized
I0317 11:12:08.446416     274 libfabric_backend_hip.cpp:1214] Fragmenting: agent_name=9B, message=14B, combined_payload=23B, fragments=1, frag0_capacity=8172, frag_capacity=8182
I0317 11:12:08.446417     274 libfabric_backend_hip.cpp:1243] Fragment 0: combined_payload_chunk=23B
I0317 11:12:08.446418     274 libfabric_backend_hip.cpp:1261] Fragmentation complete: 1 fragments, total_payload=23B
I0317 11:12:08.446418     274 libfabric_backend_hip.cpp:935] prepXfer: Fragmented notification into 1 fragments, total_length=23
I0317 11:12:08.446419     274 libfabric_backend_hip.cpp:942] Transfer preparation complete, handle address: 0xadf3d60
I0317 11:12:08.446422     274 nixl_agent.cpp:817] reqH descList size down to 3
I0317 11:12:08.446422     274 libfabric_backend_hip.cpp:911] Preparing transfer for remote_agent: target
I0317 11:12:08.446423     274 libfabric_backend_hip.cpp:242]  handle constructor called, address: 0xadf5e50 total_requests_used=0 BinaryNotification vector initialized
I0317 11:12:08.446424     274 libfabric_backend_hip.cpp:1214] Fragmenting: agent_name=9B, message=15B, combined_payload=24B, fragments=1, frag0_capacity=8172, frag_capacity=8182
I0317 11:12:08.446425     274 libfabric_backend_hip.cpp:1243] Fragment 0: combined_payload_chunk=24B
I0317 11:12:08.446426     274 libfabric_backend_hip.cpp:1261] Fragmentation complete: 1 fragments, total_payload=24B
I0317 11:12:08.446427     274 libfabric_backend_hip.cpp:935] prepXfer: Fragmented notification into 1 fragments, total_length=24
I0317 11:12:08.446427     274 libfabric_backend_hip.cpp:942] Transfer preparation complete, handle address: 0xadf5e50
I0317 11:12:08.446430     274 nixl_agent.cpp:817] reqH descList size down to 3
I0317 11:12:08.446430     274 libfabric_backend_hip.cpp:911] Preparing transfer for remote_agent: target
I0317 11:12:08.446431     274 libfabric_backend_hip.cpp:242]  handle constructor called, address: 0xac78810 total_requests_used=0 BinaryNotification vector initialized
I0317 11:12:08.446432     274 libfabric_backend_hip.cpp:1214] Fragmenting: agent_name=9B, message=15B, combined_payload=24B, fragments=1, frag0_capacity=8172, frag_capacity=8182
I0317 11:12:08.446433     274 libfabric_backend_hip.cpp:1243] Fragment 0: combined_payload_chunk=24B
I0317 11:12:08.446434     274 libfabric_backend_hip.cpp:1261] Fragmentation complete: 1 fragments, total_payload=24B
I0317 11:12:08.446435     274 libfabric_backend_hip.cpp:935] prepXfer: Fragmented notification into 1 fragments, total_length=24
I0317 11:12:08.446436     274 libfabric_backend_hip.cpp:942] Transfer preparation complete, handle address: 0xac78810
I0317 11:12:08.446496     274 nixl_agent.cpp:935] Selected backend: LIBFABRIC
I0317 11:12:08.446499     274 libfabric_backend_hip.cpp:911] Preparing transfer for remote_agent: target
I0317 11:12:08.446500     274 libfabric_backend_hip.cpp:242]  handle constructor called, address: 0xad02f70 total_requests_used=0 BinaryNotification vector initialized
I0317 11:12:08.446501     274 libfabric_backend_hip.cpp:1214] Fragmenting: agent_name=9B, message=35B, combined_payload=44B, fragments=1, frag0_capacity=8172, frag_capacity=8182
I0317 11:12:08.446502     274 libfabric_backend_hip.cpp:1243] Fragment 0: combined_payload_chunk=44B
I0317 11:12:08.446503     274 libfabric_backend_hip.cpp:1261] Fragmentation complete: 1 fragments, total_payload=44B
I0317 11:12:08.446503     274 libfabric_backend_hip.cpp:935] prepXfer: Fragmented notification into 1 fragments, total_length=44
I0317 11:12:08.446504     274 libfabric_backend_hip.cpp:942] Transfer preparation complete, handle address: 0xad02f70
I0317 11:12:08.446535     274 nixl_agent.cpp:935] Selected backend: LIBFABRIC
I0317 11:12:08.446536     274 libfabric_backend_hip.cpp:911] Preparing transfer for remote_agent: target
I0317 11:12:08.446537     274 libfabric_backend_hip.cpp:242]  handle constructor called, address: 0xadfb6a0 total_requests_used=0 BinaryNotification vector initialized
I0317 11:12:08.446538     274 libfabric_backend_hip.cpp:1214] Fragmenting: agent_name=9B, message=34B, combined_payload=43B, fragments=1, frag0_capacity=8172, frag_capacity=8182
I0317 11:12:08.446539     274 libfabric_backend_hip.cpp:1243] Fragment 0: combined_payload_chunk=43B
I0317 11:12:08.446540     274 libfabric_backend_hip.cpp:1261] Fragmentation complete: 1 fragments, total_payload=43B
I0317 11:12:08.446540     274 libfabric_backend_hip.cpp:935] prepXfer: Fragmented notification into 1 fragments, total_length=43
I0317 11:12:08.446541     274 libfabric_backend_hip.cpp:942] Transfer preparation complete, handle address: 0xadfb6a0
I0317 11:12:08.446547     274 libfabric_backend_hip.cpp:975] No existing connection for target, establishing new connection
I0317 11:12:08.446550     274 libfabric_backend_hip.cpp:642] Establishing rail connections for agent: target
I0317 11:12:08.446550     274 libfabric_backend_hip.cpp:651] Using connection info with 1 rails
I0317 11:12:08.446551     274 libfabric_backend_hip.cpp:653] Rail 0: 02 00 a4 57 0a fe 0a 2f 00 00 00 00 00 00 00 00 00 00 00 00 00 00 00 00 00 00 00 00 00 00 00 00 00 00 00 00 00 00 00 00 00 00 00 00 00 00 00 00 00 00 00 00 00 00 00 00 
I0317 11:12:08.446557     274 libfabric_backend_hip.cpp:656] Agent index: 1
I0317 11:12:08.446559     274 libfabric_backend_hip.cpp:659] Connection state for agent target is now CONNECTED
I0317 11:12:08.446560     274 libfabric_backend_hip.cpp:982] Established new connection with remote_agent: target
I0317 11:12:08.446561     274 libfabric_backend_hip.cpp:985] Posting transfer for remote_agent: target, handle address: 0xaca8160
I0317 11:12:08.446563     274 libfabric_backend_hip.cpp:1000] Processing 3 descriptors using optimized single-pass approach
I0317 11:12:08.446565     274 libfabric_backend_hip.cpp:256] Initialized request tracking for 3 requests
I0317 11:12:08.446567     274 libfabric_backend_hip.cpp:1030] Processing descriptor 0 device 0 local_addr: 0xadbaf40 size=128 remote_addr=0x9f33d80
I0317 11:12:08.446569     274 libfabric_backend_hip.cpp:1034] DEBUG: remote_agent='target' localAgent='initiator'
I0317 11:12:08.446571     274 libfabric_rail_manager_hip.cpp:369] use_striping=false
I0317 11:12:08.446573     274 libfabric_rail_manager_hip.cpp:376] rail 0, remote_ep_id 0
I0317 11:12:08.446577     274 libfabric_rail_manager_hip.cpp:394] calculated offset 1024 (0x400) from target 0x9f33d80 - base 0x9f33980 for rail 0
I0317 11:12:08.446581     274 libfabric_rail.cpp:1165] Posting RDMA read on endpoint=0xadfbce0 local_buffer=0xadbaf40 length=0x80 dest_addr=0x1 remote_addr=0x400 remote_key=0x9f33980 context=0xade7ec0
I0317 11:12:08.449803     274 libfabric_rail.cpp:1187] RDMA read posted successfully
I0317 11:12:08.449807     274 libfabric_rail_manager_hip.cpp:439] Round-robin: submitted single request on rail 0 for 128 bytes, XFER_ID=1026
I0317 11:12:08.449809     274 libfabric_rail_manager_hip.cpp:523] Successfully submitted requests for 128 bytes
I0317 11:12:08.449811     274 libfabric_backend_hip.cpp:1071] Successfully processed descriptor 0 with 1 requests submitted (accumulated: 1)
I0317 11:12:08.449812     274 libfabric_backend_hip.cpp:1030] Processing descriptor 1 device 0 local_addr: 0xadbb140 size=128 remote_addr=0x9f33b80
I0317 11:12:08.449814     274 libfabric_backend_hip.cpp:1034] DEBUG: remote_agent='target' localAgent='initiator'
I0317 11:12:08.449815     274 libfabric_rail_manager_hip.cpp:369] use_striping=false
I0317 11:12:08.449816     274 libfabric_rail_manager_hip.cpp:376] rail 0, remote_ep_id 0
I0317 11:12:08.449818     274 libfabric_rail_manager_hip.cpp:394] calculated offset 512 (0x200) from target 0x9f33b80 - base 0x9f33980 for rail 0
I0317 11:12:08.449820     274 libfabric_rail.cpp:1165] Posting RDMA read on endpoint=0xadfbce0 local_buffer=0xadbb140 length=0x80 dest_addr=0x1 remote_addr=0x200 remote_key=0x9f33980 context=0xade7e10
I0317 11:12:08.449825     274 libfabric_rail.cpp:1187] RDMA read posted successfully
I0317 11:12:08.449825     274 libfabric_rail_manager_hip.cpp:439] Round-robin: submitted single request on rail 0 for 128 bytes, XFER_ID=1026
I0317 11:12:08.449826     274 libfabric_rail_manager_hip.cpp:523] Successfully submitted requests for 128 bytes
I0317 11:12:08.449827     274 libfabric_backend_hip.cpp:1071] Successfully processed descriptor 1 with 1 requests submitted (accumulated: 2)
I0317 11:12:08.449828     274 libfabric_backend_hip.cpp:1030] Processing descriptor 2 device 0 local_addr: 0xadbb340 size=128 remote_addr=0x9f33980
I0317 11:12:08.449829     274 libfabric_backend_hip.cpp:1034] DEBUG: remote_agent='target' localAgent='initiator'
I0317 11:12:08.449829     274 libfabric_rail_manager_hip.cpp:369] use_striping=false
I0317 11:12:08.449830     274 libfabric_rail_manager_hip.cpp:376] rail 0, remote_ep_id 0
I0317 11:12:08.449831     274 libfabric_rail_manager_hip.cpp:394] calculated offset 0 (0) from target 0x9f33980 - base 0x9f33980 for rail 0
I0317 11:12:08.449832     274 libfabric_rail.cpp:1165] Posting RDMA read on endpoint=0xadfbce0 local_buffer=0xadbb340 length=0x80 dest_addr=0x1 remote_addr=0 remote_key=0x9f33980 context=0xade7d68
I0317 11:12:08.449837     274 libfabric_rail.cpp:1187] RDMA read posted successfully
I0317 11:12:08.449837     274 libfabric_rail_manager_hip.cpp:439] Round-robin: submitted single request on rail 0 for 128 bytes, XFER_ID=1026
I0317 11:12:08.449838     274 libfabric_rail_manager_hip.cpp:523] Successfully submitted requests for 128 bytes
I0317 11:12:08.449839     274 libfabric_backend_hip.cpp:1071] Successfully processed descriptor 2 with 1 requests submitted (accumulated: 3)
I0317 11:12:08.449840     274 libfabric_backend_hip.cpp:1076] Processing complete: submitted 3 requests from 3 descriptors for xfer_id1026
I0317 11:12:08.449842     274 libfabric_backend_hip.cpp:279] Adjusted total requests to actual count: 3
I0317 11:12:08.449856     274 libfabric_backend_hip.cpp:985] Posting transfer for remote_agent: target, handle address: 0xadf3d60
I0317 11:12:08.449858     274 libfabric_backend_hip.cpp:1000] Processing 3 descriptors using optimized single-pass approach
I0317 11:12:08.449859     274 libfabric_backend_hip.cpp:256] Initialized request tracking for 3 requests
I0317 11:12:08.449860     274 libfabric_backend_hip.cpp:1030] Processing descriptor 0 device 0 local_addr: 0xadbafc0 size=128 remote_addr=0x9f33e00
I0317 11:12:08.449860     274 libfabric_backend_hip.cpp:1034] DEBUG: remote_agent='target' localAgent='initiator'
I0317 11:12:08.449861     274 libfabric_rail_manager_hip.cpp:369] use_striping=false
I0317 11:12:08.449862     274 libfabric_rail_manager_hip.cpp:376] rail 0, remote_ep_id 0
I0317 11:12:08.449863     274 libfabric_rail_manager_hip.cpp:394] calculated offset 1152 (0x480) from target 0x9f33e00 - base 0x9f33980 for rail 0
I0317 11:12:08.449864     274 libfabric_rail.cpp:1165] Posting RDMA read on endpoint=0xadfbce0 local_buffer=0xadbafc0 length=0x80 dest_addr=0x1 remote_addr=0x480 remote_key=0x9f33980 context=0xade7cc0
I0317 11:12:08.449870     274 libfabric_rail.cpp:1187] RDMA read posted successfully
I0317 11:12:08.449871     274 libfabric_rail_manager_hip.cpp:439] Round-robin: submitted single request on rail 0 for 128 bytes, XFER_ID=1027
I0317 11:12:08.449871     274 libfabric_rail_manager_hip.cpp:523] Successfully submitted requests for 128 bytes
I0317 11:12:08.449872     274 libfabric_backend_hip.cpp:1071] Successfully processed descriptor 0 with 1 requests submitted (accumulated: 1)
I0317 11:12:08.449873     274 libfabric_backend_hip.cpp:1030] Processing descriptor 1 device 0 local_addr: 0xadbb1c0 size=128 remote_addr=0x9f33c00
I0317 11:12:08.449874     274 libfabric_backend_hip.cpp:1034] DEBUG: remote_agent='target' localAgent='initiator'
I0317 11:12:08.449874     274 libfabric_rail_manager_hip.cpp:369] use_striping=false
I0317 11:12:08.449875     274 libfabric_rail_manager_hip.cpp:376] rail 0, remote_ep_id 0
I0317 11:12:08.449876     274 libfabric_rail_manager_hip.cpp:394] calculated offset 640 (0x280) from target 0x9f33c00 - base 0x9f33980 for rail 0
I0317 11:12:08.449877     274 libfabric_rail.cpp:1165] Posting RDMA read on endpoint=0xadfbce0 local_buffer=0xadbb1c0 length=0x80 dest_addr=0x1 remote_addr=0x280 remote_key=0x9f33980 context=0xade7c10
I0317 11:12:08.449880     343 libfabric_rail.cpp:770] Routing completion from rail 0 with flags=0x104 FI_SEND: 0 FI_RECV: 0 FI_WRITE: 0 FI_REMOTE_WRITE: 0
I0317 11:12:08.449884     343 libfabric_rail.cpp:104] From context the request xfer_id is : 1026
I0317 11:12:08.449887     343 libfabric_rail.cpp:868] Calling completion callback for read request 1026
I0317 11:12:08.449888     274 libfabric_rail.cpp:1187] RDMA read posted successfully
I0317 11:12:08.449891     274 libfabric_rail_manager_hip.cpp:439] Round-robin: submitted single request on rail 0 for 128 bytes, XFER_ID=1027
I0317 11:12:08.449891     343 libfabric_backend_hip.cpp:262] Request completed, total completed: 1/3
I0317 11:12:08.449896     343 libfabric_rail.cpp:871] Completion callback completed for read
I0317 11:12:08.449898     343 libfabric_rail.cpp:69] ReleaseReq on Rail 0 releasing request XFER_ID=1026 pool_index=1023
I0317 11:12:08.449901     343 libfabric_rail.cpp:758] Processed 1 completions on rail 0
I0317 11:12:08.449902     343 libfabric_rail_manager_hip.cpp:935] Processed completions on rail 0
I0317 11:12:08.449892     274 libfabric_rail_manager_hip.cpp:523] Successfully submitted requests for 128 bytes
I0317 11:12:08.449905     274 libfabric_backend_hip.cpp:1071] Successfully processed descriptor 1 with 1 requests submitted (accumulated: 2)
I0317 11:12:08.449906     274 libfabric_backend_hip.cpp:1030] Processing descriptor 2 device 0 local_addr: 0xadbb3c0 size=128 remote_addr=0x9f33a00
I0317 11:12:08.449903     343 libfabric_rail_manager_hip.cpp:946] Processed 1 rails, completions found
I0317 11:12:08.449910     343 libfabric_backend_hip.cpp:1408] PT: Processed completions on rails
I0317 11:12:08.449907     274 libfabric_backend_hip.cpp:1034] DEBUG: remote_agent='target' localAgent='initiator'
I0317 11:12:08.449913     274 libfabric_rail_manager_hip.cpp:369] use_striping=false
I0317 11:12:08.449913     274 libfabric_rail_manager_hip.cpp:376] rail 0, remote_ep_id 0
I0317 11:12:08.449915     274 libfabric_rail_manager_hip.cpp:394] calculated offset 128 (0x80) from target 0x9f33a00 - base 0x9f33980 for rail 0
I0317 11:12:08.449916     274 libfabric_rail.cpp:1165] Posting RDMA read on endpoint=0xadfbce0 local_buffer=0xadbb3c0 length=0x80 dest_addr=0x1 remote_addr=0x80 remote_key=0x9f33980 context=0xade7ec0
I0317 11:12:08.449935     343 libfabric_rail.cpp:770] Routing completion from rail 0 with flags=0x104 FI_SEND: 0 FI_RECV: 0 FI_WRITE: 0 FI_REMOTE_WRITE: 0
I0317 11:12:08.449937     343 libfabric_rail.cpp:104] From context the request xfer_id is : 1026
I0317 11:12:08.449938     343 libfabric_rail.cpp:868] Calling completion callback for read request 1026
I0317 11:12:08.449939     274 libfabric_rail.cpp:1187] RDMA read posted successfully
I0317 11:12:08.449942     274 libfabric_rail_manager_hip.cpp:439] Round-robin: submitted single request on rail 0 for 128 bytes, XFER_ID=1027
I0317 11:12:08.449943     274 libfabric_rail_manager_hip.cpp:523] Successfully submitted requests for 128 bytes
I0317 11:12:08.449939     343 libfabric_backend_hip.cpp:262] Request completed, total completed: 2/3
I0317 11:12:08.449947     343 libfabric_rail.cpp:871] Completion callback completed for read
I0317 11:12:08.449948     343 libfabric_rail.cpp:69] ReleaseReq on Rail 0 releasing request XFER_ID=1026 pool_index=1022
I0317 11:12:08.449951     343 libfabric_rail.cpp:770] Routing completion from rail 0 with flags=0x104 FI_SEND: 0 FI_RECV: 0 FI_WRITE: 0 FI_REMOTE_WRITE: 0
I0317 11:12:08.449952     343 libfabric_rail.cpp:104] From context the request xfer_id is : 1026
I0317 11:12:08.449944     274 libfabric_backend_hip.cpp:1071] Successfully processed descriptor 2 with 1 requests submitted (accumulated: 3)
I0317 11:12:08.449955     274 libfabric_backend_hip.cpp:1076] Processing complete: submitted 3 requests from 3 descriptors for xfer_id1027
I0317 11:12:08.449957     274 libfabric_backend_hip.cpp:279] Adjusted total requests to actual count: 3
I0317 11:12:08.449953     343 libfabric_rail.cpp:868] Calling completion callback for read request 1026
I0317 11:12:08.449960     343 libfabric_backend_hip.cpp:262] Request completed, total completed: 3/3
I0317 11:12:08.449960     343 libfabric_rail.cpp:871] Completion callback completed for read
I0317 11:12:08.449961     274 libfabric_backend_hip.cpp:985] Posting transfer for remote_agent: target, handle address: 0xadf5e50
I0317 11:12:08.449963     274 libfabric_backend_hip.cpp:1000] Processing 3 descriptors using optimized single-pass approach
I0317 11:12:08.449964     274 libfabric_backend_hip.cpp:256] Initialized request tracking for 3 requests
I0317 11:12:08.449961     343 libfabric_rail.cpp:69] ReleaseReq on Rail 0 releasing request XFER_ID=1026 pool_index=1021
I0317 11:12:08.449968     343 libfabric_rail.cpp:758] Processed 2 completions on rail 0
I0317 11:12:08.449965     274 libfabric_backend_hip.cpp:1030] Processing descriptor 0 device 0 local_addr: 0xadbb040 size=128 remote_addr=0x9f33e80
I0317 11:12:08.449971     274 libfabric_backend_hip.cpp:1034] DEBUG: remote_agent='target' localAgent='initiator'
I0317 11:12:08.449973     274 libfabric_rail_manager_hip.cpp:369] use_striping=false
I0317 11:12:08.449975     274 libfabric_rail_manager_hip.cpp:376] rail 0, remote_ep_id 0
I0317 11:12:08.449969     343 libfabric_rail_manager_hip.cpp:935] Processed completions on rail 0
I0317 11:12:08.449979     343 libfabric_rail_manager_hip.cpp:946] Processed 1 rails, completions found
I0317 11:12:08.449980     343 libfabric_backend_hip.cpp:1408] PT: Processed completions on rails
I0317 11:12:08.449976     274 libfabric_rail_manager_hip.cpp:394] calculated offset 1280 (0x500) from target 0x9f33e80 - base 0x9f33980 for rail 0
I0317 11:12:08.449983     274 libfabric_rail.cpp:1165] Posting RDMA read on endpoint=0xadfbce0 local_buffer=0xadbb040 length=0x80 dest_addr=0x1 remote_addr=0x500 remote_key=0x9f33980 context=0xade7d68
I0317 11:12:08.449985     343 libfabric_rail.cpp:770] Routing completion from rail 0 with flags=0x104 FI_SEND: 0 FI_RECV: 0 FI_WRITE: 0 FI_REMOTE_WRITE: 0
I0317 11:12:08.449987     343 libfabric_rail.cpp:104] From context the request xfer_id is : 1027
I0317 11:12:08.449988     343 libfabric_rail.cpp:868] Calling completion callback for read request 1027
I0317 11:12:08.449989     343 libfabric_backend_hip.cpp:262] Request completed, total completed: 1/3
I0317 11:12:08.449991     343 libfabric_rail.cpp:871] Completion callback completed for read
I0317 11:12:08.449989     274 libfabric_rail.cpp:1187] RDMA read posted successfully
I0317 11:12:08.449995     274 libfabric_rail_manager_hip.cpp:439] Round-robin: submitted single request on rail 0 for 128 bytes, XFER_ID=1028
I0317 11:12:08.449996     274 libfabric_rail_manager_hip.cpp:523] Successfully submitted requests for 128 bytes
I0317 11:12:08.449998     274 libfabric_backend_hip.cpp:1071] Successfully processed descriptor 0 with 1 requests submitted (accumulated: 1)
I0317 11:12:08.449999     274 libfabric_backend_hip.cpp:1030] Processing descriptor 1 device 0 local_addr: 0xadbb240 size=128 remote_addr=0x9f33c80
I0317 11:12:08.450002     274 libfabric_backend_hip.cpp:1034] DEBUG: remote_agent='target' localAgent='initiator'
I0317 11:12:08.450003     274 libfabric_rail_manager_hip.cpp:369] use_striping=false
I0317 11:12:08.449992     343 libfabric_rail.cpp:69] ReleaseReq on Rail 0 releasing request XFER_ID=1027 pool_index=1020
I0317 11:12:08.450006     343 libfabric_rail.cpp:770] Routing completion from rail 0 with flags=0x104 FI_SEND: 0 FI_RECV: 0 FI_WRITE: 0 FI_REMOTE_WRITE: 0
I0317 11:12:08.450003     274 libfabric_rail_manager_hip.cpp:376] rail 0, remote_ep_id 0
I0317 11:12:08.450010     274 libfabric_rail_manager_hip.cpp:394] calculated offset 768 (0x300) from target 0x9f33c80 - base 0x9f33980 for rail 0
I0317 11:12:08.450013     274 libfabric_rail.cpp:1165] Posting RDMA read on endpoint=0xadfbce0 local_buffer=0xadbb240 length=0x80 dest_addr=0x1 remote_addr=0x300 remote_key=0x9f33980 context=0xade7cc0
I0317 11:12:08.450007     343 libfabric_rail.cpp:104] From context the request xfer_id is : 1027
I0317 11:12:08.450016     274 libfabric_rail.cpp:1187] RDMA read posted successfully
I0317 11:12:08.450017     343 libfabric_rail.cpp:868] Calling completion callback for read request 1027
I0317 11:12:08.450020     343 libfabric_backend_hip.cpp:262] Request completed, total completed: 2/3
I0317 11:12:08.450021     343 libfabric_rail.cpp:871] Completion callback completed for read
I0317 11:12:08.450017     274 libfabric_rail_manager_hip.cpp:439] Round-robin: submitted single request on rail 0 for 128 bytes, XFER_ID=1028
I0317 11:12:08.450021     343 libfabric_rail.cpp:69] ReleaseReq on Rail 0 releasing request XFER_ID=1027 pool_index=1019
I0317 11:12:08.450023     274 libfabric_rail_manager_hip.cpp:523] Successfully submitted requests for 128 bytes
I0317 11:12:08.450024     343 libfabric_rail.cpp:758] Processed 2 completions on rail 0
I0317 11:12:08.450025     274 libfabric_backend_hip.cpp:1071] Successfully processed descriptor 1 with 1 requests submitted (accumulated: 2)
I0317 11:12:08.450026     343 libfabric_rail_manager_hip.cpp:935] Processed completions on rail 0
I0317 11:12:08.450029     343 libfabric_rail_manager_hip.cpp:946] Processed 1 rails, completions found
I0317 11:12:08.450030     343 libfabric_backend_hip.cpp:1408] PT: Processed completions on rails
I0317 11:12:08.450026     274 libfabric_backend_hip.cpp:1030] Processing descriptor 2 device 0 local_addr: 0xadbb440 size=128 remote_addr=0x9f33a80
I0317 11:12:08.450032     274 libfabric_backend_hip.cpp:1034] DEBUG: remote_agent='target' localAgent='initiator'
I0317 11:12:08.450033     274 libfabric_rail_manager_hip.cpp:369] use_striping=false
I0317 11:12:08.450033     274 libfabric_rail_manager_hip.cpp:376] rail 0, remote_ep_id 0
I0317 11:12:08.450033     343 libfabric_rail.cpp:770] Routing completion from rail 0 with flags=0x104 FI_SEND: 0 FI_RECV: 0 FI_WRITE: 0 FI_REMOTE_WRITE: 0
I0317 11:12:08.450035     343 libfabric_rail.cpp:104] From context the request xfer_id is : 1027
I0317 11:12:08.450038     343 libfabric_rail.cpp:868] Calling completion callback for read request 1027
I0317 11:12:08.450038     343 libfabric_backend_hip.cpp:262] Request completed, total completed: 3/3
I0317 11:12:08.450035     274 libfabric_rail_manager_hip.cpp:394] calculated offset 256 (0x100) from target 0x9f33a80 - base 0x9f33980 for rail 0
I0317 11:12:08.450041     274 libfabric_rail.cpp:1165] Posting RDMA read on endpoint=0xadfbce0 local_buffer=0xadbb440 length=0x80 dest_addr=0x1 remote_addr=0x100 remote_key=0x9f33980 context=0xade7c10
I0317 11:12:08.450039     343 libfabric_rail.cpp:871] Completion callback completed for read
I0317 11:12:08.450045     274 libfabric_rail.cpp:1187] RDMA read posted successfully
I0317 11:12:08.450048     274 libfabric_rail_manager_hip.cpp:439] Round-robin: submitted single request on rail 0 for 128 bytes, XFER_ID=1028
I0317 11:12:08.450049     274 libfabric_rail_manager_hip.cpp:523] Successfully submitted requests for 128 bytes
I0317 11:12:08.450045     343 libfabric_rail.cpp:69] ReleaseReq on Rail 0 releasing request XFER_ID=1027 pool_index=1023
I0317 11:12:08.450052     343 libfabric_rail.cpp:758] Processed 1 completions on rail 0
I0317 11:12:08.450053     343 libfabric_rail_manager_hip.cpp:935] Processed completions on rail 0
I0317 11:12:08.450050     274 libfabric_backend_hip.cpp:1071] Successfully processed descriptor 2 with 1 requests submitted (accumulated: 3)
I0317 11:12:08.450057     274 libfabric_backend_hip.cpp:1076] Processing complete: submitted 3 requests from 3 descriptors for xfer_id1028
I0317 11:12:08.450055     343 libfabric_rail_manager_hip.cpp:946] Processed 1 rails, completions found
I0317 11:12:08.450060     343 libfabric_backend_hip.cpp:1408] PT: Processed completions on rails
I0317 11:12:08.450058     274 libfabric_backend_hip.cpp:279] Adjusted total requests to actual count: 3
I0317 11:12:08.450064     343 libfabric_rail.cpp:770] Routing completion from rail 0 with flags=0x104 FI_SEND: 0 FI_RECV: 0 FI_WRITE: 0 FI_REMOTE_WRITE: 0
I0317 11:12:08.450067     343 libfabric_rail.cpp:104] From context the request xfer_id is : 1028
I0317 11:12:08.450068     343 libfabric_rail.cpp:868] Calling completion callback for read request 1028
I0317 11:12:08.450065     274 libfabric_backend_hip.cpp:985] Posting transfer for remote_agent: target, handle address: 0xac78810
I0317 11:12:08.450071     274 libfabric_backend_hip.cpp:1000] Processing 3 descriptors using optimized single-pass approach
I0317 11:12:08.450072     274 libfabric_backend_hip.cpp:256] Initialized request tracking for 3 requests
I0317 11:12:08.450075     274 libfabric_backend_hip.cpp:1030] Processing descriptor 0 device 0 local_addr: 0xadbb0c0 size=128 remote_addr=0x9f33f00
I0317 11:12:08.450069     343 libfabric_backend_hip.cpp:262] Request completed, total completed: 1/3
I0317 11:12:08.450077     274 libfabric_backend_hip.cpp:1034] DEBUG: remote_agent='target' localAgent='initiator'
I0317 11:12:08.450079     343 libfabric_rail.cpp:871] Completion callback completed for read
I0317 11:12:08.450080     274 libfabric_rail_manager_hip.cpp:369] use_striping=false
I0317 11:12:08.450080     343 libfabric_rail.cpp:69] ReleaseReq on Rail 0 releasing request XFER_ID=1028 pool_index=1021
I0317 11:12:08.450084     343 libfabric_rail.cpp:758] Processed 1 completions on rail 0
I0317 11:12:08.450085     343 libfabric_rail_manager_hip.cpp:935] Processed completions on rail 0
I0317 11:12:08.450081     274 libfabric_rail_manager_hip.cpp:376] rail 0, remote_ep_id 0
I0317 11:12:08.450088     274 libfabric_rail_manager_hip.cpp:394] calculated offset 1408 (0x580) from target 0x9f33f00 - base 0x9f33980 for rail 0
I0317 11:12:08.450085     343 libfabric_rail_manager_hip.cpp:946] Processed 1 rails, completions found
I0317 11:12:08.450090     274 libfabric_rail.cpp:1165] Posting RDMA read on endpoint=0xadfbce0 local_buffer=0xadbb0c0 length=0x80 dest_addr=0x1 remote_addr=0x580 remote_key=0x9f33980 context=0xade7d68
I0317 11:12:08.450092     343 libfabric_backend_hip.cpp:1408] PT: Processed completions on rails
I0317 11:12:08.450099     274 libfabric_rail.cpp:1187] RDMA read posted successfully
I0317 11:12:08.450101     274 libfabric_rail_manager_hip.cpp:439] Round-robin: submitted single request on rail 0 for 128 bytes, XFER_ID=1029
I0317 11:12:08.450102     274 libfabric_rail_manager_hip.cpp:523] Successfully submitted requests for 128 bytes
I0317 11:12:08.450103     274 libfabric_backend_hip.cpp:1071] Successfully processed descriptor 0 with 1 requests submitted (accumulated: 1)
I0317 11:12:08.450104     274 libfabric_backend_hip.cpp:1030] Processing descriptor 1 device 0 local_addr: 0xadbb2c0 size=128 remote_addr=0x9f33d00
I0317 11:12:08.450105     274 libfabric_backend_hip.cpp:1034] DEBUG: remote_agent='target' localAgent='initiator'
I0317 11:12:08.450108     274 libfabric_rail_manager_hip.cpp:369] use_striping=false
I0317 11:12:08.450109     274 libfabric_rail_manager_hip.cpp:376] rail 0, remote_ep_id 0
I0317 11:12:08.450105     343 libfabric_rail.cpp:770] Routing completion from rail 0 with flags=0x104 FI_SEND: 0 FI_RECV: 0 FI_WRITE: 0 FI_REMOTE_WRITE: 0
I0317 11:12:08.450110     274 libfabric_rail_manager_hip.cpp:394] calculated offset 896 (0x380) from target 0x9f33d00 - base 0x9f33980 for rail 0
I0317 11:12:08.450114     274 libfabric_rail.cpp:1165] Posting RDMA read on endpoint=0xadfbce0 local_buffer=0xadbb2c0 length=0x80 dest_addr=0x1 remote_addr=0x380 remote_key=0x9f33980 context=0xade7ec0
I0317 11:12:08.450112     343 libfabric_rail.cpp:104] From context the request xfer_id is : 1028
I0317 11:12:08.450117     343 libfabric_rail.cpp:868] Calling completion callback for read request 1028
I0317 11:12:08.450118     343 libfabric_backend_hip.cpp:262] Request completed, total completed: 2/3
I0317 11:12:08.450119     343 libfabric_rail.cpp:871] Completion callback completed for read
I0317 11:12:08.450119     274 libfabric_rail.cpp:1187] RDMA read posted successfully
I0317 11:12:08.450120     343 libfabric_rail.cpp:69] ReleaseReq on Rail 0 releasing request XFER_ID=1028 pool_index=1020
I0317 11:12:08.450121     274 libfabric_rail_manager_hip.cpp:439] Round-robin: submitted single request on rail 0 for 128 bytes, XFER_ID=1029
I0317 11:12:08.450123     343 libfabric_rail.cpp:770] Routing completion from rail 0 with flags=0x104 FI_SEND: 0 FI_RECV: 0 FI_WRITE: 0 FI_REMOTE_WRITE: 0
I0317 11:12:08.450126     343 libfabric_rail.cpp:104] From context the request xfer_id is : 1028
I0317 11:12:08.450126     343 libfabric_rail.cpp:868] Calling completion callback for read request 1028
I0317 11:12:08.450124     274 libfabric_rail_manager_hip.cpp:523] Successfully submitted requests for 128 bytes
I0317 11:12:08.450130     274 libfabric_backend_hip.cpp:1071] Successfully processed descriptor 1 with 1 requests submitted (accumulated: 2)
I0317 11:12:08.450128     343 libfabric_backend_hip.cpp:262] Request completed, total completed: 3/3
I0317 11:12:08.450134     343 libfabric_rail.cpp:871] Completion callback completed for read
I0317 11:12:08.450134     343 libfabric_rail.cpp:69] ReleaseReq on Rail 0 releasing request XFER_ID=1028 pool_index=1019
I0317 11:12:08.450131     274 libfabric_backend_hip.cpp:1030] Processing descriptor 2 device 0 local_addr: 0xadbb4c0 size=128 remote_addr=0x9f33b00
I0317 11:12:08.450137     274 libfabric_backend_hip.cpp:1034] DEBUG: remote_agent='target' localAgent='initiator'
I0317 11:12:08.450138     274 libfabric_rail_manager_hip.cpp:369] use_striping=false
I0317 11:12:08.450140     274 libfabric_rail_manager_hip.cpp:376] rail 0, remote_ep_id 0
I0317 11:12:08.450135     343 libfabric_rail.cpp:758] Processed 2 completions on rail 0
I0317 11:12:08.450144     343 libfabric_rail_manager_hip.cpp:935] Processed completions on rail 0
I0317 11:12:08.450145     343 libfabric_rail_manager_hip.cpp:946] Processed 1 rails, completions found
I0317 11:12:08.450142     274 libfabric_rail_manager_hip.cpp:394] calculated offset 384 (0x180) from target 0x9f33b00 - base 0x9f33980 for rail 0
I0317 11:12:08.450148     274 libfabric_rail.cpp:1165] Posting RDMA read on endpoint=0xadfbce0 local_buffer=0xadbb4c0 length=0x80 dest_addr=0x1 remote_addr=0x180 remote_key=0x9f33980 context=0xade7c10
I0317 11:12:08.450145     343 libfabric_backend_hip.cpp:1408] PT: Processed completions on rails
I0317 11:12:08.450150     274 libfabric_rail.cpp:1187] RDMA read posted successfully
I0317 11:12:08.450152     274 libfabric_rail_manager_hip.cpp:439] Round-robin: submitted single request on rail 0 for 128 bytes, XFER_ID=1029
I0317 11:12:08.450153     274 libfabric_rail_manager_hip.cpp:523] Successfully submitted requests for 128 bytes
I0317 11:12:08.450154     274 libfabric_backend_hip.cpp:1071] Successfully processed descriptor 2 with 1 requests submitted (accumulated: 3)
I0317 11:12:08.450154     343 libfabric_rail.cpp:770] Routing completion from rail 0 with flags=0x104 FI_SEND: 0 FI_RECV: 0 FI_WRITE: 0 FI_REMOTE_WRITE: 0
I0317 11:12:08.450158     343 libfabric_rail.cpp:104] From context the request xfer_id is : 1029
I0317 11:12:08.450159     343 libfabric_rail.cpp:868] Calling completion callback for read request 1029
I0317 11:12:08.450155     274 libfabric_backend_hip.cpp:1076] Processing complete: submitted 3 requests from 3 descriptors for xfer_id1029
I0317 11:12:08.450160     343 libfabric_backend_hip.cpp:262] Request completed, total completed: 1/3
I0317 11:12:08.450161     274 libfabric_backend_hip.cpp:279] Adjusted total requests to actual count: 3
I0317 11:12:08.450162     343 libfabric_rail.cpp:871] Completion callback completed for read
I0317 11:12:08.450168     343 libfabric_rail.cpp:69] ReleaseReq on Rail 0 releasing request XFER_ID=1029 pool_index=1021
I0317 11:12:08.450169     343 libfabric_rail.cpp:758] Processed 1 completions on rail 0
I0317 11:12:08.450169     343 libfabric_rail_manager_hip.cpp:935] Processed completions on rail 0
I0317 11:12:08.450169     274 libfabric_backend_hip.cpp:1145] Data transfer completed successfully
I0317 11:12:08.450170     343 libfabric_rail_manager_hip.cpp:946] Processed 1 rails, completions found
I0317 11:12:08.450177     343 libfabric_backend_hip.cpp:1408] PT: Processed completions on rails
I0317 11:12:08.450174     274 libfabric_backend_hip.cpp:1280] Sending 1 notification fragments total_message_length=23
I0317 11:12:08.450180     343 libfabric_rail.cpp:770] Routing completion from rail 0 with flags=0x104 FI_SEND: 0 FI_RECV: 0 FI_WRITE: 0 FI_REMOTE_WRITE: 0
I0317 11:12:08.450181     274 libfabric_rail.cpp:320] Allocate on Rail 0 allocated control request XFER_ID=1026 buffer_size=8192
I0317 11:12:08.450182     343 libfabric_rail.cpp:104] From context the request xfer_id is : 1029
I0317 11:12:08.450188     343 libfabric_rail.cpp:868] Calling completion callback for read request 1029
I0317 11:12:08.450188     274 libfabric_backend_hip.cpp:1315] Sending binary notification fragment 0/1 size=43B payload_chunk_size=23B notif_xfer_id=1026
I0317 11:12:08.450189     343 libfabric_backend_hip.cpp:262] Request completed, total completed: 2/3
I0317 11:12:08.450193     274 libfabric_rail_manager_hip.cpp:892] Sending control message type 2 agent_idx=1 XFER_ID=1026 imm_data=4202514 on rail 0
I0317 11:12:08.450194     343 libfabric_rail.cpp:871] Completion callback completed for read
I0317 11:12:08.450196     343 libfabric_rail.cpp:69] ReleaseReq on Rail 0 releasing request XFER_ID=1029 pool_index=1023
I0317 11:12:08.450196     274 libfabric_rail_manager_hip.cpp:1151] Rail 0 was already active
I0317 11:12:08.450197     343 libfabric_rail.cpp:758] Processed 1 completions on rail 0
I0317 11:12:08.450200     274 libfabric_rail.cpp:1023] Sending data on endpoint=0xadfbce0 buffer=0x7fc3cd9fb010 size=43 immediate_data=0x402012 msg_type=0x2 agent_idx=0x1 XFER_ID=0x402 dest_addr=0x1 context=0xad89620
I0317 11:12:08.450202     343 libfabric_rail_manager_hip.cpp:935] Processed completions on rail 0
I0317 11:12:08.450204     343 libfabric_rail_manager_hip.cpp:946] Processed 1 rails, completions found
I0317 11:12:08.450205     343 libfabric_backend_hip.cpp:1408] PT: Processed completions on rails
I0317 11:12:08.450209     274 libfabric_rail.cpp:1041] Send posted successfully
I0317 11:12:08.450211     274 libfabric_backend_hip.cpp:1343] Successfully sent all 1 notification fragments total_length=23
I0317 11:12:08.450213     343 libfabric_rail.cpp:770] Routing completion from rail 0 with flags=0x802 FI_SEND: 0x800 FI_RECV: 0 FI_WRITE: 0 FI_REMOTE_WRITE: 0
I0317 11:12:08.450215     343 libfabric_rail.cpp:104] From context the request xfer_id is : 1026
I0317 11:12:08.450216     343 libfabric_rail.cpp:69] ReleaseReq on Rail 0 releasing request XFER_ID=1026 pool_index=3071
I0317 11:12:08.450217     274 libfabric_backend_hip.cpp:1145] Data transfer completed successfully
I0317 11:12:08.450219     274 libfabric_backend_hip.cpp:1280] Sending 1 notification fragments total_message_length=23
I0317 11:12:08.450221     343 libfabric_rail.cpp:770] Routing completion from rail 0 with flags=0x104 FI_SEND: 0 FI_RECV: 0 FI_WRITE: 0 FI_REMOTE_WRITE: 0
I0317 11:12:08.450225     274 libfabric_rail.cpp:320] Allocate on Rail 0 allocated control request XFER_ID=1027 buffer_size=8192
I0317 11:12:08.450226     274 libfabric_backend_hip.cpp:1315] Sending binary notification fragment 0/1 size=43B payload_chunk_size=23B notif_xfer_id=1027
I0317 11:12:08.450226     343 libfabric_rail.cpp:104] From context the request xfer_id is : 1029
I0317 11:12:08.450229     274 libfabric_rail_manager_hip.cpp:892] Sending control message type 2 agent_idx=1 XFER_ID=1027 imm_data=4206610 on rail 0
I0317 11:12:08.450232     274 libfabric_rail_manager_hip.cpp:1151] Rail 0 was already active
I0317 11:12:08.450230     343 libfabric_rail.cpp:868] Calling completion callback for read request 1029
I0317 11:12:08.450236     343 libfabric_backend_hip.cpp:262] Request completed, total completed: 3/3
I0317 11:12:08.450237     343 libfabric_rail.cpp:871] Completion callback completed for read
I0317 11:12:08.450233     274 libfabric_rail.cpp:1023] Sending data on endpoint=0xadfbce0 buffer=0x7fc3cd9fb010 size=43 immediate_data=0x403012 msg_type=0x2 agent_idx=0x1 XFER_ID=0x403 dest_addr=0x1 context=0xad89620
I0317 11:12:08.450237     343 libfabric_rail.cpp:69] ReleaseReq on Rail 0 releasing request XFER_ID=1029 pool_index=1019
I0317 11:12:08.450243     343 libfabric_rail.cpp:758] Processed 2 completions on rail 0
I0317 11:12:08.450243     343 libfabric_rail_manager_hip.cpp:935] Processed completions on rail 0
I0317 11:12:08.450244     274 libfabric_rail.cpp:1041] Send posted successfully
I0317 11:12:08.450246     274 libfabric_backend_hip.cpp:1343] Successfully sent all 1 notification fragments total_length=23
I0317 11:12:08.450244     343 libfabric_rail_manager_hip.cpp:946] Processed 1 rails, completions found
I0317 11:12:08.450249     274 libfabric_backend_hip.cpp:1145] Data transfer completed successfully
I0317 11:12:08.450251     274 libfabric_backend_hip.cpp:1280] Sending 1 notification fragments total_message_length=24
I0317 11:12:08.450249     343 libfabric_backend_hip.cpp:1408] PT: Processed completions on rails
I0317 11:12:08.450253     274 libfabric_rail.cpp:320] Allocate on Rail 0 allocated control request XFER_ID=1028 buffer_size=8192
I0317 11:12:08.450257     343 libfabric_rail.cpp:770] Routing completion from rail 0 with flags=0x802 FI_SEND: 0x800 FI_RECV: 0 FI_WRITE: 0 FI_REMOTE_WRITE: 0
I0317 11:12:08.450259     343 libfabric_rail.cpp:104] From context the request xfer_id is : 1027
I0317 11:12:08.450259     274 libfabric_backend_hip.cpp:1315] Sending binary notification fragment 0/1 size=44B payload_chunk_size=24B notif_xfer_id=1028
I0317 11:12:08.450260     343 libfabric_rail.cpp:69] ReleaseReq on Rail 0 releasing request XFER_ID=1027 pool_index=3071
I0317 11:12:08.450262     274 libfabric_rail_manager_hip.cpp:892] Sending control message type 2 agent_idx=1 XFER_ID=1028 imm_data=4210706 on rail 0
I0317 11:12:08.450263     343 libfabric_rail.cpp:758] Processed 1 completions on rail 0
I0317 11:12:08.450265     343 libfabric_rail_manager_hip.cpp:935] Processed completions on rail 0
I0317 11:12:08.450266     343 libfabric_rail_manager_hip.cpp:946] Processed 1 rails, completions found
I0317 11:12:08.450267     343 libfabric_backend_hip.cpp:1408] PT: Processed completions on rails
I0317 11:12:08.450263     274 libfabric_rail_manager_hip.cpp:1151] Rail 0 was already active
I0317 11:12:08.450273     274 libfabric_rail.cpp:1023] Sending data on endpoint=0xadfbce0 buffer=0x7fc3cd9f9010 size=44 immediate_data=0x404012 msg_type=0x2 agent_idx=0x1 XFER_ID=0x404 dest_addr=0x1 context=0xad89578
I0317 11:12:08.450279     274 libfabric_rail.cpp:1041] Send posted successfully
I0317 11:12:08.450280     274 libfabric_backend_hip.cpp:1343] Successfully sent all 1 notification fragments total_length=24
I0317 11:12:08.450282     274 libfabric_backend_hip.cpp:1145] Data transfer completed successfully
I0317 11:12:08.450284     274 libfabric_backend_hip.cpp:1280] Sending 1 notification fragments total_message_length=24
I0317 11:12:08.450281     343 libfabric_rail.cpp:770] Routing completion from rail 0 with flags=0x802 FI_SEND: 0x800 FI_RECV: 0 FI_WRITE: 0 FI_REMOTE_WRITE: 0
I0317 11:12:08.450288     343 libfabric_rail.cpp:104] From context the request xfer_id is : 1028
I0317 11:12:08.450286     274 libfabric_rail.cpp:320] Allocate on Rail 0 allocated control request XFER_ID=1029 buffer_size=8192
I0317 11:12:08.450291     274 libfabric_backend_hip.cpp:1315] Sending binary notification fragment 0/1 size=44B payload_chunk_size=24B notif_xfer_id=1029
I0317 11:12:08.450289     343 libfabric_rail.cpp:69] ReleaseReq on Rail 0 releasing request XFER_ID=1028 pool_index=3070
I0317 11:12:08.450295     343 libfabric_rail.cpp:758] Processed 1 completions on rail 0
I0317 11:12:08.450296     343 libfabric_rail_manager_hip.cpp:935] Processed completions on rail 0
I0317 11:12:08.450292     274 libfabric_rail_manager_hip.cpp:892] Sending control message type 2 agent_idx=1 XFER_ID=1029 imm_data=4214802 on rail 0
I0317 11:12:08.450299     274 libfabric_rail_manager_hip.cpp:1151] Rail 0 was already active
I0317 11:12:08.450296     343 libfabric_rail_manager_hip.cpp:946] Processed 1 rails, completions found
I0317 11:12:08.450300     274 libfabric_rail.cpp:1023] Sending data on endpoint=0xadfbce0 buffer=0x7fc3cd9fb010 size=44 immediate_data=0x405012 msg_type=0x2 agent_idx=0x1 XFER_ID=0x405 dest_addr=0x1 context=0xad89620
I0317 11:12:08.450302     343 libfabric_backend_hip.cpp:1408] PT: Processed completions on rails
I0317 11:12:08.450303     274 libfabric_rail.cpp:1041] Send posted successfully
I0317 11:12:08.450304     274 libfabric_backend_hip.cpp:1343] Successfully sent all 1 notification fragments total_length=24
I0317 11:12:08.450304     343 libfabric_rail.cpp:770] Routing completion from rail 0 with flags=0x802 FI_SEND: 0x800 FI_RECV: 0 FI_WRITE: 0 FI_REMOTE_WRITE: 0
I0317 11:12:08.450306     343 libfabric_rail.cpp:104] From context the request xfer_id is : 1029
I0317 11:12:08.450307     274 libfabric_backend_hip.cpp:985] Posting transfer for remote_agent: target, handle address: 0xad02f70
I0317 11:12:08.450309     274 libfabric_backend_hip.cpp:1000] Processing 2 descriptors using optimized single-pass approach
I0317 11:12:08.450310     274 libfabric_backend_hip.cpp:256] Initialized request tracking for 2 requests
I0317 11:12:08.450313     274 libfabric_backend_hip.cpp:1030] Processing descriptor 0 device 0 local_addr: 0xadbb580 size=64 remote_addr=0x9f33fc0
I0317 11:12:08.450314     274 libfabric_backend_hip.cpp:1034] DEBUG: remote_agent='target' localAgent='initiator'
I0317 11:12:08.450307     343 libfabric_rail.cpp:69] ReleaseReq on Rail 0 releasing request XFER_ID=1029 pool_index=3071
I0317 11:12:08.450315     274 libfabric_rail_manager_hip.cpp:369] use_striping=false
I0317 11:12:08.450317     343 libfabric_rail.cpp:758] Processed 1 completions on rail 0
I0317 11:12:08.450319     343 libfabric_rail_manager_hip.cpp:935] Processed completions on rail 0
I0317 11:12:08.450320     343 libfabric_rail_manager_hip.cpp:946] Processed 1 rails, completions found
I0317 11:12:08.450317     274 libfabric_rail_manager_hip.cpp:376] rail 0, remote_ep_id 0
I0317 11:12:08.450321     343 libfabric_backend_hip.cpp:1408] PT: Processed completions on rails
I0317 11:12:08.450324     274 libfabric_rail_manager_hip.cpp:394] calculated offset 1600 (0x640) from target 0x9f33fc0 - base 0x9f33980 for rail 0
I0317 11:12:08.450331     274 libfabric_rail.cpp:1092] Posting RDMA write on endpoint=0xadfbce0 local_buffer=0xadbb580 length=64 immediate_data=4218900 dest_addr=1 remote_addr=0x640 remote_key=166934912 context=0xade7c10
I0317 11:12:08.450342     274 libfabric_rail.cpp:1115] RDMA write posted successfully
I0317 11:12:08.450344     274 libfabric_rail_manager_hip.cpp:439] Round-robin: submitted single request on rail 0 for 64 bytes, XFER_ID=1030
I0317 11:12:08.450344     343 libfabric_rail.cpp:770] Routing completion from rail 0 with flags=0x204 FI_SEND: 0 FI_RECV: 0 FI_WRITE: 0x200 FI_REMOTE_WRITE: 0
I0317 11:12:08.450347     343 libfabric_rail.cpp:104] From context the request xfer_id is : 1030
I0317 11:12:08.450348     343 libfabric_rail.cpp:868] Calling completion callback for write request 1030
I0317 11:12:08.450345     274 libfabric_rail_manager_hip.cpp:523] Successfully submitted requests for 64 bytes
I0317 11:12:08.450351     274 libfabric_backend_hip.cpp:1071] Successfully processed descriptor 0 with 1 requests submitted (accumulated: 1)
I0317 11:12:08.450349     343 libfabric_backend_hip.cpp:262] Request completed, total completed: 1/2
I0317 11:12:08.450355     343 libfabric_rail.cpp:871] Completion callback completed for write
I0317 11:12:08.450352     274 libfabric_backend_hip.cpp:1030] Processing descriptor 1 device 0 local_addr: 0xadbb600 size=64 remote_addr=0x9f34040
I0317 11:12:08.450359     274 libfabric_backend_hip.cpp:1034] DEBUG: remote_agent='target' localAgent='initiator'
I0317 11:12:08.450360     274 libfabric_rail_manager_hip.cpp:369] use_striping=false
I0317 11:12:08.450356     343 libfabric_rail.cpp:69] ReleaseReq on Rail 0 releasing request XFER_ID=1030 pool_index=1019
I0317 11:12:08.450363     343 libfabric_rail.cpp:758] Processed 1 completions on rail 0
I0317 11:12:08.450360     274 libfabric_rail_manager_hip.cpp:376] rail 0, remote_ep_id 0
I0317 11:12:08.450364     343 libfabric_rail_manager_hip.cpp:935] Processed completions on rail 0
I0317 11:12:08.450370     343 libfabric_rail_manager_hip.cpp:946] Processed 1 rails, completions found
I0317 11:12:08.450367     274 libfabric_rail_manager_hip.cpp:394] calculated offset 1728 (0x6c0) from target 0x9f34040 - base 0x9f33980 for rail 0
I0317 11:12:08.450373     274 libfabric_rail.cpp:1092] Posting RDMA write on endpoint=0xadfbce0 local_buffer=0xadbb600 length=64 immediate_data=272654356 dest_addr=1 remote_addr=0x6c0 remote_key=166934912 context=0xade7c10
I0317 11:12:08.450371     343 libfabric_backend_hip.cpp:1408] PT: Processed completions on rails
I0317 11:12:08.450379     274 libfabric_rail.cpp:1115] RDMA write posted successfully
I0317 11:12:08.450380     274 libfabric_rail_manager_hip.cpp:439] Round-robin: submitted single request on rail 0 for 64 bytes, XFER_ID=1030
I0317 11:12:08.450383     274 libfabric_rail_manager_hip.cpp:523] Successfully submitted requests for 64 bytes
I0317 11:12:08.450384     274 libfabric_backend_hip.cpp:1071] Successfully processed descriptor 1 with 1 requests submitted (accumulated: 2)
I0317 11:12:08.450386     274 libfabric_backend_hip.cpp:1076] Processing complete: submitted 2 requests from 2 descriptors for xfer_id1030
I0317 11:12:08.450387     274 libfabric_backend_hip.cpp:279] Adjusted total requests to actual count: 2
I0317 11:12:08.450390     274 libfabric_backend_hip.cpp:1280] Sending 1 notification fragments total_message_length=44
I0317 11:12:08.450380     343 libfabric_rail.cpp:770] Routing completion from rail 0 with flags=0x204 FI_SEND: 0 FI_RECV: 0 FI_WRITE: 0x200 FI_REMOTE_WRITE: 0
I0317 11:12:08.450392     274 libfabric_rail.cpp:320] Allocate on Rail 0 allocated control request XFER_ID=1030 buffer_size=8192
I0317 11:12:08.450393     343 libfabric_rail.cpp:104] From context the request xfer_id is : 1030
I0317 11:12:08.450397     343 libfabric_rail.cpp:868] Calling completion callback for write request 1030
I0317 11:12:08.450398     343 libfabric_backend_hip.cpp:262] Request completed, total completed: 2/2
I0317 11:12:08.450394     274 libfabric_backend_hip.cpp:1315] Sending binary notification fragment 0/1 size=64B payload_chunk_size=44B notif_xfer_id=1030
I0317 11:12:08.450401     274 libfabric_rail_manager_hip.cpp:892] Sending control message type 2 agent_idx=1 XFER_ID=1030 imm_data=4218898 on rail 0
I0317 11:12:08.450399     343 libfabric_rail.cpp:871] Completion callback completed for write
I0317 11:12:08.450405     343 libfabric_rail.cpp:69] ReleaseReq on Rail 0 releasing request XFER_ID=1030 pool_index=1019
I0317 11:12:08.450403     274 libfabric_rail_manager_hip.cpp:1151] Rail 0 was already active
I0317 11:12:08.450409     274 libfabric_rail.cpp:1023] Sending data on endpoint=0xadfbce0 buffer=0x7fc3cd9fb010 size=64 immediate_data=0x406012 msg_type=0x2 agent_idx=0x1 XFER_ID=0x406 dest_addr=0x1 context=0xad89620
I0317 11:12:08.450406     343 libfabric_rail.cpp:758] Processed 1 completions on rail 0
I0317 11:12:08.450414     274 libfabric_rail.cpp:1041] Send posted successfully
I0317 11:12:08.450417     274 libfabric_backend_hip.cpp:1343] Successfully sent all 1 notification fragments total_length=44
I0317 11:12:08.450414     343 libfabric_rail_manager_hip.cpp:935] Processed completions on rail 0
I0317 11:12:08.450421     343 libfabric_rail_manager_hip.cpp:946] Processed 1 rails, completions found
I0317 11:12:08.450422     343 libfabric_backend_hip.cpp:1408] PT: Processed completions on rails
I0317 11:12:08.450418     274 libfabric_backend_hip.cpp:1099] Notification sent immediately with XFER_ID=1030, expected_completions: 2
I0317 11:12:08.450424     343 libfabric_rail.cpp:770] Routing completion from rail 0 with flags=0x802 FI_SEND: 0x800 FI_RECV: 0 FI_WRITE: 0 FI_REMOTE_WRITE: 0
I0317 11:12:08.450426     274 libfabric_backend_hip.cpp:985] Posting transfer for remote_agent: target, handle address: 0xadfb6a0
I0317 11:12:08.450429     274 libfabric_backend_hip.cpp:1000] Processing 2 descriptors using optimized single-pass approach
I0317 11:12:08.450426     343 libfabric_rail.cpp:104] From context the request xfer_id is : 1030
I0317 11:12:08.450432     343 libfabric_rail.cpp:69] ReleaseReq on Rail 0 releasing request XFER_ID=1030 pool_index=3071
I0317 11:12:08.450433     343 libfabric_rail.cpp:758] Processed 1 completions on rail 0
I0317 11:12:08.450430     274 libfabric_backend_hip.cpp:256] Initialized request tracking for 2 requests
I0317 11:12:08.450436     274 libfabric_backend_hip.cpp:1030] Processing descriptor 0 device 0 local_addr: 0xadbb640 size=64 remote_addr=0x9f34080
I0317 11:12:08.450439     274 libfabric_backend_hip.cpp:1034] DEBUG: remote_agent='target' localAgent='initiator'
I0317 11:12:08.450440     274 libfabric_rail_manager_hip.cpp:369] use_striping=false
I0317 11:12:08.450434     343 libfabric_rail_manager_hip.cpp:935] Processed completions on rail 0
I0317 11:12:08.450442     274 libfabric_rail_manager_hip.cpp:376] rail 0, remote_ep_id 0
I0317 11:12:08.450443     343 libfabric_rail_manager_hip.cpp:946] Processed 1 rails, completions found
I0317 11:12:08.450445     343 libfabric_backend_hip.cpp:1408] PT: Processed completions on rails
I0317 11:12:08.450445     274 libfabric_rail_manager_hip.cpp:394] calculated offset 1792 (0x700) from target 0x9f34080 - base 0x9f33980 for rail 0
I0317 11:12:08.450448     274 libfabric_rail.cpp:1092] Posting RDMA write on endpoint=0xadfbce0 local_buffer=0xadbb640 length=64 immediate_data=541093908 dest_addr=1 remote_addr=0x700 remote_key=166934912 context=0xade7c10
I0317 11:12:08.450454     274 libfabric_rail.cpp:1115] RDMA write posted successfully
I0317 11:12:08.450454     274 libfabric_rail_manager_hip.cpp:439] Round-robin: submitted single request on rail 0 for 64 bytes, XFER_ID=1031
I0317 11:12:08.450455     274 libfabric_rail_manager_hip.cpp:523] Successfully submitted requests for 64 bytes
I0317 11:12:08.450456     274 libfabric_backend_hip.cpp:1071] Successfully processed descriptor 0 with 1 requests submitted (accumulated: 1)
I0317 11:12:08.450456     343 libfabric_rail.cpp:770] Routing completion from rail 0 with flags=0x204 FI_SEND: 0 FI_RECV: 0 FI_WRITE: 0x200 FI_REMOTE_WRITE: 0
I0317 11:12:08.450459     343 libfabric_rail.cpp:104] From context the request xfer_id is : 1031
I0317 11:12:08.450460     343 libfabric_rail.cpp:868] Calling completion callback for write request 1031
I0317 11:12:08.450457     274 libfabric_backend_hip.cpp:1030] Processing descriptor 1 device 0 local_addr: 0xadbb700 size=64 remote_addr=0x9f34140
I0317 11:12:08.450462     343 libfabric_backend_hip.cpp:262] Request completed, total completed: 1/2
I0317 11:12:08.450463     274 libfabric_backend_hip.cpp:1034] DEBUG: remote_agent='target' localAgent='initiator'
I0317 11:12:08.450467     274 libfabric_rail_manager_hip.cpp:369] use_striping=false
I0317 11:12:08.450467     274 libfabric_rail_manager_hip.cpp:376] rail 0, remote_ep_id 0
I0317 11:12:08.450463     343 libfabric_rail.cpp:871] Completion callback completed for write
I0317 11:12:08.450470     274 libfabric_rail_manager_hip.cpp:394] calculated offset 1984 (0x7c0) from target 0x9f34140 - base 0x9f33980 for rail 0
I0317 11:12:08.450471     343 libfabric_rail.cpp:69] ReleaseReq on Rail 0 releasing request XFER_ID=1031 pool_index=1019
I0317 11:12:08.450472     274 libfabric_rail.cpp:1092] Posting RDMA write on endpoint=0xadfbce0 local_buffer=0xadbb700 length=64 immediate_data=809529364 dest_addr=1 remote_addr=0x7c0 remote_key=166934912 context=0xade7ec0
I0317 11:12:08.450473     343 libfabric_rail.cpp:758] Processed 1 completions on rail 0
I0317 11:12:08.450475     343 libfabric_rail_manager_hip.cpp:935] Processed completions on rail 0
I0317 11:12:08.450475     343 libfabric_rail_manager_hip.cpp:946] Processed 1 rails, completions found
I0317 11:12:08.450476     343 libfabric_backend_hip.cpp:1408] PT: Processed completions on rails
I0317 11:12:08.450476     274 libfabric_rail.cpp:1115] RDMA write posted successfully
I0317 11:12:08.450477     343 libfabric_rail.cpp:770] Routing completion from rail 0 with flags=0x204 FI_SEND: 0 FI_RECV: 0 FI_WRITE: 0x200 FI_REMOTE_WRITE: 0
I0317 11:12:08.450480     343 libfabric_rail.cpp:104] From context the request xfer_id is : 1031
I0317 11:12:08.450481     343 libfabric_rail.cpp:868] Calling completion callback for write request 1031
I0317 11:12:08.450478     274 libfabric_rail_manager_hip.cpp:439] Round-robin: submitted single request on rail 0 for 64 bytes, XFER_ID=1031
I0317 11:12:08.450482     343 libfabric_backend_hip.cpp:262] Request completed, total completed: 2/2
I0317 11:12:08.450483     343 libfabric_rail.cpp:871] Completion callback completed for write
I0317 11:12:08.450486     343 libfabric_rail.cpp:69] ReleaseReq on Rail 0 releasing request XFER_ID=1031 pool_index=1023
I0317 11:12:08.450483     274 libfabric_rail_manager_hip.cpp:523] Successfully submitted requests for 64 bytes
I0317 11:12:08.450490     274 libfabric_backend_hip.cpp:1071] Successfully processed descriptor 1 with 1 requests submitted (accumulated: 2)
I0317 11:12:08.450487     343 libfabric_rail.cpp:758] Processed 1 completions on rail 0
I0317 11:12:08.450493     343 libfabric_rail_manager_hip.cpp:935] Processed completions on rail 0
I0317 11:12:08.450494     343 libfabric_rail_manager_hip.cpp:946] Processed 1 rails, completions found
I0317 11:12:08.450490     274 libfabric_backend_hip.cpp:1076] Processing complete: submitted 2 requests from 2 descriptors for xfer_id1031
I0317 11:12:08.450497     274 libfabric_backend_hip.cpp:279] Adjusted total requests to actual count: 2
I0317 11:12:08.450498     274 libfabric_backend_hip.cpp:1280] Sending 1 notification fragments total_message_length=43
I0317 11:12:08.450495     343 libfabric_backend_hip.cpp:1408] PT: Processed completions on rails
I0317 11:12:08.450499     274 libfabric_rail.cpp:320] Allocate on Rail 0 allocated control request XFER_ID=1031 buffer_size=8192
I0317 11:12:08.450501     274 libfabric_backend_hip.cpp:1315] Sending binary notification fragment 0/1 size=63B payload_chunk_size=43B notif_xfer_id=1031
I0317 11:12:08.450502     274 libfabric_rail_manager_hip.cpp:892] Sending control message type 2 agent_idx=1 XFER_ID=1031 imm_data=4222994 on rail 0
I0317 11:12:08.450503     274 libfabric_rail_manager_hip.cpp:1151] Rail 0 was already active
I0317 11:12:08.450505     274 libfabric_rail.cpp:1023] Sending data on endpoint=0xadfbce0 buffer=0x7fc3cd9fb010 size=63 immediate_data=0x407012 msg_type=0x2 agent_idx=0x1 XFER_ID=0x407 dest_addr=0x1 context=0xad89620
I0317 11:12:08.450511     274 libfabric_rail.cpp:1041] Send posted successfully
I0317 11:12:08.450511     274 libfabric_backend_hip.cpp:1343] Successfully sent all 1 notification fragments total_length=43
I0317 11:12:08.450512     274 libfabric_backend_hip.cpp:1099] Notification sent immediately with XFER_ID=1031, expected_completions: 2
I0317 11:12:08.450513     343 libfabric_rail.cpp:770] Routing completion from rail 0 with flags=0x802 FI_SEND: 0x800 FI_RECV: 0 FI_WRITE: 0 FI_REMOTE_WRITE: 0
I0317 11:12:08.450515     343 libfabric_rail.cpp:104] From context the request xfer_id is : 1031
I0317 11:12:08.450516     343 libfabric_rail.cpp:69] ReleaseReq on Rail 0 releasing request XFER_ID=1031 pool_index=3071
I0317 11:12:08.450517     343 libfabric_rail.cpp:758] Processed 1 completions on rail 0
I0317 11:12:08.450518     343 libfabric_rail_manager_hip.cpp:935] Processed completions on rail 0
I0317 11:12:08.450519     343 libfabric_rail_manager_hip.cpp:946] Processed 1 rails, completions found
I0317 11:12:08.450519     343 libfabric_backend_hip.cpp:1408] PT: Processed completions on rails
I0317 11:12:08.450520     274 libfabric_backend_hip.cpp:985] Posting transfer for remote_agent: target, handle address: 0xaca8160
I0317 11:12:08.450521     274 libfabric_backend_hip.cpp:1000] Processing 3 descriptors using optimized single-pass approach
I0317 11:12:08.450522     274 libfabric_backend_hip.cpp:256] Initialized request tracking for 3 requests
I0317 11:12:08.450523     274 libfabric_backend_hip.cpp:1030] Processing descriptor 0 device 0 local_addr: 0xadbaf40 size=128 remote_addr=0x9f33d80
I0317 11:12:08.450524     274 libfabric_backend_hip.cpp:1034] DEBUG: remote_agent='target' localAgent='initiator'
I0317 11:12:08.450525     274 libfabric_rail_manager_hip.cpp:369] use_striping=false
I0317 11:12:08.450525     274 libfabric_rail_manager_hip.cpp:376] rail 0, remote_ep_id 0
I0317 11:12:08.450527     274 libfabric_rail_manager_hip.cpp:394] calculated offset 1024 (0x400) from target 0x9f33d80 - base 0x9f33980 for rail 0
I0317 11:12:08.450528     274 libfabric_rail.cpp:1165] Posting RDMA read on endpoint=0xadfbce0 local_buffer=0xadbaf40 length=0x80 dest_addr=0x1 remote_addr=0x400 remote_key=0x9f33980 context=0xade7ec0
I0317 11:12:08.450533     274 libfabric_rail.cpp:1187] RDMA read posted successfully
I0317 11:12:08.450533     274 libfabric_rail_manager_hip.cpp:439] Round-robin: submitted single request on rail 0 for 128 bytes, XFER_ID=1032
I0317 11:12:08.450534     274 libfabric_rail_manager_hip.cpp:523] Successfully submitted requests for 128 bytes
I0317 11:12:08.450535     274 libfabric_backend_hip.cpp:1071] Successfully processed descriptor 0 with 1 requests submitted (accumulated: 1)
I0317 11:12:08.450536     274 libfabric_backend_hip.cpp:1030] Processing descriptor 1 device 0 local_addr: 0xadbb140 size=128 remote_addr=0x9f33b80
I0317 11:12:08.450537     274 libfabric_backend_hip.cpp:1034] DEBUG: remote_agent='target' localAgent='initiator'
I0317 11:12:08.450538     274 libfabric_rail_manager_hip.cpp:369] use_striping=false
I0317 11:12:08.450539     274 libfabric_rail_manager_hip.cpp:376] rail 0, remote_ep_id 0
I0317 11:12:08.450540     274 libfabric_rail_manager_hip.cpp:394] calculated offset 512 (0x200) from target 0x9f33b80 - base 0x9f33980 for rail 0
I0317 11:12:08.450541     274 libfabric_rail.cpp:1165] Posting RDMA read on endpoint=0xadfbce0 local_buffer=0xadbb140 length=0x80 dest_addr=0x1 remote_addr=0x200 remote_key=0x9f33980 context=0xade7c10
I0317 11:12:08.450546     274 libfabric_rail.cpp:1187] RDMA read posted successfully
I0317 11:12:08.450547     274 libfabric_rail_manager_hip.cpp:439] Round-robin: submitted single request on rail 0 for 128 bytes, XFER_ID=1032
I0317 11:12:08.450547     274 libfabric_rail_manager_hip.cpp:523] Successfully submitted requests for 128 bytes
I0317 11:12:08.450549     274 libfabric_backend_hip.cpp:1071] Successfully processed descriptor 1 with 1 requests submitted (accumulated: 2)
I0317 11:12:08.450550     274 libfabric_backend_hip.cpp:1030] Processing descriptor 2 device 0 local_addr: 0xadbb340 size=128 remote_addr=0x9f33980
I0317 11:12:08.450551     274 libfabric_backend_hip.cpp:1034] DEBUG: remote_agent='target' localAgent='initiator'
I0317 11:12:08.450552     274 libfabric_rail_manager_hip.cpp:369] use_striping=false
I0317 11:12:08.450552     274 libfabric_rail_manager_hip.cpp:376] rail 0, remote_ep_id 0
I0317 11:12:08.450554     274 libfabric_rail_manager_hip.cpp:394] calculated offset 0 (0) from target 0x9f33980 - base 0x9f33980 for rail 0
I0317 11:12:08.450555     274 libfabric_rail.cpp:1165] Posting RDMA read on endpoint=0xadfbce0 local_buffer=0xadbb340 length=0x80 dest_addr=0x1 remote_addr=0 remote_key=0x9f33980 context=0xade7d68
I0317 11:12:08.450558     274 libfabric_rail.cpp:1187] RDMA read posted successfully
I0317 11:12:08.450559     274 libfabric_rail_manager_hip.cpp:439] Round-robin: submitted single request on rail 0 for 128 bytes, XFER_ID=1032
I0317 11:12:08.450560     274 libfabric_rail_manager_hip.cpp:523] Successfully submitted requests for 128 bytes
I0317 11:12:08.450561     274 libfabric_backend_hip.cpp:1071] Successfully processed descriptor 2 with 1 requests submitted (accumulated: 3)
I0317 11:12:08.450562     274 libfabric_backend_hip.cpp:1076] Processing complete: submitted 3 requests from 3 descriptors for xfer_id1032
I0317 11:12:08.450562     274 libfabric_backend_hip.cpp:279] Adjusted total requests to actual count: 3
I0317 11:12:08.450566     274 libfabric_backend_hip.cpp:985] Posting transfer for remote_agent: target, handle address: 0xadf3d60
I0317 11:12:08.450567     274 libfabric_backend_hip.cpp:1000] Processing 3 descriptors using optimized single-pass approach
I0317 11:12:08.450566     343 libfabric_rail.cpp:770] Routing completion from rail 0 with flags=0x104 FI_SEND: 0 FI_RECV: 0 FI_WRITE: 0 FI_REMOTE_WRITE: 0
I0317 11:12:08.450571     343 libfabric_rail.cpp:104] From context the request xfer_id is : 1032
I0317 11:12:08.450572     343 libfabric_rail.cpp:868] Calling completion callback for read request 1032
I0317 11:12:08.450568     274 libfabric_backend_hip.cpp:256] Initialized request tracking for 3 requests
I0317 11:12:08.450573     343 libfabric_backend_hip.cpp:262] Request completed, total completed: 1/3
I0317 11:12:08.450574     274 libfabric_backend_hip.cpp:1030] Processing descriptor 0 device 0 local_addr: 0xadbafc0 size=128 remote_addr=0x9f33e00
I0317 11:12:08.450578     274 libfabric_backend_hip.cpp:1034] DEBUG: remote_agent='target' localAgent='initiator'
I0317 11:12:08.450579     274 libfabric_rail_manager_hip.cpp:369] use_striping=false
I0317 11:12:08.450574     343 libfabric_rail.cpp:871] Completion callback completed for read
I0317 11:12:08.450582     343 libfabric_rail.cpp:69] ReleaseReq on Rail 0 releasing request XFER_ID=1032 pool_index=1023
I0317 11:12:08.450583     343 libfabric_rail.cpp:758] Processed 1 completions on rail 0
I0317 11:12:08.450580     274 libfabric_rail_manager_hip.cpp:376] rail 0, remote_ep_id 0
I0317 11:12:08.450587     274 libfabric_rail_manager_hip.cpp:394] calculated offset 1152 (0x480) from target 0x9f33e00 - base 0x9f33980 for rail 0
I0317 11:12:08.450585     343 libfabric_rail_manager_hip.cpp:935] Processed completions on rail 0
I0317 11:12:08.450589     274 libfabric_rail.cpp:1165] Posting RDMA read on endpoint=0xadfbce0 local_buffer=0xadbafc0 length=0x80 dest_addr=0x1 remote_addr=0x480 remote_key=0x9f33980 context=0xade7ec0
I0317 11:12:08.450590     343 libfabric_rail_manager_hip.cpp:946] Processed 1 rails, completions found
I0317 11:12:08.450592     343 libfabric_backend_hip.cpp:1408] PT: Processed completions on rails
I0317 11:12:08.450595     274 libfabric_rail.cpp:1187] RDMA read posted successfully
I0317 11:12:08.450596     274 libfabric_rail_manager_hip.cpp:439] Round-robin: submitted single request on rail 0 for 128 bytes, XFER_ID=1033
I0317 11:12:08.450597     274 libfabric_rail_manager_hip.cpp:523] Successfully submitted requests for 128 bytes
I0317 11:12:08.450598     274 libfabric_backend_hip.cpp:1071] Successfully processed descriptor 0 with 1 requests submitted (accumulated: 1)
I0317 11:12:08.450599     274 libfabric_backend_hip.cpp:1030] Processing descriptor 1 device 0 local_addr: 0xadbb1c0 size=128 remote_addr=0x9f33c00
I0317 11:12:08.450600     274 libfabric_backend_hip.cpp:1034] DEBUG: remote_agent='target' localAgent='initiator'
I0317 11:12:08.450601     274 libfabric_rail_manager_hip.cpp:369] use_striping=false
I0317 11:12:08.450601     274 libfabric_rail_manager_hip.cpp:376] rail 0, remote_ep_id 0
I0317 11:12:08.450604     274 libfabric_rail_manager_hip.cpp:394] calculated offset 640 (0x280) from target 0x9f33c00 - base 0x9f33980 for rail 0
I0317 11:12:08.450601     343 libfabric_rail.cpp:770] Routing completion from rail 0 with flags=0x104 FI_SEND: 0 FI_RECV: 0 FI_WRITE: 0 FI_REMOTE_WRITE: 0
I0317 11:12:08.450607     343 libfabric_rail.cpp:104] From context the request xfer_id is : 1032
I0317 11:12:08.450608     343 libfabric_rail.cpp:868] Calling completion callback for read request 1032
I0317 11:12:08.450605     274 libfabric_rail.cpp:1165] Posting RDMA read on endpoint=0xadfbce0 local_buffer=0xadbb1c0 length=0x80 dest_addr=0x1 remote_addr=0x280 remote_key=0x9f33980 context=0xade7cc0
I0317 11:12:08.450609     343 libfabric_backend_hip.cpp:262] Request completed, total completed: 2/3
I0317 11:12:08.450615     343 libfabric_rail.cpp:871] Completion callback completed for read
I0317 11:12:08.450612     274 libfabric_rail.cpp:1187] RDMA read posted successfully
I0317 11:12:08.450618     274 libfabric_rail_manager_hip.cpp:439] Round-robin: submitted single request on rail 0 for 128 bytes, XFER_ID=1033
I0317 11:12:08.450619     274 libfabric_rail_manager_hip.cpp:523] Successfully submitted requests for 128 bytes
I0317 11:12:08.450622     274 libfabric_backend_hip.cpp:1071] Successfully processed descriptor 1 with 1 requests submitted (accumulated: 2)
I0317 11:12:08.450615     343 libfabric_rail.cpp:69] ReleaseReq on Rail 0 releasing request XFER_ID=1032 pool_index=1019
I0317 11:12:08.450626     343 libfabric_rail.cpp:758] Processed 1 completions on rail 0
I0317 11:12:08.450627     343 libfabric_rail_manager_hip.cpp:935] Processed completions on rail 0
I0317 11:12:08.450629     343 libfabric_rail_manager_hip.cpp:946] Processed 1 rails, completions found
I0317 11:12:08.450630     343 libfabric_backend_hip.cpp:1408] PT: Processed completions on rails
I0317 11:12:08.450623     274 libfabric_backend_hip.cpp:1030] Processing descriptor 2 device 0 local_addr: 0xadbb3c0 size=128 remote_addr=0x9f33a00
I0317 11:12:08.450632     274 libfabric_backend_hip.cpp:1034] DEBUG: remote_agent='target' localAgent='initiator'
I0317 11:12:08.450633     343 libfabric_rail.cpp:770] Routing completion from rail 0 with flags=0x104 FI_SEND: 0 FI_RECV: 0 FI_WRITE: 0 FI_REMOTE_WRITE: 0
I0317 11:12:08.450636     343 libfabric_rail.cpp:104] From context the request xfer_id is : 1032
I0317 11:12:08.450637     343 libfabric_rail.cpp:868] Calling completion callback for read request 1032
I0317 11:12:08.450634     274 libfabric_rail_manager_hip.cpp:369] use_striping=false
I0317 11:12:08.450638     343 libfabric_backend_hip.cpp:262] Request completed, total completed: 3/3
I0317 11:12:08.450639     274 libfabric_rail_manager_hip.cpp:376] rail 0, remote_ep_id 0
I0317 11:12:08.450640     343 libfabric_rail.cpp:871] Completion callback completed for read
I0317 11:12:08.450642     274 libfabric_rail_manager_hip.cpp:394] calculated offset 128 (0x80) from target 0x9f33a00 - base 0x9f33980 for rail 0
I0317 11:12:08.450645     274 libfabric_rail.cpp:1165] Posting RDMA read on endpoint=0xadfbce0 local_buffer=0xadbb3c0 length=0x80 dest_addr=0x1 remote_addr=0x80 remote_key=0x9f33980 context=0xade7c10
I0317 11:12:08.450643     343 libfabric_rail.cpp:69] ReleaseReq on Rail 0 releasing request XFER_ID=1032 pool_index=1021
I0317 11:12:08.450648     274 libfabric_rail.cpp:1187] RDMA read posted successfully
I0317 11:12:08.450649     343 libfabric_rail.cpp:758] Processed 1 completions on rail 0
I0317 11:12:08.450652     343 libfabric_rail_manager_hip.cpp:935] Processed completions on rail 0
I0317 11:12:08.450653     343 libfabric_rail_manager_hip.cpp:946] Processed 1 rails, completions found
I0317 11:12:08.450649     274 libfabric_rail_manager_hip.cpp:439] Round-robin: submitted single request on rail 0 for 128 bytes, XFER_ID=1033
I0317 11:12:08.450655     274 libfabric_rail_manager_hip.cpp:523] Successfully submitted requests for 128 bytes
I0317 11:12:08.450656     274 libfabric_backend_hip.cpp:1071] Successfully processed descriptor 2 with 1 requests submitted (accumulated: 3)
I0317 11:12:08.450653     343 libfabric_backend_hip.cpp:1408] PT: Processed completions on rails
I0317 11:12:08.450657     274 libfabric_backend_hip.cpp:1076] Processing complete: submitted 3 requests from 3 descriptors for xfer_id1033
I0317 11:12:08.450663     274 libfabric_backend_hip.cpp:279] Adjusted total requests to actual count: 3
I0317 11:12:08.450663     343 libfabric_rail.cpp:770] Routing completion from rail 0 with flags=0x104 FI_SEND: 0 FI_RECV: 0 FI_WRITE: 0 FI_REMOTE_WRITE: 0
I0317 11:12:08.450665     343 libfabric_rail.cpp:104] From context the request xfer_id is : 1033
I0317 11:12:08.450666     274 libfabric_backend_hip.cpp:985] Posting transfer for remote_agent: target, handle address: 0xadf5e50
I0317 11:12:08.450669     274 libfabric_backend_hip.cpp:1000] Processing 3 descriptors using optimized single-pass approach
I0317 11:12:08.450670     274 libfabric_backend_hip.cpp:256] Initialized request tracking for 3 requests
I0317 11:12:08.450666     343 libfabric_rail.cpp:868] Calling completion callback for read request 1033
I0317 11:12:08.450673     343 libfabric_backend_hip.cpp:262] Request completed, total completed: 1/3
I0317 11:12:08.450674     343 libfabric_rail.cpp:871] Completion callback completed for read
I0317 11:12:08.450671     274 libfabric_backend_hip.cpp:1030] Processing descriptor 0 device 0 local_addr: 0xadbb040 size=128 remote_addr=0x9f33e80
I0317 11:12:08.450674     343 libfabric_rail.cpp:69] ReleaseReq on Rail 0 releasing request XFER_ID=1033 pool_index=1023
I0317 11:12:08.450676     274 libfabric_backend_hip.cpp:1034] DEBUG: remote_agent='target' localAgent='initiator'
I0317 11:12:08.450677     343 libfabric_rail.cpp:758] Processed 1 completions on rail 0
I0317 11:12:08.450680     343 libfabric_rail_manager_hip.cpp:935] Processed completions on rail 0
I0317 11:12:08.450680     343 libfabric_rail_manager_hip.cpp:946] Processed 1 rails, completions found
I0317 11:12:08.450678     274 libfabric_rail_manager_hip.cpp:369] use_striping=false
I0317 11:12:08.450683     274 libfabric_rail_manager_hip.cpp:376] rail 0, remote_ep_id 0
I0317 11:12:08.450681     343 libfabric_backend_hip.cpp:1408] PT: Processed completions on rails
I0317 11:12:08.450685     274 libfabric_rail_manager_hip.cpp:394] calculated offset 1280 (0x500) from target 0x9f33e80 - base 0x9f33980 for rail 0
I0317 11:12:08.450687     274 libfabric_rail.cpp:1165] Posting RDMA read on endpoint=0xadfbce0 local_buffer=0xadbb040 length=0x80 dest_addr=0x1 remote_addr=0x500 remote_key=0x9f33980 context=0xade7ec0
I0317 11:12:08.450691     343 libfabric_rail.cpp:770] Routing completion from rail 0 with flags=0x104 FI_SEND: 0 FI_RECV: 0 FI_WRITE: 0 FI_REMOTE_WRITE: 0
I0317 11:12:08.450692     343 libfabric_rail.cpp:104] From context the request xfer_id is : 1033
I0317 11:12:08.450693     343 libfabric_rail.cpp:868] Calling completion callback for read request 1033
I0317 11:12:08.450694     343 libfabric_backend_hip.cpp:262] Request completed, total completed: 2/3
I0317 11:12:08.450694     343 libfabric_rail.cpp:871] Completion callback completed for read
I0317 11:12:08.450694     274 libfabric_rail.cpp:1187] RDMA read posted successfully
I0317 11:12:08.450698     274 libfabric_rail_manager_hip.cpp:439] Round-robin: submitted single request on rail 0 for 128 bytes, XFER_ID=1034
I0317 11:12:08.450699     274 libfabric_rail_manager_hip.cpp:523] Successfully submitted requests for 128 bytes
I0317 11:12:08.450701     274 libfabric_backend_hip.cpp:1071] Successfully processed descriptor 0 with 1 requests submitted (accumulated: 1)
I0317 11:12:08.450703     274 libfabric_backend_hip.cpp:1030] Processing descriptor 1 device 0 local_addr: 0xadbb240 size=128 remote_addr=0x9f33c80
I0317 11:12:08.450695     343 libfabric_rail.cpp:69] ReleaseReq on Rail 0 releasing request XFER_ID=1033 pool_index=1020
I0317 11:12:08.450704     274 libfabric_backend_hip.cpp:1034] DEBUG: remote_agent='target' localAgent='initiator'
I0317 11:12:08.450705     343 libfabric_rail.cpp:758] Processed 1 completions on rail 0
I0317 11:12:08.450708     343 libfabric_rail_manager_hip.cpp:935] Processed completions on rail 0
I0317 11:12:08.450709     343 libfabric_rail_manager_hip.cpp:946] Processed 1 rails, completions found
I0317 11:12:08.450706     274 libfabric_rail_manager_hip.cpp:369] use_striping=false
I0317 11:12:08.450710     343 libfabric_backend_hip.cpp:1408] PT: Processed completions on rails
I0317 11:12:08.450712     274 libfabric_rail_manager_hip.cpp:376] rail 0, remote_ep_id 0
I0317 11:12:08.450714     274 libfabric_rail_manager_hip.cpp:394] calculated offset 768 (0x300) from target 0x9f33c80 - base 0x9f33980 for rail 0
I0317 11:12:08.450715     274 libfabric_rail.cpp:1165] Posting RDMA read on endpoint=0xadfbce0 local_buffer=0xadbb240 length=0x80 dest_addr=0x1 remote_addr=0x300 remote_key=0x9f33980 context=0xade7cc0
I0317 11:12:08.450719     274 libfabric_rail.cpp:1187] RDMA read posted successfully
I0317 11:12:08.450720     274 libfabric_rail_manager_hip.cpp:439] Round-robin: submitted single request on rail 0 for 128 bytes, XFER_ID=1034
I0317 11:12:08.450721     274 libfabric_rail_manager_hip.cpp:523] Successfully submitted requests for 128 bytes
I0317 11:12:08.450722     274 libfabric_backend_hip.cpp:1071] Successfully processed descriptor 1 with 1 requests submitted (accumulated: 2)
I0317 11:12:08.450722     274 libfabric_backend_hip.cpp:1030] Processing descriptor 2 device 0 local_addr: 0xadbb440 size=128 remote_addr=0x9f33a80
I0317 11:12:08.450723     274 libfabric_backend_hip.cpp:1034] DEBUG: remote_agent='target' localAgent='initiator'
I0317 11:12:08.450724     274 libfabric_rail_manager_hip.cpp:369] use_striping=false
I0317 11:12:08.450725     274 libfabric_rail_manager_hip.cpp:376] rail 0, remote_ep_id 0
I0317 11:12:08.450726     274 libfabric_rail_manager_hip.cpp:394] calculated offset 256 (0x100) from target 0x9f33a80 - base 0x9f33980 for rail 0
I0317 11:12:08.450727     274 libfabric_rail.cpp:1165] Posting RDMA read on endpoint=0xadfbce0 local_buffer=0xadbb440 length=0x80 dest_addr=0x1 remote_addr=0x100 remote_key=0x9f33980 context=0xade7d68
I0317 11:12:08.450733     274 libfabric_rail.cpp:1187] RDMA read posted successfully
I0317 11:12:08.450733     274 libfabric_rail_manager_hip.cpp:439] Round-robin: submitted single request on rail 0 for 128 bytes, XFER_ID=1034
I0317 11:12:08.450734     274 libfabric_rail_manager_hip.cpp:523] Successfully submitted requests for 128 bytes
I0317 11:12:08.450735     274 libfabric_backend_hip.cpp:1071] Successfully processed descriptor 2 with 1 requests submitted (accumulated: 3)
I0317 11:12:08.450736     274 libfabric_backend_hip.cpp:1076] Processing complete: submitted 3 requests from 3 descriptors for xfer_id1034
I0317 11:12:08.450737     274 libfabric_backend_hip.cpp:279] Adjusted total requests to actual count: 3
I0317 11:12:08.450739     274 libfabric_backend_hip.cpp:985] Posting transfer for remote_agent: target, handle address: 0xac78810
I0317 11:12:08.450740     274 libfabric_backend_hip.cpp:1000] Processing 3 descriptors using optimized single-pass approach
I0317 11:12:08.450741     274 libfabric_backend_hip.cpp:256] Initialized request tracking for 3 requests
I0317 11:12:08.450742     274 libfabric_backend_hip.cpp:1030] Processing descriptor 0 device 0 local_addr: 0xadbb0c0 size=128 remote_addr=0x9f33f00
I0317 11:12:08.450743     274 libfabric_backend_hip.cpp:1034] DEBUG: remote_agent='target' localAgent='initiator'
I0317 11:12:08.450743     274 libfabric_rail_manager_hip.cpp:369] use_striping=false
I0317 11:12:08.450744     274 libfabric_rail_manager_hip.cpp:376] rail 0, remote_ep_id 0
I0317 11:12:08.450745     274 libfabric_rail_manager_hip.cpp:394] calculated offset 1408 (0x580) from target 0x9f33f00 - base 0x9f33980 for rail 0
I0317 11:12:08.450747     274 libfabric_rail.cpp:1165] Posting RDMA read on endpoint=0xadfbce0 local_buffer=0xadbb0c0 length=0x80 dest_addr=0x1 remote_addr=0x580 remote_key=0x9f33980 context=0xade7e10
I0317 11:12:08.450754     274 libfabric_rail.cpp:1187] RDMA read posted successfully
I0317 11:12:08.450755     274 libfabric_rail_manager_hip.cpp:439] Round-robin: submitted single request on rail 0 for 128 bytes, XFER_ID=1035
I0317 11:12:08.450755     274 libfabric_rail_manager_hip.cpp:523] Successfully submitted requests for 128 bytes
I0317 11:12:08.450756     274 libfabric_backend_hip.cpp:1071] Successfully processed descriptor 0 with 1 requests submitted (accumulated: 1)
I0317 11:12:08.450757     274 libfabric_backend_hip.cpp:1030] Processing descriptor 1 device 0 local_addr: 0xadbb2c0 size=128 remote_addr=0x9f33d00
I0317 11:12:08.450758     274 libfabric_backend_hip.cpp:1034] DEBUG: remote_agent='target' localAgent='initiator'
I0317 11:12:08.450759     274 libfabric_rail_manager_hip.cpp:369] use_striping=false
I0317 11:12:08.450759     343 libfabric_rail.cpp:770] Routing completion from rail 0 with flags=0x104 FI_SEND: 0 FI_RECV: 0 FI_WRITE: 0 FI_REMOTE_WRITE: 0
I0317 11:12:08.450762     343 libfabric_rail.cpp:104] From context the request xfer_id is : 1033
I0317 11:12:08.450763     343 libfabric_rail.cpp:868] Calling completion callback for read request 1033
I0317 11:12:08.450760     274 libfabric_rail_manager_hip.cpp:376] rail 0, remote_ep_id 0
I0317 11:12:08.450765     343 libfabric_backend_hip.cpp:262] Request completed, total completed: 3/3
I0317 11:12:08.450766     343 libfabric_rail.cpp:871] Completion callback completed for read
I0317 11:12:08.450767     274 libfabric_rail_manager_hip.cpp:394] calculated offset 896 (0x380) from target 0x9f33d00 - base 0x9f33980 for rail 0
I0317 11:12:08.450770     274 libfabric_rail.cpp:1165] Posting RDMA read on endpoint=0xadfbce0 local_buffer=0xadbb2c0 length=0x80 dest_addr=0x1 remote_addr=0x380 remote_key=0x9f33980 context=0xade7b68
I0317 11:12:08.450767     343 libfabric_rail.cpp:69] ReleaseReq on Rail 0 releasing request XFER_ID=1033 pool_index=1019
I0317 11:12:08.450773     274 libfabric_rail.cpp:1187] RDMA read posted successfully
I0317 11:12:08.450774     343 libfabric_rail.cpp:758] Processed 1 completions on rail 0
I0317 11:12:08.450775     274 libfabric_rail_manager_hip.cpp:439] Round-robin: submitted single request on rail 0 for 128 bytes, XFER_ID=1035
I0317 11:12:08.450776     343 libfabric_rail_manager_hip.cpp:935] Processed completions on rail 0
I0317 11:12:08.450777     274 libfabric_rail_manager_hip.cpp:523] Successfully submitted requests for 128 bytes
I0317 11:12:08.450778     343 libfabric_rail_manager_hip.cpp:946] Processed 1 rails, completions found
I0317 11:12:08.450781     343 libfabric_backend_hip.cpp:1408] PT: Processed completions on rails
I0317 11:12:08.450779     274 libfabric_backend_hip.cpp:1071] Successfully processed descriptor 1 with 1 requests submitted (accumulated: 2)
I0317 11:12:08.450784     274 libfabric_backend_hip.cpp:1030] Processing descriptor 2 device 0 local_addr: 0xadbb4c0 size=128 remote_addr=0x9f33b00
I0317 11:12:08.450785     274 libfabric_backend_hip.cpp:1034] DEBUG: remote_agent='target' localAgent='initiator'
I0317 11:12:08.450786     274 libfabric_rail_manager_hip.cpp:369] use_striping=false
I0317 11:12:08.450787     274 libfabric_rail_manager_hip.cpp:376] rail 0, remote_ep_id 0
I0317 11:12:08.450788     274 libfabric_rail_manager_hip.cpp:394] calculated offset 384 (0x180) from target 0x9f33b00 - base 0x9f33980 for rail 0
I0317 11:12:08.450789     274 libfabric_rail.cpp:1165] Posting RDMA read on endpoint=0xadfbce0 local_buffer=0xadbb4c0 length=0x80 dest_addr=0x1 remote_addr=0x180 remote_key=0x9f33980 context=0xade7c10
I0317 11:12:08.450793     343 libfabric_rail.cpp:770] Routing completion from rail 0 with flags=0x104 FI_SEND: 0 FI_RECV: 0 FI_WRITE: 0 FI_REMOTE_WRITE: 0
I0317 11:12:08.450795     343 libfabric_rail.cpp:104] From context the request xfer_id is : 1034
I0317 11:12:08.450795     343 libfabric_rail.cpp:868] Calling completion callback for read request 1034
I0317 11:12:08.450796     274 libfabric_rail.cpp:1187] RDMA read posted successfully
I0317 11:12:08.450799     274 libfabric_rail_manager_hip.cpp:439] Round-robin: submitted single request on rail 0 for 128 bytes, XFER_ID=1035
I0317 11:12:08.450800     274 libfabric_rail_manager_hip.cpp:523] Successfully submitted requests for 128 bytes
I0317 11:12:08.450803     274 libfabric_backend_hip.cpp:1071] Successfully processed descriptor 2 with 1 requests submitted (accumulated: 3)
I0317 11:12:08.450796     343 libfabric_backend_hip.cpp:262] Request completed, total completed: 1/3
I0317 11:12:08.450807     343 libfabric_rail.cpp:871] Completion callback completed for read
I0317 11:12:08.450804     274 libfabric_backend_hip.cpp:1076] Processing complete: submitted 3 requests from 3 descriptors for xfer_id1035
I0317 11:12:08.450810     274 libfabric_backend_hip.cpp:279] Adjusted total requests to actual count: 3
I0317 11:12:08.450808     343 libfabric_rail.cpp:69] ReleaseReq on Rail 0 releasing request XFER_ID=1034 pool_index=1023
I0317 11:12:08.450813     274 libfabric_backend_hip.cpp:1145] Data transfer completed successfully
I0317 11:12:08.450815     274 libfabric_backend_hip.cpp:1280] Sending 1 notification fragments total_message_length=23
I0317 11:12:08.450818     274 libfabric_rail.cpp:320] Allocate on Rail 0 allocated control request XFER_ID=1032 buffer_size=8192
I0317 11:12:08.450814     343 libfabric_rail.cpp:770] Routing completion from rail 0 with flags=0x104 FI_SEND: 0 FI_RECV: 0 FI_WRITE: 0 FI_REMOTE_WRITE: 0
I0317 11:12:08.450820     274 libfabric_backend_hip.cpp:1315] Sending binary notification fragment 0/1 size=43B payload_chunk_size=23B notif_xfer_id=1032
I0317 11:12:08.450821     343 libfabric_rail.cpp:104] From context the request xfer_id is : 1034
I0317 11:12:08.450822     274 libfabric_rail_manager_hip.cpp:892] Sending control message type 2 agent_idx=1 XFER_ID=1032 imm_data=4227090 on rail 0
I0317 11:12:08.450825     274 libfabric_rail_manager_hip.cpp:1151] Rail 0 was already active
I0317 11:12:08.450823     343 libfabric_rail.cpp:868] Calling completion callback for read request 1034
I0317 11:12:08.450829     343 libfabric_backend_hip.cpp:262] Request completed, total completed: 2/3
I0317 11:12:08.450830     343 libfabric_rail.cpp:871] Completion callback completed for read
I0317 11:12:08.450826     274 libfabric_rail.cpp:1023] Sending data on endpoint=0xadfbce0 buffer=0x7fc3cd9fb010 size=43 immediate_data=0x408012 msg_type=0x2 agent_idx=0x1 XFER_ID=0x408 dest_addr=0x1 context=0xad89620
I0317 11:12:08.450830     343 libfabric_rail.cpp:69] ReleaseReq on Rail 0 releasing request XFER_ID=1034 pool_index=1020
I0317 11:12:08.450835     343 libfabric_rail.cpp:758] Processed 2 completions on rail 0
I0317 11:12:08.450836     274 libfabric_rail.cpp:1041] Send posted successfully
I0317 11:12:08.450838     274 libfabric_backend_hip.cpp:1343] Successfully sent all 1 notification fragments total_length=23
I0317 11:12:08.450836     343 libfabric_rail_manager_hip.cpp:935] Processed completions on rail 0
I0317 11:12:08.450841     274 libfabric_backend_hip.cpp:1145] Data transfer completed successfully
I0317 11:12:08.450842     343 libfabric_rail_manager_hip.cpp:946] Processed 1 rails, completions found
I0317 11:12:08.450845     343 libfabric_backend_hip.cpp:1408] PT: Processed completions on rails
I0317 11:12:08.450842     274 libfabric_backend_hip.cpp:1280] Sending 1 notification fragments total_message_length=23
I0317 11:12:08.450849     274 libfabric_rail.cpp:320] Allocate on Rail 0 allocated control request XFER_ID=1033 buffer_size=8192
I0317 11:12:08.450850     274 libfabric_backend_hip.cpp:1315] Sending binary notification fragment 0/1 size=43B payload_chunk_size=23B notif_xfer_id=1033
I0317 11:12:08.450851     274 libfabric_rail_manager_hip.cpp:892] Sending control message type 2 agent_idx=1 XFER_ID=1033 imm_data=4231186 on rail 0
I0317 11:12:08.450852     274 libfabric_rail_manager_hip.cpp:1151] Rail 0 was already active
I0317 11:12:08.450852     343 libfabric_rail.cpp:770] Routing completion from rail 0 with flags=0x802 FI_SEND: 0x800 FI_RECV: 0 FI_WRITE: 0 FI_REMOTE_WRITE: 0
I0317 11:12:08.450853     274 libfabric_rail.cpp:1023] Sending data on endpoint=0xadfbce0 buffer=0x7fc3cd9f9010 size=43 immediate_data=0x409012 msg_type=0x2 agent_idx=0x1 XFER_ID=0x409 dest_addr=0x1 context=0xad89578
I0317 11:12:08.450855     343 libfabric_rail.cpp:104] From context the request xfer_id is : 1032
I0317 11:12:08.450856     343 libfabric_rail.cpp:69] ReleaseReq on Rail 0 releasing request XFER_ID=1032 pool_index=3071
I0317 11:12:08.450857     274 libfabric_rail.cpp:1041] Send posted successfully
I0317 11:12:08.450857     343 libfabric_rail.cpp:770] Routing completion from rail 0 with flags=0x104 FI_SEND: 0 FI_RECV: 0 FI_WRITE: 0 FI_REMOTE_WRITE: 0
I0317 11:12:08.450859     274 libfabric_backend_hip.cpp:1343] Successfully sent all 1 notification fragments total_length=23
I0317 11:12:08.450860     343 libfabric_rail.cpp:104] From context the request xfer_id is : 1034
I0317 11:12:08.450862     343 libfabric_rail.cpp:868] Calling completion callback for read request 1034
I0317 11:12:08.450863     343 libfabric_backend_hip.cpp:262] Request completed, total completed: 3/3
I0317 11:12:08.450863     343 libfabric_rail.cpp:871] Completion callback completed for read
I0317 11:12:08.450864     343 libfabric_rail.cpp:69] ReleaseReq on Rail 0 releasing request XFER_ID=1034 pool_index=1021
I0317 11:12:08.450864     274 libfabric_backend_hip.cpp:1145] Data transfer completed successfully
I0317 11:12:08.450868     274 libfabric_backend_hip.cpp:1280] Sending 1 notification fragments total_message_length=24
I0317 11:12:08.450865     343 libfabric_rail.cpp:770] Routing completion from rail 0 with flags=0x104 FI_SEND: 0 FI_RECV: 0 FI_WRITE: 0 FI_REMOTE_WRITE: 0
I0317 11:12:08.450869     274 libfabric_rail.cpp:320] Allocate on Rail 0 allocated control request XFER_ID=1034 buffer_size=8192
I0317 11:12:08.450870     343 libfabric_rail.cpp:104] From context the request xfer_id is : 1035
I0317 11:12:08.450874     343 libfabric_rail.cpp:868] Calling completion callback for read request 1035
I0317 11:12:08.450871     274 libfabric_backend_hip.cpp:1315] Sending binary notification fragment 0/1 size=44B payload_chunk_size=24B notif_xfer_id=1034
I0317 11:12:08.450877     274 libfabric_rail_manager_hip.cpp:892] Sending control message type 2 agent_idx=1 XFER_ID=1034 imm_data=4235282 on rail 0
I0317 11:12:08.450878     274 libfabric_rail_manager_hip.cpp:1151] Rail 0 was already active
I0317 11:12:08.450875     343 libfabric_backend_hip.cpp:262] Request completed, total completed: 1/3
I0317 11:12:08.450879     274 libfabric_rail.cpp:1023] Sending data on endpoint=0xadfbce0 buffer=0x7fc3cd9fb010 size=44 immediate_data=0x40a012 msg_type=0x2 agent_idx=0x1 XFER_ID=0x40a dest_addr=0x1 context=0xad89620
I0317 11:12:08.450881     343 libfabric_rail.cpp:871] Completion callback completed for read
I0317 11:12:08.450882     343 libfabric_rail.cpp:69] ReleaseReq on Rail 0 releasing request XFER_ID=1035 pool_index=1022
I0317 11:12:08.450883     343 libfabric_rail.cpp:770] Routing completion from rail 0 with flags=0x104 FI_SEND: 0 FI_RECV: 0 FI_WRITE: 0 FI_REMOTE_WRITE: 0
I0317 11:12:08.450884     343 libfabric_rail.cpp:104] From context the request xfer_id is : 1035
I0317 11:12:08.450885     343 libfabric_rail.cpp:868] Calling completion callback for read request 1035
I0317 11:12:08.450885     274 libfabric_rail.cpp:1041] Send posted successfully
I0317 11:12:08.450888     274 libfabric_backend_hip.cpp:1343] Successfully sent all 1 notification fragments total_length=24
I0317 11:12:08.450885     343 libfabric_backend_hip.cpp:262] Request completed, total completed: 2/3
I0317 11:12:08.450891     343 libfabric_rail.cpp:871] Completion callback completed for read
I0317 11:12:08.450892     343 libfabric_rail.cpp:69] ReleaseReq on Rail 0 releasing request XFER_ID=1035 pool_index=1018
I0317 11:12:08.450892     343 libfabric_rail.cpp:770] Routing completion from rail 0 with flags=0x104 FI_SEND: 0 FI_RECV: 0 FI_WRITE: 0 FI_REMOTE_WRITE: 0
I0317 11:12:08.450893     343 libfabric_rail.cpp:104] From context the request xfer_id is : 1035
I0317 11:12:08.450894     343 libfabric_rail.cpp:868] Calling completion callback for read request 1035
I0317 11:12:08.450895     343 libfabric_backend_hip.cpp:262] Request completed, total completed: 3/3
I0317 11:12:08.450896     343 libfabric_rail.cpp:871] Completion callback completed for read
I0317 11:12:08.450896     274 libfabric_backend_hip.cpp:1145] Data transfer completed successfully
I0317 11:12:08.450896     343 libfabric_rail.cpp:69] ReleaseReq on Rail 0 releasing request XFER_ID=1035 pool_index=1019
I0317 11:12:08.450898     274 libfabric_backend_hip.cpp:1280] Sending 1 notification fragments total_message_length=24
I0317 11:12:08.450899     343 libfabric_rail.cpp:758] Processed 5 completions on rail 0
I0317 11:12:08.450900     274 libfabric_rail.cpp:320] Allocate on Rail 0 allocated control request XFER_ID=1035 buffer_size=8192
I0317 11:12:08.450903     274 libfabric_backend_hip.cpp:1315] Sending binary notification fragment 0/1 size=44B payload_chunk_size=24B notif_xfer_id=1035
I0317 11:12:08.450906     274 libfabric_rail_manager_hip.cpp:892] Sending control message type 2 agent_idx=1 XFER_ID=1035 imm_data=4239378 on rail 0
I0317 11:12:08.450900     343 libfabric_rail_manager_hip.cpp:935] Processed completions on rail 0
I0317 11:12:08.450909     274 libfabric_rail_manager_hip.cpp:1151] Rail 0 was already active
I0317 11:12:08.450910     343 libfabric_rail_manager_hip.cpp:946] Processed 1 rails, completions found
I0317 11:12:08.450910     274 libfabric_rail.cpp:1023] Sending data on endpoint=0xadfbce0 buffer=0x7fc3cd9f7010 size=44 immediate_data=0x40b012 msg_type=0x2 agent_idx=0x1 XFER_ID=0x40b dest_addr=0x1 context=0xad894d0
I0317 11:12:08.450912     343 libfabric_backend_hip.cpp:1408] PT: Processed completions on rails
I0317 11:12:08.450917     274 libfabric_rail.cpp:1041] Send posted successfully
I0317 11:12:08.450919     274 libfabric_backend_hip.cpp:1343] Successfully sent all 1 notification fragments total_length=24
I0317 11:12:08.450920     343 libfabric_rail.cpp:770] Routing completion from rail 0 with flags=0x802 FI_SEND: 0x800 FI_RECV: 0 FI_WRITE: 0 FI_REMOTE_WRITE: 0
I0317 11:12:08.450922     343 libfabric_rail.cpp:104] From context the request xfer_id is : 1033
I0317 11:12:08.450923     343 libfabric_rail.cpp:69] ReleaseReq on Rail 0 releasing request XFER_ID=1033 pool_index=3070
I0317 11:12:08.450924     343 libfabric_rail.cpp:770] Routing completion from rail 0 with flags=0x802 FI_SEND: 0x800 FI_RECV: 0 FI_WRITE: 0 FI_REMOTE_WRITE: 0
I0317 11:12:08.450925     343 libfabric_rail.cpp:104] From context the request xfer_id is : 1034
I0317 11:12:08.450926     343 libfabric_rail.cpp:69] ReleaseReq on Rail 0 releasing request XFER_ID=1034 pool_index=3071
I0317 11:12:08.450927     343 libfabric_rail.cpp:770] Routing completion from rail 0 with flags=0x802 FI_SEND: 0x800 FI_RECV: 0 FI_WRITE: 0 FI_REMOTE_WRITE: 0
I0317 11:12:08.450928     343 libfabric_rail.cpp:104] From context the request xfer_id is : 1035
I0317 11:12:08.450929     343 libfabric_rail.cpp:69] ReleaseReq on Rail 0 releasing request XFER_ID=1035 pool_index=3069
I0317 11:12:08.450930     343 libfabric_rail.cpp:758] Processed 3 completions on rail 0
I0317 11:12:08.450930     343 libfabric_rail_manager_hip.cpp:935] Processed completions on rail 0
I0317 11:12:08.450931     343 libfabric_rail_manager_hip.cpp:946] Processed 1 rails, completions found
I0317 11:12:08.450932     343 libfabric_backend_hip.cpp:1408] PT: Processed completions on rails
2026-03-17 11:12:08 NIXL INFO    expanded_two_peers.py:359 Initiator final data verification passed
I0317 11:12:08.452484     274 libfabric_backend_hip.cpp:561] Connection erased from the connection map for agent: target
I0317 11:12:08.452497     274 libfabric_backend_hip.cpp:1175] releaseReqH completed successfully
I0317 11:12:08.452501     274 libfabric_backend_hip.cpp:1175] releaseReqH completed successfully
I0317 11:12:08.452503     274 libfabric_backend_hip.cpp:1175] releaseReqH completed successfully
I0317 11:12:08.452504     274 libfabric_backend_hip.cpp:1175] releaseReqH completed successfully
I0317 11:12:08.452506     274 libfabric_backend_hip.cpp:1175] releaseReqH completed successfully
I0317 11:12:08.452508     274 libfabric_backend_hip.cpp:1175] releaseReqH completed successfully
I0317 11:12:08.452528     274 libfabric_rail_manager_hip.cpp:1160] Marked rail 0 as inactive (total active: 0)
2026-03-17 11:12:08 NIXL INFO    expanded_two_peers.py:376 Test Complete.
I0317 11:12:08.643181     274 libfabric_backend_hip.cpp:415] Destructor starting, stopping all threads FIRST to prevent timing report interruption
I0317 11:12:08.643283     343 libfabric_backend_hip.cpp:1417] PT: Thread exiting cleanly
I0317 11:12:08.643283     274 libfabric_backend_hip.cpp:423] Waiting for Progress thread to exit
I0317 11:12:08.643305     274 libfabric_backend_hip.cpp:425] Progress thread joined successfully
I0317 11:12:08.643308     274 libfabric_backend_hip.cpp:429] All threads stopped, now cleaning up resources
I0317 11:12:08.643310     274 libfabric_backend_hip.cpp:1606] Cleaning up all resources
I0317 11:12:08.643316     274 libfabric_backend_hip.cpp:1612] Cleanup all resources complete
I0317 11:12:08.643358     274 libfabric_rail_manager_hip.cpp:241] Destroying rail manager
I0317 11:12:08.644947     274 libfabric_rail.cpp:634] Starting cleanup for rail 0
I0317 11:12:08.645020     274 libfabric_rail.cpp:638] Closing endpoint for rail 0
I0317 11:12:08.645256     274 libfabric_rail.cpp:649] Closing completion queue for rail 0
I0317 11:12:08.645286     274 libfabric_rail.cpp:658] Closing address vector for rail 0
I0317 11:12:08.645299     274 libfabric_rail.cpp:668] Cleaning up request pools for rail 0
I0317 11:12:08.645320     274 libfabric_rail.cpp:672] Closing domain for rail 0
I0317 11:12:08.645325     274 libfabric_rail.cpp:681] Closing fabric for rail 0
W0317 11:12:08.645327     274 libfabric_rail.cpp:684] fi_close fabric failed for rail 0: Device or resource busy
I0317 11:12:08.645337     274 libfabric_rail.cpp:690] Freeing info structure for rail 0
I0317 11:12:08.645343     274 libfabric_rail.cpp:694] Cleanup completed for rail 0
