I0317 11:11:04.055837    1186 nixl_log.cpp:80] NIXL version: 1.0.0 (git: 4071a532)
2026-03-17 11:11:04 NIXL INFO    logging.py:82 Log level set to TRACE from NIXL_LOG_LEVEL environment variable
I0317 11:11:04.059318    1186 nixl_agent.cpp:119] NIXL ETCD is disabled
I0317 11:11:04.059325    1186 configuration.h:47] Missing environment variable NIXL_TELEMETRY_ENABLE
I0317 11:11:04.059355    1186 metadata_stream.cpp:95] MD listener is listening on port 5555...
I0317 11:11:04.059413    1186 configuration.h:44] Obtained environment variable NIXL_PLUGIN_DIR=/usr/local/lib/x86_64-linux-gnu/plugins
I0317 11:11:04.059417    1186 nixl_plugin_manager.cpp:303] Loading plugins from: /usr/local/lib/x86_64-linux-gnu/plugins
I0317 11:11:04.061383    1186 nixl_plugin_manager.cpp:245] Failed to load plugin from /usr/local/lib/x86_64-linux-gnu/plugins/libplugin_UCX.so: /usr/local/lib/x86_64-linux-gnu/plugins/libplugin_UCX.so: undefined symbol: _ZN4nixl6hwInfo8instanceEv
I0317 11:11:04.061392    1186 nixl_plugin_manager.cpp:398] Failed to load plugin 'UCX' from any directory
I0317 11:11:04.067104    1186 nixl_plugin_manager.cpp:460] Discovered and loaded backend plugin: POSIX
I0317 11:11:04.081872    1186 nixl_plugin_manager.cpp:460] Discovered and loaded backend plugin: LIBFABRIC
I0317 11:11:04.083485    1186 nixl_plugin_manager.cpp:472] Discovered and loaded telemetry plugin: prometheus
I0317 11:11:04.086261    1186 nixl_plugin_manager.cpp:245] Failed to load plugin from /usr/local/lib/x86_64-linux-gnu/plugins/libplugin_MOCK_BACKEND.so: libplugin_UCX.so: cannot open shared object file: No such file or directory
I0317 11:11:04.086266    1186 nixl_plugin_manager.cpp:398] Failed to load plugin 'MOCK_BACKEND' from any directory
I0317 11:11:04.086277    1186 nixl_plugin_manager.cpp:614] Loading static plugin: BUFFER
I0317 11:11:04.086313    1186 libfabric_rail_manager_hip.cpp:199] Creating rail manager with striping threshold: 131072 bytes
I0317 11:11:04.086343    1186 libfabric_topology_hip.cpp:53] Starting automatic topology discovery
I0317 11:11:04.086346    1186 libfabric_topology_hip.cpp:72] Starting hwloc-based topology discovery
I0317 11:11:04.502083    1186 libfabric_topology_hip.cpp:358] hwloc topology initialized successfully with IO device support
I0317 11:11:05.018461    1186 libfabric_common.cpp:81] Found device - domain: ens22np0, provider=tcp, ep_type=3, caps=0x11a000000013f06
I0317 11:11:05.018514    1186 libfabric_common.cpp:81] Found device - domain: ens12np0, provider=tcp, ep_type=3, caps=0x11a000000013f06
I0317 11:11:05.018519    1186 libfabric_common.cpp:81] Found device - domain: ens21np0, provider=tcp, ep_type=3, caps=0x11a000000013f06
I0317 11:11:05.018521    1186 libfabric_common.cpp:81] Found device - domain: ens11np0, provider=tcp, ep_type=3, caps=0x11a000000013f06
I0317 11:11:05.018523    1186 libfabric_common.cpp:81] Found device - domain: ens42np0, provider=tcp, ep_type=3, caps=0x11a000000013f06
I0317 11:11:05.018525    1186 libfabric_common.cpp:81] Found device - domain: ens32np0, provider=tcp, ep_type=3, caps=0x11a000000013f06
I0317 11:11:05.018526    1186 libfabric_common.cpp:81] Found device - domain: ens41np0, provider=tcp, ep_type=3, caps=0x11a000000013f06
I0317 11:11:05.018527    1186 libfabric_common.cpp:81] Found device - domain: ens31np0, provider=tcp, ep_type=3, caps=0x11a000000013f06
I0317 11:11:05.018529    1186 libfabric_common.cpp:81] Found device - domain: ens22np0, provider=tcp, ep_type=3, caps=0x11a000000013f06
I0317 11:11:05.018531    1186 libfabric_common.cpp:81] Found device - domain: ens12np0, provider=tcp, ep_type=3, caps=0x11a000000013f06
I0317 11:11:05.018532    1186 libfabric_common.cpp:81] Found device - domain: ens21np0, provider=tcp, ep_type=3, caps=0x11a000000013f06
I0317 11:11:05.018533    1186 libfabric_common.cpp:81] Found device - domain: ens11np0, provider=tcp, ep_type=3, caps=0x11a000000013f06
I0317 11:11:05.018534    1186 libfabric_common.cpp:81] Found device - domain: ens42np0, provider=tcp, ep_type=3, caps=0x11a000000013f06
I0317 11:11:05.018536    1186 libfabric_common.cpp:81] Found device - domain: ens32np0, provider=tcp, ep_type=3, caps=0x11a000000013f06
I0317 11:11:05.018537    1186 libfabric_common.cpp:81] Found device - domain: ens41np0, provider=tcp, ep_type=3, caps=0x11a000000013f06
I0317 11:11:05.018538    1186 libfabric_common.cpp:81] Found device - domain: ens31np0, provider=tcp, ep_type=3, caps=0x11a000000013f06
I0317 11:11:05.018539    1186 libfabric_common.cpp:81] Found device - domain: flannel.1, provider=tcp, ep_type=3, caps=0x11a000000013f06
I0317 11:11:05.018542    1186 libfabric_common.cpp:81] Found device - domain: vlan1401, provider=tcp, ep_type=3, caps=0x11a000000013f06
I0317 11:11:05.018544    1186 libfabric_common.cpp:81] Found device - domain: ens51np0, provider=tcp, ep_type=3, caps=0x11a000000013f06
I0317 11:11:05.018545    1186 libfabric_common.cpp:81] Found device - domain: flannel.1, provider=tcp, ep_type=3, caps=0x11a000000013f06
I0317 11:11:05.018546    1186 libfabric_common.cpp:81] Found device - domain: ens51np0, provider=tcp, ep_type=3, caps=0x11a000000013f06
I0317 11:11:05.018547    1186 libfabric_common.cpp:81] Found device - domain: vlan1401, provider=tcp, ep_type=3, caps=0x11a000000013f06
I0317 11:11:05.018548    1186 libfabric_common.cpp:81] Found device - domain: cni0, provider=tcp, ep_type=3, caps=0x11a000000013f06
I0317 11:11:05.018549    1186 libfabric_common.cpp:81] Found device - domain: vethd20ac36d, provider=tcp, ep_type=3, caps=0x11a000000013f06
I0317 11:11:05.018551    1186 libfabric_common.cpp:81] Found device - domain: vethf79f544c, provider=tcp, ep_type=3, caps=0x11a000000013f06
I0317 11:11:05.018552    1186 libfabric_common.cpp:81] Found device - domain: veth9b2b176c, provider=tcp, ep_type=3, caps=0x11a000000013f06
I0317 11:11:05.018553    1186 libfabric_common.cpp:81] Found device - domain: cni0, provider=tcp, ep_type=3, caps=0x11a000000013f06
I0317 11:11:05.018554    1186 libfabric_common.cpp:81] Found device - domain: ens22np0, provider=tcp;ofi_rxm, ep_type=3, caps=0x18000000013f06
I0317 11:11:05.018557    1186 libfabric_common.cpp:81] Found device - domain: ens12np0, provider=tcp;ofi_rxm, ep_type=3, caps=0x18000000013f06
I0317 11:11:05.018558    1186 libfabric_common.cpp:81] Found device - domain: ens21np0, provider=tcp;ofi_rxm, ep_type=3, caps=0x18000000013f06
I0317 11:11:05.018561    1186 libfabric_common.cpp:81] Found device - domain: ens11np0, provider=tcp;ofi_rxm, ep_type=3, caps=0x18000000013f06
I0317 11:11:05.018562    1186 libfabric_common.cpp:81] Found device - domain: ens42np0, provider=tcp;ofi_rxm, ep_type=3, caps=0x18000000013f06
I0317 11:11:05.018563    1186 libfabric_common.cpp:81] Found device - domain: ens32np0, provider=tcp;ofi_rxm, ep_type=3, caps=0x18000000013f06
I0317 11:11:05.018564    1186 libfabric_common.cpp:81] Found device - domain: ens41np0, provider=tcp;ofi_rxm, ep_type=3, caps=0x18000000013f06
I0317 11:11:05.018565    1186 libfabric_common.cpp:81] Found device - domain: ens31np0, provider=tcp;ofi_rxm, ep_type=3, caps=0x18000000013f06
I0317 11:11:05.018567    1186 libfabric_common.cpp:81] Found device - domain: ens22np0, provider=tcp;ofi_rxm, ep_type=3, caps=0x18000000013f06
I0317 11:11:05.018568    1186 libfabric_common.cpp:81] Found device - domain: ens12np0, provider=tcp;ofi_rxm, ep_type=3, caps=0x18000000013f06
I0317 11:11:05.018570    1186 libfabric_common.cpp:81] Found device - domain: ens21np0, provider=tcp;ofi_rxm, ep_type=3, caps=0x18000000013f06
I0317 11:11:05.018571    1186 libfabric_common.cpp:81] Found device - domain: ens11np0, provider=tcp;ofi_rxm, ep_type=3, caps=0x18000000013f06
I0317 11:11:05.018573    1186 libfabric_common.cpp:81] Found device - domain: ens42np0, provider=tcp;ofi_rxm, ep_type=3, caps=0x18000000013f06
I0317 11:11:05.018574    1186 libfabric_common.cpp:81] Found device - domain: ens32np0, provider=tcp;ofi_rxm, ep_type=3, caps=0x18000000013f06
I0317 11:11:05.018575    1186 libfabric_common.cpp:81] Found device - domain: ens41np0, provider=tcp;ofi_rxm, ep_type=3, caps=0x18000000013f06
I0317 11:11:05.018576    1186 libfabric_common.cpp:81] Found device - domain: ens31np0, provider=tcp;ofi_rxm, ep_type=3, caps=0x18000000013f06
I0317 11:11:05.018578    1186 libfabric_common.cpp:81] Found device - domain: flannel.1, provider=tcp;ofi_rxm, ep_type=3, caps=0x18000000013f06
I0317 11:11:05.018579    1186 libfabric_common.cpp:81] Found device - domain: vlan1401, provider=tcp;ofi_rxm, ep_type=3, caps=0x18000000013f06
I0317 11:11:05.018581    1186 libfabric_common.cpp:81] Found device - domain: ens51np0, provider=tcp;ofi_rxm, ep_type=3, caps=0x18000000013f06
I0317 11:11:05.018583    1186 libfabric_common.cpp:81] Found device - domain: flannel.1, provider=tcp;ofi_rxm, ep_type=3, caps=0x18000000013f06
I0317 11:11:05.018585    1186 libfabric_common.cpp:81] Found device - domain: ens51np0, provider=tcp;ofi_rxm, ep_type=3, caps=0x18000000013f06
I0317 11:11:05.018586    1186 libfabric_common.cpp:81] Found device - domain: vlan1401, provider=tcp;ofi_rxm, ep_type=3, caps=0x18000000013f06
I0317 11:11:05.018587    1186 libfabric_common.cpp:81] Found device - domain: cni0, provider=tcp;ofi_rxm, ep_type=3, caps=0x18000000013f06
I0317 11:11:05.018588    1186 libfabric_common.cpp:81] Found device - domain: vethd20ac36d, provider=tcp;ofi_rxm, ep_type=3, caps=0x18000000013f06
I0317 11:11:05.018590    1186 libfabric_common.cpp:81] Found device - domain: vethf79f544c, provider=tcp;ofi_rxm, ep_type=3, caps=0x18000000013f06
I0317 11:11:05.018592    1186 libfabric_common.cpp:81] Found device - domain: veth9b2b176c, provider=tcp;ofi_rxm, ep_type=3, caps=0x18000000013f06
I0317 11:11:05.018593    1186 libfabric_common.cpp:81] Found device - domain: cni0, provider=tcp;ofi_rxm, ep_type=3, caps=0x18000000013f06
I0317 11:11:05.018594    1186 libfabric_common.cpp:81] Found device - domain: lo, provider=tcp;ofi_rxm, ep_type=3, caps=0x8000000013f06
I0317 11:11:05.018595    1186 libfabric_common.cpp:81] Found device - domain: lo, provider=tcp;ofi_rxm, ep_type=3, caps=0x8000000013f06
I0317 11:11:05.018598    1186 libfabric_common.cpp:81] Found device - domain: ens22np0, provider=tcp;ofi_rxm, ep_type=3, caps=0x18000000013f06
I0317 11:11:05.018599    1186 libfabric_common.cpp:81] Found device - domain: ens12np0, provider=tcp;ofi_rxm, ep_type=3, caps=0x18000000013f06
I0317 11:11:05.018600    1186 libfabric_common.cpp:81] Found device - domain: ens21np0, provider=tcp;ofi_rxm, ep_type=3, caps=0x18000000013f06
I0317 11:11:05.018601    1186 libfabric_common.cpp:81] Found device - domain: ens11np0, provider=tcp;ofi_rxm, ep_type=3, caps=0x18000000013f06
I0317 11:11:05.018603    1186 libfabric_common.cpp:81] Found device - domain: ens42np0, provider=tcp;ofi_rxm, ep_type=3, caps=0x18000000013f06
I0317 11:11:05.018604    1186 libfabric_common.cpp:81] Found device - domain: ens32np0, provider=tcp;ofi_rxm, ep_type=3, caps=0x18000000013f06
I0317 11:11:05.018605    1186 libfabric_common.cpp:81] Found device - domain: ens41np0, provider=tcp;ofi_rxm, ep_type=3, caps=0x18000000013f06
I0317 11:11:05.018607    1186 libfabric_common.cpp:81] Found device - domain: ens31np0, provider=tcp;ofi_rxm, ep_type=3, caps=0x18000000013f06
I0317 11:11:05.018608    1186 libfabric_common.cpp:81] Found device - domain: ens22np0, provider=tcp;ofi_rxm, ep_type=3, caps=0x18000000013f06
I0317 11:11:05.018609    1186 libfabric_common.cpp:81] Found device - domain: ens12np0, provider=tcp;ofi_rxm, ep_type=3, caps=0x18000000013f06
I0317 11:11:05.018610    1186 libfabric_common.cpp:81] Found device - domain: ens21np0, provider=tcp;ofi_rxm, ep_type=3, caps=0x18000000013f06
I0317 11:11:05.018613    1186 libfabric_common.cpp:81] Found device - domain: ens11np0, provider=tcp;ofi_rxm, ep_type=3, caps=0x18000000013f06
I0317 11:11:05.018614    1186 libfabric_common.cpp:81] Found device - domain: ens42np0, provider=tcp;ofi_rxm, ep_type=3, caps=0x18000000013f06
I0317 11:11:05.018615    1186 libfabric_common.cpp:81] Found device - domain: ens32np0, provider=tcp;ofi_rxm, ep_type=3, caps=0x18000000013f06
I0317 11:11:05.018616    1186 libfabric_common.cpp:81] Found device - domain: ens41np0, provider=tcp;ofi_rxm, ep_type=3, caps=0x18000000013f06
I0317 11:11:05.018617    1186 libfabric_common.cpp:81] Found device - domain: ens31np0, provider=tcp;ofi_rxm, ep_type=3, caps=0x18000000013f06
I0317 11:11:05.018618    1186 libfabric_common.cpp:81] Found device - domain: flannel.1, provider=tcp;ofi_rxm, ep_type=3, caps=0x18000000013f06
I0317 11:11:05.018620    1186 libfabric_common.cpp:81] Found device - domain: vlan1401, provider=tcp;ofi_rxm, ep_type=3, caps=0x18000000013f06
I0317 11:11:05.018621    1186 libfabric_common.cpp:81] Found device - domain: ens51np0, provider=tcp;ofi_rxm, ep_type=3, caps=0x18000000013f06
I0317 11:11:05.018622    1186 libfabric_common.cpp:81] Found device - domain: flannel.1, provider=tcp;ofi_rxm, ep_type=3, caps=0x18000000013f06
I0317 11:11:05.018623    1186 libfabric_common.cpp:81] Found device - domain: ens51np0, provider=tcp;ofi_rxm, ep_type=3, caps=0x18000000013f06
I0317 11:11:05.018624    1186 libfabric_common.cpp:81] Found device - domain: vlan1401, provider=tcp;ofi_rxm, ep_type=3, caps=0x18000000013f06
I0317 11:11:05.018626    1186 libfabric_common.cpp:81] Found device - domain: cni0, provider=tcp;ofi_rxm, ep_type=3, caps=0x18000000013f06
I0317 11:11:05.018628    1186 libfabric_common.cpp:81] Found device - domain: vethd20ac36d, provider=tcp;ofi_rxm, ep_type=3, caps=0x18000000013f06
I0317 11:11:05.018629    1186 libfabric_common.cpp:81] Found device - domain: vethf79f544c, provider=tcp;ofi_rxm, ep_type=3, caps=0x18000000013f06
I0317 11:11:05.018630    1186 libfabric_common.cpp:81] Found device - domain: veth9b2b176c, provider=tcp;ofi_rxm, ep_type=3, caps=0x18000000013f06
I0317 11:11:05.018631    1186 libfabric_common.cpp:81] Found device - domain: cni0, provider=tcp;ofi_rxm, ep_type=3, caps=0x18000000013f06
I0317 11:11:05.018632    1186 libfabric_common.cpp:81] Found device - domain: lo, provider=tcp;ofi_rxm, ep_type=3, caps=0x8000000013f06
I0317 11:11:05.018634    1186 libfabric_common.cpp:81] Found device - domain: lo, provider=tcp;ofi_rxm, ep_type=3, caps=0x8000000013f06
I0317 11:11:05.018635    1186 libfabric_common.cpp:81] Found device - domain: ens22np0, provider=tcp;ofi_rxm, ep_type=3, caps=0x18000000013f06
I0317 11:11:05.018637    1186 libfabric_common.cpp:81] Found device - domain: ens12np0, provider=tcp;ofi_rxm, ep_type=3, caps=0x18000000013f06
I0317 11:11:05.018638    1186 libfabric_common.cpp:81] Found device - domain: ens21np0, provider=tcp;ofi_rxm, ep_type=3, caps=0x18000000013f06
I0317 11:11:05.018639    1186 libfabric_common.cpp:81] Found device - domain: ens11np0, provider=tcp;ofi_rxm, ep_type=3, caps=0x18000000013f06
I0317 11:11:05.018640    1186 libfabric_common.cpp:81] Found device - domain: ens42np0, provider=tcp;ofi_rxm, ep_type=3, caps=0x18000000013f06
I0317 11:11:05.018641    1186 libfabric_common.cpp:81] Found device - domain: ens32np0, provider=tcp;ofi_rxm, ep_type=3, caps=0x18000000013f06
I0317 11:11:05.018643    1186 libfabric_common.cpp:81] Found device - domain: ens41np0, provider=tcp;ofi_rxm, ep_type=3, caps=0x18000000013f06
I0317 11:11:05.018645    1186 libfabric_common.cpp:81] Found device - domain: ens31np0, provider=tcp;ofi_rxm, ep_type=3, caps=0x18000000013f06
I0317 11:11:05.018646    1186 libfabric_common.cpp:81] Found device - domain: ens22np0, provider=tcp;ofi_rxm, ep_type=3, caps=0x18000000013f06
I0317 11:11:05.018648    1186 libfabric_common.cpp:81] Found device - domain: ens12np0, provider=tcp;ofi_rxm, ep_type=3, caps=0x18000000013f06
I0317 11:11:05.018649    1186 libfabric_common.cpp:81] Found device - domain: ens21np0, provider=tcp;ofi_rxm, ep_type=3, caps=0x18000000013f06
I0317 11:11:05.018650    1186 libfabric_common.cpp:81] Found device - domain: ens11np0, provider=tcp;ofi_rxm, ep_type=3, caps=0x18000000013f06
I0317 11:11:05.018651    1186 libfabric_common.cpp:81] Found device - domain: ens42np0, provider=tcp;ofi_rxm, ep_type=3, caps=0x18000000013f06
I0317 11:11:05.018653    1186 libfabric_common.cpp:81] Found device - domain: ens32np0, provider=tcp;ofi_rxm, ep_type=3, caps=0x18000000013f06
I0317 11:11:05.018654    1186 libfabric_common.cpp:81] Found device - domain: ens41np0, provider=tcp;ofi_rxm, ep_type=3, caps=0x18000000013f06
I0317 11:11:05.018656    1186 libfabric_common.cpp:81] Found device - domain: ens31np0, provider=tcp;ofi_rxm, ep_type=3, caps=0x18000000013f06
I0317 11:11:05.018657    1186 libfabric_common.cpp:81] Found device - domain: flannel.1, provider=tcp;ofi_rxm, ep_type=3, caps=0x18000000013f06
I0317 11:11:05.018658    1186 libfabric_common.cpp:81] Found device - domain: vlan1401, provider=tcp;ofi_rxm, ep_type=3, caps=0x18000000013f06
I0317 11:11:05.018659    1186 libfabric_common.cpp:81] Found device - domain: ens51np0, provider=tcp;ofi_rxm, ep_type=3, caps=0x18000000013f06
I0317 11:11:05.018661    1186 libfabric_common.cpp:81] Found device - domain: flannel.1, provider=tcp;ofi_rxm, ep_type=3, caps=0x18000000013f06
I0317 11:11:05.018662    1186 libfabric_common.cpp:81] Found device - domain: ens51np0, provider=tcp;ofi_rxm, ep_type=3, caps=0x18000000013f06
I0317 11:11:05.018663    1186 libfabric_common.cpp:81] Found device - domain: vlan1401, provider=tcp;ofi_rxm, ep_type=3, caps=0x18000000013f06
I0317 11:11:05.018664    1186 libfabric_common.cpp:81] Found device - domain: cni0, provider=tcp;ofi_rxm, ep_type=3, caps=0x18000000013f06
I0317 11:11:05.018666    1186 libfabric_common.cpp:81] Found device - domain: vethd20ac36d, provider=tcp;ofi_rxm, ep_type=3, caps=0x18000000013f06
I0317 11:11:05.018667    1186 libfabric_common.cpp:81] Found device - domain: vethf79f544c, provider=tcp;ofi_rxm, ep_type=3, caps=0x18000000013f06
I0317 11:11:05.018668    1186 libfabric_common.cpp:81] Found device - domain: veth9b2b176c, provider=tcp;ofi_rxm, ep_type=3, caps=0x18000000013f06
I0317 11:11:05.018669    1186 libfabric_common.cpp:81] Found device - domain: cni0, provider=tcp;ofi_rxm, ep_type=3, caps=0x18000000013f06
I0317 11:11:05.018670    1186 libfabric_common.cpp:81] Found device - domain: lo, provider=tcp;ofi_rxm, ep_type=3, caps=0x8000000013f06
I0317 11:11:05.018672    1186 libfabric_common.cpp:81] Found device - domain: lo, provider=tcp;ofi_rxm, ep_type=3, caps=0x8000000013f06
I0317 11:11:05.018673    1186 libfabric_common.cpp:81] Found device - domain: ens22np0, provider=udp;ofi_rxd, ep_type=3, caps=0x118000000013f06
I0317 11:11:05.018674    1186 libfabric_common.cpp:81] Found device - domain: ens12np0, provider=udp;ofi_rxd, ep_type=3, caps=0x118000000013f06
I0317 11:11:05.018676    1186 libfabric_common.cpp:81] Found device - domain: ens21np0, provider=udp;ofi_rxd, ep_type=3, caps=0x118000000013f06
I0317 11:11:05.018677    1186 libfabric_common.cpp:81] Found device - domain: ens11np0, provider=udp;ofi_rxd, ep_type=3, caps=0x118000000013f06
I0317 11:11:05.018679    1186 libfabric_common.cpp:81] Found device - domain: ens42np0, provider=udp;ofi_rxd, ep_type=3, caps=0x118000000013f06
I0317 11:11:05.018680    1186 libfabric_common.cpp:81] Found device - domain: ens32np0, provider=udp;ofi_rxd, ep_type=3, caps=0x118000000013f06
I0317 11:11:05.018681    1186 libfabric_common.cpp:81] Found device - domain: ens41np0, provider=udp;ofi_rxd, ep_type=3, caps=0x118000000013f06
I0317 11:11:05.018682    1186 libfabric_common.cpp:81] Found device - domain: ens31np0, provider=udp;ofi_rxd, ep_type=3, caps=0x118000000013f06
I0317 11:11:05.018684    1186 libfabric_common.cpp:81] Found device - domain: ens22np0, provider=udp;ofi_rxd, ep_type=3, caps=0x118000000013f06
I0317 11:11:05.018685    1186 libfabric_common.cpp:81] Found device - domain: ens12np0, provider=udp;ofi_rxd, ep_type=3, caps=0x118000000013f06
I0317 11:11:05.018686    1186 libfabric_common.cpp:81] Found device - domain: ens21np0, provider=udp;ofi_rxd, ep_type=3, caps=0x118000000013f06
I0317 11:11:05.018687    1186 libfabric_common.cpp:81] Found device - domain: ens11np0, provider=udp;ofi_rxd, ep_type=3, caps=0x118000000013f06
I0317 11:11:05.018688    1186 libfabric_common.cpp:81] Found device - domain: ens42np0, provider=udp;ofi_rxd, ep_type=3, caps=0x118000000013f06
I0317 11:11:05.018690    1186 libfabric_common.cpp:81] Found device - domain: ens32np0, provider=udp;ofi_rxd, ep_type=3, caps=0x118000000013f06
I0317 11:11:05.018691    1186 libfabric_common.cpp:81] Found device - domain: ens41np0, provider=udp;ofi_rxd, ep_type=3, caps=0x118000000013f06
I0317 11:11:05.018692    1186 libfabric_common.cpp:81] Found device - domain: ens31np0, provider=udp;ofi_rxd, ep_type=3, caps=0x118000000013f06
I0317 11:11:05.018693    1186 libfabric_common.cpp:81] Found device - domain: flannel.1, provider=udp;ofi_rxd, ep_type=3, caps=0x118000000013f06
I0317 11:11:05.018695    1186 libfabric_common.cpp:81] Found device - domain: vlan1401, provider=udp;ofi_rxd, ep_type=3, caps=0x118000000013f06
I0317 11:11:05.018696    1186 libfabric_common.cpp:81] Found device - domain: ens51np0, provider=udp;ofi_rxd, ep_type=3, caps=0x118000000013f06
I0317 11:11:05.018697    1186 libfabric_common.cpp:81] Found device - domain: flannel.1, provider=udp;ofi_rxd, ep_type=3, caps=0x118000000013f06
I0317 11:11:05.018699    1186 libfabric_common.cpp:81] Found device - domain: ens51np0, provider=udp;ofi_rxd, ep_type=3, caps=0x118000000013f06
I0317 11:11:05.018700    1186 libfabric_common.cpp:81] Found device - domain: vlan1401, provider=udp;ofi_rxd, ep_type=3, caps=0x118000000013f06
I0317 11:11:05.018701    1186 libfabric_common.cpp:81] Found device - domain: cni0, provider=udp;ofi_rxd, ep_type=3, caps=0x118000000013f06
I0317 11:11:05.018702    1186 libfabric_common.cpp:81] Found device - domain: vethd20ac36d, provider=udp;ofi_rxd, ep_type=3, caps=0x118000000013f06
I0317 11:11:05.018703    1186 libfabric_common.cpp:81] Found device - domain: vethf79f544c, provider=udp;ofi_rxd, ep_type=3, caps=0x118000000013f06
I0317 11:11:05.018705    1186 libfabric_common.cpp:81] Found device - domain: veth9b2b176c, provider=udp;ofi_rxd, ep_type=3, caps=0x118000000013f06
I0317 11:11:05.018706    1186 libfabric_common.cpp:81] Found device - domain: cni0, provider=udp;ofi_rxd, ep_type=3, caps=0x118000000013f06
I0317 11:11:05.018707    1186 libfabric_common.cpp:81] Found device - domain: lo, provider=udp;ofi_rxd, ep_type=3, caps=0x108000000013f06
I0317 11:11:05.018708    1186 libfabric_common.cpp:81] Found device - domain: lo, provider=udp;ofi_rxd, ep_type=3, caps=0x108000000013f06
I0317 11:11:05.018710    1186 libfabric_common.cpp:81] Found device - domain: ens22np0, provider=sockets, ep_type=3, caps=0x13a000000313f06
I0317 11:11:05.018711    1186 libfabric_common.cpp:81] Found device - domain: ens12np0, provider=sockets, ep_type=3, caps=0x13a000000313f06
I0317 11:11:05.018713    1186 libfabric_common.cpp:81] Found device - domain: ens21np0, provider=sockets, ep_type=3, caps=0x13a000000313f06
I0317 11:11:05.018714    1186 libfabric_common.cpp:81] Found device - domain: ens11np0, provider=sockets, ep_type=3, caps=0x13a000000313f06
I0317 11:11:05.018715    1186 libfabric_common.cpp:81] Found device - domain: ens42np0, provider=sockets, ep_type=3, caps=0x13a000000313f06
I0317 11:11:05.018717    1186 libfabric_common.cpp:81] Found device - domain: ens32np0, provider=sockets, ep_type=3, caps=0x13a000000313f06
I0317 11:11:05.018718    1186 libfabric_common.cpp:81] Found device - domain: ens41np0, provider=sockets, ep_type=3, caps=0x13a000000313f06
I0317 11:11:05.018719    1186 libfabric_common.cpp:81] Found device - domain: ens31np0, provider=sockets, ep_type=3, caps=0x13a000000313f06
I0317 11:11:05.018720    1186 libfabric_common.cpp:81] Found device - domain: ens22np0, provider=sockets, ep_type=3, caps=0x13a000000313f06
I0317 11:11:05.018721    1186 libfabric_common.cpp:81] Found device - domain: ens12np0, provider=sockets, ep_type=3, caps=0x13a000000313f06
I0317 11:11:05.018723    1186 libfabric_common.cpp:81] Found device - domain: ens21np0, provider=sockets, ep_type=3, caps=0x13a000000313f06
I0317 11:11:05.018724    1186 libfabric_common.cpp:81] Found device - domain: ens11np0, provider=sockets, ep_type=3, caps=0x13a000000313f06
I0317 11:11:05.018725    1186 libfabric_common.cpp:81] Found device - domain: ens42np0, provider=sockets, ep_type=3, caps=0x13a000000313f06
I0317 11:11:05.018727    1186 libfabric_common.cpp:81] Found device - domain: ens32np0, provider=sockets, ep_type=3, caps=0x13a000000313f06
I0317 11:11:05.018728    1186 libfabric_common.cpp:81] Found device - domain: ens41np0, provider=sockets, ep_type=3, caps=0x13a000000313f06
I0317 11:11:05.018729    1186 libfabric_common.cpp:81] Found device - domain: ens31np0, provider=sockets, ep_type=3, caps=0x13a000000313f06
I0317 11:11:05.018730    1186 libfabric_common.cpp:81] Found device - domain: flannel.1, provider=sockets, ep_type=3, caps=0x13a000000313f06
I0317 11:11:05.018732    1186 libfabric_common.cpp:81] Found device - domain: vlan1401, provider=sockets, ep_type=3, caps=0x13a000000313f06
I0317 11:11:05.018733    1186 libfabric_common.cpp:81] Found device - domain: ens51np0, provider=sockets, ep_type=3, caps=0x13a000000313f06
I0317 11:11:05.018734    1186 libfabric_common.cpp:81] Found device - domain: flannel.1, provider=sockets, ep_type=3, caps=0x13a000000313f06
I0317 11:11:05.018736    1186 libfabric_common.cpp:81] Found device - domain: ens51np0, provider=sockets, ep_type=3, caps=0x13a000000313f06
I0317 11:11:05.018737    1186 libfabric_common.cpp:81] Found device - domain: vlan1401, provider=sockets, ep_type=3, caps=0x13a000000313f06
I0317 11:11:05.018739    1186 libfabric_common.cpp:81] Found device - domain: cni0, provider=sockets, ep_type=3, caps=0x13a000000313f06
I0317 11:11:05.018740    1186 libfabric_common.cpp:81] Found device - domain: vethd20ac36d, provider=sockets, ep_type=3, caps=0x13a000000313f06
I0317 11:11:05.018742    1186 libfabric_common.cpp:81] Found device - domain: vethf79f544c, provider=sockets, ep_type=3, caps=0x13a000000313f06
I0317 11:11:05.018743    1186 libfabric_common.cpp:81] Found device - domain: veth9b2b176c, provider=sockets, ep_type=3, caps=0x13a000000313f06
I0317 11:11:05.018744    1186 libfabric_common.cpp:81] Found device - domain: cni0, provider=sockets, ep_type=3, caps=0x13a000000313f06
I0317 11:11:05.018764    1186 libfabric_common.cpp:97] provider=sockets, device=ens22np0
I0317 11:11:05.018777    1186 libfabric_common.cpp:97] provider=sockets, device=ens12np0
I0317 11:11:05.018777    1186 libfabric_common.cpp:97] provider=sockets, device=ens21np0
I0317 11:11:05.018778    1186 libfabric_common.cpp:97] provider=sockets, device=ens11np0
I0317 11:11:05.018779    1186 libfabric_common.cpp:97] provider=sockets, device=ens42np0
I0317 11:11:05.018780    1186 libfabric_common.cpp:97] provider=sockets, device=ens32np0
I0317 11:11:05.018780    1186 libfabric_common.cpp:97] provider=sockets, device=ens41np0
I0317 11:11:05.018782    1186 libfabric_common.cpp:97] provider=sockets, device=ens31np0
I0317 11:11:05.018783    1186 libfabric_common.cpp:97] provider=sockets, device=ens22np0
I0317 11:11:05.018784    1186 libfabric_common.cpp:97] provider=sockets, device=ens12np0
I0317 11:11:05.018785    1186 libfabric_common.cpp:97] provider=sockets, device=ens21np0
I0317 11:11:05.018785    1186 libfabric_common.cpp:97] provider=sockets, device=ens11np0
I0317 11:11:05.018786    1186 libfabric_common.cpp:97] provider=sockets, device=ens42np0
I0317 11:11:05.018787    1186 libfabric_common.cpp:97] provider=sockets, device=ens32np0
I0317 11:11:05.018788    1186 libfabric_common.cpp:97] provider=sockets, device=ens41np0
I0317 11:11:05.018788    1186 libfabric_common.cpp:97] provider=sockets, device=ens31np0
I0317 11:11:05.018790    1186 libfabric_common.cpp:97] provider=sockets, device=flannel.1
I0317 11:11:05.018791    1186 libfabric_common.cpp:97] provider=sockets, device=vlan1401
I0317 11:11:05.018791    1186 libfabric_common.cpp:97] provider=sockets, device=ens51np0
I0317 11:11:05.018792    1186 libfabric_common.cpp:97] provider=sockets, device=flannel.1
I0317 11:11:05.018793    1186 libfabric_common.cpp:97] provider=sockets, device=ens51np0
I0317 11:11:05.018793    1186 libfabric_common.cpp:97] provider=sockets, device=vlan1401
I0317 11:11:05.018794    1186 libfabric_common.cpp:97] provider=sockets, device=cni0
I0317 11:11:05.018795    1186 libfabric_common.cpp:97] provider=sockets, device=vethd20ac36d
I0317 11:11:05.018796    1186 libfabric_common.cpp:97] provider=sockets, device=vethf79f544c
I0317 11:11:05.018796    1186 libfabric_common.cpp:97] provider=sockets, device=veth9b2b176c
I0317 11:11:05.018797    1186 libfabric_common.cpp:97] provider=sockets, device=cni0
I0317 11:11:05.018801    1186 libfabric_common.cpp:97] provider=udp;ofi_rxd, device=ens22np0
I0317 11:11:05.018802    1186 libfabric_common.cpp:97] provider=udp;ofi_rxd, device=ens12np0
I0317 11:11:05.018802    1186 libfabric_common.cpp:97] provider=udp;ofi_rxd, device=ens21np0
I0317 11:11:05.018803    1186 libfabric_common.cpp:97] provider=udp;ofi_rxd, device=ens11np0
I0317 11:11:05.018804    1186 libfabric_common.cpp:97] provider=udp;ofi_rxd, device=ens42np0
I0317 11:11:05.018805    1186 libfabric_common.cpp:97] provider=udp;ofi_rxd, device=ens32np0
I0317 11:11:05.018805    1186 libfabric_common.cpp:97] provider=udp;ofi_rxd, device=ens41np0
I0317 11:11:05.018806    1186 libfabric_common.cpp:97] provider=udp;ofi_rxd, device=ens31np0
I0317 11:11:05.018807    1186 libfabric_common.cpp:97] provider=udp;ofi_rxd, device=ens22np0
I0317 11:11:05.018807    1186 libfabric_common.cpp:97] provider=udp;ofi_rxd, device=ens12np0
I0317 11:11:05.018808    1186 libfabric_common.cpp:97] provider=udp;ofi_rxd, device=ens21np0
I0317 11:11:05.018810    1186 libfabric_common.cpp:97] provider=udp;ofi_rxd, device=ens11np0
I0317 11:11:05.018811    1186 libfabric_common.cpp:97] provider=udp;ofi_rxd, device=ens42np0
I0317 11:11:05.018811    1186 libfabric_common.cpp:97] provider=udp;ofi_rxd, device=ens32np0
I0317 11:11:05.018812    1186 libfabric_common.cpp:97] provider=udp;ofi_rxd, device=ens41np0
I0317 11:11:05.018813    1186 libfabric_common.cpp:97] provider=udp;ofi_rxd, device=ens31np0
I0317 11:11:05.018814    1186 libfabric_common.cpp:97] provider=udp;ofi_rxd, device=flannel.1
I0317 11:11:05.018814    1186 libfabric_common.cpp:97] provider=udp;ofi_rxd, device=vlan1401
I0317 11:11:05.018815    1186 libfabric_common.cpp:97] provider=udp;ofi_rxd, device=ens51np0
I0317 11:11:05.018816    1186 libfabric_common.cpp:97] provider=udp;ofi_rxd, device=flannel.1
I0317 11:11:05.018816    1186 libfabric_common.cpp:97] provider=udp;ofi_rxd, device=ens51np0
I0317 11:11:05.018817    1186 libfabric_common.cpp:97] provider=udp;ofi_rxd, device=vlan1401
I0317 11:11:05.018818    1186 libfabric_common.cpp:97] provider=udp;ofi_rxd, device=cni0
I0317 11:11:05.018819    1186 libfabric_common.cpp:97] provider=udp;ofi_rxd, device=vethd20ac36d
I0317 11:11:05.018819    1186 libfabric_common.cpp:97] provider=udp;ofi_rxd, device=vethf79f544c
I0317 11:11:05.018820    1186 libfabric_common.cpp:97] provider=udp;ofi_rxd, device=veth9b2b176c
I0317 11:11:05.018821    1186 libfabric_common.cpp:97] provider=udp;ofi_rxd, device=cni0
I0317 11:11:05.018821    1186 libfabric_common.cpp:97] provider=udp;ofi_rxd, device=lo
I0317 11:11:05.018822    1186 libfabric_common.cpp:97] provider=udp;ofi_rxd, device=lo
I0317 11:11:05.018824    1186 libfabric_common.cpp:97] provider=tcp;ofi_rxm, device=ens22np0
I0317 11:11:05.018825    1186 libfabric_common.cpp:97] provider=tcp;ofi_rxm, device=ens12np0
I0317 11:11:05.018826    1186 libfabric_common.cpp:97] provider=tcp;ofi_rxm, device=ens21np0
I0317 11:11:05.018827    1186 libfabric_common.cpp:97] provider=tcp;ofi_rxm, device=ens11np0
I0317 11:11:05.018827    1186 libfabric_common.cpp:97] provider=tcp;ofi_rxm, device=ens42np0
I0317 11:11:05.018828    1186 libfabric_common.cpp:97] provider=tcp;ofi_rxm, device=ens32np0
I0317 11:11:05.018829    1186 libfabric_common.cpp:97] provider=tcp;ofi_rxm, device=ens41np0
I0317 11:11:05.018830    1186 libfabric_common.cpp:97] provider=tcp;ofi_rxm, device=ens31np0
I0317 11:11:05.018830    1186 libfabric_common.cpp:97] provider=tcp;ofi_rxm, device=ens22np0
I0317 11:11:05.018831    1186 libfabric_common.cpp:97] provider=tcp;ofi_rxm, device=ens12np0
I0317 11:11:05.018832    1186 libfabric_common.cpp:97] provider=tcp;ofi_rxm, device=ens21np0
I0317 11:11:05.018832    1186 libfabric_common.cpp:97] provider=tcp;ofi_rxm, device=ens11np0
I0317 11:11:05.018833    1186 libfabric_common.cpp:97] provider=tcp;ofi_rxm, device=ens42np0
I0317 11:11:05.018834    1186 libfabric_common.cpp:97] provider=tcp;ofi_rxm, device=ens32np0
I0317 11:11:05.018835    1186 libfabric_common.cpp:97] provider=tcp;ofi_rxm, device=ens41np0
I0317 11:11:05.018835    1186 libfabric_common.cpp:97] provider=tcp;ofi_rxm, device=ens31np0
I0317 11:11:05.018836    1186 libfabric_common.cpp:97] provider=tcp;ofi_rxm, device=flannel.1
I0317 11:11:05.018837    1186 libfabric_common.cpp:97] provider=tcp;ofi_rxm, device=vlan1401
I0317 11:11:05.018837    1186 libfabric_common.cpp:97] provider=tcp;ofi_rxm, device=ens51np0
I0317 11:11:05.018838    1186 libfabric_common.cpp:97] provider=tcp;ofi_rxm, device=flannel.1
I0317 11:11:05.018839    1186 libfabric_common.cpp:97] provider=tcp;ofi_rxm, device=ens51np0
I0317 11:11:05.018840    1186 libfabric_common.cpp:97] provider=tcp;ofi_rxm, device=vlan1401
I0317 11:11:05.018840    1186 libfabric_common.cpp:97] provider=tcp;ofi_rxm, device=cni0
I0317 11:11:05.018841    1186 libfabric_common.cpp:97] provider=tcp;ofi_rxm, device=vethd20ac36d
I0317 11:11:05.018842    1186 libfabric_common.cpp:97] provider=tcp;ofi_rxm, device=vethf79f544c
I0317 11:11:05.018843    1186 libfabric_common.cpp:97] provider=tcp;ofi_rxm, device=veth9b2b176c
I0317 11:11:05.018844    1186 libfabric_common.cpp:97] provider=tcp;ofi_rxm, device=cni0
I0317 11:11:05.018844    1186 libfabric_common.cpp:97] provider=tcp;ofi_rxm, device=lo
I0317 11:11:05.018845    1186 libfabric_common.cpp:97] provider=tcp;ofi_rxm, device=lo
I0317 11:11:05.018845    1186 libfabric_common.cpp:97] provider=tcp;ofi_rxm, device=ens22np0
I0317 11:11:05.018846    1186 libfabric_common.cpp:97] provider=tcp;ofi_rxm, device=ens12np0
I0317 11:11:05.018846    1186 libfabric_common.cpp:97] provider=tcp;ofi_rxm, device=ens21np0
I0317 11:11:05.018851    1186 libfabric_common.cpp:97] provider=tcp;ofi_rxm, device=ens11np0
I0317 11:11:05.018852    1186 libfabric_common.cpp:97] provider=tcp;ofi_rxm, device=ens42np0
I0317 11:11:05.018852    1186 libfabric_common.cpp:97] provider=tcp;ofi_rxm, device=ens32np0
I0317 11:11:05.018853    1186 libfabric_common.cpp:97] provider=tcp;ofi_rxm, device=ens41np0
I0317 11:11:05.018854    1186 libfabric_common.cpp:97] provider=tcp;ofi_rxm, device=ens31np0
I0317 11:11:05.018855    1186 libfabric_common.cpp:97] provider=tcp;ofi_rxm, device=ens22np0
I0317 11:11:05.018855    1186 libfabric_common.cpp:97] provider=tcp;ofi_rxm, device=ens12np0
I0317 11:11:05.018856    1186 libfabric_common.cpp:97] provider=tcp;ofi_rxm, device=ens21np0
I0317 11:11:05.018857    1186 libfabric_common.cpp:97] provider=tcp;ofi_rxm, device=ens11np0
I0317 11:11:05.018857    1186 libfabric_common.cpp:97] provider=tcp;ofi_rxm, device=ens42np0
I0317 11:11:05.018858    1186 libfabric_common.cpp:97] provider=tcp;ofi_rxm, device=ens32np0
I0317 11:11:05.018859    1186 libfabric_common.cpp:97] provider=tcp;ofi_rxm, device=ens41np0
I0317 11:11:05.018860    1186 libfabric_common.cpp:97] provider=tcp;ofi_rxm, device=ens31np0
I0317 11:11:05.018860    1186 libfabric_common.cpp:97] provider=tcp;ofi_rxm, device=flannel.1
I0317 11:11:05.018861    1186 libfabric_common.cpp:97] provider=tcp;ofi_rxm, device=vlan1401
I0317 11:11:05.018862    1186 libfabric_common.cpp:97] provider=tcp;ofi_rxm, device=ens51np0
I0317 11:11:05.018863    1186 libfabric_common.cpp:97] provider=tcp;ofi_rxm, device=flannel.1
I0317 11:11:05.018863    1186 libfabric_common.cpp:97] provider=tcp;ofi_rxm, device=ens51np0
I0317 11:11:05.018864    1186 libfabric_common.cpp:97] provider=tcp;ofi_rxm, device=vlan1401
I0317 11:11:05.018865    1186 libfabric_common.cpp:97] provider=tcp;ofi_rxm, device=cni0
I0317 11:11:05.018865    1186 libfabric_common.cpp:97] provider=tcp;ofi_rxm, device=vethd20ac36d
I0317 11:11:05.018866    1186 libfabric_common.cpp:97] provider=tcp;ofi_rxm, device=vethf79f544c
I0317 11:11:05.018867    1186 libfabric_common.cpp:97] provider=tcp;ofi_rxm, device=veth9b2b176c
I0317 11:11:05.018868    1186 libfabric_common.cpp:97] provider=tcp;ofi_rxm, device=cni0
I0317 11:11:05.018868    1186 libfabric_common.cpp:97] provider=tcp;ofi_rxm, device=lo
I0317 11:11:05.018869    1186 libfabric_common.cpp:97] provider=tcp;ofi_rxm, device=lo
I0317 11:11:05.018870    1186 libfabric_common.cpp:97] provider=tcp;ofi_rxm, device=ens22np0
I0317 11:11:05.018871    1186 libfabric_common.cpp:97] provider=tcp;ofi_rxm, device=ens12np0
I0317 11:11:05.018871    1186 libfabric_common.cpp:97] provider=tcp;ofi_rxm, device=ens21np0
I0317 11:11:05.018872    1186 libfabric_common.cpp:97] provider=tcp;ofi_rxm, device=ens11np0
I0317 11:11:05.018873    1186 libfabric_common.cpp:97] provider=tcp;ofi_rxm, device=ens42np0
I0317 11:11:05.018874    1186 libfabric_common.cpp:97] provider=tcp;ofi_rxm, device=ens32np0
I0317 11:11:05.018874    1186 libfabric_common.cpp:97] provider=tcp;ofi_rxm, device=ens41np0
I0317 11:11:05.018875    1186 libfabric_common.cpp:97] provider=tcp;ofi_rxm, device=ens31np0
I0317 11:11:05.018876    1186 libfabric_common.cpp:97] provider=tcp;ofi_rxm, device=ens22np0
I0317 11:11:05.018876    1186 libfabric_common.cpp:97] provider=tcp;ofi_rxm, device=ens12np0
I0317 11:11:05.018877    1186 libfabric_common.cpp:97] provider=tcp;ofi_rxm, device=ens21np0
I0317 11:11:05.018878    1186 libfabric_common.cpp:97] provider=tcp;ofi_rxm, device=ens11np0
I0317 11:11:05.018879    1186 libfabric_common.cpp:97] provider=tcp;ofi_rxm, device=ens42np0
I0317 11:11:05.018879    1186 libfabric_common.cpp:97] provider=tcp;ofi_rxm, device=ens32np0
I0317 11:11:05.018880    1186 libfabric_common.cpp:97] provider=tcp;ofi_rxm, device=ens41np0
I0317 11:11:05.018881    1186 libfabric_common.cpp:97] provider=tcp;ofi_rxm, device=ens31np0
I0317 11:11:05.018881    1186 libfabric_common.cpp:97] provider=tcp;ofi_rxm, device=flannel.1
I0317 11:11:05.018882    1186 libfabric_common.cpp:97] provider=tcp;ofi_rxm, device=vlan1401
I0317 11:11:05.018883    1186 libfabric_common.cpp:97] provider=tcp;ofi_rxm, device=ens51np0
I0317 11:11:05.018884    1186 libfabric_common.cpp:97] provider=tcp;ofi_rxm, device=flannel.1
I0317 11:11:05.018884    1186 libfabric_common.cpp:97] provider=tcp;ofi_rxm, device=ens51np0
I0317 11:11:05.018885    1186 libfabric_common.cpp:97] provider=tcp;ofi_rxm, device=vlan1401
I0317 11:11:05.018885    1186 libfabric_common.cpp:97] provider=tcp;ofi_rxm, device=cni0
I0317 11:11:05.018886    1186 libfabric_common.cpp:97] provider=tcp;ofi_rxm, device=vethd20ac36d
I0317 11:11:05.018886    1186 libfabric_common.cpp:97] provider=tcp;ofi_rxm, device=vethf79f544c
I0317 11:11:05.018887    1186 libfabric_common.cpp:97] provider=tcp;ofi_rxm, device=veth9b2b176c
I0317 11:11:05.018887    1186 libfabric_common.cpp:97] provider=tcp;ofi_rxm, device=cni0
I0317 11:11:05.018888    1186 libfabric_common.cpp:97] provider=tcp;ofi_rxm, device=lo
I0317 11:11:05.018889    1186 libfabric_common.cpp:97] provider=tcp;ofi_rxm, device=lo
I0317 11:11:05.018890    1186 libfabric_common.cpp:97] provider=tcp, device=ens22np0
I0317 11:11:05.018890    1186 libfabric_common.cpp:97] provider=tcp, device=ens12np0
I0317 11:11:05.018891    1186 libfabric_common.cpp:97] provider=tcp, device=ens21np0
I0317 11:11:05.018892    1186 libfabric_common.cpp:97] provider=tcp, device=ens11np0
I0317 11:11:05.018892    1186 libfabric_common.cpp:97] provider=tcp, device=ens42np0
I0317 11:11:05.018893    1186 libfabric_common.cpp:97] provider=tcp, device=ens32np0
I0317 11:11:05.018893    1186 libfabric_common.cpp:97] provider=tcp, device=ens41np0
I0317 11:11:05.018894    1186 libfabric_common.cpp:97] provider=tcp, device=ens31np0
I0317 11:11:05.018894    1186 libfabric_common.cpp:97] provider=tcp, device=ens22np0
I0317 11:11:05.018895    1186 libfabric_common.cpp:97] provider=tcp, device=ens12np0
I0317 11:11:05.018895    1186 libfabric_common.cpp:97] provider=tcp, device=ens21np0
I0317 11:11:05.018896    1186 libfabric_common.cpp:97] provider=tcp, device=ens11np0
I0317 11:11:05.018896    1186 libfabric_common.cpp:97] provider=tcp, device=ens42np0
I0317 11:11:05.018897    1186 libfabric_common.cpp:97] provider=tcp, device=ens32np0
I0317 11:11:05.018897    1186 libfabric_common.cpp:97] provider=tcp, device=ens41np0
I0317 11:11:05.018898    1186 libfabric_common.cpp:97] provider=tcp, device=ens31np0
I0317 11:11:05.018898    1186 libfabric_common.cpp:97] provider=tcp, device=flannel.1
I0317 11:11:05.018899    1186 libfabric_common.cpp:97] provider=tcp, device=vlan1401
I0317 11:11:05.018899    1186 libfabric_common.cpp:97] provider=tcp, device=ens51np0
I0317 11:11:05.018900    1186 libfabric_common.cpp:97] provider=tcp, device=flannel.1
I0317 11:11:05.018901    1186 libfabric_common.cpp:97] provider=tcp, device=ens51np0
I0317 11:11:05.018901    1186 libfabric_common.cpp:97] provider=tcp, device=vlan1401
I0317 11:11:05.018902    1186 libfabric_common.cpp:97] provider=tcp, device=cni0
I0317 11:11:05.018902    1186 libfabric_common.cpp:97] provider=tcp, device=vethd20ac36d
I0317 11:11:05.018903    1186 libfabric_common.cpp:97] provider=tcp, device=vethf79f544c
I0317 11:11:05.018903    1186 libfabric_common.cpp:97] provider=tcp, device=veth9b2b176c
I0317 11:11:05.018904    1186 libfabric_common.cpp:97] provider=tcp, device=cni0
I0317 11:11:05.018912    1186 libfabric_topology_hip.cpp:137] Discovered 1 tcp devices (TCP fallback)
I0317 11:11:05.018915    1186 libfabric_topology_hip.cpp:145] Network device 0: ens22np0 (provider=tcp)
I0317 11:11:05.018918    1186 libfabric_topology_hip.cpp:109] Using simplified topology for tcp devices (no topology mapping needed)
I0317 11:11:05.018919    1186 libfabric_topology_hip.cpp:117] TCP devices available globally - no accelerator-specific mapping required
I0317 11:11:05.018921    1186 libfabric_topology_hip.cpp:120] Topology discovery completed successfully
I0317 11:11:05.018922    1186 libfabric_topology_hip.cpp:62] Topology discovery completed successfully
I0317 11:11:05.018923    1186 libfabric_topology_hip.cpp:255] === Libfabric Topology Information ===
I0317 11:11:05.018925    1186 libfabric_topology_hip.cpp:256] Topology discovered: Yes
I0317 11:11:05.018927    1186 libfabric_topology_hip.cpp:257] Number of NVIDIA accelerators: 0
I0317 11:11:05.018928    1186 libfabric_topology_hip.cpp:258] Number of AMD accelerators: 0
I0317 11:11:05.018929    1186 libfabric_topology_hip.cpp:259] Number of AWS Neuron accelerators: 0
I0317 11:11:05.018930    1186 libfabric_topology_hip.cpp:260] Number of NUMA nodes: 0
I0317 11:11:05.018931    1186 libfabric_topology_hip.cpp:261] Number of EFA devices: 1
I0317 11:11:05.018932    1186 libfabric_topology_hip.cpp:262] EFA devices: 
I0317 11:11:05.018933    1186 libfabric_topology_hip.cpp:264]   [0] ens22np0
I0317 11:11:05.018935    1186 libfabric_topology_hip.cpp:266] Accelerator-PCI → EFA mapping:
I0317 11:11:05.018937    1186 libfabric_topology_hip.cpp:277] Host memory (DRAM) will limit number of EFA devices used per-NUMA node according to maximum PCIe switch bandwidth
I0317 11:11:05.018938    1186 libfabric_topology_hip.cpp:279] =====================================
I0317 11:11:05.018945    1186 libfabric_rail_manager_hip.cpp:219] System runtime: SYSTEM (no accelerators)
I0317 11:11:05.018947    1186 libfabric_rail_manager_hip.cpp:227] Got 1 network devices from topology for provider=tcp
I0317 11:11:05.018955    1186 libfabric_rail_manager_hip.cpp:1172] Cleared 0 active rails
I0317 11:11:05.019464    1186 libfabric_rail.cpp:48] InitializeBasePool - Rail 0 completed. Total requests: 4096 Free requests: 4096
I0317 11:11:05.019600    1186 libfabric_rail.cpp:48] InitializeBasePool - Rail 0 completed. Total requests: 1024 Free requests: 1024
I0317 11:11:05.019604    1186 libfabric_rail.cpp:404] Initializing rail 0 with device=ens22np0, provider=tcp
I0317 11:11:05.019615    1186 libfabric_rail.cpp:442] No provider found with FI_HMEM capability for rail 0, retrying without FI_HMEM
I0317 11:11:05.022204    1186 libfabric_rail.cpp:456] Using provider without FI_HMEM support for rail 0
I0317 11:11:05.022229    1186 libfabric_rail.cpp:469] fabric_attr->name 10.254.10.0/23
I0317 11:11:05.022250    1186 libfabric_rail.cpp:489] fi_cq_open with FI_WAIT_NONE succeeded for rail 0
I0317 11:11:05.022310    1186 libfabric_rail.cpp:210] CreateBufferChunk on Rail 0 successfully created buffer chunk: buffer=0x7ef3191ff010 size=33554432 mr=0x9e46fe0 mr_key=18446744073709551615
I0317 11:11:05.022714    1186 libfabric_rail.cpp:244] InitializeWithBuffers on Rail 0 successfully initialized with 1 buffer chunks
I0317 11:11:05.022814    1186 libfabric_rail.cpp:587] Initialized request pools: 4096 control requests, 1024 data requests for rail 0
I0317 11:11:05.022817    1186 libfabric_rail.cpp:592] Pre-posting 1024 recv requests for rail 0
I0317 11:11:05.022822    1186 libfabric_rail.cpp:320] Allocate on Rail 0 allocated control request XFER_ID=1 buffer_size=8192
I0317 11:11:05.022825    1186 libfabric_rail.cpp:997] Posting receive on endpoint=0x9f35750 buffer=0x7ef31b1fd010 size=8192 context=0x9ef9840
I0317 11:11:05.025505    1186 libfabric_rail.cpp:1006] Receive posted successfully
I0317 11:11:05.025509    1186 libfabric_rail.cpp:320] Allocate on Rail 0 allocated control request XFER_ID=2 buffer_size=8192
I0317 11:11:05.025510    1186 libfabric_rail.cpp:997] Posting receive on endpoint=0x9f35750 buffer=0x7ef31b1fb010 size=8192 context=0x9ef9790
I0317 11:11:05.025512    1186 libfabric_rail.cpp:1006] Receive posted successfully
I0317 11:11:05.025512    1186 libfabric_rail.cpp:320] Allocate on Rail 0 allocated control request XFER_ID=3 buffer_size=8192
I0317 11:11:05.025513    1186 libfabric_rail.cpp:997] Posting receive on endpoint=0x9f35750 buffer=0x7ef31b1f9010 size=8192 context=0x9ef96e8
I0317 11:11:05.025514    1186 libfabric_rail.cpp:1006] Receive posted successfully
I0317 11:11:05.025515    1186 libfabric_rail.cpp:320] Allocate on Rail 0 allocated control request XFER_ID=4 buffer_size=8192
I0317 11:11:05.025516    1186 libfabric_rail.cpp:997] Posting receive on endpoint=0x9f35750 buffer=0x7ef31b1f7010 size=8192 context=0x9ef9640
I0317 11:11:05.025517    1186 libfabric_rail.cpp:1006] Receive posted successfully
I0317 11:11:05.025517    1186 libfabric_rail.cpp:320] Allocate on Rail 0 allocated control request XFER_ID=5 buffer_size=8192
I0317 11:11:05.025518    1186 libfabric_rail.cpp:997] Posting receive on endpoint=0x9f35750 buffer=0x7ef31b1f5010 size=8192 context=0x9ef9590
I0317 11:11:05.025519    1186 libfabric_rail.cpp:1006] Receive posted successfully
I0317 11:11:05.025519    1186 libfabric_rail.cpp:320] Allocate on Rail 0 allocated control request XFER_ID=6 buffer_size=8192
I0317 11:11:05.025521    1186 libfabric_rail.cpp:997] Posting receive on endpoint=0x9f35750 buffer=0x7ef31b1f3010 size=8192 context=0x9ef94e8
I0317 11:11:05.025522    1186 libfabric_rail.cpp:1006] Receive posted successfully
I0317 11:11:05.025523    1186 libfabric_rail.cpp:320] Allocate on Rail 0 allocated control request XFER_ID=7 buffer_size=8192
I0317 11:11:05.025524    1186 libfabric_rail.cpp:997] Posting receive on endpoint=0x9f35750 buffer=0x7ef31b1f1010 size=8192 context=0x9ef9440
I0317 11:11:05.025525    1186 libfabric_rail.cpp:1006] Receive posted successfully
I0317 11:11:05.025526    1186 libfabric_rail.cpp:320] Allocate on Rail 0 allocated control request XFER_ID=8 buffer_size=8192
I0317 11:11:05.025527    1186 libfabric_rail.cpp:997] Posting receive on endpoint=0x9f35750 buffer=0x7ef31b1ef010 size=8192 context=0x9ef9390
I0317 11:11:05.025528    1186 libfabric_rail.cpp:1006] Receive posted successfully
I0317 11:11:05.025529    1186 libfabric_rail.cpp:320] Allocate on Rail 0 allocated control request XFER_ID=9 buffer_size=8192
I0317 11:11:05.025529    1186 libfabric_rail.cpp:997] Posting receive on endpoint=0x9f35750 buffer=0x7ef31b1ed010 size=8192 context=0x9ef92e8
I0317 11:11:05.025530    1186 libfabric_rail.cpp:1006] Receive posted successfully
I0317 11:11:05.025531    1186 libfabric_rail.cpp:320] Allocate on Rail 0 allocated control request XFER_ID=10 buffer_size=8192
I0317 11:11:05.025532    1186 libfabric_rail.cpp:997] Posting receive on endpoint=0x9f35750 buffer=0x7ef31b1eb010 size=8192 context=0x9ef9240
I0317 11:11:05.025533    1186 libfabric_rail.cpp:1006] Receive posted successfully
I0317 11:11:05.025535    1186 libfabric_rail.cpp:320] Allocate on Rail 0 allocated control request XFER_ID=11 buffer_size=8192
I0317 11:11:05.025536    1186 libfabric_rail.cpp:997] Posting receive on endpoint=0x9f35750 buffer=0x7ef31b1e9010 size=8192 context=0x9ef9190
I0317 11:11:05.025537    1186 libfabric_rail.cpp:1006] Receive posted successfully
I0317 11:11:05.025538    1186 libfabric_rail.cpp:320] Allocate on Rail 0 allocated control request XFER_ID=12 buffer_size=8192
I0317 11:11:05.025539    1186 libfabric_rail.cpp:997] Posting receive on endpoint=0x9f35750 buffer=0x7ef31b1e7010 size=8192 context=0x9ef90e8
I0317 11:11:05.025540    1186 libfabric_rail.cpp:1006] Receive posted successfully
I0317 11:11:05.025541    1186 libfabric_rail.cpp:320] Allocate on Rail 0 allocated control request XFER_ID=13 buffer_size=8192
I0317 11:11:05.025542    1186 libfabric_rail.cpp:997] Posting receive on endpoint=0x9f35750 buffer=0x7ef31b1e5010 size=8192 context=0x9ef9040
I0317 11:11:05.025543    1186 libfabric_rail.cpp:1006] Receive posted successfully
I0317 11:11:05.025544    1186 libfabric_rail.cpp:320] Allocate on Rail 0 allocated control request XFER_ID=14 buffer_size=8192
I0317 11:11:05.025544    1186 libfabric_rail.cpp:997] Posting receive on endpoint=0x9f35750 buffer=0x7ef31b1e3010 size=8192 context=0x9ef8f90
I0317 11:11:05.025547    1186 libfabric_rail.cpp:1006] Receive posted successfully
I0317 11:11:05.025548    1186 libfabric_rail.cpp:320] Allocate on Rail 0 allocated control request XFER_ID=15 buffer_size=8192
I0317 11:11:05.025549    1186 libfabric_rail.cpp:997] Posting receive on endpoint=0x9f35750 buffer=0x7ef31b1e1010 size=8192 context=0x9ef8ee8
I0317 11:11:05.025550    1186 libfabric_rail.cpp:1006] Receive posted successfully
I0317 11:11:05.025551    1186 libfabric_rail.cpp:320] Allocate on Rail 0 allocated control request XFER_ID=16 buffer_size=8192
I0317 11:11:05.025552    1186 libfabric_rail.cpp:997] Posting receive on endpoint=0x9f35750 buffer=0x7ef31b1df010 size=8192 context=0x9ef8e40
I0317 11:11:05.025553    1186 libfabric_rail.cpp:1006] Receive posted successfully
I0317 11:11:05.025554    1186 libfabric_rail.cpp:320] Allocate on Rail 0 allocated control request XFER_ID=17 buffer_size=8192
I0317 11:11:05.025555    1186 libfabric_rail.cpp:997] Posting receive on endpoint=0x9f35750 buffer=0x7ef31b1dd010 size=8192 context=0x9ef8d90
I0317 11:11:05.025556    1186 libfabric_rail.cpp:1006] Receive posted successfully
I0317 11:11:05.025557    1186 libfabric_rail.cpp:320] Allocate on Rail 0 allocated control request XFER_ID=18 buffer_size=8192
I0317 11:11:05.025557    1186 libfabric_rail.cpp:997] Posting receive on endpoint=0x9f35750 buffer=0x7ef31b1db010 size=8192 context=0x9ef8ce8
I0317 11:11:05.025558    1186 libfabric_rail.cpp:1006] Receive posted successfully
I0317 11:11:05.025559    1186 libfabric_rail.cpp:320] Allocate on Rail 0 allocated control request XFER_ID=19 buffer_size=8192
I0317 11:11:05.025560    1186 libfabric_rail.cpp:997] Posting receive on endpoint=0x9f35750 buffer=0x7ef31b1d9010 size=8192 context=0x9ef8c40
I0317 11:11:05.025561    1186 libfabric_rail.cpp:1006] Receive posted successfully
I0317 11:11:05.025562    1186 libfabric_rail.cpp:320] Allocate on Rail 0 allocated control request XFER_ID=20 buffer_size=8192
I0317 11:11:05.025563    1186 libfabric_rail.cpp:997] Posting receive on endpoint=0x9f35750 buffer=0x7ef31b1d7010 size=8192 context=0x9ef8b90
I0317 11:11:05.025564    1186 libfabric_rail.cpp:1006] Receive posted successfully
I0317 11:11:05.025565    1186 libfabric_rail.cpp:320] Allocate on Rail 0 allocated control request XFER_ID=21 buffer_size=8192
I0317 11:11:05.025565    1186 libfabric_rail.cpp:997] Posting receive on endpoint=0x9f35750 buffer=0x7ef31b1d5010 size=8192 context=0x9ef8ae8
I0317 11:11:05.025567    1186 libfabric_rail.cpp:1006] Receive posted successfully
I0317 11:11:05.025567    1186 libfabric_rail.cpp:320] Allocate on Rail 0 allocated control request XFER_ID=22 buffer_size=8192
I0317 11:11:05.025568    1186 libfabric_rail.cpp:997] Posting receive on endpoint=0x9f35750 buffer=0x7ef31b1d3010 size=8192 context=0x9ef8a40
I0317 11:11:05.025569    1186 libfabric_rail.cpp:1006] Receive posted successfully
I0317 11:11:05.025570    1186 libfabric_rail.cpp:320] Allocate on Rail 0 allocated control request XFER_ID=23 buffer_size=8192
I0317 11:11:05.025571    1186 libfabric_rail.cpp:997] Posting receive on endpoint=0x9f35750 buffer=0x7ef31b1d1010 size=8192 context=0x9ef8990
I0317 11:11:05.025572    1186 libfabric_rail.cpp:1006] Receive posted successfully
I0317 11:11:05.025573    1186 libfabric_rail.cpp:320] Allocate on Rail 0 allocated control request XFER_ID=24 buffer_size=8192
I0317 11:11:05.025575    1186 libfabric_rail.cpp:997] Posting receive on endpoint=0x9f35750 buffer=0x7ef31b1cf010 size=8192 context=0x9ef88e8
I0317 11:11:05.025576    1186 libfabric_rail.cpp:1006] Receive posted successfully
I0317 11:11:05.025577    1186 libfabric_rail.cpp:320] Allocate on Rail 0 allocated control request XFER_ID=25 buffer_size=8192
I0317 11:11:05.025578    1186 libfabric_rail.cpp:997] Posting receive on endpoint=0x9f35750 buffer=0x7ef31b1cd010 size=8192 context=0x9ef8840
I0317 11:11:05.025579    1186 libfabric_rail.cpp:1006] Receive posted successfully
I0317 11:11:05.025580    1186 libfabric_rail.cpp:320] Allocate on Rail 0 allocated control request XFER_ID=26 buffer_size=8192
I0317 11:11:05.025581    1186 libfabric_rail.cpp:997] Posting receive on endpoint=0x9f35750 buffer=0x7ef31b1cb010 size=8192 context=0x9ef8790
I0317 11:11:05.025582    1186 libfabric_rail.cpp:1006] Receive posted successfully
I0317 11:11:05.025582    1186 libfabric_rail.cpp:320] Allocate on Rail 0 allocated control request XFER_ID=27 buffer_size=8192
I0317 11:11:05.025583    1186 libfabric_rail.cpp:997] Posting receive on endpoint=0x9f35750 buffer=0x7ef31b1c9010 size=8192 context=0x9ef86e8
I0317 11:11:05.025584    1186 libfabric_rail.cpp:1006] Receive posted successfully
I0317 11:11:05.025585    1186 libfabric_rail.cpp:320] Allocate on Rail 0 allocated control request XFER_ID=28 buffer_size=8192
I0317 11:11:05.025586    1186 libfabric_rail.cpp:997] Posting receive on endpoint=0x9f35750 buffer=0x7ef31b1c7010 size=8192 context=0x9ef8640
I0317 11:11:05.025587    1186 libfabric_rail.cpp:1006] Receive posted successfully
I0317 11:11:05.025588    1186 libfabric_rail.cpp:320] Allocate on Rail 0 allocated control request XFER_ID=29 buffer_size=8192
I0317 11:11:05.025589    1186 libfabric_rail.cpp:997] Posting receive on endpoint=0x9f35750 buffer=0x7ef31b1c5010 size=8192 context=0x9ef8590
I0317 11:11:05.025590    1186 libfabric_rail.cpp:1006] Receive posted successfully
I0317 11:11:05.025590    1186 libfabric_rail.cpp:320] Allocate on Rail 0 allocated control request XFER_ID=30 buffer_size=8192
I0317 11:11:05.025591    1186 libfabric_rail.cpp:997] Posting receive on endpoint=0x9f35750 buffer=0x7ef31b1c3010 size=8192 context=0x9ef84e8
I0317 11:11:05.025592    1186 libfabric_rail.cpp:1006] Receive posted successfully
I0317 11:11:05.025593    1186 libfabric_rail.cpp:320] Allocate on Rail 0 allocated control request XFER_ID=31 buffer_size=8192
I0317 11:11:05.025594    1186 libfabric_rail.cpp:997] Posting receive on endpoint=0x9f35750 buffer=0x7ef31b1c1010 size=8192 context=0x9ef8440
I0317 11:11:05.025595    1186 libfabric_rail.cpp:1006] Receive posted successfully
I0317 11:11:05.025596    1186 libfabric_rail.cpp:320] Allocate on Rail 0 allocated control request XFER_ID=32 buffer_size=8192
I0317 11:11:05.025597    1186 libfabric_rail.cpp:997] Posting receive on endpoint=0x9f35750 buffer=0x7ef31b1bf010 size=8192 context=0x9ef8390
I0317 11:11:05.025598    1186 libfabric_rail.cpp:1006] Receive posted successfully
I0317 11:11:05.025599    1186 libfabric_rail.cpp:320] Allocate on Rail 0 allocated control request XFER_ID=33 buffer_size=8192
I0317 11:11:05.025599    1186 libfabric_rail.cpp:997] Posting receive on endpoint=0x9f35750 buffer=0x7ef31b1bd010 size=8192 context=0x9ef82e8
I0317 11:11:05.025600    1186 libfabric_rail.cpp:1006] Receive posted successfully
I0317 11:11:05.025601    1186 libfabric_rail.cpp:320] Allocate on Rail 0 allocated control request XFER_ID=34 buffer_size=8192
I0317 11:11:05.025602    1186 libfabric_rail.cpp:997] Posting receive on endpoint=0x9f35750 buffer=0x7ef31b1bb010 size=8192 context=0x9ef8240
I0317 11:11:05.025603    1186 libfabric_rail.cpp:1006] Receive posted successfully
I0317 11:11:05.025605    1186 libfabric_rail.cpp:320] Allocate on Rail 0 allocated control request XFER_ID=35 buffer_size=8192
I0317 11:11:05.025606    1186 libfabric_rail.cpp:997] Posting receive on endpoint=0x9f35750 buffer=0x7ef31b1b9010 size=8192 context=0x9ef8190
I0317 11:11:05.025607    1186 libfabric_rail.cpp:1006] Receive posted successfully
I0317 11:11:05.025608    1186 libfabric_rail.cpp:320] Allocate on Rail 0 allocated control request XFER_ID=36 buffer_size=8192
I0317 11:11:05.025608    1186 libfabric_rail.cpp:997] Posting receive on endpoint=0x9f35750 buffer=0x7ef31b1b7010 size=8192 context=0x9ef80e8
I0317 11:11:05.025609    1186 libfabric_rail.cpp:1006] Receive posted successfully
I0317 11:11:05.025610    1186 libfabric_rail.cpp:320] Allocate on Rail 0 allocated control request XFER_ID=37 buffer_size=8192
I0317 11:11:05.025611    1186 libfabric_rail.cpp:997] Posting receive on endpoint=0x9f35750 buffer=0x7ef31b1b5010 size=8192 context=0x9ef8040
I0317 11:11:05.025612    1186 libfabric_rail.cpp:1006] Receive posted successfully
I0317 11:11:05.025613    1186 libfabric_rail.cpp:320] Allocate on Rail 0 allocated control request XFER_ID=38 buffer_size=8192
I0317 11:11:05.025614    1186 libfabric_rail.cpp:997] Posting receive on endpoint=0x9f35750 buffer=0x7ef31b1b3010 size=8192 context=0x9ef7f90
I0317 11:11:05.025615    1186 libfabric_rail.cpp:1006] Receive posted successfully
I0317 11:11:05.025616    1186 libfabric_rail.cpp:320] Allocate on Rail 0 allocated control request XFER_ID=39 buffer_size=8192
I0317 11:11:05.025617    1186 libfabric_rail.cpp:997] Posting receive on endpoint=0x9f35750 buffer=0x7ef31b1b1010 size=8192 context=0x9ef7ee8
I0317 11:11:05.025618    1186 libfabric_rail.cpp:1006] Receive posted successfully
I0317 11:11:05.025618    1186 libfabric_rail.cpp:320] Allocate on Rail 0 allocated control request XFER_ID=40 buffer_size=8192
I0317 11:11:05.025619    1186 libfabric_rail.cpp:997] Posting receive on endpoint=0x9f35750 buffer=0x7ef31b1af010 size=8192 context=0x9ef7e40
I0317 11:11:05.025620    1186 libfabric_rail.cpp:1006] Receive posted successfully
I0317 11:11:05.025621    1186 libfabric_rail.cpp:320] Allocate on Rail 0 allocated control request XFER_ID=41 buffer_size=8192
I0317 11:11:05.025622    1186 libfabric_rail.cpp:997] Posting receive on endpoint=0x9f35750 buffer=0x7ef31b1ad010 size=8192 context=0x9ef7d90
I0317 11:11:05.025623    1186 libfabric_rail.cpp:1006] Receive posted successfully
I0317 11:11:05.025624    1186 libfabric_rail.cpp:320] Allocate on Rail 0 allocated control request XFER_ID=42 buffer_size=8192
I0317 11:11:05.025625    1186 libfabric_rail.cpp:997] Posting receive on endpoint=0x9f35750 buffer=0x7ef31b1ab010 size=8192 context=0x9ef7ce8
I0317 11:11:05.025626    1186 libfabric_rail.cpp:1006] Receive posted successfully
I0317 11:11:05.025626    1186 libfabric_rail.cpp:320] Allocate on Rail 0 allocated control request XFER_ID=43 buffer_size=8192
I0317 11:11:05.025627    1186 libfabric_rail.cpp:997] Posting receive on endpoint=0x9f35750 buffer=0x7ef31b1a9010 size=8192 context=0x9ef7c40
I0317 11:11:05.025628    1186 libfabric_rail.cpp:1006] Receive posted successfully
I0317 11:11:05.025629    1186 libfabric_rail.cpp:320] Allocate on Rail 0 allocated control request XFER_ID=44 buffer_size=8192
I0317 11:11:05.025630    1186 libfabric_rail.cpp:997] Posting receive on endpoint=0x9f35750 buffer=0x7ef31b1a7010 size=8192 context=0x9ef7b90
I0317 11:11:05.025631    1186 libfabric_rail.cpp:1006] Receive posted successfully
I0317 11:11:05.025632    1186 libfabric_rail.cpp:320] Allocate on Rail 0 allocated control request XFER_ID=45 buffer_size=8192
I0317 11:11:05.025633    1186 libfabric_rail.cpp:997] Posting receive on endpoint=0x9f35750 buffer=0x7ef31b1a5010 size=8192 context=0x9ef7ae8
I0317 11:11:05.025634    1186 libfabric_rail.cpp:1006] Receive posted successfully
I0317 11:11:05.025634    1186 libfabric_rail.cpp:320] Allocate on Rail 0 allocated control request XFER_ID=46 buffer_size=8192
I0317 11:11:05.025635    1186 libfabric_rail.cpp:997] Posting receive on endpoint=0x9f35750 buffer=0x7ef31b1a3010 size=8192 context=0x9ef7a40
I0317 11:11:05.025637    1186 libfabric_rail.cpp:1006] Receive posted successfully
I0317 11:11:05.025637    1186 libfabric_rail.cpp:320] Allocate on Rail 0 allocated control request XFER_ID=47 buffer_size=8192
I0317 11:11:05.025638    1186 libfabric_rail.cpp:997] Posting receive on endpoint=0x9f35750 buffer=0x7ef31b1a1010 size=8192 context=0x9ef7990
I0317 11:11:05.025639    1186 libfabric_rail.cpp:1006] Receive posted successfully
I0317 11:11:05.025639    1186 libfabric_rail.cpp:320] Allocate on Rail 0 allocated control request XFER_ID=48 buffer_size=8192
I0317 11:11:05.025644    1186 libfabric_rail.cpp:997] Posting receive on endpoint=0x9f35750 buffer=0x7ef31b19f010 size=8192 context=0x9ef78e8
I0317 11:11:05.025645    1186 libfabric_rail.cpp:1006] Receive posted successfully
I0317 11:11:05.025646    1186 libfabric_rail.cpp:320] Allocate on Rail 0 allocated control request XFER_ID=49 buffer_size=8192
I0317 11:11:05.025647    1186 libfabric_rail.cpp:997] Posting receive on endpoint=0x9f35750 buffer=0x7ef31b19d010 size=8192 context=0x9ef7840
I0317 11:11:05.025648    1186 libfabric_rail.cpp:1006] Receive posted successfully
I0317 11:11:05.025648    1186 libfabric_rail.cpp:320] Allocate on Rail 0 allocated control request XFER_ID=50 buffer_size=8192
I0317 11:11:05.025649    1186 libfabric_rail.cpp:997] Posting receive on endpoint=0x9f35750 buffer=0x7ef31b19b010 size=8192 context=0x9ef7790
I0317 11:11:05.025650    1186 libfabric_rail.cpp:1006] Receive posted successfully
I0317 11:11:05.025651    1186 libfabric_rail.cpp:320] Allocate on Rail 0 allocated control request XFER_ID=51 buffer_size=8192
I0317 11:11:05.025652    1186 libfabric_rail.cpp:997] Posting receive on endpoint=0x9f35750 buffer=0x7ef31b199010 size=8192 context=0x9ef76e8
I0317 11:11:05.025653    1186 libfabric_rail.cpp:1006] Receive posted successfully
I0317 11:11:05.025654    1186 libfabric_rail.cpp:320] Allocate on Rail 0 allocated control request XFER_ID=52 buffer_size=8192
I0317 11:11:05.025655    1186 libfabric_rail.cpp:997] Posting receive on endpoint=0x9f35750 buffer=0x7ef31b197010 size=8192 context=0x9ef7640
I0317 11:11:05.025656    1186 libfabric_rail.cpp:1006] Receive posted successfully
I0317 11:11:05.025657    1186 libfabric_rail.cpp:320] Allocate on Rail 0 allocated control request XFER_ID=53 buffer_size=8192
I0317 11:11:05.025657    1186 libfabric_rail.cpp:997] Posting receive on endpoint=0x9f35750 buffer=0x7ef31b195010 size=8192 context=0x9ef7590
I0317 11:11:05.025658    1186 libfabric_rail.cpp:1006] Receive posted successfully
I0317 11:11:05.025659    1186 libfabric_rail.cpp:320] Allocate on Rail 0 allocated control request XFER_ID=54 buffer_size=8192
I0317 11:11:05.025660    1186 libfabric_rail.cpp:997] Posting receive on endpoint=0x9f35750 buffer=0x7ef31b193010 size=8192 context=0x9ef74e8
I0317 11:11:05.025661    1186 libfabric_rail.cpp:1006] Receive posted successfully
I0317 11:11:05.025662    1186 libfabric_rail.cpp:320] Allocate on Rail 0 allocated control request XFER_ID=55 buffer_size=8192
I0317 11:11:05.025663    1186 libfabric_rail.cpp:997] Posting receive on endpoint=0x9f35750 buffer=0x7ef31b191010 size=8192 context=0x9ef7440
I0317 11:11:05.025664    1186 libfabric_rail.cpp:1006] Receive posted successfully
I0317 11:11:05.025665    1186 libfabric_rail.cpp:320] Allocate on Rail 0 allocated control request XFER_ID=56 buffer_size=8192
I0317 11:11:05.025665    1186 libfabric_rail.cpp:997] Posting receive on endpoint=0x9f35750 buffer=0x7ef31b18f010 size=8192 context=0x9ef7390
I0317 11:11:05.025666    1186 libfabric_rail.cpp:1006] Receive posted successfully
I0317 11:11:05.025667    1186 libfabric_rail.cpp:320] Allocate on Rail 0 allocated control request XFER_ID=57 buffer_size=8192
I0317 11:11:05.025668    1186 libfabric_rail.cpp:997] Posting receive on endpoint=0x9f35750 buffer=0x7ef31b18d010 size=8192 context=0x9ef72e8
I0317 11:11:05.025669    1186 libfabric_rail.cpp:1006] Receive posted successfully
I0317 11:11:05.025670    1186 libfabric_rail.cpp:320] Allocate on Rail 0 allocated control request XFER_ID=58 buffer_size=8192
I0317 11:11:05.025671    1186 libfabric_rail.cpp:997] Posting receive on endpoint=0x9f35750 buffer=0x7ef31b18b010 size=8192 context=0x9ef7240
I0317 11:11:05.025672    1186 libfabric_rail.cpp:1006] Receive posted successfully
I0317 11:11:05.025672    1186 libfabric_rail.cpp:320] Allocate on Rail 0 allocated control request XFER_ID=59 buffer_size=8192
I0317 11:11:05.025673    1186 libfabric_rail.cpp:997] Posting receive on endpoint=0x9f35750 buffer=0x7ef31b189010 size=8192 context=0x9ef7190
I0317 11:11:05.025675    1186 libfabric_rail.cpp:1006] Receive posted successfully
I0317 11:11:05.025675    1186 libfabric_rail.cpp:320] Allocate on Rail 0 allocated control request XFER_ID=60 buffer_size=8192
I0317 11:11:05.025676    1186 libfabric_rail.cpp:997] Posting receive on endpoint=0x9f35750 buffer=0x7ef31b187010 size=8192 context=0x9ef70e8
I0317 11:11:05.025677    1186 libfabric_rail.cpp:1006] Receive posted successfully
I0317 11:11:05.025677    1186 libfabric_rail.cpp:320] Allocate on Rail 0 allocated control request XFER_ID=61 buffer_size=8192
I0317 11:11:05.025678    1186 libfabric_rail.cpp:997] Posting receive on endpoint=0x9f35750 buffer=0x7ef31b185010 size=8192 context=0x9ef7040
I0317 11:11:05.025679    1186 libfabric_rail.cpp:1006] Receive posted successfully
I0317 11:11:05.025679    1186 libfabric_rail.cpp:320] Allocate on Rail 0 allocated control request XFER_ID=62 buffer_size=8192
I0317 11:11:05.025680    1186 libfabric_rail.cpp:997] Posting receive on endpoint=0x9f35750 buffer=0x7ef31b183010 size=8192 context=0x9ef6f90
I0317 11:11:05.025681    1186 libfabric_rail.cpp:1006] Receive posted successfully
I0317 11:11:05.025681    1186 libfabric_rail.cpp:320] Allocate on Rail 0 allocated control request XFER_ID=63 buffer_size=8192
I0317 11:11:05.025682    1186 libfabric_rail.cpp:997] Posting receive on endpoint=0x9f35750 buffer=0x7ef31b181010 size=8192 context=0x9ef6ee8
I0317 11:11:05.025683    1186 libfabric_rail.cpp:1006] Receive posted successfully
I0317 11:11:05.025683    1186 libfabric_rail.cpp:320] Allocate on Rail 0 allocated control request XFER_ID=64 buffer_size=8192
I0317 11:11:05.025684    1186 libfabric_rail.cpp:997] Posting receive on endpoint=0x9f35750 buffer=0x7ef31b17f010 size=8192 context=0x9ef6e40
I0317 11:11:05.025685    1186 libfabric_rail.cpp:1006] Receive posted successfully
I0317 11:11:05.025686    1186 libfabric_rail.cpp:320] Allocate on Rail 0 allocated control request XFER_ID=65 buffer_size=8192
I0317 11:11:05.025686    1186 libfabric_rail.cpp:997] Posting receive on endpoint=0x9f35750 buffer=0x7ef31b17d010 size=8192 context=0x9ef6d90
I0317 11:11:05.025687    1186 libfabric_rail.cpp:1006] Receive posted successfully
I0317 11:11:05.025688    1186 libfabric_rail.cpp:320] Allocate on Rail 0 allocated control request XFER_ID=66 buffer_size=8192
I0317 11:11:05.025688    1186 libfabric_rail.cpp:997] Posting receive on endpoint=0x9f35750 buffer=0x7ef31b17b010 size=8192 context=0x9ef6ce8
I0317 11:11:05.025689    1186 libfabric_rail.cpp:1006] Receive posted successfully
I0317 11:11:05.025690    1186 libfabric_rail.cpp:320] Allocate on Rail 0 allocated control request XFER_ID=67 buffer_size=8192
I0317 11:11:05.025693    1186 libfabric_rail.cpp:997] Posting receive on endpoint=0x9f35750 buffer=0x7ef31b179010 size=8192 context=0x9ef6c40
I0317 11:11:05.025694    1186 libfabric_rail.cpp:1006] Receive posted successfully
I0317 11:11:05.025695    1186 libfabric_rail.cpp:320] Allocate on Rail 0 allocated control request XFER_ID=68 buffer_size=8192
I0317 11:11:05.025696    1186 libfabric_rail.cpp:997] Posting receive on endpoint=0x9f35750 buffer=0x7ef31b177010 size=8192 context=0x9ef6b90
I0317 11:11:05.025697    1186 libfabric_rail.cpp:1006] Receive posted successfully
I0317 11:11:05.025698    1186 libfabric_rail.cpp:320] Allocate on Rail 0 allocated control request XFER_ID=69 buffer_size=8192
I0317 11:11:05.025699    1186 libfabric_rail.cpp:997] Posting receive on endpoint=0x9f35750 buffer=0x7ef31b175010 size=8192 context=0x9ef6ae8
I0317 11:11:05.025700    1186 libfabric_rail.cpp:1006] Receive posted successfully
I0317 11:11:05.025700    1186 libfabric_rail.cpp:320] Allocate on Rail 0 allocated control request XFER_ID=70 buffer_size=8192
I0317 11:11:05.025701    1186 libfabric_rail.cpp:997] Posting receive on endpoint=0x9f35750 buffer=0x7ef31b173010 size=8192 context=0x9ef6a40
I0317 11:11:05.025702    1186 libfabric_rail.cpp:1006] Receive posted successfully
I0317 11:11:05.025703    1186 libfabric_rail.cpp:320] Allocate on Rail 0 allocated control request XFER_ID=71 buffer_size=8192
I0317 11:11:05.025704    1186 libfabric_rail.cpp:997] Posting receive on endpoint=0x9f35750 buffer=0x7ef31b171010 size=8192 context=0x9ef6990
I0317 11:11:05.025705    1186 libfabric_rail.cpp:1006] Receive posted successfully
I0317 11:11:05.025706    1186 libfabric_rail.cpp:320] Allocate on Rail 0 allocated control request XFER_ID=72 buffer_size=8192
I0317 11:11:05.025707    1186 libfabric_rail.cpp:997] Posting receive on endpoint=0x9f35750 buffer=0x7ef31b16f010 size=8192 context=0x9ef68e8
I0317 11:11:05.025708    1186 libfabric_rail.cpp:1006] Receive posted successfully
I0317 11:11:05.025709    1186 libfabric_rail.cpp:320] Allocate on Rail 0 allocated control request XFER_ID=73 buffer_size=8192
I0317 11:11:05.025709    1186 libfabric_rail.cpp:997] Posting receive on endpoint=0x9f35750 buffer=0x7ef31b16d010 size=8192 context=0x9ef6840
I0317 11:11:05.025711    1186 libfabric_rail.cpp:1006] Receive posted successfully
I0317 11:11:05.025711    1186 libfabric_rail.cpp:320] Allocate on Rail 0 allocated control request XFER_ID=74 buffer_size=8192
I0317 11:11:05.025712    1186 libfabric_rail.cpp:997] Posting receive on endpoint=0x9f35750 buffer=0x7ef31b16b010 size=8192 context=0x9ef6790
I0317 11:11:05.025713    1186 libfabric_rail.cpp:1006] Receive posted successfully
I0317 11:11:05.025714    1186 libfabric_rail.cpp:320] Allocate on Rail 0 allocated control request XFER_ID=75 buffer_size=8192
I0317 11:11:05.025715    1186 libfabric_rail.cpp:997] Posting receive on endpoint=0x9f35750 buffer=0x7ef31b169010 size=8192 context=0x9ef66e8
I0317 11:11:05.025716    1186 libfabric_rail.cpp:1006] Receive posted successfully
I0317 11:11:05.025717    1186 libfabric_rail.cpp:320] Allocate on Rail 0 allocated control request XFER_ID=76 buffer_size=8192
I0317 11:11:05.025718    1186 libfabric_rail.cpp:997] Posting receive on endpoint=0x9f35750 buffer=0x7ef31b167010 size=8192 context=0x9ef6640
I0317 11:11:05.025719    1186 libfabric_rail.cpp:1006] Receive posted successfully
I0317 11:11:05.025720    1186 libfabric_rail.cpp:320] Allocate on Rail 0 allocated control request XFER_ID=77 buffer_size=8192
I0317 11:11:05.025720    1186 libfabric_rail.cpp:997] Posting receive on endpoint=0x9f35750 buffer=0x7ef31b165010 size=8192 context=0x9ef6590
I0317 11:11:05.025721    1186 libfabric_rail.cpp:1006] Receive posted successfully
I0317 11:11:05.025722    1186 libfabric_rail.cpp:320] Allocate on Rail 0 allocated control request XFER_ID=78 buffer_size=8192
I0317 11:11:05.025723    1186 libfabric_rail.cpp:997] Posting receive on endpoint=0x9f35750 buffer=0x7ef31b163010 size=8192 context=0x9ef64e8
I0317 11:11:05.025724    1186 libfabric_rail.cpp:1006] Receive posted successfully
I0317 11:11:05.025725    1186 libfabric_rail.cpp:320] Allocate on Rail 0 allocated control request XFER_ID=79 buffer_size=8192
I0317 11:11:05.025725    1186 libfabric_rail.cpp:997] Posting receive on endpoint=0x9f35750 buffer=0x7ef31b161010 size=8192 context=0x9ef6440
I0317 11:11:05.025726    1186 libfabric_rail.cpp:1006] Receive posted successfully
I0317 11:11:05.025727    1186 libfabric_rail.cpp:320] Allocate on Rail 0 allocated control request XFER_ID=80 buffer_size=8192
I0317 11:11:05.025728    1186 libfabric_rail.cpp:997] Posting receive on endpoint=0x9f35750 buffer=0x7ef31b15f010 size=8192 context=0x9ef6390
I0317 11:11:05.025728    1186 libfabric_rail.cpp:1006] Receive posted successfully
I0317 11:11:05.025729    1186 libfabric_rail.cpp:320] Allocate on Rail 0 allocated control request XFER_ID=81 buffer_size=8192
I0317 11:11:05.025730    1186 libfabric_rail.cpp:997] Posting receive on endpoint=0x9f35750 buffer=0x7ef31b15d010 size=8192 context=0x9ef62e8
I0317 11:11:05.025730    1186 libfabric_rail.cpp:1006] Receive posted successfully
I0317 11:11:05.025731    1186 libfabric_rail.cpp:320] Allocate on Rail 0 allocated control request XFER_ID=82 buffer_size=8192
I0317 11:11:05.025732    1186 libfabric_rail.cpp:997] Posting receive on endpoint=0x9f35750 buffer=0x7ef31b15b010 size=8192 context=0x9ef6240
I0317 11:11:05.025732    1186 libfabric_rail.cpp:1006] Receive posted successfully
I0317 11:11:05.025733    1186 libfabric_rail.cpp:320] Allocate on Rail 0 allocated control request XFER_ID=83 buffer_size=8192
I0317 11:11:05.025734    1186 libfabric_rail.cpp:997] Posting receive on endpoint=0x9f35750 buffer=0x7ef31b159010 size=8192 context=0x9ef6190
I0317 11:11:05.025735    1186 libfabric_rail.cpp:1006] Receive posted successfully
I0317 11:11:05.025735    1186 libfabric_rail.cpp:320] Allocate on Rail 0 allocated control request XFER_ID=84 buffer_size=8192
I0317 11:11:05.025736    1186 libfabric_rail.cpp:997] Posting receive on endpoint=0x9f35750 buffer=0x7ef31b157010 size=8192 context=0x9ef60e8
I0317 11:11:05.025737    1186 libfabric_rail.cpp:1006] Receive posted successfully
I0317 11:11:05.025737    1186 libfabric_rail.cpp:320] Allocate on Rail 0 allocated control request XFER_ID=85 buffer_size=8192
I0317 11:11:05.025738    1186 libfabric_rail.cpp:997] Posting receive on endpoint=0x9f35750 buffer=0x7ef31b155010 size=8192 context=0x9ef6040
I0317 11:11:05.025739    1186 libfabric_rail.cpp:1006] Receive posted successfully
I0317 11:11:05.025739    1186 libfabric_rail.cpp:320] Allocate on Rail 0 allocated control request XFER_ID=86 buffer_size=8192
I0317 11:11:05.025740    1186 libfabric_rail.cpp:997] Posting receive on endpoint=0x9f35750 buffer=0x7ef31b153010 size=8192 context=0x9ef5f90
I0317 11:11:05.025741    1186 libfabric_rail.cpp:1006] Receive posted successfully
I0317 11:11:05.025741    1186 libfabric_rail.cpp:320] Allocate on Rail 0 allocated control request XFER_ID=87 buffer_size=8192
I0317 11:11:05.025742    1186 libfabric_rail.cpp:997] Posting receive on endpoint=0x9f35750 buffer=0x7ef31b151010 size=8192 context=0x9ef5ee8
I0317 11:11:05.025743    1186 libfabric_rail.cpp:1006] Receive posted successfully
I0317 11:11:05.025743    1186 libfabric_rail.cpp:320] Allocate on Rail 0 allocated control request XFER_ID=88 buffer_size=8192
I0317 11:11:05.025744    1186 libfabric_rail.cpp:997] Posting receive on endpoint=0x9f35750 buffer=0x7ef31b14f010 size=8192 context=0x9ef5e40
I0317 11:11:05.025745    1186 libfabric_rail.cpp:1006] Receive posted successfully
I0317 11:11:05.025746    1186 libfabric_rail.cpp:320] Allocate on Rail 0 allocated control request XFER_ID=89 buffer_size=8192
I0317 11:11:05.025746    1186 libfabric_rail.cpp:997] Posting receive on endpoint=0x9f35750 buffer=0x7ef31b14d010 size=8192 context=0x9ef5d90
I0317 11:11:05.025747    1186 libfabric_rail.cpp:1006] Receive posted successfully
I0317 11:11:05.025748    1186 libfabric_rail.cpp:320] Allocate on Rail 0 allocated control request XFER_ID=90 buffer_size=8192
I0317 11:11:05.025749    1186 libfabric_rail.cpp:997] Posting receive on endpoint=0x9f35750 buffer=0x7ef31b14b010 size=8192 context=0x9ef5ce8
I0317 11:11:05.025750    1186 libfabric_rail.cpp:1006] Receive posted successfully
I0317 11:11:05.025750    1186 libfabric_rail.cpp:320] Allocate on Rail 0 allocated control request XFER_ID=91 buffer_size=8192
I0317 11:11:05.025751    1186 libfabric_rail.cpp:997] Posting receive on endpoint=0x9f35750 buffer=0x7ef31b149010 size=8192 context=0x9ef5c40
I0317 11:11:05.025752    1186 libfabric_rail.cpp:1006] Receive posted successfully
I0317 11:11:05.025752    1186 libfabric_rail.cpp:320] Allocate on Rail 0 allocated control request XFER_ID=92 buffer_size=8192
I0317 11:11:05.025753    1186 libfabric_rail.cpp:997] Posting receive on endpoint=0x9f35750 buffer=0x7ef31b147010 size=8192 context=0x9ef5b90
I0317 11:11:05.025754    1186 libfabric_rail.cpp:1006] Receive posted successfully
I0317 11:11:05.025754    1186 libfabric_rail.cpp:320] Allocate on Rail 0 allocated control request XFER_ID=93 buffer_size=8192
I0317 11:11:05.025755    1186 libfabric_rail.cpp:997] Posting receive on endpoint=0x9f35750 buffer=0x7ef31b145010 size=8192 context=0x9ef5ae8
I0317 11:11:05.025756    1186 libfabric_rail.cpp:1006] Receive posted successfully
I0317 11:11:05.025756    1186 libfabric_rail.cpp:320] Allocate on Rail 0 allocated control request XFER_ID=94 buffer_size=8192
I0317 11:11:05.025757    1186 libfabric_rail.cpp:997] Posting receive on endpoint=0x9f35750 buffer=0x7ef31b143010 size=8192 context=0x9ef5a40
I0317 11:11:05.025758    1186 libfabric_rail.cpp:1006] Receive posted successfully
I0317 11:11:05.025759    1186 libfabric_rail.cpp:320] Allocate on Rail 0 allocated control request XFER_ID=95 buffer_size=8192
I0317 11:11:05.025759    1186 libfabric_rail.cpp:997] Posting receive on endpoint=0x9f35750 buffer=0x7ef31b141010 size=8192 context=0x9ef5990
I0317 11:11:05.025760    1186 libfabric_rail.cpp:1006] Receive posted successfully
I0317 11:11:05.025761    1186 libfabric_rail.cpp:320] Allocate on Rail 0 allocated control request XFER_ID=96 buffer_size=8192
I0317 11:11:05.025761    1186 libfabric_rail.cpp:997] Posting receive on endpoint=0x9f35750 buffer=0x7ef31b13f010 size=8192 context=0x9ef58e8
I0317 11:11:05.025762    1186 libfabric_rail.cpp:1006] Receive posted successfully
I0317 11:11:05.025763    1186 libfabric_rail.cpp:320] Allocate on Rail 0 allocated control request XFER_ID=97 buffer_size=8192
I0317 11:11:05.025763    1186 libfabric_rail.cpp:997] Posting receive on endpoint=0x9f35750 buffer=0x7ef31b13d010 size=8192 context=0x9ef5840
I0317 11:11:05.025764    1186 libfabric_rail.cpp:1006] Receive posted successfully
I0317 11:11:05.025765    1186 libfabric_rail.cpp:320] Allocate on Rail 0 allocated control request XFER_ID=98 buffer_size=8192
I0317 11:11:05.025766    1186 libfabric_rail.cpp:997] Posting receive on endpoint=0x9f35750 buffer=0x7ef31b13b010 size=8192 context=0x9ef5790
I0317 11:11:05.025766    1186 libfabric_rail.cpp:1006] Receive posted successfully
I0317 11:11:05.025767    1186 libfabric_rail.cpp:320] Allocate on Rail 0 allocated control request XFER_ID=99 buffer_size=8192
I0317 11:11:05.025768    1186 libfabric_rail.cpp:997] Posting receive on endpoint=0x9f35750 buffer=0x7ef31b139010 size=8192 context=0x9ef56e8
I0317 11:11:05.025768    1186 libfabric_rail.cpp:1006] Receive posted successfully
I0317 11:11:05.025769    1186 libfabric_rail.cpp:320] Allocate on Rail 0 allocated control request XFER_ID=100 buffer_size=8192
I0317 11:11:05.025770    1186 libfabric_rail.cpp:997] Posting receive on endpoint=0x9f35750 buffer=0x7ef31b137010 size=8192 context=0x9ef5640
I0317 11:11:05.025771    1186 libfabric_rail.cpp:1006] Receive posted successfully
I0317 11:11:05.025771    1186 libfabric_rail.cpp:320] Allocate on Rail 0 allocated control request XFER_ID=101 buffer_size=8192
I0317 11:11:05.025772    1186 libfabric_rail.cpp:997] Posting receive on endpoint=0x9f35750 buffer=0x7ef31b135010 size=8192 context=0x9ef5590
I0317 11:11:05.025774    1186 libfabric_rail.cpp:1006] Receive posted successfully
I0317 11:11:05.025778    1186 libfabric_rail.cpp:320] Allocate on Rail 0 allocated control request XFER_ID=102 buffer_size=8192
I0317 11:11:05.025779    1186 libfabric_rail.cpp:997] Posting receive on endpoint=0x9f35750 buffer=0x7ef31b133010 size=8192 context=0x9ef54e8
I0317 11:11:05.025779    1186 libfabric_rail.cpp:1006] Receive posted successfully
I0317 11:11:05.025780    1186 libfabric_rail.cpp:320] Allocate on Rail 0 allocated control request XFER_ID=103 buffer_size=8192
I0317 11:11:05.025781    1186 libfabric_rail.cpp:997] Posting receive on endpoint=0x9f35750 buffer=0x7ef31b131010 size=8192 context=0x9ef5440
I0317 11:11:05.025782    1186 libfabric_rail.cpp:1006] Receive posted successfully
I0317 11:11:05.025782    1186 libfabric_rail.cpp:320] Allocate on Rail 0 allocated control request XFER_ID=104 buffer_size=8192
I0317 11:11:05.025783    1186 libfabric_rail.cpp:997] Posting receive on endpoint=0x9f35750 buffer=0x7ef31b12f010 size=8192 context=0x9ef5390
I0317 11:11:05.025784    1186 libfabric_rail.cpp:1006] Receive posted successfully
I0317 11:11:05.025784    1186 libfabric_rail.cpp:320] Allocate on Rail 0 allocated control request XFER_ID=105 buffer_size=8192
I0317 11:11:05.025785    1186 libfabric_rail.cpp:997] Posting receive on endpoint=0x9f35750 buffer=0x7ef31b12d010 size=8192 context=0x9ef52e8
I0317 11:11:05.025786    1186 libfabric_rail.cpp:1006] Receive posted successfully
I0317 11:11:05.025786    1186 libfabric_rail.cpp:320] Allocate on Rail 0 allocated control request XFER_ID=106 buffer_size=8192
I0317 11:11:05.025787    1186 libfabric_rail.cpp:997] Posting receive on endpoint=0x9f35750 buffer=0x7ef31b12b010 size=8192 context=0x9ef5240
I0317 11:11:05.025788    1186 libfabric_rail.cpp:1006] Receive posted successfully
I0317 11:11:05.025788    1186 libfabric_rail.cpp:320] Allocate on Rail 0 allocated control request XFER_ID=107 buffer_size=8192
I0317 11:11:05.025789    1186 libfabric_rail.cpp:997] Posting receive on endpoint=0x9f35750 buffer=0x7ef31b129010 size=8192 context=0x9ef5190
I0317 11:11:05.025790    1186 libfabric_rail.cpp:1006] Receive posted successfully
I0317 11:11:05.025791    1186 libfabric_rail.cpp:320] Allocate on Rail 0 allocated control request XFER_ID=108 buffer_size=8192
I0317 11:11:05.025791    1186 libfabric_rail.cpp:997] Posting receive on endpoint=0x9f35750 buffer=0x7ef31b127010 size=8192 context=0x9ef50e8
I0317 11:11:05.025792    1186 libfabric_rail.cpp:1006] Receive posted successfully
I0317 11:11:05.025793    1186 libfabric_rail.cpp:320] Allocate on Rail 0 allocated control request XFER_ID=109 buffer_size=8192
I0317 11:11:05.025793    1186 libfabric_rail.cpp:997] Posting receive on endpoint=0x9f35750 buffer=0x7ef31b125010 size=8192 context=0x9ef5040
I0317 11:11:05.025794    1186 libfabric_rail.cpp:1006] Receive posted successfully
I0317 11:11:05.025795    1186 libfabric_rail.cpp:320] Allocate on Rail 0 allocated control request XFER_ID=110 buffer_size=8192
I0317 11:11:05.025795    1186 libfabric_rail.cpp:997] Posting receive on endpoint=0x9f35750 buffer=0x7ef31b123010 size=8192 context=0x9ef4f90
I0317 11:11:05.025796    1186 libfabric_rail.cpp:1006] Receive posted successfully
I0317 11:11:05.025797    1186 libfabric_rail.cpp:320] Allocate on Rail 0 allocated control request XFER_ID=111 buffer_size=8192
I0317 11:11:05.025798    1186 libfabric_rail.cpp:997] Posting receive on endpoint=0x9f35750 buffer=0x7ef31b121010 size=8192 context=0x9ef4ee8
I0317 11:11:05.025798    1186 libfabric_rail.cpp:1006] Receive posted successfully
I0317 11:11:05.025799    1186 libfabric_rail.cpp:320] Allocate on Rail 0 allocated control request XFER_ID=112 buffer_size=8192
I0317 11:11:05.025800    1186 libfabric_rail.cpp:997] Posting receive on endpoint=0x9f35750 buffer=0x7ef31b11f010 size=8192 context=0x9ef4e40
I0317 11:11:05.025800    1186 libfabric_rail.cpp:1006] Receive posted successfully
I0317 11:11:05.025801    1186 libfabric_rail.cpp:320] Allocate on Rail 0 allocated control request XFER_ID=113 buffer_size=8192
I0317 11:11:05.025802    1186 libfabric_rail.cpp:997] Posting receive on endpoint=0x9f35750 buffer=0x7ef31b11d010 size=8192 context=0x9ef4d90
I0317 11:11:05.025803    1186 libfabric_rail.cpp:1006] Receive posted successfully
I0317 11:11:05.025804    1186 libfabric_rail.cpp:320] Allocate on Rail 0 allocated control request XFER_ID=114 buffer_size=8192
I0317 11:11:05.025805    1186 libfabric_rail.cpp:997] Posting receive on endpoint=0x9f35750 buffer=0x7ef31b11b010 size=8192 context=0x9ef4ce8
I0317 11:11:05.025806    1186 libfabric_rail.cpp:1006] Receive posted successfully
I0317 11:11:05.025807    1186 libfabric_rail.cpp:320] Allocate on Rail 0 allocated control request XFER_ID=115 buffer_size=8192
I0317 11:11:05.025807    1186 libfabric_rail.cpp:997] Posting receive on endpoint=0x9f35750 buffer=0x7ef31b119010 size=8192 context=0x9ef4c40
I0317 11:11:05.025809    1186 libfabric_rail.cpp:1006] Receive posted successfully
I0317 11:11:05.025809    1186 libfabric_rail.cpp:320] Allocate on Rail 0 allocated control request XFER_ID=116 buffer_size=8192
I0317 11:11:05.025810    1186 libfabric_rail.cpp:997] Posting receive on endpoint=0x9f35750 buffer=0x7ef31b117010 size=8192 context=0x9ef4b90
I0317 11:11:05.025811    1186 libfabric_rail.cpp:1006] Receive posted successfully
I0317 11:11:05.025812    1186 libfabric_rail.cpp:320] Allocate on Rail 0 allocated control request XFER_ID=117 buffer_size=8192
I0317 11:11:05.025813    1186 libfabric_rail.cpp:997] Posting receive on endpoint=0x9f35750 buffer=0x7ef31b115010 size=8192 context=0x9ef4ae8
I0317 11:11:05.025814    1186 libfabric_rail.cpp:1006] Receive posted successfully
I0317 11:11:05.025815    1186 libfabric_rail.cpp:320] Allocate on Rail 0 allocated control request XFER_ID=118 buffer_size=8192
I0317 11:11:05.025816    1186 libfabric_rail.cpp:997] Posting receive on endpoint=0x9f35750 buffer=0x7ef31b113010 size=8192 context=0x9ef4a40
I0317 11:11:05.025817    1186 libfabric_rail.cpp:1006] Receive posted successfully
I0317 11:11:05.025817    1186 libfabric_rail.cpp:320] Allocate on Rail 0 allocated control request XFER_ID=119 buffer_size=8192
I0317 11:11:05.025818    1186 libfabric_rail.cpp:997] Posting receive on endpoint=0x9f35750 buffer=0x7ef31b111010 size=8192 context=0x9ef4990
I0317 11:11:05.025819    1186 libfabric_rail.cpp:1006] Receive posted successfully
I0317 11:11:05.025820    1186 libfabric_rail.cpp:320] Allocate on Rail 0 allocated control request XFER_ID=120 buffer_size=8192
I0317 11:11:05.025821    1186 libfabric_rail.cpp:997] Posting receive on endpoint=0x9f35750 buffer=0x7ef31b10f010 size=8192 context=0x9ef48e8
I0317 11:11:05.025822    1186 libfabric_rail.cpp:1006] Receive posted successfully
I0317 11:11:05.025823    1186 libfabric_rail.cpp:320] Allocate on Rail 0 allocated control request XFER_ID=121 buffer_size=8192
I0317 11:11:05.025824    1186 libfabric_rail.cpp:997] Posting receive on endpoint=0x9f35750 buffer=0x7ef31b10d010 size=8192 context=0x9ef4840
I0317 11:11:05.025825    1186 libfabric_rail.cpp:1006] Receive posted successfully
I0317 11:11:05.025825    1186 libfabric_rail.cpp:320] Allocate on Rail 0 allocated control request XFER_ID=122 buffer_size=8192
I0317 11:11:05.025826    1186 libfabric_rail.cpp:997] Posting receive on endpoint=0x9f35750 buffer=0x7ef31b10b010 size=8192 context=0x9ef4790
I0317 11:11:05.025827    1186 libfabric_rail.cpp:1006] Receive posted successfully
I0317 11:11:05.025828    1186 libfabric_rail.cpp:320] Allocate on Rail 0 allocated control request XFER_ID=123 buffer_size=8192
I0317 11:11:05.025829    1186 libfabric_rail.cpp:997] Posting receive on endpoint=0x9f35750 buffer=0x7ef31b109010 size=8192 context=0x9ef46e8
I0317 11:11:05.025830    1186 libfabric_rail.cpp:1006] Receive posted successfully
I0317 11:11:05.025831    1186 libfabric_rail.cpp:320] Allocate on Rail 0 allocated control request XFER_ID=124 buffer_size=8192
I0317 11:11:05.025832    1186 libfabric_rail.cpp:997] Posting receive on endpoint=0x9f35750 buffer=0x7ef31b107010 size=8192 context=0x9ef4640
I0317 11:11:05.025833    1186 libfabric_rail.cpp:1006] Receive posted successfully
I0317 11:11:05.025834    1186 libfabric_rail.cpp:320] Allocate on Rail 0 allocated control request XFER_ID=125 buffer_size=8192
I0317 11:11:05.025834    1186 libfabric_rail.cpp:997] Posting receive on endpoint=0x9f35750 buffer=0x7ef31b105010 size=8192 context=0x9ef4590
I0317 11:11:05.025835    1186 libfabric_rail.cpp:1006] Receive posted successfully
I0317 11:11:05.025836    1186 libfabric_rail.cpp:320] Allocate on Rail 0 allocated control request XFER_ID=126 buffer_size=8192
I0317 11:11:05.025836    1186 libfabric_rail.cpp:997] Posting receive on endpoint=0x9f35750 buffer=0x7ef31b103010 size=8192 context=0x9ef44e8
I0317 11:11:05.025837    1186 libfabric_rail.cpp:1006] Receive posted successfully
I0317 11:11:05.025838    1186 libfabric_rail.cpp:320] Allocate on Rail 0 allocated control request XFER_ID=127 buffer_size=8192
I0317 11:11:05.025838    1186 libfabric_rail.cpp:997] Posting receive on endpoint=0x9f35750 buffer=0x7ef31b101010 size=8192 context=0x9ef4440
I0317 11:11:05.025839    1186 libfabric_rail.cpp:1006] Receive posted successfully
I0317 11:11:05.025840    1186 libfabric_rail.cpp:320] Allocate on Rail 0 allocated control request XFER_ID=128 buffer_size=8192
I0317 11:11:05.025841    1186 libfabric_rail.cpp:997] Posting receive on endpoint=0x9f35750 buffer=0x7ef31b0ff010 size=8192 context=0x9ef4390
I0317 11:11:05.025841    1186 libfabric_rail.cpp:1006] Receive posted successfully
I0317 11:11:05.025842    1186 libfabric_rail.cpp:320] Allocate on Rail 0 allocated control request XFER_ID=129 buffer_size=8192
I0317 11:11:05.025843    1186 libfabric_rail.cpp:997] Posting receive on endpoint=0x9f35750 buffer=0x7ef31b0fd010 size=8192 context=0x9ef42e8
I0317 11:11:05.025844    1186 libfabric_rail.cpp:1006] Receive posted successfully
I0317 11:11:05.025844    1186 libfabric_rail.cpp:320] Allocate on Rail 0 allocated control request XFER_ID=130 buffer_size=8192
I0317 11:11:05.025845    1186 libfabric_rail.cpp:997] Posting receive on endpoint=0x9f35750 buffer=0x7ef31b0fb010 size=8192 context=0x9ef4240
I0317 11:11:05.025846    1186 libfabric_rail.cpp:1006] Receive posted successfully
I0317 11:11:05.025846    1186 libfabric_rail.cpp:320] Allocate on Rail 0 allocated control request XFER_ID=131 buffer_size=8192
I0317 11:11:05.025847    1186 libfabric_rail.cpp:997] Posting receive on endpoint=0x9f35750 buffer=0x7ef31b0f9010 size=8192 context=0x9ef4190
I0317 11:11:05.025848    1186 libfabric_rail.cpp:1006] Receive posted successfully
I0317 11:11:05.025848    1186 libfabric_rail.cpp:320] Allocate on Rail 0 allocated control request XFER_ID=132 buffer_size=8192
I0317 11:11:05.025849    1186 libfabric_rail.cpp:997] Posting receive on endpoint=0x9f35750 buffer=0x7ef31b0f7010 size=8192 context=0x9ef40e8
I0317 11:11:05.025850    1186 libfabric_rail.cpp:1006] Receive posted successfully
I0317 11:11:05.025850    1186 libfabric_rail.cpp:320] Allocate on Rail 0 allocated control request XFER_ID=133 buffer_size=8192
I0317 11:11:05.025851    1186 libfabric_rail.cpp:997] Posting receive on endpoint=0x9f35750 buffer=0x7ef31b0f5010 size=8192 context=0x9ef4040
I0317 11:11:05.025852    1186 libfabric_rail.cpp:1006] Receive posted successfully
I0317 11:11:05.025852    1186 libfabric_rail.cpp:320] Allocate on Rail 0 allocated control request XFER_ID=134 buffer_size=8192
I0317 11:11:05.025853    1186 libfabric_rail.cpp:997] Posting receive on endpoint=0x9f35750 buffer=0x7ef31b0f3010 size=8192 context=0x9ef3f90
I0317 11:11:05.025854    1186 libfabric_rail.cpp:1006] Receive posted successfully
I0317 11:11:05.025855    1186 libfabric_rail.cpp:320] Allocate on Rail 0 allocated control request XFER_ID=135 buffer_size=8192
I0317 11:11:05.025855    1186 libfabric_rail.cpp:997] Posting receive on endpoint=0x9f35750 buffer=0x7ef31b0f1010 size=8192 context=0x9ef3ee8
I0317 11:11:05.025856    1186 libfabric_rail.cpp:1006] Receive posted successfully
I0317 11:11:05.025857    1186 libfabric_rail.cpp:320] Allocate on Rail 0 allocated control request XFER_ID=136 buffer_size=8192
I0317 11:11:05.025858    1186 libfabric_rail.cpp:997] Posting receive on endpoint=0x9f35750 buffer=0x7ef31b0ef010 size=8192 context=0x9ef3e40
I0317 11:11:05.025859    1186 libfabric_rail.cpp:1006] Receive posted successfully
I0317 11:11:05.025859    1186 libfabric_rail.cpp:320] Allocate on Rail 0 allocated control request XFER_ID=137 buffer_size=8192
I0317 11:11:05.025860    1186 libfabric_rail.cpp:997] Posting receive on endpoint=0x9f35750 buffer=0x7ef31b0ed010 size=8192 context=0x9ef3d90
I0317 11:11:05.025861    1186 libfabric_rail.cpp:1006] Receive posted successfully
I0317 11:11:05.025861    1186 libfabric_rail.cpp:320] Allocate on Rail 0 allocated control request XFER_ID=138 buffer_size=8192
I0317 11:11:05.025862    1186 libfabric_rail.cpp:997] Posting receive on endpoint=0x9f35750 buffer=0x7ef31b0eb010 size=8192 context=0x9ef3ce8
I0317 11:11:05.025863    1186 libfabric_rail.cpp:1006] Receive posted successfully
I0317 11:11:05.025863    1186 libfabric_rail.cpp:320] Allocate on Rail 0 allocated control request XFER_ID=139 buffer_size=8192
I0317 11:11:05.025864    1186 libfabric_rail.cpp:997] Posting receive on endpoint=0x9f35750 buffer=0x7ef31b0e9010 size=8192 context=0x9ef3c40
I0317 11:11:05.025865    1186 libfabric_rail.cpp:1006] Receive posted successfully
I0317 11:11:05.025865    1186 libfabric_rail.cpp:320] Allocate on Rail 0 allocated control request XFER_ID=140 buffer_size=8192
I0317 11:11:05.025866    1186 libfabric_rail.cpp:997] Posting receive on endpoint=0x9f35750 buffer=0x7ef31b0e7010 size=8192 context=0x9ef3b90
I0317 11:11:05.025867    1186 libfabric_rail.cpp:1006] Receive posted successfully
I0317 11:11:05.025867    1186 libfabric_rail.cpp:320] Allocate on Rail 0 allocated control request XFER_ID=141 buffer_size=8192
I0317 11:11:05.025868    1186 libfabric_rail.cpp:997] Posting receive on endpoint=0x9f35750 buffer=0x7ef31b0e5010 size=8192 context=0x9ef3ae8
I0317 11:11:05.025869    1186 libfabric_rail.cpp:1006] Receive posted successfully
I0317 11:11:05.025872    1186 libfabric_rail.cpp:320] Allocate on Rail 0 allocated control request XFER_ID=142 buffer_size=8192
I0317 11:11:05.025873    1186 libfabric_rail.cpp:997] Posting receive on endpoint=0x9f35750 buffer=0x7ef31b0e3010 size=8192 context=0x9ef3a40
I0317 11:11:05.025874    1186 libfabric_rail.cpp:1006] Receive posted successfully
I0317 11:11:05.025874    1186 libfabric_rail.cpp:320] Allocate on Rail 0 allocated control request XFER_ID=143 buffer_size=8192
I0317 11:11:05.025875    1186 libfabric_rail.cpp:997] Posting receive on endpoint=0x9f35750 buffer=0x7ef31b0e1010 size=8192 context=0x9ef3990
I0317 11:11:05.025876    1186 libfabric_rail.cpp:1006] Receive posted successfully
I0317 11:11:05.025877    1186 libfabric_rail.cpp:320] Allocate on Rail 0 allocated control request XFER_ID=144 buffer_size=8192
I0317 11:11:05.025877    1186 libfabric_rail.cpp:997] Posting receive on endpoint=0x9f35750 buffer=0x7ef31b0df010 size=8192 context=0x9ef38e8
I0317 11:11:05.025878    1186 libfabric_rail.cpp:1006] Receive posted successfully
I0317 11:11:05.025879    1186 libfabric_rail.cpp:320] Allocate on Rail 0 allocated control request XFER_ID=145 buffer_size=8192
I0317 11:11:05.025879    1186 libfabric_rail.cpp:997] Posting receive on endpoint=0x9f35750 buffer=0x7ef31b0dd010 size=8192 context=0x9ef3840
I0317 11:11:05.025880    1186 libfabric_rail.cpp:1006] Receive posted successfully
I0317 11:11:05.025881    1186 libfabric_rail.cpp:320] Allocate on Rail 0 allocated control request XFER_ID=146 buffer_size=8192
I0317 11:11:05.025881    1186 libfabric_rail.cpp:997] Posting receive on endpoint=0x9f35750 buffer=0x7ef31b0db010 size=8192 context=0x9ef3790
I0317 11:11:05.025882    1186 libfabric_rail.cpp:1006] Receive posted successfully
I0317 11:11:05.025883    1186 libfabric_rail.cpp:320] Allocate on Rail 0 allocated control request XFER_ID=147 buffer_size=8192
I0317 11:11:05.025883    1186 libfabric_rail.cpp:997] Posting receive on endpoint=0x9f35750 buffer=0x7ef31b0d9010 size=8192 context=0x9ef36e8
I0317 11:11:05.025884    1186 libfabric_rail.cpp:1006] Receive posted successfully
I0317 11:11:05.025885    1186 libfabric_rail.cpp:320] Allocate on Rail 0 allocated control request XFER_ID=148 buffer_size=8192
I0317 11:11:05.025886    1186 libfabric_rail.cpp:997] Posting receive on endpoint=0x9f35750 buffer=0x7ef31b0d7010 size=8192 context=0x9ef3640
I0317 11:11:05.025887    1186 libfabric_rail.cpp:1006] Receive posted successfully
I0317 11:11:05.025888    1186 libfabric_rail.cpp:320] Allocate on Rail 0 allocated control request XFER_ID=149 buffer_size=8192
I0317 11:11:05.025889    1186 libfabric_rail.cpp:997] Posting receive on endpoint=0x9f35750 buffer=0x7ef31b0d5010 size=8192 context=0x9ef3590
I0317 11:11:05.025890    1186 libfabric_rail.cpp:1006] Receive posted successfully
I0317 11:11:05.025891    1186 libfabric_rail.cpp:320] Allocate on Rail 0 allocated control request XFER_ID=150 buffer_size=8192
I0317 11:11:05.025892    1186 libfabric_rail.cpp:997] Posting receive on endpoint=0x9f35750 buffer=0x7ef31b0d3010 size=8192 context=0x9ef34e8
I0317 11:11:05.025893    1186 libfabric_rail.cpp:1006] Receive posted successfully
I0317 11:11:05.025893    1186 libfabric_rail.cpp:320] Allocate on Rail 0 allocated control request XFER_ID=151 buffer_size=8192
I0317 11:11:05.025894    1186 libfabric_rail.cpp:997] Posting receive on endpoint=0x9f35750 buffer=0x7ef31b0d1010 size=8192 context=0x9ef3440
I0317 11:11:05.025895    1186 libfabric_rail.cpp:1006] Receive posted successfully
I0317 11:11:05.025896    1186 libfabric_rail.cpp:320] Allocate on Rail 0 allocated control request XFER_ID=152 buffer_size=8192
I0317 11:11:05.025897    1186 libfabric_rail.cpp:997] Posting receive on endpoint=0x9f35750 buffer=0x7ef31b0cf010 size=8192 context=0x9ef3390
I0317 11:11:05.025898    1186 libfabric_rail.cpp:1006] Receive posted successfully
I0317 11:11:05.025899    1186 libfabric_rail.cpp:320] Allocate on Rail 0 allocated control request XFER_ID=153 buffer_size=8192
I0317 11:11:05.025900    1186 libfabric_rail.cpp:997] Posting receive on endpoint=0x9f35750 buffer=0x7ef31b0cd010 size=8192 context=0x9ef32e8
I0317 11:11:05.025901    1186 libfabric_rail.cpp:1006] Receive posted successfully
I0317 11:11:05.025902    1186 libfabric_rail.cpp:320] Allocate on Rail 0 allocated control request XFER_ID=154 buffer_size=8192
I0317 11:11:05.025902    1186 libfabric_rail.cpp:997] Posting receive on endpoint=0x9f35750 buffer=0x7ef31b0cb010 size=8192 context=0x9ef3240
I0317 11:11:05.025904    1186 libfabric_rail.cpp:1006] Receive posted successfully
I0317 11:11:05.025904    1186 libfabric_rail.cpp:320] Allocate on Rail 0 allocated control request XFER_ID=155 buffer_size=8192
I0317 11:11:05.025905    1186 libfabric_rail.cpp:997] Posting receive on endpoint=0x9f35750 buffer=0x7ef31b0c9010 size=8192 context=0x9ef3190
I0317 11:11:05.025906    1186 libfabric_rail.cpp:1006] Receive posted successfully
I0317 11:11:05.025907    1186 libfabric_rail.cpp:320] Allocate on Rail 0 allocated control request XFER_ID=156 buffer_size=8192
I0317 11:11:05.025908    1186 libfabric_rail.cpp:997] Posting receive on endpoint=0x9f35750 buffer=0x7ef31b0c7010 size=8192 context=0x9ef30e8
I0317 11:11:05.025909    1186 libfabric_rail.cpp:1006] Receive posted successfully
I0317 11:11:05.025910    1186 libfabric_rail.cpp:320] Allocate on Rail 0 allocated control request XFER_ID=157 buffer_size=8192
I0317 11:11:05.025911    1186 libfabric_rail.cpp:997] Posting receive on endpoint=0x9f35750 buffer=0x7ef31b0c5010 size=8192 context=0x9ef3040
I0317 11:11:05.025912    1186 libfabric_rail.cpp:1006] Receive posted successfully
I0317 11:11:05.025912    1186 libfabric_rail.cpp:320] Allocate on Rail 0 allocated control request XFER_ID=158 buffer_size=8192
I0317 11:11:05.025913    1186 libfabric_rail.cpp:997] Posting receive on endpoint=0x9f35750 buffer=0x7ef31b0c3010 size=8192 context=0x9ef2f90
I0317 11:11:05.025914    1186 libfabric_rail.cpp:1006] Receive posted successfully
I0317 11:11:05.025915    1186 libfabric_rail.cpp:320] Allocate on Rail 0 allocated control request XFER_ID=159 buffer_size=8192
I0317 11:11:05.025916    1186 libfabric_rail.cpp:997] Posting receive on endpoint=0x9f35750 buffer=0x7ef31b0c1010 size=8192 context=0x9ef2ee8
I0317 11:11:05.025917    1186 libfabric_rail.cpp:1006] Receive posted successfully
I0317 11:11:05.025917    1186 libfabric_rail.cpp:320] Allocate on Rail 0 allocated control request XFER_ID=160 buffer_size=8192
I0317 11:11:05.025918    1186 libfabric_rail.cpp:997] Posting receive on endpoint=0x9f35750 buffer=0x7ef31b0bf010 size=8192 context=0x9ef2e40
I0317 11:11:05.025919    1186 libfabric_rail.cpp:1006] Receive posted successfully
I0317 11:11:05.025920    1186 libfabric_rail.cpp:320] Allocate on Rail 0 allocated control request XFER_ID=161 buffer_size=8192
I0317 11:11:05.025920    1186 libfabric_rail.cpp:997] Posting receive on endpoint=0x9f35750 buffer=0x7ef31b0bd010 size=8192 context=0x9ef2d90
I0317 11:11:05.025921    1186 libfabric_rail.cpp:1006] Receive posted successfully
I0317 11:11:05.025922    1186 libfabric_rail.cpp:320] Allocate on Rail 0 allocated control request XFER_ID=162 buffer_size=8192
I0317 11:11:05.025923    1186 libfabric_rail.cpp:997] Posting receive on endpoint=0x9f35750 buffer=0x7ef31b0bb010 size=8192 context=0x9ef2ce8
I0317 11:11:05.025924    1186 libfabric_rail.cpp:1006] Receive posted successfully
I0317 11:11:05.025924    1186 libfabric_rail.cpp:320] Allocate on Rail 0 allocated control request XFER_ID=163 buffer_size=8192
I0317 11:11:05.025925    1186 libfabric_rail.cpp:997] Posting receive on endpoint=0x9f35750 buffer=0x7ef31b0b9010 size=8192 context=0x9ef2c40
I0317 11:11:05.025926    1186 libfabric_rail.cpp:1006] Receive posted successfully
I0317 11:11:05.025926    1186 libfabric_rail.cpp:320] Allocate on Rail 0 allocated control request XFER_ID=164 buffer_size=8192
I0317 11:11:05.025927    1186 libfabric_rail.cpp:997] Posting receive on endpoint=0x9f35750 buffer=0x7ef31b0b7010 size=8192 context=0x9ef2b90
I0317 11:11:05.025928    1186 libfabric_rail.cpp:1006] Receive posted successfully
I0317 11:11:05.025928    1186 libfabric_rail.cpp:320] Allocate on Rail 0 allocated control request XFER_ID=165 buffer_size=8192
I0317 11:11:05.025929    1186 libfabric_rail.cpp:997] Posting receive on endpoint=0x9f35750 buffer=0x7ef31b0b5010 size=8192 context=0x9ef2ae8
I0317 11:11:05.025930    1186 libfabric_rail.cpp:1006] Receive posted successfully
I0317 11:11:05.025930    1186 libfabric_rail.cpp:320] Allocate on Rail 0 allocated control request XFER_ID=166 buffer_size=8192
I0317 11:11:05.025931    1186 libfabric_rail.cpp:997] Posting receive on endpoint=0x9f35750 buffer=0x7ef31b0b3010 size=8192 context=0x9ef2a40
I0317 11:11:05.025932    1186 libfabric_rail.cpp:1006] Receive posted successfully
I0317 11:11:05.025932    1186 libfabric_rail.cpp:320] Allocate on Rail 0 allocated control request XFER_ID=167 buffer_size=8192
I0317 11:11:05.025933    1186 libfabric_rail.cpp:997] Posting receive on endpoint=0x9f35750 buffer=0x7ef31b0b1010 size=8192 context=0x9ef2990
I0317 11:11:05.025934    1186 libfabric_rail.cpp:1006] Receive posted successfully
I0317 11:11:05.025935    1186 libfabric_rail.cpp:320] Allocate on Rail 0 allocated control request XFER_ID=168 buffer_size=8192
I0317 11:11:05.025935    1186 libfabric_rail.cpp:997] Posting receive on endpoint=0x9f35750 buffer=0x7ef31b0af010 size=8192 context=0x9ef28e8
I0317 11:11:05.025936    1186 libfabric_rail.cpp:1006] Receive posted successfully
I0317 11:11:05.025937    1186 libfabric_rail.cpp:320] Allocate on Rail 0 allocated control request XFER_ID=169 buffer_size=8192
I0317 11:11:05.025937    1186 libfabric_rail.cpp:997] Posting receive on endpoint=0x9f35750 buffer=0x7ef31b0ad010 size=8192 context=0x9ef2840
I0317 11:11:05.025938    1186 libfabric_rail.cpp:1006] Receive posted successfully
I0317 11:11:05.025939    1186 libfabric_rail.cpp:320] Allocate on Rail 0 allocated control request XFER_ID=170 buffer_size=8192
I0317 11:11:05.025939    1186 libfabric_rail.cpp:997] Posting receive on endpoint=0x9f35750 buffer=0x7ef31b0ab010 size=8192 context=0x9ef2790
I0317 11:11:05.025940    1186 libfabric_rail.cpp:1006] Receive posted successfully
I0317 11:11:05.025941    1186 libfabric_rail.cpp:320] Allocate on Rail 0 allocated control request XFER_ID=171 buffer_size=8192
I0317 11:11:05.025942    1186 libfabric_rail.cpp:997] Posting receive on endpoint=0x9f35750 buffer=0x7ef31b0a9010 size=8192 context=0x9ef26e8
I0317 11:11:05.025943    1186 libfabric_rail.cpp:1006] Receive posted successfully
I0317 11:11:05.025943    1186 libfabric_rail.cpp:320] Allocate on Rail 0 allocated control request XFER_ID=172 buffer_size=8192
I0317 11:11:05.025947    1186 libfabric_rail.cpp:997] Posting receive on endpoint=0x9f35750 buffer=0x7ef31b0a7010 size=8192 context=0x9ef2640
I0317 11:11:05.025948    1186 libfabric_rail.cpp:1006] Receive posted successfully
I0317 11:11:05.025949    1186 libfabric_rail.cpp:320] Allocate on Rail 0 allocated control request XFER_ID=173 buffer_size=8192
I0317 11:11:05.025950    1186 libfabric_rail.cpp:997] Posting receive on endpoint=0x9f35750 buffer=0x7ef31b0a5010 size=8192 context=0x9ef2590
I0317 11:11:05.025950    1186 libfabric_rail.cpp:1006] Receive posted successfully
I0317 11:11:05.025951    1186 libfabric_rail.cpp:320] Allocate on Rail 0 allocated control request XFER_ID=174 buffer_size=8192
I0317 11:11:05.025952    1186 libfabric_rail.cpp:997] Posting receive on endpoint=0x9f35750 buffer=0x7ef31b0a3010 size=8192 context=0x9ef24e8
I0317 11:11:05.025953    1186 libfabric_rail.cpp:1006] Receive posted successfully
I0317 11:11:05.025953    1186 libfabric_rail.cpp:320] Allocate on Rail 0 allocated control request XFER_ID=175 buffer_size=8192
I0317 11:11:05.025954    1186 libfabric_rail.cpp:997] Posting receive on endpoint=0x9f35750 buffer=0x7ef31b0a1010 size=8192 context=0x9ef2440
I0317 11:11:05.025955    1186 libfabric_rail.cpp:1006] Receive posted successfully
I0317 11:11:05.025956    1186 libfabric_rail.cpp:320] Allocate on Rail 0 allocated control request XFER_ID=176 buffer_size=8192
I0317 11:11:05.025956    1186 libfabric_rail.cpp:997] Posting receive on endpoint=0x9f35750 buffer=0x7ef31b09f010 size=8192 context=0x9ef2390
I0317 11:11:05.025957    1186 libfabric_rail.cpp:1006] Receive posted successfully
I0317 11:11:05.025958    1186 libfabric_rail.cpp:320] Allocate on Rail 0 allocated control request XFER_ID=177 buffer_size=8192
I0317 11:11:05.025958    1186 libfabric_rail.cpp:997] Posting receive on endpoint=0x9f35750 buffer=0x7ef31b09d010 size=8192 context=0x9ef22e8
I0317 11:11:05.025960    1186 libfabric_rail.cpp:1006] Receive posted successfully
I0317 11:11:05.025960    1186 libfabric_rail.cpp:320] Allocate on Rail 0 allocated control request XFER_ID=178 buffer_size=8192
I0317 11:11:05.025961    1186 libfabric_rail.cpp:997] Posting receive on endpoint=0x9f35750 buffer=0x7ef31b09b010 size=8192 context=0x9ef2240
I0317 11:11:05.025962    1186 libfabric_rail.cpp:1006] Receive posted successfully
I0317 11:11:05.025962    1186 libfabric_rail.cpp:320] Allocate on Rail 0 allocated control request XFER_ID=179 buffer_size=8192
I0317 11:11:05.025963    1186 libfabric_rail.cpp:997] Posting receive on endpoint=0x9f35750 buffer=0x7ef31b099010 size=8192 context=0x9ef2190
I0317 11:11:05.025964    1186 libfabric_rail.cpp:1006] Receive posted successfully
I0317 11:11:05.025965    1186 libfabric_rail.cpp:320] Allocate on Rail 0 allocated control request XFER_ID=180 buffer_size=8192
I0317 11:11:05.025965    1186 libfabric_rail.cpp:997] Posting receive on endpoint=0x9f35750 buffer=0x7ef31b097010 size=8192 context=0x9ef20e8
I0317 11:11:05.025966    1186 libfabric_rail.cpp:1006] Receive posted successfully
I0317 11:11:05.025967    1186 libfabric_rail.cpp:320] Allocate on Rail 0 allocated control request XFER_ID=181 buffer_size=8192
I0317 11:11:05.025968    1186 libfabric_rail.cpp:997] Posting receive on endpoint=0x9f35750 buffer=0x7ef31b095010 size=8192 context=0x9ef2040
I0317 11:11:05.025969    1186 libfabric_rail.cpp:1006] Receive posted successfully
I0317 11:11:05.025969    1186 libfabric_rail.cpp:320] Allocate on Rail 0 allocated control request XFER_ID=182 buffer_size=8192
I0317 11:11:05.025970    1186 libfabric_rail.cpp:997] Posting receive on endpoint=0x9f35750 buffer=0x7ef31b093010 size=8192 context=0x9ef1f90
I0317 11:11:05.025971    1186 libfabric_rail.cpp:1006] Receive posted successfully
I0317 11:11:05.025972    1186 libfabric_rail.cpp:320] Allocate on Rail 0 allocated control request XFER_ID=183 buffer_size=8192
I0317 11:11:05.025973    1186 libfabric_rail.cpp:997] Posting receive on endpoint=0x9f35750 buffer=0x7ef31b091010 size=8192 context=0x9ef1ee8
I0317 11:11:05.025974    1186 libfabric_rail.cpp:1006] Receive posted successfully
I0317 11:11:05.025975    1186 libfabric_rail.cpp:320] Allocate on Rail 0 allocated control request XFER_ID=184 buffer_size=8192
I0317 11:11:05.025976    1186 libfabric_rail.cpp:997] Posting receive on endpoint=0x9f35750 buffer=0x7ef31b08f010 size=8192 context=0x9ef1e40
I0317 11:11:05.025977    1186 libfabric_rail.cpp:1006] Receive posted successfully
I0317 11:11:05.025977    1186 libfabric_rail.cpp:320] Allocate on Rail 0 allocated control request XFER_ID=185 buffer_size=8192
I0317 11:11:05.025978    1186 libfabric_rail.cpp:997] Posting receive on endpoint=0x9f35750 buffer=0x7ef31b08d010 size=8192 context=0x9ef1d90
I0317 11:11:05.025979    1186 libfabric_rail.cpp:1006] Receive posted successfully
I0317 11:11:05.025980    1186 libfabric_rail.cpp:320] Allocate on Rail 0 allocated control request XFER_ID=186 buffer_size=8192
I0317 11:11:05.025981    1186 libfabric_rail.cpp:997] Posting receive on endpoint=0x9f35750 buffer=0x7ef31b08b010 size=8192 context=0x9ef1ce8
I0317 11:11:05.025982    1186 libfabric_rail.cpp:1006] Receive posted successfully
I0317 11:11:05.025983    1186 libfabric_rail.cpp:320] Allocate on Rail 0 allocated control request XFER_ID=187 buffer_size=8192
I0317 11:11:05.025984    1186 libfabric_rail.cpp:997] Posting receive on endpoint=0x9f35750 buffer=0x7ef31b089010 size=8192 context=0x9ef1c40
I0317 11:11:05.025985    1186 libfabric_rail.cpp:1006] Receive posted successfully
I0317 11:11:05.025986    1186 libfabric_rail.cpp:320] Allocate on Rail 0 allocated control request XFER_ID=188 buffer_size=8192
I0317 11:11:05.025986    1186 libfabric_rail.cpp:997] Posting receive on endpoint=0x9f35750 buffer=0x7ef31b087010 size=8192 context=0x9ef1b90
I0317 11:11:05.025987    1186 libfabric_rail.cpp:1006] Receive posted successfully
I0317 11:11:05.025988    1186 libfabric_rail.cpp:320] Allocate on Rail 0 allocated control request XFER_ID=189 buffer_size=8192
I0317 11:11:05.025989    1186 libfabric_rail.cpp:997] Posting receive on endpoint=0x9f35750 buffer=0x7ef31b085010 size=8192 context=0x9ef1ae8
I0317 11:11:05.025990    1186 libfabric_rail.cpp:1006] Receive posted successfully
I0317 11:11:05.025991    1186 libfabric_rail.cpp:320] Allocate on Rail 0 allocated control request XFER_ID=190 buffer_size=8192
I0317 11:11:05.025992    1186 libfabric_rail.cpp:997] Posting receive on endpoint=0x9f35750 buffer=0x7ef31b083010 size=8192 context=0x9ef1a40
I0317 11:11:05.025993    1186 libfabric_rail.cpp:1006] Receive posted successfully
I0317 11:11:05.025994    1186 libfabric_rail.cpp:320] Allocate on Rail 0 allocated control request XFER_ID=191 buffer_size=8192
I0317 11:11:05.025995    1186 libfabric_rail.cpp:997] Posting receive on endpoint=0x9f35750 buffer=0x7ef31b081010 size=8192 context=0x9ef1990
I0317 11:11:05.025998    1186 libfabric_rail.cpp:1006] Receive posted successfully
I0317 11:11:05.025999    1186 libfabric_rail.cpp:320] Allocate on Rail 0 allocated control request XFER_ID=192 buffer_size=8192
I0317 11:11:05.026000    1186 libfabric_rail.cpp:997] Posting receive on endpoint=0x9f35750 buffer=0x7ef31b07f010 size=8192 context=0x9ef18e8
I0317 11:11:05.026001    1186 libfabric_rail.cpp:1006] Receive posted successfully
I0317 11:11:05.026002    1186 libfabric_rail.cpp:320] Allocate on Rail 0 allocated control request XFER_ID=193 buffer_size=8192
I0317 11:11:05.026003    1186 libfabric_rail.cpp:997] Posting receive on endpoint=0x9f35750 buffer=0x7ef31b07d010 size=8192 context=0x9ef1840
I0317 11:11:05.026004    1186 libfabric_rail.cpp:1006] Receive posted successfully
I0317 11:11:05.026004    1186 libfabric_rail.cpp:320] Allocate on Rail 0 allocated control request XFER_ID=194 buffer_size=8192
I0317 11:11:05.026005    1186 libfabric_rail.cpp:997] Posting receive on endpoint=0x9f35750 buffer=0x7ef31b07b010 size=8192 context=0x9ef1790
I0317 11:11:05.026006    1186 libfabric_rail.cpp:1006] Receive posted successfully
I0317 11:11:05.026007    1186 libfabric_rail.cpp:320] Allocate on Rail 0 allocated control request XFER_ID=195 buffer_size=8192
I0317 11:11:05.026008    1186 libfabric_rail.cpp:997] Posting receive on endpoint=0x9f35750 buffer=0x7ef31b079010 size=8192 context=0x9ef16e8
I0317 11:11:05.026009    1186 libfabric_rail.cpp:1006] Receive posted successfully
I0317 11:11:05.026010    1186 libfabric_rail.cpp:320] Allocate on Rail 0 allocated control request XFER_ID=196 buffer_size=8192
I0317 11:11:05.026011    1186 libfabric_rail.cpp:997] Posting receive on endpoint=0x9f35750 buffer=0x7ef31b077010 size=8192 context=0x9ef1640
I0317 11:11:05.026012    1186 libfabric_rail.cpp:1006] Receive posted successfully
I0317 11:11:05.026013    1186 libfabric_rail.cpp:320] Allocate on Rail 0 allocated control request XFER_ID=197 buffer_size=8192
I0317 11:11:05.026013    1186 libfabric_rail.cpp:997] Posting receive on endpoint=0x9f35750 buffer=0x7ef31b075010 size=8192 context=0x9ef1590
I0317 11:11:05.026014    1186 libfabric_rail.cpp:1006] Receive posted successfully
I0317 11:11:05.026015    1186 libfabric_rail.cpp:320] Allocate on Rail 0 allocated control request XFER_ID=198 buffer_size=8192
I0317 11:11:05.026016    1186 libfabric_rail.cpp:997] Posting receive on endpoint=0x9f35750 buffer=0x7ef31b073010 size=8192 context=0x9ef14e8
I0317 11:11:05.026017    1186 libfabric_rail.cpp:1006] Receive posted successfully
I0317 11:11:05.026018    1186 libfabric_rail.cpp:320] Allocate on Rail 0 allocated control request XFER_ID=199 buffer_size=8192
I0317 11:11:05.026019    1186 libfabric_rail.cpp:997] Posting receive on endpoint=0x9f35750 buffer=0x7ef31b071010 size=8192 context=0x9ef1440
I0317 11:11:05.026020    1186 libfabric_rail.cpp:1006] Receive posted successfully
I0317 11:11:05.026021    1186 libfabric_rail.cpp:320] Allocate on Rail 0 allocated control request XFER_ID=200 buffer_size=8192
I0317 11:11:05.026021    1186 libfabric_rail.cpp:997] Posting receive on endpoint=0x9f35750 buffer=0x7ef31b06f010 size=8192 context=0x9ef1390
I0317 11:11:05.026023    1186 libfabric_rail.cpp:1006] Receive posted successfully
I0317 11:11:05.026023    1186 libfabric_rail.cpp:320] Allocate on Rail 0 allocated control request XFER_ID=201 buffer_size=8192
I0317 11:11:05.026024    1186 libfabric_rail.cpp:997] Posting receive on endpoint=0x9f35750 buffer=0x7ef31b06d010 size=8192 context=0x9ef12e8
I0317 11:11:05.026025    1186 libfabric_rail.cpp:1006] Receive posted successfully
I0317 11:11:05.026026    1186 libfabric_rail.cpp:320] Allocate on Rail 0 allocated control request XFER_ID=202 buffer_size=8192
I0317 11:11:05.026027    1186 libfabric_rail.cpp:997] Posting receive on endpoint=0x9f35750 buffer=0x7ef31b06b010 size=8192 context=0x9ef1240
I0317 11:11:05.026028    1186 libfabric_rail.cpp:1006] Receive posted successfully
I0317 11:11:05.026029    1186 libfabric_rail.cpp:320] Allocate on Rail 0 allocated control request XFER_ID=203 buffer_size=8192
I0317 11:11:05.026030    1186 libfabric_rail.cpp:997] Posting receive on endpoint=0x9f35750 buffer=0x7ef31b069010 size=8192 context=0x9ef1190
I0317 11:11:05.026031    1186 libfabric_rail.cpp:1006] Receive posted successfully
I0317 11:11:05.026031    1186 libfabric_rail.cpp:320] Allocate on Rail 0 allocated control request XFER_ID=204 buffer_size=8192
I0317 11:11:05.026032    1186 libfabric_rail.cpp:997] Posting receive on endpoint=0x9f35750 buffer=0x7ef31b067010 size=8192 context=0x9ef10e8
I0317 11:11:05.026033    1186 libfabric_rail.cpp:1006] Receive posted successfully
I0317 11:11:05.026034    1186 libfabric_rail.cpp:320] Allocate on Rail 0 allocated control request XFER_ID=205 buffer_size=8192
I0317 11:11:05.026035    1186 libfabric_rail.cpp:997] Posting receive on endpoint=0x9f35750 buffer=0x7ef31b065010 size=8192 context=0x9ef1040
I0317 11:11:05.026036    1186 libfabric_rail.cpp:1006] Receive posted successfully
I0317 11:11:05.026036    1186 libfabric_rail.cpp:320] Allocate on Rail 0 allocated control request XFER_ID=206 buffer_size=8192
I0317 11:11:05.026037    1186 libfabric_rail.cpp:997] Posting receive on endpoint=0x9f35750 buffer=0x7ef31b063010 size=8192 context=0x9ef0f90
I0317 11:11:05.026038    1186 libfabric_rail.cpp:1006] Receive posted successfully
I0317 11:11:05.026038    1186 libfabric_rail.cpp:320] Allocate on Rail 0 allocated control request XFER_ID=207 buffer_size=8192
I0317 11:11:05.026039    1186 libfabric_rail.cpp:997] Posting receive on endpoint=0x9f35750 buffer=0x7ef31b061010 size=8192 context=0x9ef0ee8
I0317 11:11:05.026040    1186 libfabric_rail.cpp:1006] Receive posted successfully
I0317 11:11:05.026040    1186 libfabric_rail.cpp:320] Allocate on Rail 0 allocated control request XFER_ID=208 buffer_size=8192
I0317 11:11:05.026041    1186 libfabric_rail.cpp:997] Posting receive on endpoint=0x9f35750 buffer=0x7ef31b05f010 size=8192 context=0x9ef0e40
I0317 11:11:05.026042    1186 libfabric_rail.cpp:1006] Receive posted successfully
I0317 11:11:05.026043    1186 libfabric_rail.cpp:320] Allocate on Rail 0 allocated control request XFER_ID=209 buffer_size=8192
I0317 11:11:05.026046    1186 libfabric_rail.cpp:997] Posting receive on endpoint=0x9f35750 buffer=0x7ef31b05d010 size=8192 context=0x9ef0d90
I0317 11:11:05.026047    1186 libfabric_rail.cpp:1006] Receive posted successfully
I0317 11:11:05.026048    1186 libfabric_rail.cpp:320] Allocate on Rail 0 allocated control request XFER_ID=210 buffer_size=8192
I0317 11:11:05.026048    1186 libfabric_rail.cpp:997] Posting receive on endpoint=0x9f35750 buffer=0x7ef31b05b010 size=8192 context=0x9ef0ce8
I0317 11:11:05.026049    1186 libfabric_rail.cpp:1006] Receive posted successfully
I0317 11:11:05.026050    1186 libfabric_rail.cpp:320] Allocate on Rail 0 allocated control request XFER_ID=211 buffer_size=8192
I0317 11:11:05.026050    1186 libfabric_rail.cpp:997] Posting receive on endpoint=0x9f35750 buffer=0x7ef31b059010 size=8192 context=0x9ef0c40
I0317 11:11:05.026051    1186 libfabric_rail.cpp:1006] Receive posted successfully
I0317 11:11:05.026052    1186 libfabric_rail.cpp:320] Allocate on Rail 0 allocated control request XFER_ID=212 buffer_size=8192
I0317 11:11:05.026052    1186 libfabric_rail.cpp:997] Posting receive on endpoint=0x9f35750 buffer=0x7ef31b057010 size=8192 context=0x9ef0b90
I0317 11:11:05.026053    1186 libfabric_rail.cpp:1006] Receive posted successfully
I0317 11:11:05.026054    1186 libfabric_rail.cpp:320] Allocate on Rail 0 allocated control request XFER_ID=213 buffer_size=8192
I0317 11:11:05.026055    1186 libfabric_rail.cpp:997] Posting receive on endpoint=0x9f35750 buffer=0x7ef31b055010 size=8192 context=0x9ef0ae8
I0317 11:11:05.026056    1186 libfabric_rail.cpp:1006] Receive posted successfully
I0317 11:11:05.026056    1186 libfabric_rail.cpp:320] Allocate on Rail 0 allocated control request XFER_ID=214 buffer_size=8192
I0317 11:11:05.026057    1186 libfabric_rail.cpp:997] Posting receive on endpoint=0x9f35750 buffer=0x7ef31b053010 size=8192 context=0x9ef0a40
I0317 11:11:05.026058    1186 libfabric_rail.cpp:1006] Receive posted successfully
I0317 11:11:05.026058    1186 libfabric_rail.cpp:320] Allocate on Rail 0 allocated control request XFER_ID=215 buffer_size=8192
I0317 11:11:05.026059    1186 libfabric_rail.cpp:997] Posting receive on endpoint=0x9f35750 buffer=0x7ef31b051010 size=8192 context=0x9ef0990
I0317 11:11:05.026060    1186 libfabric_rail.cpp:1006] Receive posted successfully
I0317 11:11:05.026060    1186 libfabric_rail.cpp:320] Allocate on Rail 0 allocated control request XFER_ID=216 buffer_size=8192
I0317 11:11:05.026061    1186 libfabric_rail.cpp:997] Posting receive on endpoint=0x9f35750 buffer=0x7ef31b04f010 size=8192 context=0x9ef08e8
I0317 11:11:05.026062    1186 libfabric_rail.cpp:1006] Receive posted successfully
I0317 11:11:05.026063    1186 libfabric_rail.cpp:320] Allocate on Rail 0 allocated control request XFER_ID=217 buffer_size=8192
I0317 11:11:05.026064    1186 libfabric_rail.cpp:997] Posting receive on endpoint=0x9f35750 buffer=0x7ef31b04d010 size=8192 context=0x9ef0840
I0317 11:11:05.026065    1186 libfabric_rail.cpp:1006] Receive posted successfully
I0317 11:11:05.026066    1186 libfabric_rail.cpp:320] Allocate on Rail 0 allocated control request XFER_ID=218 buffer_size=8192
I0317 11:11:05.026067    1186 libfabric_rail.cpp:997] Posting receive on endpoint=0x9f35750 buffer=0x7ef31b04b010 size=8192 context=0x9ef0790
I0317 11:11:05.026068    1186 libfabric_rail.cpp:1006] Receive posted successfully
I0317 11:11:05.026068    1186 libfabric_rail.cpp:320] Allocate on Rail 0 allocated control request XFER_ID=219 buffer_size=8192
I0317 11:11:05.026069    1186 libfabric_rail.cpp:997] Posting receive on endpoint=0x9f35750 buffer=0x7ef31b049010 size=8192 context=0x9ef06e8
I0317 11:11:05.026070    1186 libfabric_rail.cpp:1006] Receive posted successfully
I0317 11:11:05.026071    1186 libfabric_rail.cpp:320] Allocate on Rail 0 allocated control request XFER_ID=220 buffer_size=8192
I0317 11:11:05.026072    1186 libfabric_rail.cpp:997] Posting receive on endpoint=0x9f35750 buffer=0x7ef31b047010 size=8192 context=0x9ef0640
I0317 11:11:05.026073    1186 libfabric_rail.cpp:1006] Receive posted successfully
I0317 11:11:05.026074    1186 libfabric_rail.cpp:320] Allocate on Rail 0 allocated control request XFER_ID=221 buffer_size=8192
I0317 11:11:05.026075    1186 libfabric_rail.cpp:997] Posting receive on endpoint=0x9f35750 buffer=0x7ef31b045010 size=8192 context=0x9ef0590
I0317 11:11:05.026076    1186 libfabric_rail.cpp:1006] Receive posted successfully
I0317 11:11:05.026076    1186 libfabric_rail.cpp:320] Allocate on Rail 0 allocated control request XFER_ID=222 buffer_size=8192
I0317 11:11:05.026077    1186 libfabric_rail.cpp:997] Posting receive on endpoint=0x9f35750 buffer=0x7ef31b043010 size=8192 context=0x9ef04e8
I0317 11:11:05.026078    1186 libfabric_rail.cpp:1006] Receive posted successfully
I0317 11:11:05.026079    1186 libfabric_rail.cpp:320] Allocate on Rail 0 allocated control request XFER_ID=223 buffer_size=8192
I0317 11:11:05.026080    1186 libfabric_rail.cpp:997] Posting receive on endpoint=0x9f35750 buffer=0x7ef31b041010 size=8192 context=0x9ef0440
I0317 11:11:05.026081    1186 libfabric_rail.cpp:1006] Receive posted successfully
I0317 11:11:05.026082    1186 libfabric_rail.cpp:320] Allocate on Rail 0 allocated control request XFER_ID=224 buffer_size=8192
I0317 11:11:05.026083    1186 libfabric_rail.cpp:997] Posting receive on endpoint=0x9f35750 buffer=0x7ef31b03f010 size=8192 context=0x9ef0390
I0317 11:11:05.026084    1186 libfabric_rail.cpp:1006] Receive posted successfully
I0317 11:11:05.026084    1186 libfabric_rail.cpp:320] Allocate on Rail 0 allocated control request XFER_ID=225 buffer_size=8192
I0317 11:11:05.026085    1186 libfabric_rail.cpp:997] Posting receive on endpoint=0x9f35750 buffer=0x7ef31b03d010 size=8192 context=0x9ef02e8
I0317 11:11:05.026086    1186 libfabric_rail.cpp:1006] Receive posted successfully
I0317 11:11:05.026088    1186 libfabric_rail.cpp:320] Allocate on Rail 0 allocated control request XFER_ID=226 buffer_size=8192
I0317 11:11:05.026090    1186 libfabric_rail.cpp:997] Posting receive on endpoint=0x9f35750 buffer=0x7ef31b03b010 size=8192 context=0x9ef0240
I0317 11:11:05.026091    1186 libfabric_rail.cpp:1006] Receive posted successfully
I0317 11:11:05.026091    1186 libfabric_rail.cpp:320] Allocate on Rail 0 allocated control request XFER_ID=227 buffer_size=8192
I0317 11:11:05.026092    1186 libfabric_rail.cpp:997] Posting receive on endpoint=0x9f35750 buffer=0x7ef31b039010 size=8192 context=0x9ef0190
I0317 11:11:05.026093    1186 libfabric_rail.cpp:1006] Receive posted successfully
I0317 11:11:05.026094    1186 libfabric_rail.cpp:320] Allocate on Rail 0 allocated control request XFER_ID=228 buffer_size=8192
I0317 11:11:05.026095    1186 libfabric_rail.cpp:997] Posting receive on endpoint=0x9f35750 buffer=0x7ef31b037010 size=8192 context=0x9ef00e8
I0317 11:11:05.026096    1186 libfabric_rail.cpp:1006] Receive posted successfully
I0317 11:11:05.026097    1186 libfabric_rail.cpp:320] Allocate on Rail 0 allocated control request XFER_ID=229 buffer_size=8192
I0317 11:11:05.026098    1186 libfabric_rail.cpp:997] Posting receive on endpoint=0x9f35750 buffer=0x7ef31b035010 size=8192 context=0x9ef0040
I0317 11:11:05.026099    1186 libfabric_rail.cpp:1006] Receive posted successfully
I0317 11:11:05.026100    1186 libfabric_rail.cpp:320] Allocate on Rail 0 allocated control request XFER_ID=230 buffer_size=8192
I0317 11:11:05.026101    1186 libfabric_rail.cpp:997] Posting receive on endpoint=0x9f35750 buffer=0x7ef31b033010 size=8192 context=0x9eeff90
I0317 11:11:05.026102    1186 libfabric_rail.cpp:1006] Receive posted successfully
I0317 11:11:05.026102    1186 libfabric_rail.cpp:320] Allocate on Rail 0 allocated control request XFER_ID=231 buffer_size=8192
I0317 11:11:05.026103    1186 libfabric_rail.cpp:997] Posting receive on endpoint=0x9f35750 buffer=0x7ef31b031010 size=8192 context=0x9eefee8
I0317 11:11:05.026104    1186 libfabric_rail.cpp:1006] Receive posted successfully
I0317 11:11:05.026105    1186 libfabric_rail.cpp:320] Allocate on Rail 0 allocated control request XFER_ID=232 buffer_size=8192
I0317 11:11:05.026106    1186 libfabric_rail.cpp:997] Posting receive on endpoint=0x9f35750 buffer=0x7ef31b02f010 size=8192 context=0x9eefe40
I0317 11:11:05.026107    1186 libfabric_rail.cpp:1006] Receive posted successfully
I0317 11:11:05.026108    1186 libfabric_rail.cpp:320] Allocate on Rail 0 allocated control request XFER_ID=233 buffer_size=8192
I0317 11:11:05.026109    1186 libfabric_rail.cpp:997] Posting receive on endpoint=0x9f35750 buffer=0x7ef31b02d010 size=8192 context=0x9eefd90
I0317 11:11:05.026110    1186 libfabric_rail.cpp:1006] Receive posted successfully
I0317 11:11:05.026110    1186 libfabric_rail.cpp:320] Allocate on Rail 0 allocated control request XFER_ID=234 buffer_size=8192
I0317 11:11:05.026111    1186 libfabric_rail.cpp:997] Posting receive on endpoint=0x9f35750 buffer=0x7ef31b02b010 size=8192 context=0x9eefce8
I0317 11:11:05.026112    1186 libfabric_rail.cpp:1006] Receive posted successfully
I0317 11:11:05.026113    1186 libfabric_rail.cpp:320] Allocate on Rail 0 allocated control request XFER_ID=235 buffer_size=8192
I0317 11:11:05.026114    1186 libfabric_rail.cpp:997] Posting receive on endpoint=0x9f35750 buffer=0x7ef31b029010 size=8192 context=0x9eefc40
I0317 11:11:05.026115    1186 libfabric_rail.cpp:1006] Receive posted successfully
I0317 11:11:05.026116    1186 libfabric_rail.cpp:320] Allocate on Rail 0 allocated control request XFER_ID=236 buffer_size=8192
I0317 11:11:05.026117    1186 libfabric_rail.cpp:997] Posting receive on endpoint=0x9f35750 buffer=0x7ef31b027010 size=8192 context=0x9eefb90
I0317 11:11:05.026118    1186 libfabric_rail.cpp:1006] Receive posted successfully
I0317 11:11:05.026119    1186 libfabric_rail.cpp:320] Allocate on Rail 0 allocated control request XFER_ID=237 buffer_size=8192
I0317 11:11:05.026119    1186 libfabric_rail.cpp:997] Posting receive on endpoint=0x9f35750 buffer=0x7ef31b025010 size=8192 context=0x9eefae8
I0317 11:11:05.026120    1186 libfabric_rail.cpp:1006] Receive posted successfully
I0317 11:11:05.026121    1186 libfabric_rail.cpp:320] Allocate on Rail 0 allocated control request XFER_ID=238 buffer_size=8192
I0317 11:11:05.026122    1186 libfabric_rail.cpp:997] Posting receive on endpoint=0x9f35750 buffer=0x7ef31b023010 size=8192 context=0x9eefa40
I0317 11:11:05.026123    1186 libfabric_rail.cpp:1006] Receive posted successfully
I0317 11:11:05.026124    1186 libfabric_rail.cpp:320] Allocate on Rail 0 allocated control request XFER_ID=239 buffer_size=8192
I0317 11:11:05.026125    1186 libfabric_rail.cpp:997] Posting receive on endpoint=0x9f35750 buffer=0x7ef31b021010 size=8192 context=0x9eef990
I0317 11:11:05.026126    1186 libfabric_rail.cpp:1006] Receive posted successfully
I0317 11:11:05.026126    1186 libfabric_rail.cpp:320] Allocate on Rail 0 allocated control request XFER_ID=240 buffer_size=8192
I0317 11:11:05.026127    1186 libfabric_rail.cpp:997] Posting receive on endpoint=0x9f35750 buffer=0x7ef31b01f010 size=8192 context=0x9eef8e8
I0317 11:11:05.026128    1186 libfabric_rail.cpp:1006] Receive posted successfully
I0317 11:11:05.026129    1186 libfabric_rail.cpp:320] Allocate on Rail 0 allocated control request XFER_ID=241 buffer_size=8192
I0317 11:11:05.026129    1186 libfabric_rail.cpp:997] Posting receive on endpoint=0x9f35750 buffer=0x7ef31b01d010 size=8192 context=0x9eef840
I0317 11:11:05.026130    1186 libfabric_rail.cpp:1006] Receive posted successfully
I0317 11:11:05.026131    1186 libfabric_rail.cpp:320] Allocate on Rail 0 allocated control request XFER_ID=242 buffer_size=8192
I0317 11:11:05.026131    1186 libfabric_rail.cpp:997] Posting receive on endpoint=0x9f35750 buffer=0x7ef31b01b010 size=8192 context=0x9eef790
I0317 11:11:05.026132    1186 libfabric_rail.cpp:1006] Receive posted successfully
I0317 11:11:05.026133    1186 libfabric_rail.cpp:320] Allocate on Rail 0 allocated control request XFER_ID=243 buffer_size=8192
I0317 11:11:05.026134    1186 libfabric_rail.cpp:997] Posting receive on endpoint=0x9f35750 buffer=0x7ef31b019010 size=8192 context=0x9eef6e8
I0317 11:11:05.026135    1186 libfabric_rail.cpp:1006] Receive posted successfully
I0317 11:11:05.026135    1186 libfabric_rail.cpp:320] Allocate on Rail 0 allocated control request XFER_ID=244 buffer_size=8192
I0317 11:11:05.026136    1186 libfabric_rail.cpp:997] Posting receive on endpoint=0x9f35750 buffer=0x7ef31b017010 size=8192 context=0x9eef640
I0317 11:11:05.026137    1186 libfabric_rail.cpp:1006] Receive posted successfully
I0317 11:11:05.026138    1186 libfabric_rail.cpp:320] Allocate on Rail 0 allocated control request XFER_ID=245 buffer_size=8192
I0317 11:11:05.026138    1186 libfabric_rail.cpp:997] Posting receive on endpoint=0x9f35750 buffer=0x7ef31b015010 size=8192 context=0x9eef590
I0317 11:11:05.026139    1186 libfabric_rail.cpp:1006] Receive posted successfully
I0317 11:11:05.026140    1186 libfabric_rail.cpp:320] Allocate on Rail 0 allocated control request XFER_ID=246 buffer_size=8192
I0317 11:11:05.026140    1186 libfabric_rail.cpp:997] Posting receive on endpoint=0x9f35750 buffer=0x7ef31b013010 size=8192 context=0x9eef4e8
I0317 11:11:05.026141    1186 libfabric_rail.cpp:1006] Receive posted successfully
I0317 11:11:05.026142    1186 libfabric_rail.cpp:320] Allocate on Rail 0 allocated control request XFER_ID=247 buffer_size=8192
I0317 11:11:05.026142    1186 libfabric_rail.cpp:997] Posting receive on endpoint=0x9f35750 buffer=0x7ef31b011010 size=8192 context=0x9eef440
I0317 11:11:05.026143    1186 libfabric_rail.cpp:1006] Receive posted successfully
I0317 11:11:05.026144    1186 libfabric_rail.cpp:320] Allocate on Rail 0 allocated control request XFER_ID=248 buffer_size=8192
I0317 11:11:05.026144    1186 libfabric_rail.cpp:997] Posting receive on endpoint=0x9f35750 buffer=0x7ef31b00f010 size=8192 context=0x9eef390
I0317 11:11:05.026145    1186 libfabric_rail.cpp:1006] Receive posted successfully
I0317 11:11:05.026146    1186 libfabric_rail.cpp:320] Allocate on Rail 0 allocated control request XFER_ID=249 buffer_size=8192
I0317 11:11:05.026147    1186 libfabric_rail.cpp:997] Posting receive on endpoint=0x9f35750 buffer=0x7ef31b00d010 size=8192 context=0x9eef2e8
I0317 11:11:05.026147    1186 libfabric_rail.cpp:1006] Receive posted successfully
I0317 11:11:05.026148    1186 libfabric_rail.cpp:320] Allocate on Rail 0 allocated control request XFER_ID=250 buffer_size=8192
I0317 11:11:05.026149    1186 libfabric_rail.cpp:997] Posting receive on endpoint=0x9f35750 buffer=0x7ef31b00b010 size=8192 context=0x9eef240
I0317 11:11:05.026149    1186 libfabric_rail.cpp:1006] Receive posted successfully
I0317 11:11:05.026151    1186 libfabric_rail.cpp:320] Allocate on Rail 0 allocated control request XFER_ID=251 buffer_size=8192
I0317 11:11:05.026151    1186 libfabric_rail.cpp:997] Posting receive on endpoint=0x9f35750 buffer=0x7ef31b009010 size=8192 context=0x9eef190
I0317 11:11:05.026152    1186 libfabric_rail.cpp:1006] Receive posted successfully
I0317 11:11:05.026153    1186 libfabric_rail.cpp:320] Allocate on Rail 0 allocated control request XFER_ID=252 buffer_size=8192
I0317 11:11:05.026153    1186 libfabric_rail.cpp:997] Posting receive on endpoint=0x9f35750 buffer=0x7ef31b007010 size=8192 context=0x9eef0e8
I0317 11:11:05.026155    1186 libfabric_rail.cpp:1006] Receive posted successfully
I0317 11:11:05.026155    1186 libfabric_rail.cpp:320] Allocate on Rail 0 allocated control request XFER_ID=253 buffer_size=8192
I0317 11:11:05.026156    1186 libfabric_rail.cpp:997] Posting receive on endpoint=0x9f35750 buffer=0x7ef31b005010 size=8192 context=0x9eef040
I0317 11:11:05.026157    1186 libfabric_rail.cpp:1006] Receive posted successfully
I0317 11:11:05.026158    1186 libfabric_rail.cpp:320] Allocate on Rail 0 allocated control request XFER_ID=254 buffer_size=8192
I0317 11:11:05.026158    1186 libfabric_rail.cpp:997] Posting receive on endpoint=0x9f35750 buffer=0x7ef31b003010 size=8192 context=0x9eeef90
I0317 11:11:05.026159    1186 libfabric_rail.cpp:1006] Receive posted successfully
I0317 11:11:05.026160    1186 libfabric_rail.cpp:320] Allocate on Rail 0 allocated control request XFER_ID=255 buffer_size=8192
I0317 11:11:05.026161    1186 libfabric_rail.cpp:997] Posting receive on endpoint=0x9f35750 buffer=0x7ef31b001010 size=8192 context=0x9eeeee8
I0317 11:11:05.026161    1186 libfabric_rail.cpp:1006] Receive posted successfully
I0317 11:11:05.026162    1186 libfabric_rail.cpp:320] Allocate on Rail 0 allocated control request XFER_ID=256 buffer_size=8192
I0317 11:11:05.026163    1186 libfabric_rail.cpp:997] Posting receive on endpoint=0x9f35750 buffer=0x7ef31afff010 size=8192 context=0x9eeee40
I0317 11:11:05.026164    1186 libfabric_rail.cpp:1006] Receive posted successfully
I0317 11:11:05.026164    1186 libfabric_rail.cpp:320] Allocate on Rail 0 allocated control request XFER_ID=257 buffer_size=8192
I0317 11:11:05.026167    1186 libfabric_rail.cpp:997] Posting receive on endpoint=0x9f35750 buffer=0x7ef31affd010 size=8192 context=0x9eeed90
I0317 11:11:05.026168    1186 libfabric_rail.cpp:1006] Receive posted successfully
I0317 11:11:05.026169    1186 libfabric_rail.cpp:320] Allocate on Rail 0 allocated control request XFER_ID=258 buffer_size=8192
I0317 11:11:05.026169    1186 libfabric_rail.cpp:997] Posting receive on endpoint=0x9f35750 buffer=0x7ef31affb010 size=8192 context=0x9eeece8
I0317 11:11:05.026170    1186 libfabric_rail.cpp:1006] Receive posted successfully
I0317 11:11:05.026171    1186 libfabric_rail.cpp:320] Allocate on Rail 0 allocated control request XFER_ID=259 buffer_size=8192
I0317 11:11:05.026172    1186 libfabric_rail.cpp:997] Posting receive on endpoint=0x9f35750 buffer=0x7ef31aff9010 size=8192 context=0x9eeec40
I0317 11:11:05.026172    1186 libfabric_rail.cpp:1006] Receive posted successfully
I0317 11:11:05.026173    1186 libfabric_rail.cpp:320] Allocate on Rail 0 allocated control request XFER_ID=260 buffer_size=8192
I0317 11:11:05.026174    1186 libfabric_rail.cpp:997] Posting receive on endpoint=0x9f35750 buffer=0x7ef31aff7010 size=8192 context=0x9eeeb90
I0317 11:11:05.026175    1186 libfabric_rail.cpp:1006] Receive posted successfully
I0317 11:11:05.026175    1186 libfabric_rail.cpp:320] Allocate on Rail 0 allocated control request XFER_ID=261 buffer_size=8192
I0317 11:11:05.026176    1186 libfabric_rail.cpp:997] Posting receive on endpoint=0x9f35750 buffer=0x7ef31aff5010 size=8192 context=0x9eeeae8
I0317 11:11:05.026177    1186 libfabric_rail.cpp:1006] Receive posted successfully
I0317 11:11:05.026177    1186 libfabric_rail.cpp:320] Allocate on Rail 0 allocated control request XFER_ID=262 buffer_size=8192
I0317 11:11:05.026178    1186 libfabric_rail.cpp:997] Posting receive on endpoint=0x9f35750 buffer=0x7ef31aff3010 size=8192 context=0x9eeea40
I0317 11:11:05.026179    1186 libfabric_rail.cpp:1006] Receive posted successfully
I0317 11:11:05.026180    1186 libfabric_rail.cpp:320] Allocate on Rail 0 allocated control request XFER_ID=263 buffer_size=8192
I0317 11:11:05.026181    1186 libfabric_rail.cpp:997] Posting receive on endpoint=0x9f35750 buffer=0x7ef31aff1010 size=8192 context=0x9eee990
I0317 11:11:05.026182    1186 libfabric_rail.cpp:1006] Receive posted successfully
I0317 11:11:05.026182    1186 libfabric_rail.cpp:320] Allocate on Rail 0 allocated control request XFER_ID=264 buffer_size=8192
I0317 11:11:05.026183    1186 libfabric_rail.cpp:997] Posting receive on endpoint=0x9f35750 buffer=0x7ef31afef010 size=8192 context=0x9eee8e8
I0317 11:11:05.026184    1186 libfabric_rail.cpp:1006] Receive posted successfully
I0317 11:11:05.026185    1186 libfabric_rail.cpp:320] Allocate on Rail 0 allocated control request XFER_ID=265 buffer_size=8192
I0317 11:11:05.026186    1186 libfabric_rail.cpp:997] Posting receive on endpoint=0x9f35750 buffer=0x7ef31afed010 size=8192 context=0x9eee840
I0317 11:11:05.026187    1186 libfabric_rail.cpp:1006] Receive posted successfully
I0317 11:11:05.026188    1186 libfabric_rail.cpp:320] Allocate on Rail 0 allocated control request XFER_ID=266 buffer_size=8192
I0317 11:11:05.026189    1186 libfabric_rail.cpp:997] Posting receive on endpoint=0x9f35750 buffer=0x7ef31afeb010 size=8192 context=0x9eee790
I0317 11:11:05.026190    1186 libfabric_rail.cpp:1006] Receive posted successfully
I0317 11:11:05.026191    1186 libfabric_rail.cpp:320] Allocate on Rail 0 allocated control request XFER_ID=267 buffer_size=8192
I0317 11:11:05.026191    1186 libfabric_rail.cpp:997] Posting receive on endpoint=0x9f35750 buffer=0x7ef31afe9010 size=8192 context=0x9eee6e8
I0317 11:11:05.026193    1186 libfabric_rail.cpp:1006] Receive posted successfully
I0317 11:11:05.026193    1186 libfabric_rail.cpp:320] Allocate on Rail 0 allocated control request XFER_ID=268 buffer_size=8192
I0317 11:11:05.026195    1186 libfabric_rail.cpp:997] Posting receive on endpoint=0x9f35750 buffer=0x7ef31afe7010 size=8192 context=0x9eee640
I0317 11:11:05.026196    1186 libfabric_rail.cpp:1006] Receive posted successfully
I0317 11:11:05.026197    1186 libfabric_rail.cpp:320] Allocate on Rail 0 allocated control request XFER_ID=269 buffer_size=8192
I0317 11:11:05.026197    1186 libfabric_rail.cpp:997] Posting receive on endpoint=0x9f35750 buffer=0x7ef31afe5010 size=8192 context=0x9eee590
I0317 11:11:05.026198    1186 libfabric_rail.cpp:1006] Receive posted successfully
I0317 11:11:05.026199    1186 libfabric_rail.cpp:320] Allocate on Rail 0 allocated control request XFER_ID=270 buffer_size=8192
I0317 11:11:05.026200    1186 libfabric_rail.cpp:997] Posting receive on endpoint=0x9f35750 buffer=0x7ef31afe3010 size=8192 context=0x9eee4e8
I0317 11:11:05.026201    1186 libfabric_rail.cpp:1006] Receive posted successfully
I0317 11:11:05.026202    1186 libfabric_rail.cpp:320] Allocate on Rail 0 allocated control request XFER_ID=271 buffer_size=8192
I0317 11:11:05.026203    1186 libfabric_rail.cpp:997] Posting receive on endpoint=0x9f35750 buffer=0x7ef31afe1010 size=8192 context=0x9eee440
I0317 11:11:05.026204    1186 libfabric_rail.cpp:1006] Receive posted successfully
I0317 11:11:05.026205    1186 libfabric_rail.cpp:320] Allocate on Rail 0 allocated control request XFER_ID=272 buffer_size=8192
I0317 11:11:05.026206    1186 libfabric_rail.cpp:997] Posting receive on endpoint=0x9f35750 buffer=0x7ef31afdf010 size=8192 context=0x9eee390
I0317 11:11:05.026207    1186 libfabric_rail.cpp:1006] Receive posted successfully
I0317 11:11:05.026207    1186 libfabric_rail.cpp:320] Allocate on Rail 0 allocated control request XFER_ID=273 buffer_size=8192
I0317 11:11:05.026208    1186 libfabric_rail.cpp:997] Posting receive on endpoint=0x9f35750 buffer=0x7ef31afdd010 size=8192 context=0x9eee2e8
I0317 11:11:05.026209    1186 libfabric_rail.cpp:1006] Receive posted successfully
I0317 11:11:05.026210    1186 libfabric_rail.cpp:320] Allocate on Rail 0 allocated control request XFER_ID=274 buffer_size=8192
I0317 11:11:05.026211    1186 libfabric_rail.cpp:997] Posting receive on endpoint=0x9f35750 buffer=0x7ef31afdb010 size=8192 context=0x9eee240
I0317 11:11:05.026212    1186 libfabric_rail.cpp:1006] Receive posted successfully
I0317 11:11:05.026212    1186 libfabric_rail.cpp:320] Allocate on Rail 0 allocated control request XFER_ID=275 buffer_size=8192
I0317 11:11:05.026213    1186 libfabric_rail.cpp:997] Posting receive on endpoint=0x9f35750 buffer=0x7ef31afd9010 size=8192 context=0x9eee190
I0317 11:11:05.026214    1186 libfabric_rail.cpp:1006] Receive posted successfully
I0317 11:11:05.026215    1186 libfabric_rail.cpp:320] Allocate on Rail 0 allocated control request XFER_ID=276 buffer_size=8192
I0317 11:11:05.026215    1186 libfabric_rail.cpp:997] Posting receive on endpoint=0x9f35750 buffer=0x7ef31afd7010 size=8192 context=0x9eee0e8
I0317 11:11:05.026216    1186 libfabric_rail.cpp:1006] Receive posted successfully
I0317 11:11:05.026217    1186 libfabric_rail.cpp:320] Allocate on Rail 0 allocated control request XFER_ID=277 buffer_size=8192
I0317 11:11:05.026217    1186 libfabric_rail.cpp:997] Posting receive on endpoint=0x9f35750 buffer=0x7ef31afd5010 size=8192 context=0x9eee040
I0317 11:11:05.026218    1186 libfabric_rail.cpp:1006] Receive posted successfully
I0317 11:11:05.026219    1186 libfabric_rail.cpp:320] Allocate on Rail 0 allocated control request XFER_ID=278 buffer_size=8192
I0317 11:11:05.026219    1186 libfabric_rail.cpp:997] Posting receive on endpoint=0x9f35750 buffer=0x7ef31afd3010 size=8192 context=0x9eedf90
I0317 11:11:05.026220    1186 libfabric_rail.cpp:1006] Receive posted successfully
I0317 11:11:05.026221    1186 libfabric_rail.cpp:320] Allocate on Rail 0 allocated control request XFER_ID=279 buffer_size=8192
I0317 11:11:05.026221    1186 libfabric_rail.cpp:997] Posting receive on endpoint=0x9f35750 buffer=0x7ef31afd1010 size=8192 context=0x9eedee8
I0317 11:11:05.026222    1186 libfabric_rail.cpp:1006] Receive posted successfully
I0317 11:11:05.026223    1186 libfabric_rail.cpp:320] Allocate on Rail 0 allocated control request XFER_ID=280 buffer_size=8192
I0317 11:11:05.026224    1186 libfabric_rail.cpp:997] Posting receive on endpoint=0x9f35750 buffer=0x7ef31afcf010 size=8192 context=0x9eede40
I0317 11:11:05.026224    1186 libfabric_rail.cpp:1006] Receive posted successfully
I0317 11:11:05.026225    1186 libfabric_rail.cpp:320] Allocate on Rail 0 allocated control request XFER_ID=281 buffer_size=8192
I0317 11:11:05.026226    1186 libfabric_rail.cpp:997] Posting receive on endpoint=0x9f35750 buffer=0x7ef31afcd010 size=8192 context=0x9eedd90
I0317 11:11:05.026226    1186 libfabric_rail.cpp:1006] Receive posted successfully
I0317 11:11:05.026227    1186 libfabric_rail.cpp:320] Allocate on Rail 0 allocated control request XFER_ID=282 buffer_size=8192
I0317 11:11:05.026228    1186 libfabric_rail.cpp:997] Posting receive on endpoint=0x9f35750 buffer=0x7ef31afcb010 size=8192 context=0x9eedce8
I0317 11:11:05.026229    1186 libfabric_rail.cpp:1006] Receive posted successfully
I0317 11:11:05.026229    1186 libfabric_rail.cpp:320] Allocate on Rail 0 allocated control request XFER_ID=283 buffer_size=8192
I0317 11:11:05.026230    1186 libfabric_rail.cpp:997] Posting receive on endpoint=0x9f35750 buffer=0x7ef31afc9010 size=8192 context=0x9eedc40
I0317 11:11:05.026231    1186 libfabric_rail.cpp:1006] Receive posted successfully
I0317 11:11:05.026231    1186 libfabric_rail.cpp:320] Allocate on Rail 0 allocated control request XFER_ID=284 buffer_size=8192
I0317 11:11:05.026232    1186 libfabric_rail.cpp:997] Posting receive on endpoint=0x9f35750 buffer=0x7ef31afc7010 size=8192 context=0x9eedb90
I0317 11:11:05.026233    1186 libfabric_rail.cpp:1006] Receive posted successfully
I0317 11:11:05.026233    1186 libfabric_rail.cpp:320] Allocate on Rail 0 allocated control request XFER_ID=285 buffer_size=8192
I0317 11:11:05.026234    1186 libfabric_rail.cpp:997] Posting receive on endpoint=0x9f35750 buffer=0x7ef31afc5010 size=8192 context=0x9eedae8
I0317 11:11:05.026235    1186 libfabric_rail.cpp:1006] Receive posted successfully
I0317 11:11:05.026236    1186 libfabric_rail.cpp:320] Allocate on Rail 0 allocated control request XFER_ID=286 buffer_size=8192
I0317 11:11:05.026237    1186 libfabric_rail.cpp:997] Posting receive on endpoint=0x9f35750 buffer=0x7ef31afc3010 size=8192 context=0x9eeda40
I0317 11:11:05.026237    1186 libfabric_rail.cpp:1006] Receive posted successfully
I0317 11:11:05.026238    1186 libfabric_rail.cpp:320] Allocate on Rail 0 allocated control request XFER_ID=287 buffer_size=8192
I0317 11:11:05.026239    1186 libfabric_rail.cpp:997] Posting receive on endpoint=0x9f35750 buffer=0x7ef31afc1010 size=8192 context=0x9eed990
I0317 11:11:05.026240    1186 libfabric_rail.cpp:1006] Receive posted successfully
I0317 11:11:05.026240    1186 libfabric_rail.cpp:320] Allocate on Rail 0 allocated control request XFER_ID=288 buffer_size=8192
I0317 11:11:05.026241    1186 libfabric_rail.cpp:997] Posting receive on endpoint=0x9f35750 buffer=0x7ef31afbf010 size=8192 context=0x9eed8e8
I0317 11:11:05.026242    1186 libfabric_rail.cpp:1006] Receive posted successfully
I0317 11:11:05.026242    1186 libfabric_rail.cpp:320] Allocate on Rail 0 allocated control request XFER_ID=289 buffer_size=8192
I0317 11:11:05.026243    1186 libfabric_rail.cpp:997] Posting receive on endpoint=0x9f35750 buffer=0x7ef31afbd010 size=8192 context=0x9eed840
I0317 11:11:05.026244    1186 libfabric_rail.cpp:1006] Receive posted successfully
I0317 11:11:05.026244    1186 libfabric_rail.cpp:320] Allocate on Rail 0 allocated control request XFER_ID=290 buffer_size=8192
I0317 11:11:05.026245    1186 libfabric_rail.cpp:997] Posting receive on endpoint=0x9f35750 buffer=0x7ef31afbb010 size=8192 context=0x9eed790
I0317 11:11:05.026246    1186 libfabric_rail.cpp:1006] Receive posted successfully
I0317 11:11:05.026246    1186 libfabric_rail.cpp:320] Allocate on Rail 0 allocated control request XFER_ID=291 buffer_size=8192
I0317 11:11:05.026247    1186 libfabric_rail.cpp:997] Posting receive on endpoint=0x9f35750 buffer=0x7ef31afb9010 size=8192 context=0x9eed6e8
I0317 11:11:05.026248    1186 libfabric_rail.cpp:1006] Receive posted successfully
I0317 11:11:05.026249    1186 libfabric_rail.cpp:320] Allocate on Rail 0 allocated control request XFER_ID=292 buffer_size=8192
I0317 11:11:05.026249    1186 libfabric_rail.cpp:997] Posting receive on endpoint=0x9f35750 buffer=0x7ef31afb7010 size=8192 context=0x9eed640
I0317 11:11:05.026250    1186 libfabric_rail.cpp:1006] Receive posted successfully
I0317 11:11:05.026251    1186 libfabric_rail.cpp:320] Allocate on Rail 0 allocated control request XFER_ID=293 buffer_size=8192
I0317 11:11:05.026251    1186 libfabric_rail.cpp:997] Posting receive on endpoint=0x9f35750 buffer=0x7ef31afb5010 size=8192 context=0x9eed590
I0317 11:11:05.026252    1186 libfabric_rail.cpp:1006] Receive posted successfully
I0317 11:11:05.026253    1186 libfabric_rail.cpp:320] Allocate on Rail 0 allocated control request XFER_ID=294 buffer_size=8192
I0317 11:11:05.026253    1186 libfabric_rail.cpp:997] Posting receive on endpoint=0x9f35750 buffer=0x7ef31afb3010 size=8192 context=0x9eed4e8
I0317 11:11:05.026254    1186 libfabric_rail.cpp:1006] Receive posted successfully
I0317 11:11:05.026255    1186 libfabric_rail.cpp:320] Allocate on Rail 0 allocated control request XFER_ID=295 buffer_size=8192
I0317 11:11:05.026256    1186 libfabric_rail.cpp:997] Posting receive on endpoint=0x9f35750 buffer=0x7ef31afb1010 size=8192 context=0x9eed440
I0317 11:11:05.026260    1186 libfabric_rail.cpp:1006] Receive posted successfully
I0317 11:11:05.026261    1186 libfabric_rail.cpp:320] Allocate on Rail 0 allocated control request XFER_ID=296 buffer_size=8192
I0317 11:11:05.026261    1186 libfabric_rail.cpp:997] Posting receive on endpoint=0x9f35750 buffer=0x7ef31afaf010 size=8192 context=0x9eed390
I0317 11:11:05.026262    1186 libfabric_rail.cpp:1006] Receive posted successfully
I0317 11:11:05.026263    1186 libfabric_rail.cpp:320] Allocate on Rail 0 allocated control request XFER_ID=297 buffer_size=8192
I0317 11:11:05.026264    1186 libfabric_rail.cpp:997] Posting receive on endpoint=0x9f35750 buffer=0x7ef31afad010 size=8192 context=0x9eed2e8
I0317 11:11:05.026265    1186 libfabric_rail.cpp:1006] Receive posted successfully
I0317 11:11:05.026266    1186 libfabric_rail.cpp:320] Allocate on Rail 0 allocated control request XFER_ID=298 buffer_size=8192
I0317 11:11:05.026266    1186 libfabric_rail.cpp:997] Posting receive on endpoint=0x9f35750 buffer=0x7ef31afab010 size=8192 context=0x9eed240
I0317 11:11:05.026268    1186 libfabric_rail.cpp:1006] Receive posted successfully
I0317 11:11:05.026268    1186 libfabric_rail.cpp:320] Allocate on Rail 0 allocated control request XFER_ID=299 buffer_size=8192
I0317 11:11:05.026269    1186 libfabric_rail.cpp:997] Posting receive on endpoint=0x9f35750 buffer=0x7ef31afa9010 size=8192 context=0x9eed190
I0317 11:11:05.026270    1186 libfabric_rail.cpp:1006] Receive posted successfully
I0317 11:11:05.026271    1186 libfabric_rail.cpp:320] Allocate on Rail 0 allocated control request XFER_ID=300 buffer_size=8192
I0317 11:11:05.026272    1186 libfabric_rail.cpp:997] Posting receive on endpoint=0x9f35750 buffer=0x7ef31afa7010 size=8192 context=0x9eed0e8
I0317 11:11:05.026273    1186 libfabric_rail.cpp:1006] Receive posted successfully
I0317 11:11:05.026274    1186 libfabric_rail.cpp:320] Allocate on Rail 0 allocated control request XFER_ID=301 buffer_size=8192
I0317 11:11:05.026275    1186 libfabric_rail.cpp:997] Posting receive on endpoint=0x9f35750 buffer=0x7ef31afa5010 size=8192 context=0x9eed040
I0317 11:11:05.026276    1186 libfabric_rail.cpp:1006] Receive posted successfully
I0317 11:11:05.026276    1186 libfabric_rail.cpp:320] Allocate on Rail 0 allocated control request XFER_ID=302 buffer_size=8192
I0317 11:11:05.026277    1186 libfabric_rail.cpp:997] Posting receive on endpoint=0x9f35750 buffer=0x7ef31afa3010 size=8192 context=0x9eecf90
I0317 11:11:05.026278    1186 libfabric_rail.cpp:1006] Receive posted successfully
I0317 11:11:05.026279    1186 libfabric_rail.cpp:320] Allocate on Rail 0 allocated control request XFER_ID=303 buffer_size=8192
I0317 11:11:05.026280    1186 libfabric_rail.cpp:997] Posting receive on endpoint=0x9f35750 buffer=0x7ef31afa1010 size=8192 context=0x9eecee8
I0317 11:11:05.026281    1186 libfabric_rail.cpp:1006] Receive posted successfully
I0317 11:11:05.026282    1186 libfabric_rail.cpp:320] Allocate on Rail 0 allocated control request XFER_ID=304 buffer_size=8192
I0317 11:11:05.026283    1186 libfabric_rail.cpp:997] Posting receive on endpoint=0x9f35750 buffer=0x7ef31af9f010 size=8192 context=0x9eece40
I0317 11:11:05.026284    1186 libfabric_rail.cpp:1006] Receive posted successfully
I0317 11:11:05.026284    1186 libfabric_rail.cpp:320] Allocate on Rail 0 allocated control request XFER_ID=305 buffer_size=8192
I0317 11:11:05.026285    1186 libfabric_rail.cpp:997] Posting receive on endpoint=0x9f35750 buffer=0x7ef31af9d010 size=8192 context=0x9eecd90
I0317 11:11:05.026286    1186 libfabric_rail.cpp:1006] Receive posted successfully
I0317 11:11:05.026287    1186 libfabric_rail.cpp:320] Allocate on Rail 0 allocated control request XFER_ID=306 buffer_size=8192
I0317 11:11:05.026288    1186 libfabric_rail.cpp:997] Posting receive on endpoint=0x9f35750 buffer=0x7ef31af9b010 size=8192 context=0x9eecce8
I0317 11:11:05.026289    1186 libfabric_rail.cpp:1006] Receive posted successfully
I0317 11:11:05.026290    1186 libfabric_rail.cpp:320] Allocate on Rail 0 allocated control request XFER_ID=307 buffer_size=8192
I0317 11:11:05.026291    1186 libfabric_rail.cpp:997] Posting receive on endpoint=0x9f35750 buffer=0x7ef31af99010 size=8192 context=0x9eecc40
I0317 11:11:05.026292    1186 libfabric_rail.cpp:1006] Receive posted successfully
I0317 11:11:05.026293    1186 libfabric_rail.cpp:320] Allocate on Rail 0 allocated control request XFER_ID=308 buffer_size=8192
I0317 11:11:05.026293    1186 libfabric_rail.cpp:997] Posting receive on endpoint=0x9f35750 buffer=0x7ef31af97010 size=8192 context=0x9eecb90
I0317 11:11:05.026295    1186 libfabric_rail.cpp:1006] Receive posted successfully
I0317 11:11:05.026295    1186 libfabric_rail.cpp:320] Allocate on Rail 0 allocated control request XFER_ID=309 buffer_size=8192
I0317 11:11:05.026296    1186 libfabric_rail.cpp:997] Posting receive on endpoint=0x9f35750 buffer=0x7ef31af95010 size=8192 context=0x9eecae8
I0317 11:11:05.026297    1186 libfabric_rail.cpp:1006] Receive posted successfully
I0317 11:11:05.026297    1186 libfabric_rail.cpp:320] Allocate on Rail 0 allocated control request XFER_ID=310 buffer_size=8192
I0317 11:11:05.026298    1186 libfabric_rail.cpp:997] Posting receive on endpoint=0x9f35750 buffer=0x7ef31af93010 size=8192 context=0x9eeca40
I0317 11:11:05.026299    1186 libfabric_rail.cpp:1006] Receive posted successfully
I0317 11:11:05.026300    1186 libfabric_rail.cpp:320] Allocate on Rail 0 allocated control request XFER_ID=311 buffer_size=8192
I0317 11:11:05.026300    1186 libfabric_rail.cpp:997] Posting receive on endpoint=0x9f35750 buffer=0x7ef31af91010 size=8192 context=0x9eec990
I0317 11:11:05.026301    1186 libfabric_rail.cpp:1006] Receive posted successfully
I0317 11:11:05.026302    1186 libfabric_rail.cpp:320] Allocate on Rail 0 allocated control request XFER_ID=312 buffer_size=8192
I0317 11:11:05.026302    1186 libfabric_rail.cpp:997] Posting receive on endpoint=0x9f35750 buffer=0x7ef31af8f010 size=8192 context=0x9eec8e8
I0317 11:11:05.026303    1186 libfabric_rail.cpp:1006] Receive posted successfully
I0317 11:11:05.026304    1186 libfabric_rail.cpp:320] Allocate on Rail 0 allocated control request XFER_ID=313 buffer_size=8192
I0317 11:11:05.026304    1186 libfabric_rail.cpp:997] Posting receive on endpoint=0x9f35750 buffer=0x7ef31af8d010 size=8192 context=0x9eec840
I0317 11:11:05.026305    1186 libfabric_rail.cpp:1006] Receive posted successfully
I0317 11:11:05.026308    1186 libfabric_rail.cpp:320] Allocate on Rail 0 allocated control request XFER_ID=314 buffer_size=8192
I0317 11:11:05.026309    1186 libfabric_rail.cpp:997] Posting receive on endpoint=0x9f35750 buffer=0x7ef31af8b010 size=8192 context=0x9eec790
I0317 11:11:05.026310    1186 libfabric_rail.cpp:1006] Receive posted successfully
I0317 11:11:05.026310    1186 libfabric_rail.cpp:320] Allocate on Rail 0 allocated control request XFER_ID=315 buffer_size=8192
I0317 11:11:05.026311    1186 libfabric_rail.cpp:997] Posting receive on endpoint=0x9f35750 buffer=0x7ef31af89010 size=8192 context=0x9eec6e8
I0317 11:11:05.026312    1186 libfabric_rail.cpp:1006] Receive posted successfully
I0317 11:11:05.026312    1186 libfabric_rail.cpp:320] Allocate on Rail 0 allocated control request XFER_ID=316 buffer_size=8192
I0317 11:11:05.026313    1186 libfabric_rail.cpp:997] Posting receive on endpoint=0x9f35750 buffer=0x7ef31af87010 size=8192 context=0x9eec640
I0317 11:11:05.026314    1186 libfabric_rail.cpp:1006] Receive posted successfully
I0317 11:11:05.026314    1186 libfabric_rail.cpp:320] Allocate on Rail 0 allocated control request XFER_ID=317 buffer_size=8192
I0317 11:11:05.026315    1186 libfabric_rail.cpp:997] Posting receive on endpoint=0x9f35750 buffer=0x7ef31af85010 size=8192 context=0x9eec590
I0317 11:11:05.026316    1186 libfabric_rail.cpp:1006] Receive posted successfully
I0317 11:11:05.026316    1186 libfabric_rail.cpp:320] Allocate on Rail 0 allocated control request XFER_ID=318 buffer_size=8192
I0317 11:11:05.026317    1186 libfabric_rail.cpp:997] Posting receive on endpoint=0x9f35750 buffer=0x7ef31af83010 size=8192 context=0x9eec4e8
I0317 11:11:05.026318    1186 libfabric_rail.cpp:1006] Receive posted successfully
I0317 11:11:05.026319    1186 libfabric_rail.cpp:320] Allocate on Rail 0 allocated control request XFER_ID=319 buffer_size=8192
I0317 11:11:05.026319    1186 libfabric_rail.cpp:997] Posting receive on endpoint=0x9f35750 buffer=0x7ef31af81010 size=8192 context=0x9eec440
I0317 11:11:05.026320    1186 libfabric_rail.cpp:1006] Receive posted successfully
I0317 11:11:05.026321    1186 libfabric_rail.cpp:320] Allocate on Rail 0 allocated control request XFER_ID=320 buffer_size=8192
I0317 11:11:05.026322    1186 libfabric_rail.cpp:997] Posting receive on endpoint=0x9f35750 buffer=0x7ef31af7f010 size=8192 context=0x9eec390
I0317 11:11:05.026323    1186 libfabric_rail.cpp:1006] Receive posted successfully
I0317 11:11:05.026323    1186 libfabric_rail.cpp:320] Allocate on Rail 0 allocated control request XFER_ID=321 buffer_size=8192
I0317 11:11:05.026324    1186 libfabric_rail.cpp:997] Posting receive on endpoint=0x9f35750 buffer=0x7ef31af7d010 size=8192 context=0x9eec2e8
I0317 11:11:05.026325    1186 libfabric_rail.cpp:1006] Receive posted successfully
I0317 11:11:05.026326    1186 libfabric_rail.cpp:320] Allocate on Rail 0 allocated control request XFER_ID=322 buffer_size=8192
I0317 11:11:05.026327    1186 libfabric_rail.cpp:997] Posting receive on endpoint=0x9f35750 buffer=0x7ef31af7b010 size=8192 context=0x9eec240
I0317 11:11:05.026328    1186 libfabric_rail.cpp:1006] Receive posted successfully
I0317 11:11:05.026329    1186 libfabric_rail.cpp:320] Allocate on Rail 0 allocated control request XFER_ID=323 buffer_size=8192
I0317 11:11:05.026330    1186 libfabric_rail.cpp:997] Posting receive on endpoint=0x9f35750 buffer=0x7ef31af79010 size=8192 context=0x9eec190
I0317 11:11:05.026331    1186 libfabric_rail.cpp:1006] Receive posted successfully
I0317 11:11:05.026331    1186 libfabric_rail.cpp:320] Allocate on Rail 0 allocated control request XFER_ID=324 buffer_size=8192
I0317 11:11:05.026332    1186 libfabric_rail.cpp:997] Posting receive on endpoint=0x9f35750 buffer=0x7ef31af77010 size=8192 context=0x9eec0e8
I0317 11:11:05.026333    1186 libfabric_rail.cpp:1006] Receive posted successfully
I0317 11:11:05.026334    1186 libfabric_rail.cpp:320] Allocate on Rail 0 allocated control request XFER_ID=325 buffer_size=8192
I0317 11:11:05.026335    1186 libfabric_rail.cpp:997] Posting receive on endpoint=0x9f35750 buffer=0x7ef31af75010 size=8192 context=0x9eec040
I0317 11:11:05.026336    1186 libfabric_rail.cpp:1006] Receive posted successfully
I0317 11:11:05.026337    1186 libfabric_rail.cpp:320] Allocate on Rail 0 allocated control request XFER_ID=326 buffer_size=8192
I0317 11:11:05.026338    1186 libfabric_rail.cpp:997] Posting receive on endpoint=0x9f35750 buffer=0x7ef31af73010 size=8192 context=0x9eebf90
I0317 11:11:05.026339    1186 libfabric_rail.cpp:1006] Receive posted successfully
I0317 11:11:05.026340    1186 libfabric_rail.cpp:320] Allocate on Rail 0 allocated control request XFER_ID=327 buffer_size=8192
I0317 11:11:05.026340    1186 libfabric_rail.cpp:997] Posting receive on endpoint=0x9f35750 buffer=0x7ef31af71010 size=8192 context=0x9eebee8
I0317 11:11:05.026341    1186 libfabric_rail.cpp:1006] Receive posted successfully
I0317 11:11:05.026342    1186 libfabric_rail.cpp:320] Allocate on Rail 0 allocated control request XFER_ID=328 buffer_size=8192
I0317 11:11:05.026343    1186 libfabric_rail.cpp:997] Posting receive on endpoint=0x9f35750 buffer=0x7ef31af6f010 size=8192 context=0x9eebe40
I0317 11:11:05.026344    1186 libfabric_rail.cpp:1006] Receive posted successfully
I0317 11:11:05.026345    1186 libfabric_rail.cpp:320] Allocate on Rail 0 allocated control request XFER_ID=329 buffer_size=8192
I0317 11:11:05.026346    1186 libfabric_rail.cpp:997] Posting receive on endpoint=0x9f35750 buffer=0x7ef31af6d010 size=8192 context=0x9eebd90
I0317 11:11:05.026347    1186 libfabric_rail.cpp:1006] Receive posted successfully
I0317 11:11:05.026348    1186 libfabric_rail.cpp:320] Allocate on Rail 0 allocated control request XFER_ID=330 buffer_size=8192
I0317 11:11:05.026348    1186 libfabric_rail.cpp:997] Posting receive on endpoint=0x9f35750 buffer=0x7ef31af6b010 size=8192 context=0x9eebce8
I0317 11:11:05.026350    1186 libfabric_rail.cpp:1006] Receive posted successfully
I0317 11:11:05.026350    1186 libfabric_rail.cpp:320] Allocate on Rail 0 allocated control request XFER_ID=331 buffer_size=8192
I0317 11:11:05.026351    1186 libfabric_rail.cpp:997] Posting receive on endpoint=0x9f35750 buffer=0x7ef31af69010 size=8192 context=0x9eebc40
I0317 11:11:05.026352    1186 libfabric_rail.cpp:1006] Receive posted successfully
I0317 11:11:05.026353    1186 libfabric_rail.cpp:320] Allocate on Rail 0 allocated control request XFER_ID=332 buffer_size=8192
I0317 11:11:05.026354    1186 libfabric_rail.cpp:997] Posting receive on endpoint=0x9f35750 buffer=0x7ef31af67010 size=8192 context=0x9eebb90
I0317 11:11:05.026354    1186 libfabric_rail.cpp:1006] Receive posted successfully
I0317 11:11:05.026355    1186 libfabric_rail.cpp:320] Allocate on Rail 0 allocated control request XFER_ID=333 buffer_size=8192
I0317 11:11:05.026356    1186 libfabric_rail.cpp:997] Posting receive on endpoint=0x9f35750 buffer=0x7ef31af65010 size=8192 context=0x9eebae8
I0317 11:11:05.026357    1186 libfabric_rail.cpp:1006] Receive posted successfully
I0317 11:11:05.026357    1186 libfabric_rail.cpp:320] Allocate on Rail 0 allocated control request XFER_ID=334 buffer_size=8192
I0317 11:11:05.026358    1186 libfabric_rail.cpp:997] Posting receive on endpoint=0x9f35750 buffer=0x7ef31af63010 size=8192 context=0x9eeba40
I0317 11:11:05.026359    1186 libfabric_rail.cpp:1006] Receive posted successfully
I0317 11:11:05.026359    1186 libfabric_rail.cpp:320] Allocate on Rail 0 allocated control request XFER_ID=335 buffer_size=8192
I0317 11:11:05.026360    1186 libfabric_rail.cpp:997] Posting receive on endpoint=0x9f35750 buffer=0x7ef31af61010 size=8192 context=0x9eeb990
I0317 11:11:05.026361    1186 libfabric_rail.cpp:1006] Receive posted successfully
I0317 11:11:05.026361    1186 libfabric_rail.cpp:320] Allocate on Rail 0 allocated control request XFER_ID=336 buffer_size=8192
I0317 11:11:05.026362    1186 libfabric_rail.cpp:997] Posting receive on endpoint=0x9f35750 buffer=0x7ef31af5f010 size=8192 context=0x9eeb8e8
I0317 11:11:05.026363    1186 libfabric_rail.cpp:1006] Receive posted successfully
I0317 11:11:05.026363    1186 libfabric_rail.cpp:320] Allocate on Rail 0 allocated control request XFER_ID=337 buffer_size=8192
I0317 11:11:05.026364    1186 libfabric_rail.cpp:997] Posting receive on endpoint=0x9f35750 buffer=0x7ef31af5d010 size=8192 context=0x9eeb840
I0317 11:11:05.026365    1186 libfabric_rail.cpp:1006] Receive posted successfully
I0317 11:11:05.026365    1186 libfabric_rail.cpp:320] Allocate on Rail 0 allocated control request XFER_ID=338 buffer_size=8192
I0317 11:11:05.026366    1186 libfabric_rail.cpp:997] Posting receive on endpoint=0x9f35750 buffer=0x7ef31af5b010 size=8192 context=0x9eeb790
I0317 11:11:05.026367    1186 libfabric_rail.cpp:1006] Receive posted successfully
I0317 11:11:05.026367    1186 libfabric_rail.cpp:320] Allocate on Rail 0 allocated control request XFER_ID=339 buffer_size=8192
I0317 11:11:05.026368    1186 libfabric_rail.cpp:997] Posting receive on endpoint=0x9f35750 buffer=0x7ef31af59010 size=8192 context=0x9eeb6e8
I0317 11:11:05.026369    1186 libfabric_rail.cpp:1006] Receive posted successfully
I0317 11:11:05.026369    1186 libfabric_rail.cpp:320] Allocate on Rail 0 allocated control request XFER_ID=340 buffer_size=8192
I0317 11:11:05.026370    1186 libfabric_rail.cpp:997] Posting receive on endpoint=0x9f35750 buffer=0x7ef31af57010 size=8192 context=0x9eeb640
I0317 11:11:05.026371    1186 libfabric_rail.cpp:1006] Receive posted successfully
I0317 11:11:05.026372    1186 libfabric_rail.cpp:320] Allocate on Rail 0 allocated control request XFER_ID=341 buffer_size=8192
I0317 11:11:05.026372    1186 libfabric_rail.cpp:997] Posting receive on endpoint=0x9f35750 buffer=0x7ef31af55010 size=8192 context=0x9eeb590
I0317 11:11:05.026373    1186 libfabric_rail.cpp:1006] Receive posted successfully
I0317 11:11:05.026374    1186 libfabric_rail.cpp:320] Allocate on Rail 0 allocated control request XFER_ID=342 buffer_size=8192
I0317 11:11:05.026374    1186 libfabric_rail.cpp:997] Posting receive on endpoint=0x9f35750 buffer=0x7ef31af53010 size=8192 context=0x9eeb4e8
I0317 11:11:05.026375    1186 libfabric_rail.cpp:1006] Receive posted successfully
I0317 11:11:05.026376    1186 libfabric_rail.cpp:320] Allocate on Rail 0 allocated control request XFER_ID=343 buffer_size=8192
I0317 11:11:05.026377    1186 libfabric_rail.cpp:997] Posting receive on endpoint=0x9f35750 buffer=0x7ef31af51010 size=8192 context=0x9eeb440
I0317 11:11:05.026378    1186 libfabric_rail.cpp:1006] Receive posted successfully
I0317 11:11:05.026378    1186 libfabric_rail.cpp:320] Allocate on Rail 0 allocated control request XFER_ID=344 buffer_size=8192
I0317 11:11:05.026379    1186 libfabric_rail.cpp:997] Posting receive on endpoint=0x9f35750 buffer=0x7ef31af4f010 size=8192 context=0x9eeb390
I0317 11:11:05.026380    1186 libfabric_rail.cpp:1006] Receive posted successfully
I0317 11:11:05.026380    1186 libfabric_rail.cpp:320] Allocate on Rail 0 allocated control request XFER_ID=345 buffer_size=8192
I0317 11:11:05.026381    1186 libfabric_rail.cpp:997] Posting receive on endpoint=0x9f35750 buffer=0x7ef31af4d010 size=8192 context=0x9eeb2e8
I0317 11:11:05.026382    1186 libfabric_rail.cpp:1006] Receive posted successfully
I0317 11:11:05.026382    1186 libfabric_rail.cpp:320] Allocate on Rail 0 allocated control request XFER_ID=346 buffer_size=8192
I0317 11:11:05.026385    1186 libfabric_rail.cpp:997] Posting receive on endpoint=0x9f35750 buffer=0x7ef31af4b010 size=8192 context=0x9eeb240
I0317 11:11:05.026386    1186 libfabric_rail.cpp:1006] Receive posted successfully
I0317 11:11:05.026387    1186 libfabric_rail.cpp:320] Allocate on Rail 0 allocated control request XFER_ID=347 buffer_size=8192
I0317 11:11:05.026388    1186 libfabric_rail.cpp:997] Posting receive on endpoint=0x9f35750 buffer=0x7ef31af49010 size=8192 context=0x9eeb190
I0317 11:11:05.026388    1186 libfabric_rail.cpp:1006] Receive posted successfully
I0317 11:11:05.026389    1186 libfabric_rail.cpp:320] Allocate on Rail 0 allocated control request XFER_ID=348 buffer_size=8192
I0317 11:11:05.026390    1186 libfabric_rail.cpp:997] Posting receive on endpoint=0x9f35750 buffer=0x7ef31af47010 size=8192 context=0x9eeb0e8
I0317 11:11:05.026391    1186 libfabric_rail.cpp:1006] Receive posted successfully
I0317 11:11:05.026391    1186 libfabric_rail.cpp:320] Allocate on Rail 0 allocated control request XFER_ID=349 buffer_size=8192
I0317 11:11:05.026392    1186 libfabric_rail.cpp:997] Posting receive on endpoint=0x9f35750 buffer=0x7ef31af45010 size=8192 context=0x9eeb040
I0317 11:11:05.026393    1186 libfabric_rail.cpp:1006] Receive posted successfully
I0317 11:11:05.026393    1186 libfabric_rail.cpp:320] Allocate on Rail 0 allocated control request XFER_ID=350 buffer_size=8192
I0317 11:11:05.026394    1186 libfabric_rail.cpp:997] Posting receive on endpoint=0x9f35750 buffer=0x7ef31af43010 size=8192 context=0x9eeaf90
I0317 11:11:05.026395    1186 libfabric_rail.cpp:1006] Receive posted successfully
I0317 11:11:05.026396    1186 libfabric_rail.cpp:320] Allocate on Rail 0 allocated control request XFER_ID=351 buffer_size=8192
I0317 11:11:05.026396    1186 libfabric_rail.cpp:997] Posting receive on endpoint=0x9f35750 buffer=0x7ef31af41010 size=8192 context=0x9eeaee8
I0317 11:11:05.026397    1186 libfabric_rail.cpp:1006] Receive posted successfully
I0317 11:11:05.026398    1186 libfabric_rail.cpp:320] Allocate on Rail 0 allocated control request XFER_ID=352 buffer_size=8192
I0317 11:11:05.026398    1186 libfabric_rail.cpp:997] Posting receive on endpoint=0x9f35750 buffer=0x7ef31af3f010 size=8192 context=0x9eeae40
I0317 11:11:05.026399    1186 libfabric_rail.cpp:1006] Receive posted successfully
I0317 11:11:05.026400    1186 libfabric_rail.cpp:320] Allocate on Rail 0 allocated control request XFER_ID=353 buffer_size=8192
I0317 11:11:05.026401    1186 libfabric_rail.cpp:997] Posting receive on endpoint=0x9f35750 buffer=0x7ef31af3d010 size=8192 context=0x9eead90
I0317 11:11:05.026401    1186 libfabric_rail.cpp:1006] Receive posted successfully
I0317 11:11:05.026402    1186 libfabric_rail.cpp:320] Allocate on Rail 0 allocated control request XFER_ID=354 buffer_size=8192
I0317 11:11:05.026403    1186 libfabric_rail.cpp:997] Posting receive on endpoint=0x9f35750 buffer=0x7ef31af3b010 size=8192 context=0x9eeace8
I0317 11:11:05.026404    1186 libfabric_rail.cpp:1006] Receive posted successfully
I0317 11:11:05.026404    1186 libfabric_rail.cpp:320] Allocate on Rail 0 allocated control request XFER_ID=355 buffer_size=8192
I0317 11:11:05.026405    1186 libfabric_rail.cpp:997] Posting receive on endpoint=0x9f35750 buffer=0x7ef31af39010 size=8192 context=0x9eeac40
I0317 11:11:05.026406    1186 libfabric_rail.cpp:1006] Receive posted successfully
I0317 11:11:05.026407    1186 libfabric_rail.cpp:320] Allocate on Rail 0 allocated control request XFER_ID=356 buffer_size=8192
I0317 11:11:05.026408    1186 libfabric_rail.cpp:997] Posting receive on endpoint=0x9f35750 buffer=0x7ef31af37010 size=8192 context=0x9eeab90
I0317 11:11:05.026409    1186 libfabric_rail.cpp:1006] Receive posted successfully
I0317 11:11:05.026410    1186 libfabric_rail.cpp:320] Allocate on Rail 0 allocated control request XFER_ID=357 buffer_size=8192
I0317 11:11:05.026411    1186 libfabric_rail.cpp:997] Posting receive on endpoint=0x9f35750 buffer=0x7ef31af35010 size=8192 context=0x9eeaae8
I0317 11:11:05.026412    1186 libfabric_rail.cpp:1006] Receive posted successfully
I0317 11:11:05.026413    1186 libfabric_rail.cpp:320] Allocate on Rail 0 allocated control request XFER_ID=358 buffer_size=8192
I0317 11:11:05.026413    1186 libfabric_rail.cpp:997] Posting receive on endpoint=0x9f35750 buffer=0x7ef31af33010 size=8192 context=0x9eeaa40
I0317 11:11:05.026415    1186 libfabric_rail.cpp:1006] Receive posted successfully
I0317 11:11:05.026415    1186 libfabric_rail.cpp:320] Allocate on Rail 0 allocated control request XFER_ID=359 buffer_size=8192
I0317 11:11:05.026416    1186 libfabric_rail.cpp:997] Posting receive on endpoint=0x9f35750 buffer=0x7ef31af31010 size=8192 context=0x9eea990
I0317 11:11:05.026417    1186 libfabric_rail.cpp:1006] Receive posted successfully
I0317 11:11:05.026418    1186 libfabric_rail.cpp:320] Allocate on Rail 0 allocated control request XFER_ID=360 buffer_size=8192
I0317 11:11:05.026419    1186 libfabric_rail.cpp:997] Posting receive on endpoint=0x9f35750 buffer=0x7ef31af2f010 size=8192 context=0x9eea8e8
I0317 11:11:05.026420    1186 libfabric_rail.cpp:1006] Receive posted successfully
I0317 11:11:05.026421    1186 libfabric_rail.cpp:320] Allocate on Rail 0 allocated control request XFER_ID=361 buffer_size=8192
I0317 11:11:05.026422    1186 libfabric_rail.cpp:997] Posting receive on endpoint=0x9f35750 buffer=0x7ef31af2d010 size=8192 context=0x9eea840
I0317 11:11:05.026423    1186 libfabric_rail.cpp:1006] Receive posted successfully
I0317 11:11:05.026423    1186 libfabric_rail.cpp:320] Allocate on Rail 0 allocated control request XFER_ID=362 buffer_size=8192
I0317 11:11:05.026424    1186 libfabric_rail.cpp:997] Posting receive on endpoint=0x9f35750 buffer=0x7ef31af2b010 size=8192 context=0x9eea790
I0317 11:11:05.026425    1186 libfabric_rail.cpp:1006] Receive posted successfully
I0317 11:11:05.026426    1186 libfabric_rail.cpp:320] Allocate on Rail 0 allocated control request XFER_ID=363 buffer_size=8192
I0317 11:11:05.026427    1186 libfabric_rail.cpp:997] Posting receive on endpoint=0x9f35750 buffer=0x7ef31af29010 size=8192 context=0x9eea6e8
I0317 11:11:05.026428    1186 libfabric_rail.cpp:1006] Receive posted successfully
I0317 11:11:05.026429    1186 libfabric_rail.cpp:320] Allocate on Rail 0 allocated control request XFER_ID=364 buffer_size=8192
I0317 11:11:05.026430    1186 libfabric_rail.cpp:997] Posting receive on endpoint=0x9f35750 buffer=0x7ef31af27010 size=8192 context=0x9eea640
I0317 11:11:05.026431    1186 libfabric_rail.cpp:1006] Receive posted successfully
I0317 11:11:05.026431    1186 libfabric_rail.cpp:320] Allocate on Rail 0 allocated control request XFER_ID=365 buffer_size=8192
I0317 11:11:05.026432    1186 libfabric_rail.cpp:997] Posting receive on endpoint=0x9f35750 buffer=0x7ef31af25010 size=8192 context=0x9eea590
I0317 11:11:05.026433    1186 libfabric_rail.cpp:1006] Receive posted successfully
I0317 11:11:05.026434    1186 libfabric_rail.cpp:320] Allocate on Rail 0 allocated control request XFER_ID=366 buffer_size=8192
I0317 11:11:05.026435    1186 libfabric_rail.cpp:997] Posting receive on endpoint=0x9f35750 buffer=0x7ef31af23010 size=8192 context=0x9eea4e8
I0317 11:11:05.026436    1186 libfabric_rail.cpp:1006] Receive posted successfully
I0317 11:11:05.026436    1186 libfabric_rail.cpp:320] Allocate on Rail 0 allocated control request XFER_ID=367 buffer_size=8192
I0317 11:11:05.026437    1186 libfabric_rail.cpp:997] Posting receive on endpoint=0x9f35750 buffer=0x7ef31af21010 size=8192 context=0x9eea440
I0317 11:11:05.026438    1186 libfabric_rail.cpp:1006] Receive posted successfully
I0317 11:11:05.026438    1186 libfabric_rail.cpp:320] Allocate on Rail 0 allocated control request XFER_ID=368 buffer_size=8192
I0317 11:11:05.026439    1186 libfabric_rail.cpp:997] Posting receive on endpoint=0x9f35750 buffer=0x7ef31af1f010 size=8192 context=0x9eea390
I0317 11:11:05.026440    1186 libfabric_rail.cpp:1006] Receive posted successfully
I0317 11:11:05.026440    1186 libfabric_rail.cpp:320] Allocate on Rail 0 allocated control request XFER_ID=369 buffer_size=8192
I0317 11:11:05.026441    1186 libfabric_rail.cpp:997] Posting receive on endpoint=0x9f35750 buffer=0x7ef31af1d010 size=8192 context=0x9eea2e8
I0317 11:11:05.026442    1186 libfabric_rail.cpp:1006] Receive posted successfully
I0317 11:11:05.026443    1186 libfabric_rail.cpp:320] Allocate on Rail 0 allocated control request XFER_ID=370 buffer_size=8192
I0317 11:11:05.026443    1186 libfabric_rail.cpp:997] Posting receive on endpoint=0x9f35750 buffer=0x7ef31af1b010 size=8192 context=0x9eea240
I0317 11:11:05.026444    1186 libfabric_rail.cpp:1006] Receive posted successfully
I0317 11:11:05.026445    1186 libfabric_rail.cpp:320] Allocate on Rail 0 allocated control request XFER_ID=371 buffer_size=8192
I0317 11:11:05.026446    1186 libfabric_rail.cpp:997] Posting receive on endpoint=0x9f35750 buffer=0x7ef31af19010 size=8192 context=0x9eea190
I0317 11:11:05.026446    1186 libfabric_rail.cpp:1006] Receive posted successfully
I0317 11:11:05.026447    1186 libfabric_rail.cpp:320] Allocate on Rail 0 allocated control request XFER_ID=372 buffer_size=8192
I0317 11:11:05.026448    1186 libfabric_rail.cpp:997] Posting receive on endpoint=0x9f35750 buffer=0x7ef31af17010 size=8192 context=0x9eea0e8
I0317 11:11:05.026449    1186 libfabric_rail.cpp:1006] Receive posted successfully
I0317 11:11:05.026450    1186 libfabric_rail.cpp:320] Allocate on Rail 0 allocated control request XFER_ID=373 buffer_size=8192
I0317 11:11:05.026450    1186 libfabric_rail.cpp:997] Posting receive on endpoint=0x9f35750 buffer=0x7ef31af15010 size=8192 context=0x9eea040
I0317 11:11:05.026451    1186 libfabric_rail.cpp:1006] Receive posted successfully
I0317 11:11:05.026452    1186 libfabric_rail.cpp:320] Allocate on Rail 0 allocated control request XFER_ID=374 buffer_size=8192
I0317 11:11:05.026452    1186 libfabric_rail.cpp:997] Posting receive on endpoint=0x9f35750 buffer=0x7ef31af13010 size=8192 context=0x9ee9f90
I0317 11:11:05.026453    1186 libfabric_rail.cpp:1006] Receive posted successfully
I0317 11:11:05.026454    1186 libfabric_rail.cpp:320] Allocate on Rail 0 allocated control request XFER_ID=375 buffer_size=8192
I0317 11:11:05.026454    1186 libfabric_rail.cpp:997] Posting receive on endpoint=0x9f35750 buffer=0x7ef31af11010 size=8192 context=0x9ee9ee8
I0317 11:11:05.026455    1186 libfabric_rail.cpp:1006] Receive posted successfully
I0317 11:11:05.026456    1186 libfabric_rail.cpp:320] Allocate on Rail 0 allocated control request XFER_ID=376 buffer_size=8192
I0317 11:11:05.026457    1186 libfabric_rail.cpp:997] Posting receive on endpoint=0x9f35750 buffer=0x7ef31af0f010 size=8192 context=0x9ee9e40
I0317 11:11:05.026457    1186 libfabric_rail.cpp:1006] Receive posted successfully
I0317 11:11:05.026458    1186 libfabric_rail.cpp:320] Allocate on Rail 0 allocated control request XFER_ID=377 buffer_size=8192
I0317 11:11:05.026459    1186 libfabric_rail.cpp:997] Posting receive on endpoint=0x9f35750 buffer=0x7ef31af0d010 size=8192 context=0x9ee9d90
I0317 11:11:05.026460    1186 libfabric_rail.cpp:1006] Receive posted successfully
I0317 11:11:05.026460    1186 libfabric_rail.cpp:320] Allocate on Rail 0 allocated control request XFER_ID=378 buffer_size=8192
I0317 11:11:05.026461    1186 libfabric_rail.cpp:997] Posting receive on endpoint=0x9f35750 buffer=0x7ef31af0b010 size=8192 context=0x9ee9ce8
I0317 11:11:05.026462    1186 libfabric_rail.cpp:1006] Receive posted successfully
I0317 11:11:05.026463    1186 libfabric_rail.cpp:320] Allocate on Rail 0 allocated control request XFER_ID=379 buffer_size=8192
I0317 11:11:05.026463    1186 libfabric_rail.cpp:997] Posting receive on endpoint=0x9f35750 buffer=0x7ef31af09010 size=8192 context=0x9ee9c40
I0317 11:11:05.026464    1186 libfabric_rail.cpp:1006] Receive posted successfully
I0317 11:11:05.026465    1186 libfabric_rail.cpp:320] Allocate on Rail 0 allocated control request XFER_ID=380 buffer_size=8192
I0317 11:11:05.026465    1186 libfabric_rail.cpp:997] Posting receive on endpoint=0x9f35750 buffer=0x7ef31af07010 size=8192 context=0x9ee9b90
I0317 11:11:05.026466    1186 libfabric_rail.cpp:1006] Receive posted successfully
I0317 11:11:05.026467    1186 libfabric_rail.cpp:320] Allocate on Rail 0 allocated control request XFER_ID=381 buffer_size=8192
I0317 11:11:05.026467    1186 libfabric_rail.cpp:997] Posting receive on endpoint=0x9f35750 buffer=0x7ef31af05010 size=8192 context=0x9ee9ae8
I0317 11:11:05.026468    1186 libfabric_rail.cpp:1006] Receive posted successfully
I0317 11:11:05.026469    1186 libfabric_rail.cpp:320] Allocate on Rail 0 allocated control request XFER_ID=382 buffer_size=8192
I0317 11:11:05.026470    1186 libfabric_rail.cpp:997] Posting receive on endpoint=0x9f35750 buffer=0x7ef31af03010 size=8192 context=0x9ee9a40
I0317 11:11:05.026471    1186 libfabric_rail.cpp:1006] Receive posted successfully
I0317 11:11:05.026471    1186 libfabric_rail.cpp:320] Allocate on Rail 0 allocated control request XFER_ID=383 buffer_size=8192
I0317 11:11:05.026474    1186 libfabric_rail.cpp:997] Posting receive on endpoint=0x9f35750 buffer=0x7ef31af01010 size=8192 context=0x9ee9990
I0317 11:11:05.026475    1186 libfabric_rail.cpp:1006] Receive posted successfully
I0317 11:11:05.026476    1186 libfabric_rail.cpp:320] Allocate on Rail 0 allocated control request XFER_ID=384 buffer_size=8192
I0317 11:11:05.026476    1186 libfabric_rail.cpp:997] Posting receive on endpoint=0x9f35750 buffer=0x7ef31aeff010 size=8192 context=0x9ee98e8
I0317 11:11:05.026477    1186 libfabric_rail.cpp:1006] Receive posted successfully
I0317 11:11:05.026478    1186 libfabric_rail.cpp:320] Allocate on Rail 0 allocated control request XFER_ID=385 buffer_size=8192
I0317 11:11:05.026479    1186 libfabric_rail.cpp:997] Posting receive on endpoint=0x9f35750 buffer=0x7ef31aefd010 size=8192 context=0x9ee9840
I0317 11:11:05.026480    1186 libfabric_rail.cpp:1006] Receive posted successfully
I0317 11:11:05.026480    1186 libfabric_rail.cpp:320] Allocate on Rail 0 allocated control request XFER_ID=386 buffer_size=8192
I0317 11:11:05.026481    1186 libfabric_rail.cpp:997] Posting receive on endpoint=0x9f35750 buffer=0x7ef31aefb010 size=8192 context=0x9ee9790
I0317 11:11:05.026482    1186 libfabric_rail.cpp:1006] Receive posted successfully
I0317 11:11:05.026482    1186 libfabric_rail.cpp:320] Allocate on Rail 0 allocated control request XFER_ID=387 buffer_size=8192
I0317 11:11:05.026483    1186 libfabric_rail.cpp:997] Posting receive on endpoint=0x9f35750 buffer=0x7ef31aef9010 size=8192 context=0x9ee96e8
I0317 11:11:05.026484    1186 libfabric_rail.cpp:1006] Receive posted successfully
I0317 11:11:05.026484    1186 libfabric_rail.cpp:320] Allocate on Rail 0 allocated control request XFER_ID=388 buffer_size=8192
I0317 11:11:05.026485    1186 libfabric_rail.cpp:997] Posting receive on endpoint=0x9f35750 buffer=0x7ef31aef7010 size=8192 context=0x9ee9640
I0317 11:11:05.026486    1186 libfabric_rail.cpp:1006] Receive posted successfully
I0317 11:11:05.026487    1186 libfabric_rail.cpp:320] Allocate on Rail 0 allocated control request XFER_ID=389 buffer_size=8192
I0317 11:11:05.026488    1186 libfabric_rail.cpp:997] Posting receive on endpoint=0x9f35750 buffer=0x7ef31aef5010 size=8192 context=0x9ee9590
I0317 11:11:05.026489    1186 libfabric_rail.cpp:1006] Receive posted successfully
I0317 11:11:05.026489    1186 libfabric_rail.cpp:320] Allocate on Rail 0 allocated control request XFER_ID=390 buffer_size=8192
I0317 11:11:05.026490    1186 libfabric_rail.cpp:997] Posting receive on endpoint=0x9f35750 buffer=0x7ef31aef3010 size=8192 context=0x9ee94e8
I0317 11:11:05.026491    1186 libfabric_rail.cpp:1006] Receive posted successfully
I0317 11:11:05.026492    1186 libfabric_rail.cpp:320] Allocate on Rail 0 allocated control request XFER_ID=391 buffer_size=8192
I0317 11:11:05.026493    1186 libfabric_rail.cpp:997] Posting receive on endpoint=0x9f35750 buffer=0x7ef31aef1010 size=8192 context=0x9ee9440
I0317 11:11:05.026494    1186 libfabric_rail.cpp:1006] Receive posted successfully
I0317 11:11:05.026495    1186 libfabric_rail.cpp:320] Allocate on Rail 0 allocated control request XFER_ID=392 buffer_size=8192
I0317 11:11:05.026496    1186 libfabric_rail.cpp:997] Posting receive on endpoint=0x9f35750 buffer=0x7ef31aeef010 size=8192 context=0x9ee9390
I0317 11:11:05.026497    1186 libfabric_rail.cpp:1006] Receive posted successfully
I0317 11:11:05.026498    1186 libfabric_rail.cpp:320] Allocate on Rail 0 allocated control request XFER_ID=393 buffer_size=8192
I0317 11:11:05.026499    1186 libfabric_rail.cpp:997] Posting receive on endpoint=0x9f35750 buffer=0x7ef31aeed010 size=8192 context=0x9ee92e8
I0317 11:11:05.026500    1186 libfabric_rail.cpp:1006] Receive posted successfully
I0317 11:11:05.026501    1186 libfabric_rail.cpp:320] Allocate on Rail 0 allocated control request XFER_ID=394 buffer_size=8192
I0317 11:11:05.026501    1186 libfabric_rail.cpp:997] Posting receive on endpoint=0x9f35750 buffer=0x7ef31aeeb010 size=8192 context=0x9ee9240
I0317 11:11:05.026503    1186 libfabric_rail.cpp:1006] Receive posted successfully
I0317 11:11:05.026503    1186 libfabric_rail.cpp:320] Allocate on Rail 0 allocated control request XFER_ID=395 buffer_size=8192
I0317 11:11:05.026504    1186 libfabric_rail.cpp:997] Posting receive on endpoint=0x9f35750 buffer=0x7ef31aee9010 size=8192 context=0x9ee9190
I0317 11:11:05.026505    1186 libfabric_rail.cpp:1006] Receive posted successfully
I0317 11:11:05.026506    1186 libfabric_rail.cpp:320] Allocate on Rail 0 allocated control request XFER_ID=396 buffer_size=8192
I0317 11:11:05.026507    1186 libfabric_rail.cpp:997] Posting receive on endpoint=0x9f35750 buffer=0x7ef31aee7010 size=8192 context=0x9ee90e8
I0317 11:11:05.026508    1186 libfabric_rail.cpp:1006] Receive posted successfully
I0317 11:11:05.026509    1186 libfabric_rail.cpp:320] Allocate on Rail 0 allocated control request XFER_ID=397 buffer_size=8192
I0317 11:11:05.026510    1186 libfabric_rail.cpp:997] Posting receive on endpoint=0x9f35750 buffer=0x7ef31aee5010 size=8192 context=0x9ee9040
I0317 11:11:05.026511    1186 libfabric_rail.cpp:1006] Receive posted successfully
I0317 11:11:05.026511    1186 libfabric_rail.cpp:320] Allocate on Rail 0 allocated control request XFER_ID=398 buffer_size=8192
I0317 11:11:05.026512    1186 libfabric_rail.cpp:997] Posting receive on endpoint=0x9f35750 buffer=0x7ef31aee3010 size=8192 context=0x9ee8f90
I0317 11:11:05.026514    1186 libfabric_rail.cpp:1006] Receive posted successfully
I0317 11:11:05.026514    1186 libfabric_rail.cpp:320] Allocate on Rail 0 allocated control request XFER_ID=399 buffer_size=8192
I0317 11:11:05.026515    1186 libfabric_rail.cpp:997] Posting receive on endpoint=0x9f35750 buffer=0x7ef31aee1010 size=8192 context=0x9ee8ee8
I0317 11:11:05.026516    1186 libfabric_rail.cpp:1006] Receive posted successfully
I0317 11:11:05.026517    1186 libfabric_rail.cpp:320] Allocate on Rail 0 allocated control request XFER_ID=400 buffer_size=8192
I0317 11:11:05.026518    1186 libfabric_rail.cpp:997] Posting receive on endpoint=0x9f35750 buffer=0x7ef31aedf010 size=8192 context=0x9ee8e40
I0317 11:11:05.026519    1186 libfabric_rail.cpp:1006] Receive posted successfully
I0317 11:11:05.026520    1186 libfabric_rail.cpp:320] Allocate on Rail 0 allocated control request XFER_ID=401 buffer_size=8192
I0317 11:11:05.026521    1186 libfabric_rail.cpp:997] Posting receive on endpoint=0x9f35750 buffer=0x7ef31aedd010 size=8192 context=0x9ee8d90
I0317 11:11:05.026522    1186 libfabric_rail.cpp:1006] Receive posted successfully
I0317 11:11:05.026522    1186 libfabric_rail.cpp:320] Allocate on Rail 0 allocated control request XFER_ID=402 buffer_size=8192
I0317 11:11:05.026523    1186 libfabric_rail.cpp:997] Posting receive on endpoint=0x9f35750 buffer=0x7ef31aedb010 size=8192 context=0x9ee8ce8
I0317 11:11:05.026524    1186 libfabric_rail.cpp:1006] Receive posted successfully
I0317 11:11:05.026524    1186 libfabric_rail.cpp:320] Allocate on Rail 0 allocated control request XFER_ID=403 buffer_size=8192
I0317 11:11:05.026525    1186 libfabric_rail.cpp:997] Posting receive on endpoint=0x9f35750 buffer=0x7ef31aed9010 size=8192 context=0x9ee8c40
I0317 11:11:05.026526    1186 libfabric_rail.cpp:1006] Receive posted successfully
I0317 11:11:05.026526    1186 libfabric_rail.cpp:320] Allocate on Rail 0 allocated control request XFER_ID=404 buffer_size=8192
I0317 11:11:05.026527    1186 libfabric_rail.cpp:997] Posting receive on endpoint=0x9f35750 buffer=0x7ef31aed7010 size=8192 context=0x9ee8b90
I0317 11:11:05.026528    1186 libfabric_rail.cpp:1006] Receive posted successfully
I0317 11:11:05.026529    1186 libfabric_rail.cpp:320] Allocate on Rail 0 allocated control request XFER_ID=405 buffer_size=8192
I0317 11:11:05.026529    1186 libfabric_rail.cpp:997] Posting receive on endpoint=0x9f35750 buffer=0x7ef31aed5010 size=8192 context=0x9ee8ae8
I0317 11:11:05.026530    1186 libfabric_rail.cpp:1006] Receive posted successfully
I0317 11:11:05.026531    1186 libfabric_rail.cpp:320] Allocate on Rail 0 allocated control request XFER_ID=406 buffer_size=8192
I0317 11:11:05.026531    1186 libfabric_rail.cpp:997] Posting receive on endpoint=0x9f35750 buffer=0x7ef31aed3010 size=8192 context=0x9ee8a40
I0317 11:11:05.026532    1186 libfabric_rail.cpp:1006] Receive posted successfully
I0317 11:11:05.026533    1186 libfabric_rail.cpp:320] Allocate on Rail 0 allocated control request XFER_ID=407 buffer_size=8192
I0317 11:11:05.026533    1186 libfabric_rail.cpp:997] Posting receive on endpoint=0x9f35750 buffer=0x7ef31aed1010 size=8192 context=0x9ee8990
I0317 11:11:05.026534    1186 libfabric_rail.cpp:1006] Receive posted successfully
I0317 11:11:05.026535    1186 libfabric_rail.cpp:320] Allocate on Rail 0 allocated control request XFER_ID=408 buffer_size=8192
I0317 11:11:05.026536    1186 libfabric_rail.cpp:997] Posting receive on endpoint=0x9f35750 buffer=0x7ef31aecf010 size=8192 context=0x9ee88e8
I0317 11:11:05.026536    1186 libfabric_rail.cpp:1006] Receive posted successfully
I0317 11:11:05.026537    1186 libfabric_rail.cpp:320] Allocate on Rail 0 allocated control request XFER_ID=409 buffer_size=8192
I0317 11:11:05.026538    1186 libfabric_rail.cpp:997] Posting receive on endpoint=0x9f35750 buffer=0x7ef31aecd010 size=8192 context=0x9ee8840
I0317 11:11:05.026539    1186 libfabric_rail.cpp:1006] Receive posted successfully
I0317 11:11:05.026539    1186 libfabric_rail.cpp:320] Allocate on Rail 0 allocated control request XFER_ID=410 buffer_size=8192
I0317 11:11:05.026540    1186 libfabric_rail.cpp:997] Posting receive on endpoint=0x9f35750 buffer=0x7ef31aecb010 size=8192 context=0x9ee8790
I0317 11:11:05.026541    1186 libfabric_rail.cpp:1006] Receive posted successfully
I0317 11:11:05.026541    1186 libfabric_rail.cpp:320] Allocate on Rail 0 allocated control request XFER_ID=411 buffer_size=8192
I0317 11:11:05.026542    1186 libfabric_rail.cpp:997] Posting receive on endpoint=0x9f35750 buffer=0x7ef31aec9010 size=8192 context=0x9ee86e8
I0317 11:11:05.026543    1186 libfabric_rail.cpp:1006] Receive posted successfully
I0317 11:11:05.026544    1186 libfabric_rail.cpp:320] Allocate on Rail 0 allocated control request XFER_ID=412 buffer_size=8192
I0317 11:11:05.026545    1186 libfabric_rail.cpp:997] Posting receive on endpoint=0x9f35750 buffer=0x7ef31aec7010 size=8192 context=0x9ee8640
I0317 11:11:05.026546    1186 libfabric_rail.cpp:1006] Receive posted successfully
I0317 11:11:05.026546    1186 libfabric_rail.cpp:320] Allocate on Rail 0 allocated control request XFER_ID=413 buffer_size=8192
I0317 11:11:05.026547    1186 libfabric_rail.cpp:997] Posting receive on endpoint=0x9f35750 buffer=0x7ef31aec5010 size=8192 context=0x9ee8590
I0317 11:11:05.026548    1186 libfabric_rail.cpp:1006] Receive posted successfully
I0317 11:11:05.026548    1186 libfabric_rail.cpp:320] Allocate on Rail 0 allocated control request XFER_ID=414 buffer_size=8192
I0317 11:11:05.026552    1186 libfabric_rail.cpp:997] Posting receive on endpoint=0x9f35750 buffer=0x7ef31aec3010 size=8192 context=0x9ee84e8
I0317 11:11:05.026553    1186 libfabric_rail.cpp:1006] Receive posted successfully
I0317 11:11:05.026553    1186 libfabric_rail.cpp:320] Allocate on Rail 0 allocated control request XFER_ID=415 buffer_size=8192
I0317 11:11:05.026554    1186 libfabric_rail.cpp:997] Posting receive on endpoint=0x9f35750 buffer=0x7ef31aec1010 size=8192 context=0x9ee8440
I0317 11:11:05.026555    1186 libfabric_rail.cpp:1006] Receive posted successfully
I0317 11:11:05.026555    1186 libfabric_rail.cpp:320] Allocate on Rail 0 allocated control request XFER_ID=416 buffer_size=8192
I0317 11:11:05.026556    1186 libfabric_rail.cpp:997] Posting receive on endpoint=0x9f35750 buffer=0x7ef31aebf010 size=8192 context=0x9ee8390
I0317 11:11:05.026557    1186 libfabric_rail.cpp:1006] Receive posted successfully
I0317 11:11:05.026558    1186 libfabric_rail.cpp:320] Allocate on Rail 0 allocated control request XFER_ID=417 buffer_size=8192
I0317 11:11:05.026558    1186 libfabric_rail.cpp:997] Posting receive on endpoint=0x9f35750 buffer=0x7ef31aebd010 size=8192 context=0x9ee82e8
I0317 11:11:05.026559    1186 libfabric_rail.cpp:1006] Receive posted successfully
I0317 11:11:05.026560    1186 libfabric_rail.cpp:320] Allocate on Rail 0 allocated control request XFER_ID=418 buffer_size=8192
I0317 11:11:05.026560    1186 libfabric_rail.cpp:997] Posting receive on endpoint=0x9f35750 buffer=0x7ef31aebb010 size=8192 context=0x9ee8240
I0317 11:11:05.026561    1186 libfabric_rail.cpp:1006] Receive posted successfully
I0317 11:11:05.026562    1186 libfabric_rail.cpp:320] Allocate on Rail 0 allocated control request XFER_ID=419 buffer_size=8192
I0317 11:11:05.026562    1186 libfabric_rail.cpp:997] Posting receive on endpoint=0x9f35750 buffer=0x7ef31aeb9010 size=8192 context=0x9ee8190
I0317 11:11:05.026563    1186 libfabric_rail.cpp:1006] Receive posted successfully
I0317 11:11:05.026564    1186 libfabric_rail.cpp:320] Allocate on Rail 0 allocated control request XFER_ID=420 buffer_size=8192
I0317 11:11:05.026564    1186 libfabric_rail.cpp:997] Posting receive on endpoint=0x9f35750 buffer=0x7ef31aeb7010 size=8192 context=0x9ee80e8
I0317 11:11:05.026565    1186 libfabric_rail.cpp:1006] Receive posted successfully
I0317 11:11:05.026566    1186 libfabric_rail.cpp:320] Allocate on Rail 0 allocated control request XFER_ID=421 buffer_size=8192
I0317 11:11:05.026567    1186 libfabric_rail.cpp:997] Posting receive on endpoint=0x9f35750 buffer=0x7ef31aeb5010 size=8192 context=0x9ee8040
I0317 11:11:05.026567    1186 libfabric_rail.cpp:1006] Receive posted successfully
I0317 11:11:05.026568    1186 libfabric_rail.cpp:320] Allocate on Rail 0 allocated control request XFER_ID=422 buffer_size=8192
I0317 11:11:05.026569    1186 libfabric_rail.cpp:997] Posting receive on endpoint=0x9f35750 buffer=0x7ef31aeb3010 size=8192 context=0x9ee7f90
I0317 11:11:05.026569    1186 libfabric_rail.cpp:1006] Receive posted successfully
I0317 11:11:05.026570    1186 libfabric_rail.cpp:320] Allocate on Rail 0 allocated control request XFER_ID=423 buffer_size=8192
I0317 11:11:05.026571    1186 libfabric_rail.cpp:997] Posting receive on endpoint=0x9f35750 buffer=0x7ef31aeb1010 size=8192 context=0x9ee7ee8
I0317 11:11:05.026572    1186 libfabric_rail.cpp:1006] Receive posted successfully
I0317 11:11:05.026572    1186 libfabric_rail.cpp:320] Allocate on Rail 0 allocated control request XFER_ID=424 buffer_size=8192
I0317 11:11:05.026573    1186 libfabric_rail.cpp:997] Posting receive on endpoint=0x9f35750 buffer=0x7ef31aeaf010 size=8192 context=0x9ee7e40
I0317 11:11:05.026574    1186 libfabric_rail.cpp:1006] Receive posted successfully
I0317 11:11:05.026575    1186 libfabric_rail.cpp:320] Allocate on Rail 0 allocated control request XFER_ID=425 buffer_size=8192
I0317 11:11:05.026576    1186 libfabric_rail.cpp:997] Posting receive on endpoint=0x9f35750 buffer=0x7ef31aead010 size=8192 context=0x9ee7d90
I0317 11:11:05.026577    1186 libfabric_rail.cpp:1006] Receive posted successfully
I0317 11:11:05.026578    1186 libfabric_rail.cpp:320] Allocate on Rail 0 allocated control request XFER_ID=426 buffer_size=8192
I0317 11:11:05.026579    1186 libfabric_rail.cpp:997] Posting receive on endpoint=0x9f35750 buffer=0x7ef31aeab010 size=8192 context=0x9ee7ce8
I0317 11:11:05.026580    1186 libfabric_rail.cpp:1006] Receive posted successfully
I0317 11:11:05.026581    1186 libfabric_rail.cpp:320] Allocate on Rail 0 allocated control request XFER_ID=427 buffer_size=8192
I0317 11:11:05.026581    1186 libfabric_rail.cpp:997] Posting receive on endpoint=0x9f35750 buffer=0x7ef31aea9010 size=8192 context=0x9ee7c40
I0317 11:11:05.026583    1186 libfabric_rail.cpp:1006] Receive posted successfully
I0317 11:11:05.026583    1186 libfabric_rail.cpp:320] Allocate on Rail 0 allocated control request XFER_ID=428 buffer_size=8192
I0317 11:11:05.026584    1186 libfabric_rail.cpp:997] Posting receive on endpoint=0x9f35750 buffer=0x7ef31aea7010 size=8192 context=0x9ee7b90
I0317 11:11:05.026585    1186 libfabric_rail.cpp:1006] Receive posted successfully
I0317 11:11:05.026586    1186 libfabric_rail.cpp:320] Allocate on Rail 0 allocated control request XFER_ID=429 buffer_size=8192
I0317 11:11:05.026587    1186 libfabric_rail.cpp:997] Posting receive on endpoint=0x9f35750 buffer=0x7ef31aea5010 size=8192 context=0x9ee7ae8
I0317 11:11:05.026588    1186 libfabric_rail.cpp:1006] Receive posted successfully
I0317 11:11:05.026589    1186 libfabric_rail.cpp:320] Allocate on Rail 0 allocated control request XFER_ID=430 buffer_size=8192
I0317 11:11:05.026590    1186 libfabric_rail.cpp:997] Posting receive on endpoint=0x9f35750 buffer=0x7ef31aea3010 size=8192 context=0x9ee7a40
I0317 11:11:05.026591    1186 libfabric_rail.cpp:1006] Receive posted successfully
I0317 11:11:05.026592    1186 libfabric_rail.cpp:320] Allocate on Rail 0 allocated control request XFER_ID=431 buffer_size=8192
I0317 11:11:05.026593    1186 libfabric_rail.cpp:997] Posting receive on endpoint=0x9f35750 buffer=0x7ef31aea1010 size=8192 context=0x9ee7990
I0317 11:11:05.026594    1186 libfabric_rail.cpp:1006] Receive posted successfully
I0317 11:11:05.026595    1186 libfabric_rail.cpp:320] Allocate on Rail 0 allocated control request XFER_ID=432 buffer_size=8192
I0317 11:11:05.026596    1186 libfabric_rail.cpp:997] Posting receive on endpoint=0x9f35750 buffer=0x7ef31ae9f010 size=8192 context=0x9ee78e8
I0317 11:11:05.026597    1186 libfabric_rail.cpp:1006] Receive posted successfully
I0317 11:11:05.026597    1186 libfabric_rail.cpp:320] Allocate on Rail 0 allocated control request XFER_ID=433 buffer_size=8192
I0317 11:11:05.026598    1186 libfabric_rail.cpp:997] Posting receive on endpoint=0x9f35750 buffer=0x7ef31ae9d010 size=8192 context=0x9ee7840
I0317 11:11:05.026599    1186 libfabric_rail.cpp:1006] Receive posted successfully
I0317 11:11:05.026600    1186 libfabric_rail.cpp:320] Allocate on Rail 0 allocated control request XFER_ID=434 buffer_size=8192
I0317 11:11:05.026601    1186 libfabric_rail.cpp:997] Posting receive on endpoint=0x9f35750 buffer=0x7ef31ae9b010 size=8192 context=0x9ee7790
I0317 11:11:05.026602    1186 libfabric_rail.cpp:1006] Receive posted successfully
I0317 11:11:05.026603    1186 libfabric_rail.cpp:320] Allocate on Rail 0 allocated control request XFER_ID=435 buffer_size=8192
I0317 11:11:05.026604    1186 libfabric_rail.cpp:997] Posting receive on endpoint=0x9f35750 buffer=0x7ef31ae99010 size=8192 context=0x9ee76e8
I0317 11:11:05.026604    1186 libfabric_rail.cpp:1006] Receive posted successfully
I0317 11:11:05.026605    1186 libfabric_rail.cpp:320] Allocate on Rail 0 allocated control request XFER_ID=436 buffer_size=8192
I0317 11:11:05.026606    1186 libfabric_rail.cpp:997] Posting receive on endpoint=0x9f35750 buffer=0x7ef31ae97010 size=8192 context=0x9ee7640
I0317 11:11:05.026607    1186 libfabric_rail.cpp:1006] Receive posted successfully
I0317 11:11:05.026607    1186 libfabric_rail.cpp:320] Allocate on Rail 0 allocated control request XFER_ID=437 buffer_size=8192
I0317 11:11:05.026608    1186 libfabric_rail.cpp:997] Posting receive on endpoint=0x9f35750 buffer=0x7ef31ae95010 size=8192 context=0x9ee7590
I0317 11:11:05.026609    1186 libfabric_rail.cpp:1006] Receive posted successfully
I0317 11:11:05.026609    1186 libfabric_rail.cpp:320] Allocate on Rail 0 allocated control request XFER_ID=438 buffer_size=8192
I0317 11:11:05.026610    1186 libfabric_rail.cpp:997] Posting receive on endpoint=0x9f35750 buffer=0x7ef31ae93010 size=8192 context=0x9ee74e8
I0317 11:11:05.026611    1186 libfabric_rail.cpp:1006] Receive posted successfully
I0317 11:11:05.026611    1186 libfabric_rail.cpp:320] Allocate on Rail 0 allocated control request XFER_ID=439 buffer_size=8192
I0317 11:11:05.026612    1186 libfabric_rail.cpp:997] Posting receive on endpoint=0x9f35750 buffer=0x7ef31ae91010 size=8192 context=0x9ee7440
I0317 11:11:05.026613    1186 libfabric_rail.cpp:1006] Receive posted successfully
I0317 11:11:05.026613    1186 libfabric_rail.cpp:320] Allocate on Rail 0 allocated control request XFER_ID=440 buffer_size=8192
I0317 11:11:05.026614    1186 libfabric_rail.cpp:997] Posting receive on endpoint=0x9f35750 buffer=0x7ef31ae8f010 size=8192 context=0x9ee7390
I0317 11:11:05.026615    1186 libfabric_rail.cpp:1006] Receive posted successfully
I0317 11:11:05.026616    1186 libfabric_rail.cpp:320] Allocate on Rail 0 allocated control request XFER_ID=441 buffer_size=8192
I0317 11:11:05.026616    1186 libfabric_rail.cpp:997] Posting receive on endpoint=0x9f35750 buffer=0x7ef31ae8d010 size=8192 context=0x9ee72e8
I0317 11:11:05.026617    1186 libfabric_rail.cpp:1006] Receive posted successfully
I0317 11:11:05.026618    1186 libfabric_rail.cpp:320] Allocate on Rail 0 allocated control request XFER_ID=442 buffer_size=8192
I0317 11:11:05.026618    1186 libfabric_rail.cpp:997] Posting receive on endpoint=0x9f35750 buffer=0x7ef31ae8b010 size=8192 context=0x9ee7240
I0317 11:11:05.026622    1186 libfabric_rail.cpp:1006] Receive posted successfully
I0317 11:11:05.026622    1186 libfabric_rail.cpp:320] Allocate on Rail 0 allocated control request XFER_ID=443 buffer_size=8192
I0317 11:11:05.026623    1186 libfabric_rail.cpp:997] Posting receive on endpoint=0x9f35750 buffer=0x7ef31ae89010 size=8192 context=0x9ee7190
I0317 11:11:05.026624    1186 libfabric_rail.cpp:1006] Receive posted successfully
I0317 11:11:05.026624    1186 libfabric_rail.cpp:320] Allocate on Rail 0 allocated control request XFER_ID=444 buffer_size=8192
I0317 11:11:05.026625    1186 libfabric_rail.cpp:997] Posting receive on endpoint=0x9f35750 buffer=0x7ef31ae87010 size=8192 context=0x9ee70e8
I0317 11:11:05.026626    1186 libfabric_rail.cpp:1006] Receive posted successfully
I0317 11:11:05.026627    1186 libfabric_rail.cpp:320] Allocate on Rail 0 allocated control request XFER_ID=445 buffer_size=8192
I0317 11:11:05.026627    1186 libfabric_rail.cpp:997] Posting receive on endpoint=0x9f35750 buffer=0x7ef31ae85010 size=8192 context=0x9ee7040
I0317 11:11:05.026628    1186 libfabric_rail.cpp:1006] Receive posted successfully
I0317 11:11:05.026629    1186 libfabric_rail.cpp:320] Allocate on Rail 0 allocated control request XFER_ID=446 buffer_size=8192
I0317 11:11:05.026629    1186 libfabric_rail.cpp:997] Posting receive on endpoint=0x9f35750 buffer=0x7ef31ae83010 size=8192 context=0x9ee6f90
I0317 11:11:05.026630    1186 libfabric_rail.cpp:1006] Receive posted successfully
I0317 11:11:05.026631    1186 libfabric_rail.cpp:320] Allocate on Rail 0 allocated control request XFER_ID=447 buffer_size=8192
I0317 11:11:05.026632    1186 libfabric_rail.cpp:997] Posting receive on endpoint=0x9f35750 buffer=0x7ef31ae81010 size=8192 context=0x9ee6ee8
I0317 11:11:05.026633    1186 libfabric_rail.cpp:1006] Receive posted successfully
I0317 11:11:05.026634    1186 libfabric_rail.cpp:320] Allocate on Rail 0 allocated control request XFER_ID=448 buffer_size=8192
I0317 11:11:05.026635    1186 libfabric_rail.cpp:997] Posting receive on endpoint=0x9f35750 buffer=0x7ef31ae7f010 size=8192 context=0x9ee6e40
I0317 11:11:05.026636    1186 libfabric_rail.cpp:1006] Receive posted successfully
I0317 11:11:05.026637    1186 libfabric_rail.cpp:320] Allocate on Rail 0 allocated control request XFER_ID=449 buffer_size=8192
I0317 11:11:05.026637    1186 libfabric_rail.cpp:997] Posting receive on endpoint=0x9f35750 buffer=0x7ef31ae7d010 size=8192 context=0x9ee6d90
I0317 11:11:05.026639    1186 libfabric_rail.cpp:1006] Receive posted successfully
I0317 11:11:05.026639    1186 libfabric_rail.cpp:320] Allocate on Rail 0 allocated control request XFER_ID=450 buffer_size=8192
I0317 11:11:05.026640    1186 libfabric_rail.cpp:997] Posting receive on endpoint=0x9f35750 buffer=0x7ef31ae7b010 size=8192 context=0x9ee6ce8
I0317 11:11:05.026641    1186 libfabric_rail.cpp:1006] Receive posted successfully
I0317 11:11:05.026642    1186 libfabric_rail.cpp:320] Allocate on Rail 0 allocated control request XFER_ID=451 buffer_size=8192
I0317 11:11:05.026643    1186 libfabric_rail.cpp:997] Posting receive on endpoint=0x9f35750 buffer=0x7ef31ae79010 size=8192 context=0x9ee6c40
I0317 11:11:05.026644    1186 libfabric_rail.cpp:1006] Receive posted successfully
I0317 11:11:05.026645    1186 libfabric_rail.cpp:320] Allocate on Rail 0 allocated control request XFER_ID=452 buffer_size=8192
I0317 11:11:05.026646    1186 libfabric_rail.cpp:997] Posting receive on endpoint=0x9f35750 buffer=0x7ef31ae77010 size=8192 context=0x9ee6b90
I0317 11:11:05.026647    1186 libfabric_rail.cpp:1006] Receive posted successfully
I0317 11:11:05.026647    1186 libfabric_rail.cpp:320] Allocate on Rail 0 allocated control request XFER_ID=453 buffer_size=8192
I0317 11:11:05.026648    1186 libfabric_rail.cpp:997] Posting receive on endpoint=0x9f35750 buffer=0x7ef31ae75010 size=8192 context=0x9ee6ae8
I0317 11:11:05.026649    1186 libfabric_rail.cpp:1006] Receive posted successfully
I0317 11:11:05.026650    1186 libfabric_rail.cpp:320] Allocate on Rail 0 allocated control request XFER_ID=454 buffer_size=8192
I0317 11:11:05.026651    1186 libfabric_rail.cpp:997] Posting receive on endpoint=0x9f35750 buffer=0x7ef31ae73010 size=8192 context=0x9ee6a40
I0317 11:11:05.026652    1186 libfabric_rail.cpp:1006] Receive posted successfully
I0317 11:11:05.026653    1186 libfabric_rail.cpp:320] Allocate on Rail 0 allocated control request XFER_ID=455 buffer_size=8192
I0317 11:11:05.026654    1186 libfabric_rail.cpp:997] Posting receive on endpoint=0x9f35750 buffer=0x7ef31ae71010 size=8192 context=0x9ee6990
I0317 11:11:05.026655    1186 libfabric_rail.cpp:1006] Receive posted successfully
I0317 11:11:05.026655    1186 libfabric_rail.cpp:320] Allocate on Rail 0 allocated control request XFER_ID=456 buffer_size=8192
I0317 11:11:05.026656    1186 libfabric_rail.cpp:997] Posting receive on endpoint=0x9f35750 buffer=0x7ef31ae6f010 size=8192 context=0x9ee68e8
I0317 11:11:05.026657    1186 libfabric_rail.cpp:1006] Receive posted successfully
I0317 11:11:05.026658    1186 libfabric_rail.cpp:320] Allocate on Rail 0 allocated control request XFER_ID=457 buffer_size=8192
I0317 11:11:05.026659    1186 libfabric_rail.cpp:997] Posting receive on endpoint=0x9f35750 buffer=0x7ef31ae6d010 size=8192 context=0x9ee6840
I0317 11:11:05.026660    1186 libfabric_rail.cpp:1006] Receive posted successfully
I0317 11:11:05.026661    1186 libfabric_rail.cpp:320] Allocate on Rail 0 allocated control request XFER_ID=458 buffer_size=8192
I0317 11:11:05.026662    1186 libfabric_rail.cpp:997] Posting receive on endpoint=0x9f35750 buffer=0x7ef31ae6b010 size=8192 context=0x9ee6790
I0317 11:11:05.026663    1186 libfabric_rail.cpp:1006] Receive posted successfully
I0317 11:11:05.026663    1186 libfabric_rail.cpp:320] Allocate on Rail 0 allocated control request XFER_ID=459 buffer_size=8192
I0317 11:11:05.026664    1186 libfabric_rail.cpp:997] Posting receive on endpoint=0x9f35750 buffer=0x7ef31ae69010 size=8192 context=0x9ee66e8
I0317 11:11:05.026665    1186 libfabric_rail.cpp:1006] Receive posted successfully
I0317 11:11:05.026665    1186 libfabric_rail.cpp:320] Allocate on Rail 0 allocated control request XFER_ID=460 buffer_size=8192
I0317 11:11:05.026666    1186 libfabric_rail.cpp:997] Posting receive on endpoint=0x9f35750 buffer=0x7ef31ae67010 size=8192 context=0x9ee6640
I0317 11:11:05.026667    1186 libfabric_rail.cpp:1006] Receive posted successfully
I0317 11:11:05.026667    1186 libfabric_rail.cpp:320] Allocate on Rail 0 allocated control request XFER_ID=461 buffer_size=8192
I0317 11:11:05.026668    1186 libfabric_rail.cpp:997] Posting receive on endpoint=0x9f35750 buffer=0x7ef31ae65010 size=8192 context=0x9ee6590
I0317 11:11:05.026669    1186 libfabric_rail.cpp:1006] Receive posted successfully
I0317 11:11:05.026669    1186 libfabric_rail.cpp:320] Allocate on Rail 0 allocated control request XFER_ID=462 buffer_size=8192
I0317 11:11:05.026670    1186 libfabric_rail.cpp:997] Posting receive on endpoint=0x9f35750 buffer=0x7ef31ae63010 size=8192 context=0x9ee64e8
I0317 11:11:05.026671    1186 libfabric_rail.cpp:1006] Receive posted successfully
I0317 11:11:05.026672    1186 libfabric_rail.cpp:320] Allocate on Rail 0 allocated control request XFER_ID=463 buffer_size=8192
I0317 11:11:05.026672    1186 libfabric_rail.cpp:997] Posting receive on endpoint=0x9f35750 buffer=0x7ef31ae61010 size=8192 context=0x9ee6440
I0317 11:11:05.026674    1186 libfabric_rail.cpp:1006] Receive posted successfully
I0317 11:11:05.026674    1186 libfabric_rail.cpp:320] Allocate on Rail 0 allocated control request XFER_ID=464 buffer_size=8192
I0317 11:11:05.026675    1186 libfabric_rail.cpp:997] Posting receive on endpoint=0x9f35750 buffer=0x7ef31ae5f010 size=8192 context=0x9ee6390
I0317 11:11:05.026676    1186 libfabric_rail.cpp:1006] Receive posted successfully
I0317 11:11:05.026676    1186 libfabric_rail.cpp:320] Allocate on Rail 0 allocated control request XFER_ID=465 buffer_size=8192
I0317 11:11:05.026677    1186 libfabric_rail.cpp:997] Posting receive on endpoint=0x9f35750 buffer=0x7ef31ae5d010 size=8192 context=0x9ee62e8
I0317 11:11:05.026678    1186 libfabric_rail.cpp:1006] Receive posted successfully
I0317 11:11:05.026679    1186 libfabric_rail.cpp:320] Allocate on Rail 0 allocated control request XFER_ID=466 buffer_size=8192
I0317 11:11:05.026679    1186 libfabric_rail.cpp:997] Posting receive on endpoint=0x9f35750 buffer=0x7ef31ae5b010 size=8192 context=0x9ee6240
I0317 11:11:05.026680    1186 libfabric_rail.cpp:1006] Receive posted successfully
I0317 11:11:05.026684    1186 libfabric_rail.cpp:320] Allocate on Rail 0 allocated control request XFER_ID=467 buffer_size=8192
I0317 11:11:05.026684    1186 libfabric_rail.cpp:997] Posting receive on endpoint=0x9f35750 buffer=0x7ef31ae59010 size=8192 context=0x9ee6190
I0317 11:11:05.026685    1186 libfabric_rail.cpp:1006] Receive posted successfully
I0317 11:11:05.026686    1186 libfabric_rail.cpp:320] Allocate on Rail 0 allocated control request XFER_ID=468 buffer_size=8192
I0317 11:11:05.026686    1186 libfabric_rail.cpp:997] Posting receive on endpoint=0x9f35750 buffer=0x7ef31ae57010 size=8192 context=0x9ee60e8
I0317 11:11:05.026687    1186 libfabric_rail.cpp:1006] Receive posted successfully
I0317 11:11:05.026688    1186 libfabric_rail.cpp:320] Allocate on Rail 0 allocated control request XFER_ID=469 buffer_size=8192
I0317 11:11:05.026688    1186 libfabric_rail.cpp:997] Posting receive on endpoint=0x9f35750 buffer=0x7ef31ae55010 size=8192 context=0x9ee6040
I0317 11:11:05.026689    1186 libfabric_rail.cpp:1006] Receive posted successfully
I0317 11:11:05.026690    1186 libfabric_rail.cpp:320] Allocate on Rail 0 allocated control request XFER_ID=470 buffer_size=8192
I0317 11:11:05.026691    1186 libfabric_rail.cpp:997] Posting receive on endpoint=0x9f35750 buffer=0x7ef31ae53010 size=8192 context=0x9ee5f90
I0317 11:11:05.026692    1186 libfabric_rail.cpp:1006] Receive posted successfully
I0317 11:11:05.026693    1186 libfabric_rail.cpp:320] Allocate on Rail 0 allocated control request XFER_ID=471 buffer_size=8192
I0317 11:11:05.026694    1186 libfabric_rail.cpp:997] Posting receive on endpoint=0x9f35750 buffer=0x7ef31ae51010 size=8192 context=0x9ee5ee8
I0317 11:11:05.026695    1186 libfabric_rail.cpp:1006] Receive posted successfully
I0317 11:11:05.026696    1186 libfabric_rail.cpp:320] Allocate on Rail 0 allocated control request XFER_ID=472 buffer_size=8192
I0317 11:11:05.026696    1186 libfabric_rail.cpp:997] Posting receive on endpoint=0x9f35750 buffer=0x7ef31ae4f010 size=8192 context=0x9ee5e40
I0317 11:11:05.026697    1186 libfabric_rail.cpp:1006] Receive posted successfully
I0317 11:11:05.026698    1186 libfabric_rail.cpp:320] Allocate on Rail 0 allocated control request XFER_ID=473 buffer_size=8192
I0317 11:11:05.026699    1186 libfabric_rail.cpp:997] Posting receive on endpoint=0x9f35750 buffer=0x7ef31ae4d010 size=8192 context=0x9ee5d90
I0317 11:11:05.026700    1186 libfabric_rail.cpp:1006] Receive posted successfully
I0317 11:11:05.026701    1186 libfabric_rail.cpp:320] Allocate on Rail 0 allocated control request XFER_ID=474 buffer_size=8192
I0317 11:11:05.026702    1186 libfabric_rail.cpp:997] Posting receive on endpoint=0x9f35750 buffer=0x7ef31ae4b010 size=8192 context=0x9ee5ce8
I0317 11:11:05.026703    1186 libfabric_rail.cpp:1006] Receive posted successfully
I0317 11:11:05.026704    1186 libfabric_rail.cpp:320] Allocate on Rail 0 allocated control request XFER_ID=475 buffer_size=8192
I0317 11:11:05.026705    1186 libfabric_rail.cpp:997] Posting receive on endpoint=0x9f35750 buffer=0x7ef31ae49010 size=8192 context=0x9ee5c40
I0317 11:11:05.026706    1186 libfabric_rail.cpp:1006] Receive posted successfully
I0317 11:11:05.026706    1186 libfabric_rail.cpp:320] Allocate on Rail 0 allocated control request XFER_ID=476 buffer_size=8192
I0317 11:11:05.026707    1186 libfabric_rail.cpp:997] Posting receive on endpoint=0x9f35750 buffer=0x7ef31ae47010 size=8192 context=0x9ee5b90
I0317 11:11:05.026708    1186 libfabric_rail.cpp:1006] Receive posted successfully
I0317 11:11:05.026709    1186 libfabric_rail.cpp:320] Allocate on Rail 0 allocated control request XFER_ID=477 buffer_size=8192
I0317 11:11:05.026710    1186 libfabric_rail.cpp:997] Posting receive on endpoint=0x9f35750 buffer=0x7ef31ae45010 size=8192 context=0x9ee5ae8
I0317 11:11:05.026711    1186 libfabric_rail.cpp:1006] Receive posted successfully
I0317 11:11:05.026712    1186 libfabric_rail.cpp:320] Allocate on Rail 0 allocated control request XFER_ID=478 buffer_size=8192
I0317 11:11:05.026713    1186 libfabric_rail.cpp:997] Posting receive on endpoint=0x9f35750 buffer=0x7ef31ae43010 size=8192 context=0x9ee5a40
I0317 11:11:05.026714    1186 libfabric_rail.cpp:1006] Receive posted successfully
I0317 11:11:05.026714    1186 libfabric_rail.cpp:320] Allocate on Rail 0 allocated control request XFER_ID=479 buffer_size=8192
I0317 11:11:05.026715    1186 libfabric_rail.cpp:997] Posting receive on endpoint=0x9f35750 buffer=0x7ef31ae41010 size=8192 context=0x9ee5990
I0317 11:11:05.026716    1186 libfabric_rail.cpp:1006] Receive posted successfully
I0317 11:11:05.026717    1186 libfabric_rail.cpp:320] Allocate on Rail 0 allocated control request XFER_ID=480 buffer_size=8192
I0317 11:11:05.026718    1186 libfabric_rail.cpp:997] Posting receive on endpoint=0x9f35750 buffer=0x7ef31ae3f010 size=8192 context=0x9ee58e8
I0317 11:11:05.026719    1186 libfabric_rail.cpp:1006] Receive posted successfully
I0317 11:11:05.026721    1186 libfabric_rail.cpp:320] Allocate on Rail 0 allocated control request XFER_ID=481 buffer_size=8192
I0317 11:11:05.026722    1186 libfabric_rail.cpp:997] Posting receive on endpoint=0x9f35750 buffer=0x7ef31ae3d010 size=8192 context=0x9ee5840
I0317 11:11:05.026722    1186 libfabric_rail.cpp:1006] Receive posted successfully
I0317 11:11:05.026723    1186 libfabric_rail.cpp:320] Allocate on Rail 0 allocated control request XFER_ID=482 buffer_size=8192
I0317 11:11:05.026724    1186 libfabric_rail.cpp:997] Posting receive on endpoint=0x9f35750 buffer=0x7ef31ae3b010 size=8192 context=0x9ee5790
I0317 11:11:05.026725    1186 libfabric_rail.cpp:1006] Receive posted successfully
I0317 11:11:05.026725    1186 libfabric_rail.cpp:320] Allocate on Rail 0 allocated control request XFER_ID=483 buffer_size=8192
I0317 11:11:05.026726    1186 libfabric_rail.cpp:997] Posting receive on endpoint=0x9f35750 buffer=0x7ef31ae39010 size=8192 context=0x9ee56e8
I0317 11:11:05.026727    1186 libfabric_rail.cpp:1006] Receive posted successfully
I0317 11:11:05.026728    1186 libfabric_rail.cpp:320] Allocate on Rail 0 allocated control request XFER_ID=484 buffer_size=8192
I0317 11:11:05.026728    1186 libfabric_rail.cpp:997] Posting receive on endpoint=0x9f35750 buffer=0x7ef31ae37010 size=8192 context=0x9ee5640
I0317 11:11:05.026729    1186 libfabric_rail.cpp:1006] Receive posted successfully
I0317 11:11:05.026730    1186 libfabric_rail.cpp:320] Allocate on Rail 0 allocated control request XFER_ID=485 buffer_size=8192
I0317 11:11:05.026730    1186 libfabric_rail.cpp:997] Posting receive on endpoint=0x9f35750 buffer=0x7ef31ae35010 size=8192 context=0x9ee5590
I0317 11:11:05.026731    1186 libfabric_rail.cpp:1006] Receive posted successfully
I0317 11:11:05.026732    1186 libfabric_rail.cpp:320] Allocate on Rail 0 allocated control request XFER_ID=486 buffer_size=8192
I0317 11:11:05.026732    1186 libfabric_rail.cpp:997] Posting receive on endpoint=0x9f35750 buffer=0x7ef31ae33010 size=8192 context=0x9ee54e8
I0317 11:11:05.026733    1186 libfabric_rail.cpp:1006] Receive posted successfully
I0317 11:11:05.026734    1186 libfabric_rail.cpp:320] Allocate on Rail 0 allocated control request XFER_ID=487 buffer_size=8192
I0317 11:11:05.026735    1186 libfabric_rail.cpp:997] Posting receive on endpoint=0x9f35750 buffer=0x7ef31ae31010 size=8192 context=0x9ee5440
I0317 11:11:05.026735    1186 libfabric_rail.cpp:1006] Receive posted successfully
I0317 11:11:05.026736    1186 libfabric_rail.cpp:320] Allocate on Rail 0 allocated control request XFER_ID=488 buffer_size=8192
I0317 11:11:05.026737    1186 libfabric_rail.cpp:997] Posting receive on endpoint=0x9f35750 buffer=0x7ef31ae2f010 size=8192 context=0x9ee5390
I0317 11:11:05.026737    1186 libfabric_rail.cpp:1006] Receive posted successfully
I0317 11:11:05.026738    1186 libfabric_rail.cpp:320] Allocate on Rail 0 allocated control request XFER_ID=489 buffer_size=8192
I0317 11:11:05.026739    1186 libfabric_rail.cpp:997] Posting receive on endpoint=0x9f35750 buffer=0x7ef31ae2d010 size=8192 context=0x9ee52e8
I0317 11:11:05.026740    1186 libfabric_rail.cpp:1006] Receive posted successfully
I0317 11:11:05.026740    1186 libfabric_rail.cpp:320] Allocate on Rail 0 allocated control request XFER_ID=490 buffer_size=8192
I0317 11:11:05.026741    1186 libfabric_rail.cpp:997] Posting receive on endpoint=0x9f35750 buffer=0x7ef31ae2b010 size=8192 context=0x9ee5240
I0317 11:11:05.026742    1186 libfabric_rail.cpp:1006] Receive posted successfully
I0317 11:11:05.026742    1186 libfabric_rail.cpp:320] Allocate on Rail 0 allocated control request XFER_ID=491 buffer_size=8192
I0317 11:11:05.026743    1186 libfabric_rail.cpp:997] Posting receive on endpoint=0x9f35750 buffer=0x7ef31ae29010 size=8192 context=0x9ee5190
I0317 11:11:05.026744    1186 libfabric_rail.cpp:1006] Receive posted successfully
I0317 11:11:05.026744    1186 libfabric_rail.cpp:320] Allocate on Rail 0 allocated control request XFER_ID=492 buffer_size=8192
I0317 11:11:05.026745    1186 libfabric_rail.cpp:997] Posting receive on endpoint=0x9f35750 buffer=0x7ef31ae27010 size=8192 context=0x9ee50e8
I0317 11:11:05.026746    1186 libfabric_rail.cpp:1006] Receive posted successfully
I0317 11:11:05.026747    1186 libfabric_rail.cpp:320] Allocate on Rail 0 allocated control request XFER_ID=493 buffer_size=8192
I0317 11:11:05.026747    1186 libfabric_rail.cpp:997] Posting receive on endpoint=0x9f35750 buffer=0x7ef31ae25010 size=8192 context=0x9ee5040
I0317 11:11:05.026748    1186 libfabric_rail.cpp:1006] Receive posted successfully
I0317 11:11:05.026749    1186 libfabric_rail.cpp:320] Allocate on Rail 0 allocated control request XFER_ID=494 buffer_size=8192
I0317 11:11:05.026754    1186 libfabric_rail.cpp:997] Posting receive on endpoint=0x9f35750 buffer=0x7ef31ae23010 size=8192 context=0x9ee4f90
I0317 11:11:05.026755    1186 libfabric_rail.cpp:1006] Receive posted successfully
I0317 11:11:05.026755    1186 libfabric_rail.cpp:320] Allocate on Rail 0 allocated control request XFER_ID=495 buffer_size=8192
I0317 11:11:05.026756    1186 libfabric_rail.cpp:997] Posting receive on endpoint=0x9f35750 buffer=0x7ef31ae21010 size=8192 context=0x9ee4ee8
I0317 11:11:05.026757    1186 libfabric_rail.cpp:1006] Receive posted successfully
I0317 11:11:05.026757    1186 libfabric_rail.cpp:320] Allocate on Rail 0 allocated control request XFER_ID=496 buffer_size=8192
I0317 11:11:05.026758    1186 libfabric_rail.cpp:997] Posting receive on endpoint=0x9f35750 buffer=0x7ef31ae1f010 size=8192 context=0x9ee4e40
I0317 11:11:05.026759    1186 libfabric_rail.cpp:1006] Receive posted successfully
I0317 11:11:05.026759    1186 libfabric_rail.cpp:320] Allocate on Rail 0 allocated control request XFER_ID=497 buffer_size=8192
I0317 11:11:05.026760    1186 libfabric_rail.cpp:997] Posting receive on endpoint=0x9f35750 buffer=0x7ef31ae1d010 size=8192 context=0x9ee4d90
I0317 11:11:05.026761    1186 libfabric_rail.cpp:1006] Receive posted successfully
I0317 11:11:05.026762    1186 libfabric_rail.cpp:320] Allocate on Rail 0 allocated control request XFER_ID=498 buffer_size=8192
I0317 11:11:05.026762    1186 libfabric_rail.cpp:997] Posting receive on endpoint=0x9f35750 buffer=0x7ef31ae1b010 size=8192 context=0x9ee4ce8
I0317 11:11:05.026763    1186 libfabric_rail.cpp:1006] Receive posted successfully
I0317 11:11:05.026764    1186 libfabric_rail.cpp:320] Allocate on Rail 0 allocated control request XFER_ID=499 buffer_size=8192
I0317 11:11:05.026764    1186 libfabric_rail.cpp:997] Posting receive on endpoint=0x9f35750 buffer=0x7ef31ae19010 size=8192 context=0x9ee4c40
I0317 11:11:05.026765    1186 libfabric_rail.cpp:1006] Receive posted successfully
I0317 11:11:05.026766    1186 libfabric_rail.cpp:320] Allocate on Rail 0 allocated control request XFER_ID=500 buffer_size=8192
I0317 11:11:05.026767    1186 libfabric_rail.cpp:997] Posting receive on endpoint=0x9f35750 buffer=0x7ef31ae17010 size=8192 context=0x9ee4b90
I0317 11:11:05.026767    1186 libfabric_rail.cpp:1006] Receive posted successfully
I0317 11:11:05.026768    1186 libfabric_rail.cpp:320] Allocate on Rail 0 allocated control request XFER_ID=501 buffer_size=8192
I0317 11:11:05.026769    1186 libfabric_rail.cpp:997] Posting receive on endpoint=0x9f35750 buffer=0x7ef31ae15010 size=8192 context=0x9ee4ae8
I0317 11:11:05.026770    1186 libfabric_rail.cpp:1006] Receive posted successfully
I0317 11:11:05.026770    1186 libfabric_rail.cpp:320] Allocate on Rail 0 allocated control request XFER_ID=502 buffer_size=8192
I0317 11:11:05.026771    1186 libfabric_rail.cpp:997] Posting receive on endpoint=0x9f35750 buffer=0x7ef31ae13010 size=8192 context=0x9ee4a40
I0317 11:11:05.026772    1186 libfabric_rail.cpp:1006] Receive posted successfully
I0317 11:11:05.026772    1186 libfabric_rail.cpp:320] Allocate on Rail 0 allocated control request XFER_ID=503 buffer_size=8192
I0317 11:11:05.026773    1186 libfabric_rail.cpp:997] Posting receive on endpoint=0x9f35750 buffer=0x7ef31ae11010 size=8192 context=0x9ee4990
I0317 11:11:05.026774    1186 libfabric_rail.cpp:1006] Receive posted successfully
I0317 11:11:05.026775    1186 libfabric_rail.cpp:320] Allocate on Rail 0 allocated control request XFER_ID=504 buffer_size=8192
I0317 11:11:05.026775    1186 libfabric_rail.cpp:997] Posting receive on endpoint=0x9f35750 buffer=0x7ef31ae0f010 size=8192 context=0x9ee48e8
I0317 11:11:05.026776    1186 libfabric_rail.cpp:1006] Receive posted successfully
I0317 11:11:05.026777    1186 libfabric_rail.cpp:320] Allocate on Rail 0 allocated control request XFER_ID=505 buffer_size=8192
I0317 11:11:05.026778    1186 libfabric_rail.cpp:997] Posting receive on endpoint=0x9f35750 buffer=0x7ef31ae0d010 size=8192 context=0x9ee4840
I0317 11:11:05.026779    1186 libfabric_rail.cpp:1006] Receive posted successfully
I0317 11:11:05.026780    1186 libfabric_rail.cpp:320] Allocate on Rail 0 allocated control request XFER_ID=506 buffer_size=8192
I0317 11:11:05.026781    1186 libfabric_rail.cpp:997] Posting receive on endpoint=0x9f35750 buffer=0x7ef31ae0b010 size=8192 context=0x9ee4790
I0317 11:11:05.026782    1186 libfabric_rail.cpp:1006] Receive posted successfully
I0317 11:11:05.026783    1186 libfabric_rail.cpp:320] Allocate on Rail 0 allocated control request XFER_ID=507 buffer_size=8192
I0317 11:11:05.026784    1186 libfabric_rail.cpp:997] Posting receive on endpoint=0x9f35750 buffer=0x7ef31ae09010 size=8192 context=0x9ee46e8
I0317 11:11:05.026785    1186 libfabric_rail.cpp:1006] Receive posted successfully
I0317 11:11:05.026786    1186 libfabric_rail.cpp:320] Allocate on Rail 0 allocated control request XFER_ID=508 buffer_size=8192
I0317 11:11:05.026786    1186 libfabric_rail.cpp:997] Posting receive on endpoint=0x9f35750 buffer=0x7ef31ae07010 size=8192 context=0x9ee4640
I0317 11:11:05.026788    1186 libfabric_rail.cpp:1006] Receive posted successfully
I0317 11:11:05.026788    1186 libfabric_rail.cpp:320] Allocate on Rail 0 allocated control request XFER_ID=509 buffer_size=8192
I0317 11:11:05.026789    1186 libfabric_rail.cpp:997] Posting receive on endpoint=0x9f35750 buffer=0x7ef31ae05010 size=8192 context=0x9ee4590
I0317 11:11:05.026790    1186 libfabric_rail.cpp:1006] Receive posted successfully
I0317 11:11:05.026791    1186 libfabric_rail.cpp:320] Allocate on Rail 0 allocated control request XFER_ID=510 buffer_size=8192
I0317 11:11:05.026792    1186 libfabric_rail.cpp:997] Posting receive on endpoint=0x9f35750 buffer=0x7ef31ae03010 size=8192 context=0x9ee44e8
I0317 11:11:05.026793    1186 libfabric_rail.cpp:1006] Receive posted successfully
I0317 11:11:05.026794    1186 libfabric_rail.cpp:320] Allocate on Rail 0 allocated control request XFER_ID=511 buffer_size=8192
I0317 11:11:05.026795    1186 libfabric_rail.cpp:997] Posting receive on endpoint=0x9f35750 buffer=0x7ef31ae01010 size=8192 context=0x9ee4440
I0317 11:11:05.026796    1186 libfabric_rail.cpp:1006] Receive posted successfully
I0317 11:11:05.026797    1186 libfabric_rail.cpp:320] Allocate on Rail 0 allocated control request XFER_ID=512 buffer_size=8192
I0317 11:11:05.026799    1186 libfabric_rail.cpp:997] Posting receive on endpoint=0x9f35750 buffer=0x7ef31adff010 size=8192 context=0x9ee4390
I0317 11:11:05.026801    1186 libfabric_rail.cpp:1006] Receive posted successfully
I0317 11:11:05.026801    1186 libfabric_rail.cpp:320] Allocate on Rail 0 allocated control request XFER_ID=513 buffer_size=8192
I0317 11:11:05.026802    1186 libfabric_rail.cpp:997] Posting receive on endpoint=0x9f35750 buffer=0x7ef31adfd010 size=8192 context=0x9ee42e8
I0317 11:11:05.026803    1186 libfabric_rail.cpp:1006] Receive posted successfully
I0317 11:11:05.026804    1186 libfabric_rail.cpp:320] Allocate on Rail 0 allocated control request XFER_ID=514 buffer_size=8192
I0317 11:11:05.026805    1186 libfabric_rail.cpp:997] Posting receive on endpoint=0x9f35750 buffer=0x7ef31adfb010 size=8192 context=0x9ee4240
I0317 11:11:05.026806    1186 libfabric_rail.cpp:1006] Receive posted successfully
I0317 11:11:05.026807    1186 libfabric_rail.cpp:320] Allocate on Rail 0 allocated control request XFER_ID=515 buffer_size=8192
I0317 11:11:05.026808    1186 libfabric_rail.cpp:997] Posting receive on endpoint=0x9f35750 buffer=0x7ef31adf9010 size=8192 context=0x9ee4190
I0317 11:11:05.026809    1186 libfabric_rail.cpp:1006] Receive posted successfully
I0317 11:11:05.026810    1186 libfabric_rail.cpp:320] Allocate on Rail 0 allocated control request XFER_ID=516 buffer_size=8192
I0317 11:11:05.026810    1186 libfabric_rail.cpp:997] Posting receive on endpoint=0x9f35750 buffer=0x7ef31adf7010 size=8192 context=0x9ee40e8
I0317 11:11:05.026811    1186 libfabric_rail.cpp:1006] Receive posted successfully
I0317 11:11:05.026812    1186 libfabric_rail.cpp:320] Allocate on Rail 0 allocated control request XFER_ID=517 buffer_size=8192
I0317 11:11:05.026813    1186 libfabric_rail.cpp:997] Posting receive on endpoint=0x9f35750 buffer=0x7ef31adf5010 size=8192 context=0x9ee4040
I0317 11:11:05.026814    1186 libfabric_rail.cpp:1006] Receive posted successfully
I0317 11:11:05.026815    1186 libfabric_rail.cpp:320] Allocate on Rail 0 allocated control request XFER_ID=518 buffer_size=8192
I0317 11:11:05.026816    1186 libfabric_rail.cpp:997] Posting receive on endpoint=0x9f35750 buffer=0x7ef31adf3010 size=8192 context=0x9ee3f90
I0317 11:11:05.026817    1186 libfabric_rail.cpp:1006] Receive posted successfully
I0317 11:11:05.026818    1186 libfabric_rail.cpp:320] Allocate on Rail 0 allocated control request XFER_ID=519 buffer_size=8192
I0317 11:11:05.026819    1186 libfabric_rail.cpp:997] Posting receive on endpoint=0x9f35750 buffer=0x7ef31adf1010 size=8192 context=0x9ee3ee8
I0317 11:11:05.026820    1186 libfabric_rail.cpp:1006] Receive posted successfully
I0317 11:11:05.026820    1186 libfabric_rail.cpp:320] Allocate on Rail 0 allocated control request XFER_ID=520 buffer_size=8192
I0317 11:11:05.026821    1186 libfabric_rail.cpp:997] Posting receive on endpoint=0x9f35750 buffer=0x7ef31adef010 size=8192 context=0x9ee3e40
I0317 11:11:05.026822    1186 libfabric_rail.cpp:1006] Receive posted successfully
I0317 11:11:05.026823    1186 libfabric_rail.cpp:320] Allocate on Rail 0 allocated control request XFER_ID=521 buffer_size=8192
I0317 11:11:05.026824    1186 libfabric_rail.cpp:997] Posting receive on endpoint=0x9f35750 buffer=0x7ef31aded010 size=8192 context=0x9ee3d90
I0317 11:11:05.026825    1186 libfabric_rail.cpp:1006] Receive posted successfully
I0317 11:11:05.026826    1186 libfabric_rail.cpp:320] Allocate on Rail 0 allocated control request XFER_ID=522 buffer_size=8192
I0317 11:11:05.026827    1186 libfabric_rail.cpp:997] Posting receive on endpoint=0x9f35750 buffer=0x7ef31adeb010 size=8192 context=0x9ee3ce8
I0317 11:11:05.026828    1186 libfabric_rail.cpp:1006] Receive posted successfully
I0317 11:11:05.026829    1186 libfabric_rail.cpp:320] Allocate on Rail 0 allocated control request XFER_ID=523 buffer_size=8192
I0317 11:11:05.026830    1186 libfabric_rail.cpp:997] Posting receive on endpoint=0x9f35750 buffer=0x7ef31ade9010 size=8192 context=0x9ee3c40
I0317 11:11:05.026831    1186 libfabric_rail.cpp:1006] Receive posted successfully
I0317 11:11:05.026831    1186 libfabric_rail.cpp:320] Allocate on Rail 0 allocated control request XFER_ID=524 buffer_size=8192
I0317 11:11:05.026832    1186 libfabric_rail.cpp:997] Posting receive on endpoint=0x9f35750 buffer=0x7ef31ade7010 size=8192 context=0x9ee3b90
I0317 11:11:05.026833    1186 libfabric_rail.cpp:1006] Receive posted successfully
I0317 11:11:05.026834    1186 libfabric_rail.cpp:320] Allocate on Rail 0 allocated control request XFER_ID=525 buffer_size=8192
I0317 11:11:05.026835    1186 libfabric_rail.cpp:997] Posting receive on endpoint=0x9f35750 buffer=0x7ef31ade5010 size=8192 context=0x9ee3ae8
I0317 11:11:05.026836    1186 libfabric_rail.cpp:1006] Receive posted successfully
I0317 11:11:05.026837    1186 libfabric_rail.cpp:320] Allocate on Rail 0 allocated control request XFER_ID=526 buffer_size=8192
I0317 11:11:05.026838    1186 libfabric_rail.cpp:997] Posting receive on endpoint=0x9f35750 buffer=0x7ef31ade3010 size=8192 context=0x9ee3a40
I0317 11:11:05.026839    1186 libfabric_rail.cpp:1006] Receive posted successfully
I0317 11:11:05.026840    1186 libfabric_rail.cpp:320] Allocate on Rail 0 allocated control request XFER_ID=527 buffer_size=8192
I0317 11:11:05.026840    1186 libfabric_rail.cpp:997] Posting receive on endpoint=0x9f35750 buffer=0x7ef31ade1010 size=8192 context=0x9ee3990
I0317 11:11:05.026841    1186 libfabric_rail.cpp:1006] Receive posted successfully
I0317 11:11:05.026844    1186 libfabric_rail.cpp:320] Allocate on Rail 0 allocated control request XFER_ID=528 buffer_size=8192
I0317 11:11:05.026844    1186 libfabric_rail.cpp:997] Posting receive on endpoint=0x9f35750 buffer=0x7ef31addf010 size=8192 context=0x9ee38e8
I0317 11:11:05.026845    1186 libfabric_rail.cpp:1006] Receive posted successfully
I0317 11:11:05.026846    1186 libfabric_rail.cpp:320] Allocate on Rail 0 allocated control request XFER_ID=529 buffer_size=8192
I0317 11:11:05.026846    1186 libfabric_rail.cpp:997] Posting receive on endpoint=0x9f35750 buffer=0x7ef31addd010 size=8192 context=0x9ee3840
I0317 11:11:05.026847    1186 libfabric_rail.cpp:1006] Receive posted successfully
I0317 11:11:05.026848    1186 libfabric_rail.cpp:320] Allocate on Rail 0 allocated control request XFER_ID=530 buffer_size=8192
I0317 11:11:05.026849    1186 libfabric_rail.cpp:997] Posting receive on endpoint=0x9f35750 buffer=0x7ef31addb010 size=8192 context=0x9ee3790
I0317 11:11:05.026849    1186 libfabric_rail.cpp:1006] Receive posted successfully
I0317 11:11:05.026850    1186 libfabric_rail.cpp:320] Allocate on Rail 0 allocated control request XFER_ID=531 buffer_size=8192
I0317 11:11:05.026851    1186 libfabric_rail.cpp:997] Posting receive on endpoint=0x9f35750 buffer=0x7ef31add9010 size=8192 context=0x9ee36e8
I0317 11:11:05.026851    1186 libfabric_rail.cpp:1006] Receive posted successfully
I0317 11:11:05.026852    1186 libfabric_rail.cpp:320] Allocate on Rail 0 allocated control request XFER_ID=532 buffer_size=8192
I0317 11:11:05.026853    1186 libfabric_rail.cpp:997] Posting receive on endpoint=0x9f35750 buffer=0x7ef31add7010 size=8192 context=0x9ee3640
I0317 11:11:05.026854    1186 libfabric_rail.cpp:1006] Receive posted successfully
I0317 11:11:05.026854    1186 libfabric_rail.cpp:320] Allocate on Rail 0 allocated control request XFER_ID=533 buffer_size=8192
I0317 11:11:05.026855    1186 libfabric_rail.cpp:997] Posting receive on endpoint=0x9f35750 buffer=0x7ef31add5010 size=8192 context=0x9ee3590
I0317 11:11:05.026856    1186 libfabric_rail.cpp:1006] Receive posted successfully
I0317 11:11:05.026856    1186 libfabric_rail.cpp:320] Allocate on Rail 0 allocated control request XFER_ID=534 buffer_size=8192
I0317 11:11:05.026857    1186 libfabric_rail.cpp:997] Posting receive on endpoint=0x9f35750 buffer=0x7ef31add3010 size=8192 context=0x9ee34e8
I0317 11:11:05.026858    1186 libfabric_rail.cpp:1006] Receive posted successfully
I0317 11:11:05.026858    1186 libfabric_rail.cpp:320] Allocate on Rail 0 allocated control request XFER_ID=535 buffer_size=8192
I0317 11:11:05.026859    1186 libfabric_rail.cpp:997] Posting receive on endpoint=0x9f35750 buffer=0x7ef31add1010 size=8192 context=0x9ee3440
I0317 11:11:05.026860    1186 libfabric_rail.cpp:1006] Receive posted successfully
I0317 11:11:05.026860    1186 libfabric_rail.cpp:320] Allocate on Rail 0 allocated control request XFER_ID=536 buffer_size=8192
I0317 11:11:05.026861    1186 libfabric_rail.cpp:997] Posting receive on endpoint=0x9f35750 buffer=0x7ef31adcf010 size=8192 context=0x9ee3390
I0317 11:11:05.026862    1186 libfabric_rail.cpp:1006] Receive posted successfully
I0317 11:11:05.026862    1186 libfabric_rail.cpp:320] Allocate on Rail 0 allocated control request XFER_ID=537 buffer_size=8192
I0317 11:11:05.026863    1186 libfabric_rail.cpp:997] Posting receive on endpoint=0x9f35750 buffer=0x7ef31adcd010 size=8192 context=0x9ee32e8
I0317 11:11:05.026864    1186 libfabric_rail.cpp:1006] Receive posted successfully
I0317 11:11:05.026865    1186 libfabric_rail.cpp:320] Allocate on Rail 0 allocated control request XFER_ID=538 buffer_size=8192
I0317 11:11:05.026866    1186 libfabric_rail.cpp:997] Posting receive on endpoint=0x9f35750 buffer=0x7ef31adcb010 size=8192 context=0x9ee3240
I0317 11:11:05.026867    1186 libfabric_rail.cpp:1006] Receive posted successfully
I0317 11:11:05.026867    1186 libfabric_rail.cpp:320] Allocate on Rail 0 allocated control request XFER_ID=539 buffer_size=8192
I0317 11:11:05.026868    1186 libfabric_rail.cpp:997] Posting receive on endpoint=0x9f35750 buffer=0x7ef31adc9010 size=8192 context=0x9ee3190
I0317 11:11:05.026869    1186 libfabric_rail.cpp:1006] Receive posted successfully
I0317 11:11:05.026870    1186 libfabric_rail.cpp:320] Allocate on Rail 0 allocated control request XFER_ID=540 buffer_size=8192
I0317 11:11:05.026871    1186 libfabric_rail.cpp:997] Posting receive on endpoint=0x9f35750 buffer=0x7ef31adc7010 size=8192 context=0x9ee30e8
I0317 11:11:05.026872    1186 libfabric_rail.cpp:1006] Receive posted successfully
I0317 11:11:05.026873    1186 libfabric_rail.cpp:320] Allocate on Rail 0 allocated control request XFER_ID=541 buffer_size=8192
I0317 11:11:05.026874    1186 libfabric_rail.cpp:997] Posting receive on endpoint=0x9f35750 buffer=0x7ef31adc5010 size=8192 context=0x9ee3040
I0317 11:11:05.026875    1186 libfabric_rail.cpp:1006] Receive posted successfully
I0317 11:11:05.026876    1186 libfabric_rail.cpp:320] Allocate on Rail 0 allocated control request XFER_ID=542 buffer_size=8192
I0317 11:11:05.026876    1186 libfabric_rail.cpp:997] Posting receive on endpoint=0x9f35750 buffer=0x7ef31adc3010 size=8192 context=0x9ee2f90
I0317 11:11:05.026880    1186 libfabric_rail.cpp:1006] Receive posted successfully
I0317 11:11:05.026881    1186 libfabric_rail.cpp:320] Allocate on Rail 0 allocated control request XFER_ID=543 buffer_size=8192
I0317 11:11:05.026882    1186 libfabric_rail.cpp:997] Posting receive on endpoint=0x9f35750 buffer=0x7ef31adc1010 size=8192 context=0x9ee2ee8
I0317 11:11:05.026883    1186 libfabric_rail.cpp:1006] Receive posted successfully
I0317 11:11:05.026883    1186 libfabric_rail.cpp:320] Allocate on Rail 0 allocated control request XFER_ID=544 buffer_size=8192
I0317 11:11:05.026884    1186 libfabric_rail.cpp:997] Posting receive on endpoint=0x9f35750 buffer=0x7ef31adbf010 size=8192 context=0x9ee2e40
I0317 11:11:05.026885    1186 libfabric_rail.cpp:1006] Receive posted successfully
I0317 11:11:05.026886    1186 libfabric_rail.cpp:320] Allocate on Rail 0 allocated control request XFER_ID=545 buffer_size=8192
I0317 11:11:05.026887    1186 libfabric_rail.cpp:997] Posting receive on endpoint=0x9f35750 buffer=0x7ef31adbd010 size=8192 context=0x9ee2d90
I0317 11:11:05.026888    1186 libfabric_rail.cpp:1006] Receive posted successfully
I0317 11:11:05.026889    1186 libfabric_rail.cpp:320] Allocate on Rail 0 allocated control request XFER_ID=546 buffer_size=8192
I0317 11:11:05.026890    1186 libfabric_rail.cpp:997] Posting receive on endpoint=0x9f35750 buffer=0x7ef31adbb010 size=8192 context=0x9ee2ce8
I0317 11:11:05.026891    1186 libfabric_rail.cpp:1006] Receive posted successfully
I0317 11:11:05.026892    1186 libfabric_rail.cpp:320] Allocate on Rail 0 allocated control request XFER_ID=547 buffer_size=8192
I0317 11:11:05.026892    1186 libfabric_rail.cpp:997] Posting receive on endpoint=0x9f35750 buffer=0x7ef31adb9010 size=8192 context=0x9ee2c40
I0317 11:11:05.026893    1186 libfabric_rail.cpp:1006] Receive posted successfully
I0317 11:11:05.026894    1186 libfabric_rail.cpp:320] Allocate on Rail 0 allocated control request XFER_ID=548 buffer_size=8192
I0317 11:11:05.026895    1186 libfabric_rail.cpp:997] Posting receive on endpoint=0x9f35750 buffer=0x7ef31adb7010 size=8192 context=0x9ee2b90
I0317 11:11:05.026896    1186 libfabric_rail.cpp:1006] Receive posted successfully
I0317 11:11:05.026897    1186 libfabric_rail.cpp:320] Allocate on Rail 0 allocated control request XFER_ID=549 buffer_size=8192
I0317 11:11:05.026898    1186 libfabric_rail.cpp:997] Posting receive on endpoint=0x9f35750 buffer=0x7ef31adb5010 size=8192 context=0x9ee2ae8
I0317 11:11:05.026899    1186 libfabric_rail.cpp:1006] Receive posted successfully
I0317 11:11:05.026900    1186 libfabric_rail.cpp:320] Allocate on Rail 0 allocated control request XFER_ID=550 buffer_size=8192
I0317 11:11:05.026901    1186 libfabric_rail.cpp:997] Posting receive on endpoint=0x9f35750 buffer=0x7ef31adb3010 size=8192 context=0x9ee2a40
I0317 11:11:05.026902    1186 libfabric_rail.cpp:1006] Receive posted successfully
I0317 11:11:05.026903    1186 libfabric_rail.cpp:320] Allocate on Rail 0 allocated control request XFER_ID=551 buffer_size=8192
I0317 11:11:05.026903    1186 libfabric_rail.cpp:997] Posting receive on endpoint=0x9f35750 buffer=0x7ef31adb1010 size=8192 context=0x9ee2990
I0317 11:11:05.026905    1186 libfabric_rail.cpp:1006] Receive posted successfully
I0317 11:11:05.026905    1186 libfabric_rail.cpp:320] Allocate on Rail 0 allocated control request XFER_ID=552 buffer_size=8192
I0317 11:11:05.026906    1186 libfabric_rail.cpp:997] Posting receive on endpoint=0x9f35750 buffer=0x7ef31adaf010 size=8192 context=0x9ee28e8
I0317 11:11:05.026907    1186 libfabric_rail.cpp:1006] Receive posted successfully
I0317 11:11:05.026908    1186 libfabric_rail.cpp:320] Allocate on Rail 0 allocated control request XFER_ID=553 buffer_size=8192
I0317 11:11:05.026909    1186 libfabric_rail.cpp:997] Posting receive on endpoint=0x9f35750 buffer=0x7ef31adad010 size=8192 context=0x9ee2840
I0317 11:11:05.026911    1186 libfabric_rail.cpp:1006] Receive posted successfully
I0317 11:11:05.026913    1186 libfabric_rail.cpp:320] Allocate on Rail 0 allocated control request XFER_ID=554 buffer_size=8192
I0317 11:11:05.026914    1186 libfabric_rail.cpp:997] Posting receive on endpoint=0x9f35750 buffer=0x7ef31adab010 size=8192 context=0x9ee2790
I0317 11:11:05.026915    1186 libfabric_rail.cpp:1006] Receive posted successfully
I0317 11:11:05.026916    1186 libfabric_rail.cpp:320] Allocate on Rail 0 allocated control request XFER_ID=555 buffer_size=8192
I0317 11:11:05.026917    1186 libfabric_rail.cpp:997] Posting receive on endpoint=0x9f35750 buffer=0x7ef31ada9010 size=8192 context=0x9ee26e8
I0317 11:11:05.026918    1186 libfabric_rail.cpp:1006] Receive posted successfully
I0317 11:11:05.026919    1186 libfabric_rail.cpp:320] Allocate on Rail 0 allocated control request XFER_ID=556 buffer_size=8192
I0317 11:11:05.026920    1186 libfabric_rail.cpp:997] Posting receive on endpoint=0x9f35750 buffer=0x7ef31ada7010 size=8192 context=0x9ee2640
I0317 11:11:05.026921    1186 libfabric_rail.cpp:1006] Receive posted successfully
I0317 11:11:05.026922    1186 libfabric_rail.cpp:320] Allocate on Rail 0 allocated control request XFER_ID=557 buffer_size=8192
I0317 11:11:05.026922    1186 libfabric_rail.cpp:997] Posting receive on endpoint=0x9f35750 buffer=0x7ef31ada5010 size=8192 context=0x9ee2590
I0317 11:11:05.026923    1186 libfabric_rail.cpp:1006] Receive posted successfully
I0317 11:11:05.026924    1186 libfabric_rail.cpp:320] Allocate on Rail 0 allocated control request XFER_ID=558 buffer_size=8192
I0317 11:11:05.026925    1186 libfabric_rail.cpp:997] Posting receive on endpoint=0x9f35750 buffer=0x7ef31ada3010 size=8192 context=0x9ee24e8
I0317 11:11:05.026926    1186 libfabric_rail.cpp:1006] Receive posted successfully
I0317 11:11:05.026927    1186 libfabric_rail.cpp:320] Allocate on Rail 0 allocated control request XFER_ID=559 buffer_size=8192
I0317 11:11:05.026928    1186 libfabric_rail.cpp:997] Posting receive on endpoint=0x9f35750 buffer=0x7ef31ada1010 size=8192 context=0x9ee2440
I0317 11:11:05.026929    1186 libfabric_rail.cpp:1006] Receive posted successfully
I0317 11:11:05.026930    1186 libfabric_rail.cpp:320] Allocate on Rail 0 allocated control request XFER_ID=560 buffer_size=8192
I0317 11:11:05.026930    1186 libfabric_rail.cpp:997] Posting receive on endpoint=0x9f35750 buffer=0x7ef31ad9f010 size=8192 context=0x9ee2390
I0317 11:11:05.026931    1186 libfabric_rail.cpp:1006] Receive posted successfully
I0317 11:11:05.026932    1186 libfabric_rail.cpp:320] Allocate on Rail 0 allocated control request XFER_ID=561 buffer_size=8192
I0317 11:11:05.026933    1186 libfabric_rail.cpp:997] Posting receive on endpoint=0x9f35750 buffer=0x7ef31ad9d010 size=8192 context=0x9ee22e8
I0317 11:11:05.026934    1186 libfabric_rail.cpp:1006] Receive posted successfully
I0317 11:11:05.026935    1186 libfabric_rail.cpp:320] Allocate on Rail 0 allocated control request XFER_ID=562 buffer_size=8192
I0317 11:11:05.026936    1186 libfabric_rail.cpp:997] Posting receive on endpoint=0x9f35750 buffer=0x7ef31ad9b010 size=8192 context=0x9ee2240
I0317 11:11:05.026937    1186 libfabric_rail.cpp:1006] Receive posted successfully
I0317 11:11:05.026938    1186 libfabric_rail.cpp:320] Allocate on Rail 0 allocated control request XFER_ID=563 buffer_size=8192
I0317 11:11:05.026939    1186 libfabric_rail.cpp:997] Posting receive on endpoint=0x9f35750 buffer=0x7ef31ad99010 size=8192 context=0x9ee2190
I0317 11:11:05.026940    1186 libfabric_rail.cpp:1006] Receive posted successfully
I0317 11:11:05.026940    1186 libfabric_rail.cpp:320] Allocate on Rail 0 allocated control request XFER_ID=564 buffer_size=8192
I0317 11:11:05.026941    1186 libfabric_rail.cpp:997] Posting receive on endpoint=0x9f35750 buffer=0x7ef31ad97010 size=8192 context=0x9ee20e8
I0317 11:11:05.026942    1186 libfabric_rail.cpp:1006] Receive posted successfully
I0317 11:11:05.026943    1186 libfabric_rail.cpp:320] Allocate on Rail 0 allocated control request XFER_ID=565 buffer_size=8192
I0317 11:11:05.026944    1186 libfabric_rail.cpp:997] Posting receive on endpoint=0x9f35750 buffer=0x7ef31ad95010 size=8192 context=0x9ee2040
I0317 11:11:05.026945    1186 libfabric_rail.cpp:1006] Receive posted successfully
I0317 11:11:05.026946    1186 libfabric_rail.cpp:320] Allocate on Rail 0 allocated control request XFER_ID=566 buffer_size=8192
I0317 11:11:05.026947    1186 libfabric_rail.cpp:997] Posting receive on endpoint=0x9f35750 buffer=0x7ef31ad93010 size=8192 context=0x9ee1f90
I0317 11:11:05.026948    1186 libfabric_rail.cpp:1006] Receive posted successfully
I0317 11:11:05.026949    1186 libfabric_rail.cpp:320] Allocate on Rail 0 allocated control request XFER_ID=567 buffer_size=8192
I0317 11:11:05.026949    1186 libfabric_rail.cpp:997] Posting receive on endpoint=0x9f35750 buffer=0x7ef31ad91010 size=8192 context=0x9ee1ee8
I0317 11:11:05.026950    1186 libfabric_rail.cpp:1006] Receive posted successfully
I0317 11:11:05.026951    1186 libfabric_rail.cpp:320] Allocate on Rail 0 allocated control request XFER_ID=568 buffer_size=8192
I0317 11:11:05.026954    1186 libfabric_rail.cpp:997] Posting receive on endpoint=0x9f35750 buffer=0x7ef31ad8f010 size=8192 context=0x9ee1e40
I0317 11:11:05.026955    1186 libfabric_rail.cpp:1006] Receive posted successfully
I0317 11:11:05.026956    1186 libfabric_rail.cpp:320] Allocate on Rail 0 allocated control request XFER_ID=569 buffer_size=8192
I0317 11:11:05.026957    1186 libfabric_rail.cpp:997] Posting receive on endpoint=0x9f35750 buffer=0x7ef31ad8d010 size=8192 context=0x9ee1d90
I0317 11:11:05.026958    1186 libfabric_rail.cpp:1006] Receive posted successfully
I0317 11:11:05.026959    1186 libfabric_rail.cpp:320] Allocate on Rail 0 allocated control request XFER_ID=570 buffer_size=8192
I0317 11:11:05.026960    1186 libfabric_rail.cpp:997] Posting receive on endpoint=0x9f35750 buffer=0x7ef31ad8b010 size=8192 context=0x9ee1ce8
I0317 11:11:05.026961    1186 libfabric_rail.cpp:1006] Receive posted successfully
I0317 11:11:05.026962    1186 libfabric_rail.cpp:320] Allocate on Rail 0 allocated control request XFER_ID=571 buffer_size=8192
I0317 11:11:05.026962    1186 libfabric_rail.cpp:997] Posting receive on endpoint=0x9f35750 buffer=0x7ef31ad89010 size=8192 context=0x9ee1c40
I0317 11:11:05.026963    1186 libfabric_rail.cpp:1006] Receive posted successfully
I0317 11:11:05.026964    1186 libfabric_rail.cpp:320] Allocate on Rail 0 allocated control request XFER_ID=572 buffer_size=8192
I0317 11:11:05.026965    1186 libfabric_rail.cpp:997] Posting receive on endpoint=0x9f35750 buffer=0x7ef31ad87010 size=8192 context=0x9ee1b90
I0317 11:11:05.026966    1186 libfabric_rail.cpp:1006] Receive posted successfully
I0317 11:11:05.026967    1186 libfabric_rail.cpp:320] Allocate on Rail 0 allocated control request XFER_ID=573 buffer_size=8192
I0317 11:11:05.026968    1186 libfabric_rail.cpp:997] Posting receive on endpoint=0x9f35750 buffer=0x7ef31ad85010 size=8192 context=0x9ee1ae8
I0317 11:11:05.026969    1186 libfabric_rail.cpp:1006] Receive posted successfully
I0317 11:11:05.026970    1186 libfabric_rail.cpp:320] Allocate on Rail 0 allocated control request XFER_ID=574 buffer_size=8192
I0317 11:11:05.026970    1186 libfabric_rail.cpp:997] Posting receive on endpoint=0x9f35750 buffer=0x7ef31ad83010 size=8192 context=0x9ee1a40
I0317 11:11:05.026971    1186 libfabric_rail.cpp:1006] Receive posted successfully
I0317 11:11:05.026972    1186 libfabric_rail.cpp:320] Allocate on Rail 0 allocated control request XFER_ID=575 buffer_size=8192
I0317 11:11:05.026973    1186 libfabric_rail.cpp:997] Posting receive on endpoint=0x9f35750 buffer=0x7ef31ad81010 size=8192 context=0x9ee1990
I0317 11:11:05.026974    1186 libfabric_rail.cpp:1006] Receive posted successfully
I0317 11:11:05.026975    1186 libfabric_rail.cpp:320] Allocate on Rail 0 allocated control request XFER_ID=576 buffer_size=8192
I0317 11:11:05.026976    1186 libfabric_rail.cpp:997] Posting receive on endpoint=0x9f35750 buffer=0x7ef31ad7f010 size=8192 context=0x9ee18e8
I0317 11:11:05.026977    1186 libfabric_rail.cpp:1006] Receive posted successfully
I0317 11:11:05.026978    1186 libfabric_rail.cpp:320] Allocate on Rail 0 allocated control request XFER_ID=577 buffer_size=8192
I0317 11:11:05.026979    1186 libfabric_rail.cpp:997] Posting receive on endpoint=0x9f35750 buffer=0x7ef31ad7d010 size=8192 context=0x9ee1840
I0317 11:11:05.026980    1186 libfabric_rail.cpp:1006] Receive posted successfully
I0317 11:11:05.026981    1186 libfabric_rail.cpp:320] Allocate on Rail 0 allocated control request XFER_ID=578 buffer_size=8192
I0317 11:11:05.026981    1186 libfabric_rail.cpp:997] Posting receive on endpoint=0x9f35750 buffer=0x7ef31ad7b010 size=8192 context=0x9ee1790
I0317 11:11:05.026982    1186 libfabric_rail.cpp:1006] Receive posted successfully
I0317 11:11:05.026983    1186 libfabric_rail.cpp:320] Allocate on Rail 0 allocated control request XFER_ID=579 buffer_size=8192
I0317 11:11:05.026984    1186 libfabric_rail.cpp:997] Posting receive on endpoint=0x9f35750 buffer=0x7ef31ad79010 size=8192 context=0x9ee16e8
I0317 11:11:05.026985    1186 libfabric_rail.cpp:1006] Receive posted successfully
I0317 11:11:05.026986    1186 libfabric_rail.cpp:320] Allocate on Rail 0 allocated control request XFER_ID=580 buffer_size=8192
I0317 11:11:05.026987    1186 libfabric_rail.cpp:997] Posting receive on endpoint=0x9f35750 buffer=0x7ef31ad77010 size=8192 context=0x9ee1640
I0317 11:11:05.026988    1186 libfabric_rail.cpp:1006] Receive posted successfully
I0317 11:11:05.026989    1186 libfabric_rail.cpp:320] Allocate on Rail 0 allocated control request XFER_ID=581 buffer_size=8192
I0317 11:11:05.026989    1186 libfabric_rail.cpp:997] Posting receive on endpoint=0x9f35750 buffer=0x7ef31ad75010 size=8192 context=0x9ee1590
I0317 11:11:05.026991    1186 libfabric_rail.cpp:1006] Receive posted successfully
I0317 11:11:05.026991    1186 libfabric_rail.cpp:320] Allocate on Rail 0 allocated control request XFER_ID=582 buffer_size=8192
I0317 11:11:05.026992    1186 libfabric_rail.cpp:997] Posting receive on endpoint=0x9f35750 buffer=0x7ef31ad73010 size=8192 context=0x9ee14e8
I0317 11:11:05.026993    1186 libfabric_rail.cpp:1006] Receive posted successfully
I0317 11:11:05.026994    1186 libfabric_rail.cpp:320] Allocate on Rail 0 allocated control request XFER_ID=583 buffer_size=8192
I0317 11:11:05.026995    1186 libfabric_rail.cpp:997] Posting receive on endpoint=0x9f35750 buffer=0x7ef31ad71010 size=8192 context=0x9ee1440
I0317 11:11:05.026998    1186 libfabric_rail.cpp:1006] Receive posted successfully
I0317 11:11:05.026999    1186 libfabric_rail.cpp:320] Allocate on Rail 0 allocated control request XFER_ID=584 buffer_size=8192
I0317 11:11:05.027000    1186 libfabric_rail.cpp:997] Posting receive on endpoint=0x9f35750 buffer=0x7ef31ad6f010 size=8192 context=0x9ee1390
I0317 11:11:05.027001    1186 libfabric_rail.cpp:1006] Receive posted successfully
I0317 11:11:05.027001    1186 libfabric_rail.cpp:320] Allocate on Rail 0 allocated control request XFER_ID=585 buffer_size=8192
I0317 11:11:05.027002    1186 libfabric_rail.cpp:997] Posting receive on endpoint=0x9f35750 buffer=0x7ef31ad6d010 size=8192 context=0x9ee12e8
I0317 11:11:05.027003    1186 libfabric_rail.cpp:1006] Receive posted successfully
I0317 11:11:05.027004    1186 libfabric_rail.cpp:320] Allocate on Rail 0 allocated control request XFER_ID=586 buffer_size=8192
I0317 11:11:05.027005    1186 libfabric_rail.cpp:997] Posting receive on endpoint=0x9f35750 buffer=0x7ef31ad6b010 size=8192 context=0x9ee1240
I0317 11:11:05.027006    1186 libfabric_rail.cpp:1006] Receive posted successfully
I0317 11:11:05.027007    1186 libfabric_rail.cpp:320] Allocate on Rail 0 allocated control request XFER_ID=587 buffer_size=8192
I0317 11:11:05.027008    1186 libfabric_rail.cpp:997] Posting receive on endpoint=0x9f35750 buffer=0x7ef31ad69010 size=8192 context=0x9ee1190
I0317 11:11:05.027009    1186 libfabric_rail.cpp:1006] Receive posted successfully
I0317 11:11:05.027010    1186 libfabric_rail.cpp:320] Allocate on Rail 0 allocated control request XFER_ID=588 buffer_size=8192
I0317 11:11:05.027011    1186 libfabric_rail.cpp:997] Posting receive on endpoint=0x9f35750 buffer=0x7ef31ad67010 size=8192 context=0x9ee10e8
I0317 11:11:05.027012    1186 libfabric_rail.cpp:1006] Receive posted successfully
I0317 11:11:05.027012    1186 libfabric_rail.cpp:320] Allocate on Rail 0 allocated control request XFER_ID=589 buffer_size=8192
I0317 11:11:05.027013    1186 libfabric_rail.cpp:997] Posting receive on endpoint=0x9f35750 buffer=0x7ef31ad65010 size=8192 context=0x9ee1040
I0317 11:11:05.027014    1186 libfabric_rail.cpp:1006] Receive posted successfully
I0317 11:11:05.027015    1186 libfabric_rail.cpp:320] Allocate on Rail 0 allocated control request XFER_ID=590 buffer_size=8192
I0317 11:11:05.027016    1186 libfabric_rail.cpp:997] Posting receive on endpoint=0x9f35750 buffer=0x7ef31ad63010 size=8192 context=0x9ee0f90
I0317 11:11:05.027017    1186 libfabric_rail.cpp:1006] Receive posted successfully
I0317 11:11:05.027018    1186 libfabric_rail.cpp:320] Allocate on Rail 0 allocated control request XFER_ID=591 buffer_size=8192
I0317 11:11:05.027019    1186 libfabric_rail.cpp:997] Posting receive on endpoint=0x9f35750 buffer=0x7ef31ad61010 size=8192 context=0x9ee0ee8
I0317 11:11:05.027020    1186 libfabric_rail.cpp:1006] Receive posted successfully
I0317 11:11:05.027021    1186 libfabric_rail.cpp:320] Allocate on Rail 0 allocated control request XFER_ID=592 buffer_size=8192
I0317 11:11:05.027021    1186 libfabric_rail.cpp:997] Posting receive on endpoint=0x9f35750 buffer=0x7ef31ad5f010 size=8192 context=0x9ee0e40
I0317 11:11:05.027022    1186 libfabric_rail.cpp:1006] Receive posted successfully
I0317 11:11:05.027023    1186 libfabric_rail.cpp:320] Allocate on Rail 0 allocated control request XFER_ID=593 buffer_size=8192
I0317 11:11:05.027024    1186 libfabric_rail.cpp:997] Posting receive on endpoint=0x9f35750 buffer=0x7ef31ad5d010 size=8192 context=0x9ee0d90
I0317 11:11:05.027025    1186 libfabric_rail.cpp:1006] Receive posted successfully
I0317 11:11:05.027026    1186 libfabric_rail.cpp:320] Allocate on Rail 0 allocated control request XFER_ID=594 buffer_size=8192
I0317 11:11:05.027027    1186 libfabric_rail.cpp:997] Posting receive on endpoint=0x9f35750 buffer=0x7ef31ad5b010 size=8192 context=0x9ee0ce8
I0317 11:11:05.027028    1186 libfabric_rail.cpp:1006] Receive posted successfully
I0317 11:11:05.027029    1186 libfabric_rail.cpp:320] Allocate on Rail 0 allocated control request XFER_ID=595 buffer_size=8192
I0317 11:11:05.027030    1186 libfabric_rail.cpp:997] Posting receive on endpoint=0x9f35750 buffer=0x7ef31ad59010 size=8192 context=0x9ee0c40
I0317 11:11:05.027031    1186 libfabric_rail.cpp:1006] Receive posted successfully
I0317 11:11:05.027032    1186 libfabric_rail.cpp:320] Allocate on Rail 0 allocated control request XFER_ID=596 buffer_size=8192
I0317 11:11:05.027032    1186 libfabric_rail.cpp:997] Posting receive on endpoint=0x9f35750 buffer=0x7ef31ad57010 size=8192 context=0x9ee0b90
I0317 11:11:05.027033    1186 libfabric_rail.cpp:1006] Receive posted successfully
I0317 11:11:05.027034    1186 libfabric_rail.cpp:320] Allocate on Rail 0 allocated control request XFER_ID=597 buffer_size=8192
I0317 11:11:05.027034    1186 libfabric_rail.cpp:997] Posting receive on endpoint=0x9f35750 buffer=0x7ef31ad55010 size=8192 context=0x9ee0ae8
I0317 11:11:05.027035    1186 libfabric_rail.cpp:1006] Receive posted successfully
I0317 11:11:05.027036    1186 libfabric_rail.cpp:320] Allocate on Rail 0 allocated control request XFER_ID=598 buffer_size=8192
I0317 11:11:05.027037    1186 libfabric_rail.cpp:997] Posting receive on endpoint=0x9f35750 buffer=0x7ef31ad53010 size=8192 context=0x9ee0a40
I0317 11:11:05.027037    1186 libfabric_rail.cpp:1006] Receive posted successfully
I0317 11:11:05.027038    1186 libfabric_rail.cpp:320] Allocate on Rail 0 allocated control request XFER_ID=599 buffer_size=8192
I0317 11:11:05.027039    1186 libfabric_rail.cpp:997] Posting receive on endpoint=0x9f35750 buffer=0x7ef31ad51010 size=8192 context=0x9ee0990
I0317 11:11:05.027040    1186 libfabric_rail.cpp:1006] Receive posted successfully
I0317 11:11:05.027040    1186 libfabric_rail.cpp:320] Allocate on Rail 0 allocated control request XFER_ID=600 buffer_size=8192
I0317 11:11:05.027042    1186 libfabric_rail.cpp:997] Posting receive on endpoint=0x9f35750 buffer=0x7ef31ad4f010 size=8192 context=0x9ee08e8
I0317 11:11:05.027043    1186 libfabric_rail.cpp:1006] Receive posted successfully
I0317 11:11:05.027044    1186 libfabric_rail.cpp:320] Allocate on Rail 0 allocated control request XFER_ID=601 buffer_size=8192
I0317 11:11:05.027045    1186 libfabric_rail.cpp:997] Posting receive on endpoint=0x9f35750 buffer=0x7ef31ad4d010 size=8192 context=0x9ee0840
I0317 11:11:05.027045    1186 libfabric_rail.cpp:1006] Receive posted successfully
I0317 11:11:05.027046    1186 libfabric_rail.cpp:320] Allocate on Rail 0 allocated control request XFER_ID=602 buffer_size=8192
I0317 11:11:05.027047    1186 libfabric_rail.cpp:997] Posting receive on endpoint=0x9f35750 buffer=0x7ef31ad4b010 size=8192 context=0x9ee0790
I0317 11:11:05.027047    1186 libfabric_rail.cpp:1006] Receive posted successfully
I0317 11:11:05.027048    1186 libfabric_rail.cpp:320] Allocate on Rail 0 allocated control request XFER_ID=603 buffer_size=8192
I0317 11:11:05.027049    1186 libfabric_rail.cpp:997] Posting receive on endpoint=0x9f35750 buffer=0x7ef31ad49010 size=8192 context=0x9ee06e8
I0317 11:11:05.027050    1186 libfabric_rail.cpp:1006] Receive posted successfully
I0317 11:11:05.027050    1186 libfabric_rail.cpp:320] Allocate on Rail 0 allocated control request XFER_ID=604 buffer_size=8192
I0317 11:11:05.027051    1186 libfabric_rail.cpp:997] Posting receive on endpoint=0x9f35750 buffer=0x7ef31ad47010 size=8192 context=0x9ee0640
I0317 11:11:05.027052    1186 libfabric_rail.cpp:1006] Receive posted successfully
I0317 11:11:05.027052    1186 libfabric_rail.cpp:320] Allocate on Rail 0 allocated control request XFER_ID=605 buffer_size=8192
I0317 11:11:05.027053    1186 libfabric_rail.cpp:997] Posting receive on endpoint=0x9f35750 buffer=0x7ef31ad45010 size=8192 context=0x9ee0590
I0317 11:11:05.027054    1186 libfabric_rail.cpp:1006] Receive posted successfully
I0317 11:11:05.027054    1186 libfabric_rail.cpp:320] Allocate on Rail 0 allocated control request XFER_ID=606 buffer_size=8192
I0317 11:11:05.027055    1186 libfabric_rail.cpp:997] Posting receive on endpoint=0x9f35750 buffer=0x7ef31ad43010 size=8192 context=0x9ee04e8
I0317 11:11:05.027056    1186 libfabric_rail.cpp:1006] Receive posted successfully
I0317 11:11:05.027056    1186 libfabric_rail.cpp:320] Allocate on Rail 0 allocated control request XFER_ID=607 buffer_size=8192
I0317 11:11:05.027057    1186 libfabric_rail.cpp:997] Posting receive on endpoint=0x9f35750 buffer=0x7ef31ad41010 size=8192 context=0x9ee0440
I0317 11:11:05.027058    1186 libfabric_rail.cpp:1006] Receive posted successfully
I0317 11:11:05.027059    1186 libfabric_rail.cpp:320] Allocate on Rail 0 allocated control request XFER_ID=608 buffer_size=8192
I0317 11:11:05.027060    1186 libfabric_rail.cpp:997] Posting receive on endpoint=0x9f35750 buffer=0x7ef31ad3f010 size=8192 context=0x9ee0390
I0317 11:11:05.027061    1186 libfabric_rail.cpp:1006] Receive posted successfully
I0317 11:11:05.027062    1186 libfabric_rail.cpp:320] Allocate on Rail 0 allocated control request XFER_ID=609 buffer_size=8192
I0317 11:11:05.027063    1186 libfabric_rail.cpp:997] Posting receive on endpoint=0x9f35750 buffer=0x7ef31ad3d010 size=8192 context=0x9ee02e8
I0317 11:11:05.027064    1186 libfabric_rail.cpp:1006] Receive posted successfully
I0317 11:11:05.027064    1186 libfabric_rail.cpp:320] Allocate on Rail 0 allocated control request XFER_ID=610 buffer_size=8192
I0317 11:11:05.027065    1186 libfabric_rail.cpp:997] Posting receive on endpoint=0x9f35750 buffer=0x7ef31ad3b010 size=8192 context=0x9ee0240
I0317 11:11:05.027066    1186 libfabric_rail.cpp:1006] Receive posted successfully
I0317 11:11:05.027067    1186 libfabric_rail.cpp:320] Allocate on Rail 0 allocated control request XFER_ID=611 buffer_size=8192
I0317 11:11:05.027068    1186 libfabric_rail.cpp:997] Posting receive on endpoint=0x9f35750 buffer=0x7ef31ad39010 size=8192 context=0x9ee0190
I0317 11:11:05.027069    1186 libfabric_rail.cpp:1006] Receive posted successfully
I0317 11:11:05.027072    1186 libfabric_rail.cpp:320] Allocate on Rail 0 allocated control request XFER_ID=612 buffer_size=8192
I0317 11:11:05.027073    1186 libfabric_rail.cpp:997] Posting receive on endpoint=0x9f35750 buffer=0x7ef31ad37010 size=8192 context=0x9ee00e8
I0317 11:11:05.027074    1186 libfabric_rail.cpp:1006] Receive posted successfully
I0317 11:11:05.027075    1186 libfabric_rail.cpp:320] Allocate on Rail 0 allocated control request XFER_ID=613 buffer_size=8192
I0317 11:11:05.027075    1186 libfabric_rail.cpp:997] Posting receive on endpoint=0x9f35750 buffer=0x7ef31ad35010 size=8192 context=0x9ee0040
I0317 11:11:05.027077    1186 libfabric_rail.cpp:1006] Receive posted successfully
I0317 11:11:05.027077    1186 libfabric_rail.cpp:320] Allocate on Rail 0 allocated control request XFER_ID=614 buffer_size=8192
I0317 11:11:05.027078    1186 libfabric_rail.cpp:997] Posting receive on endpoint=0x9f35750 buffer=0x7ef31ad33010 size=8192 context=0x9edff90
I0317 11:11:05.027079    1186 libfabric_rail.cpp:1006] Receive posted successfully
I0317 11:11:05.027080    1186 libfabric_rail.cpp:320] Allocate on Rail 0 allocated control request XFER_ID=615 buffer_size=8192
I0317 11:11:05.027081    1186 libfabric_rail.cpp:997] Posting receive on endpoint=0x9f35750 buffer=0x7ef31ad31010 size=8192 context=0x9edfee8
I0317 11:11:05.027082    1186 libfabric_rail.cpp:1006] Receive posted successfully
I0317 11:11:05.027083    1186 libfabric_rail.cpp:320] Allocate on Rail 0 allocated control request XFER_ID=616 buffer_size=8192
I0317 11:11:05.027084    1186 libfabric_rail.cpp:997] Posting receive on endpoint=0x9f35750 buffer=0x7ef31ad2f010 size=8192 context=0x9edfe40
I0317 11:11:05.027085    1186 libfabric_rail.cpp:1006] Receive posted successfully
I0317 11:11:05.027085    1186 libfabric_rail.cpp:320] Allocate on Rail 0 allocated control request XFER_ID=617 buffer_size=8192
I0317 11:11:05.027086    1186 libfabric_rail.cpp:997] Posting receive on endpoint=0x9f35750 buffer=0x7ef31ad2d010 size=8192 context=0x9edfd90
I0317 11:11:05.027087    1186 libfabric_rail.cpp:1006] Receive posted successfully
I0317 11:11:05.027088    1186 libfabric_rail.cpp:320] Allocate on Rail 0 allocated control request XFER_ID=618 buffer_size=8192
I0317 11:11:05.027089    1186 libfabric_rail.cpp:997] Posting receive on endpoint=0x9f35750 buffer=0x7ef31ad2b010 size=8192 context=0x9edfce8
I0317 11:11:05.027090    1186 libfabric_rail.cpp:1006] Receive posted successfully
I0317 11:11:05.027091    1186 libfabric_rail.cpp:320] Allocate on Rail 0 allocated control request XFER_ID=619 buffer_size=8192
I0317 11:11:05.027092    1186 libfabric_rail.cpp:997] Posting receive on endpoint=0x9f35750 buffer=0x7ef31ad29010 size=8192 context=0x9edfc40
I0317 11:11:05.027093    1186 libfabric_rail.cpp:1006] Receive posted successfully
I0317 11:11:05.027093    1186 libfabric_rail.cpp:320] Allocate on Rail 0 allocated control request XFER_ID=620 buffer_size=8192
I0317 11:11:05.027094    1186 libfabric_rail.cpp:997] Posting receive on endpoint=0x9f35750 buffer=0x7ef31ad27010 size=8192 context=0x9edfb90
I0317 11:11:05.027095    1186 libfabric_rail.cpp:1006] Receive posted successfully
I0317 11:11:05.027096    1186 libfabric_rail.cpp:320] Allocate on Rail 0 allocated control request XFER_ID=621 buffer_size=8192
I0317 11:11:05.027097    1186 libfabric_rail.cpp:997] Posting receive on endpoint=0x9f35750 buffer=0x7ef31ad25010 size=8192 context=0x9edfae8
I0317 11:11:05.027098    1186 libfabric_rail.cpp:1006] Receive posted successfully
I0317 11:11:05.027099    1186 libfabric_rail.cpp:320] Allocate on Rail 0 allocated control request XFER_ID=622 buffer_size=8192
I0317 11:11:05.027100    1186 libfabric_rail.cpp:997] Posting receive on endpoint=0x9f35750 buffer=0x7ef31ad23010 size=8192 context=0x9edfa40
I0317 11:11:05.027103    1186 libfabric_rail.cpp:1006] Receive posted successfully
I0317 11:11:05.027104    1186 libfabric_rail.cpp:320] Allocate on Rail 0 allocated control request XFER_ID=623 buffer_size=8192
I0317 11:11:05.027105    1186 libfabric_rail.cpp:997] Posting receive on endpoint=0x9f35750 buffer=0x7ef31ad21010 size=8192 context=0x9edf990
I0317 11:11:05.027106    1186 libfabric_rail.cpp:1006] Receive posted successfully
I0317 11:11:05.027106    1186 libfabric_rail.cpp:320] Allocate on Rail 0 allocated control request XFER_ID=624 buffer_size=8192
I0317 11:11:05.027107    1186 libfabric_rail.cpp:997] Posting receive on endpoint=0x9f35750 buffer=0x7ef31ad1f010 size=8192 context=0x9edf8e8
I0317 11:11:05.027108    1186 libfabric_rail.cpp:1006] Receive posted successfully
I0317 11:11:05.027109    1186 libfabric_rail.cpp:320] Allocate on Rail 0 allocated control request XFER_ID=625 buffer_size=8192
I0317 11:11:05.027110    1186 libfabric_rail.cpp:997] Posting receive on endpoint=0x9f35750 buffer=0x7ef31ad1d010 size=8192 context=0x9edf840
I0317 11:11:05.027111    1186 libfabric_rail.cpp:1006] Receive posted successfully
I0317 11:11:05.027112    1186 libfabric_rail.cpp:320] Allocate on Rail 0 allocated control request XFER_ID=626 buffer_size=8192
I0317 11:11:05.027113    1186 libfabric_rail.cpp:997] Posting receive on endpoint=0x9f35750 buffer=0x7ef31ad1b010 size=8192 context=0x9edf790
I0317 11:11:05.027114    1186 libfabric_rail.cpp:1006] Receive posted successfully
I0317 11:11:05.027115    1186 libfabric_rail.cpp:320] Allocate on Rail 0 allocated control request XFER_ID=627 buffer_size=8192
I0317 11:11:05.027115    1186 libfabric_rail.cpp:997] Posting receive on endpoint=0x9f35750 buffer=0x7ef31ad19010 size=8192 context=0x9edf6e8
I0317 11:11:05.027116    1186 libfabric_rail.cpp:1006] Receive posted successfully
I0317 11:11:05.027117    1186 libfabric_rail.cpp:320] Allocate on Rail 0 allocated control request XFER_ID=628 buffer_size=8192
I0317 11:11:05.027118    1186 libfabric_rail.cpp:997] Posting receive on endpoint=0x9f35750 buffer=0x7ef31ad17010 size=8192 context=0x9edf640
I0317 11:11:05.027119    1186 libfabric_rail.cpp:1006] Receive posted successfully
I0317 11:11:05.027120    1186 libfabric_rail.cpp:320] Allocate on Rail 0 allocated control request XFER_ID=629 buffer_size=8192
I0317 11:11:05.027121    1186 libfabric_rail.cpp:997] Posting receive on endpoint=0x9f35750 buffer=0x7ef31ad15010 size=8192 context=0x9edf590
I0317 11:11:05.027122    1186 libfabric_rail.cpp:1006] Receive posted successfully
I0317 11:11:05.027123    1186 libfabric_rail.cpp:320] Allocate on Rail 0 allocated control request XFER_ID=630 buffer_size=8192
I0317 11:11:05.027123    1186 libfabric_rail.cpp:997] Posting receive on endpoint=0x9f35750 buffer=0x7ef31ad13010 size=8192 context=0x9edf4e8
I0317 11:11:05.027124    1186 libfabric_rail.cpp:1006] Receive posted successfully
I0317 11:11:05.027125    1186 libfabric_rail.cpp:320] Allocate on Rail 0 allocated control request XFER_ID=631 buffer_size=8192
I0317 11:11:05.027126    1186 libfabric_rail.cpp:997] Posting receive on endpoint=0x9f35750 buffer=0x7ef31ad11010 size=8192 context=0x9edf440
I0317 11:11:05.027127    1186 libfabric_rail.cpp:1006] Receive posted successfully
I0317 11:11:05.027128    1186 libfabric_rail.cpp:320] Allocate on Rail 0 allocated control request XFER_ID=632 buffer_size=8192
I0317 11:11:05.027129    1186 libfabric_rail.cpp:997] Posting receive on endpoint=0x9f35750 buffer=0x7ef31ad0f010 size=8192 context=0x9edf390
I0317 11:11:05.027130    1186 libfabric_rail.cpp:1006] Receive posted successfully
I0317 11:11:05.027131    1186 libfabric_rail.cpp:320] Allocate on Rail 0 allocated control request XFER_ID=633 buffer_size=8192
I0317 11:11:05.027132    1186 libfabric_rail.cpp:997] Posting receive on endpoint=0x9f35750 buffer=0x7ef31ad0d010 size=8192 context=0x9edf2e8
I0317 11:11:05.027133    1186 libfabric_rail.cpp:1006] Receive posted successfully
I0317 11:11:05.027134    1186 libfabric_rail.cpp:320] Allocate on Rail 0 allocated control request XFER_ID=634 buffer_size=8192
I0317 11:11:05.027134    1186 libfabric_rail.cpp:997] Posting receive on endpoint=0x9f35750 buffer=0x7ef31ad0b010 size=8192 context=0x9edf240
I0317 11:11:05.027135    1186 libfabric_rail.cpp:1006] Receive posted successfully
I0317 11:11:05.027136    1186 libfabric_rail.cpp:320] Allocate on Rail 0 allocated control request XFER_ID=635 buffer_size=8192
I0317 11:11:05.027136    1186 libfabric_rail.cpp:997] Posting receive on endpoint=0x9f35750 buffer=0x7ef31ad09010 size=8192 context=0x9edf190
I0317 11:11:05.027137    1186 libfabric_rail.cpp:1006] Receive posted successfully
I0317 11:11:05.027138    1186 libfabric_rail.cpp:320] Allocate on Rail 0 allocated control request XFER_ID=636 buffer_size=8192
I0317 11:11:05.027139    1186 libfabric_rail.cpp:997] Posting receive on endpoint=0x9f35750 buffer=0x7ef31ad07010 size=8192 context=0x9edf0e8
I0317 11:11:05.027139    1186 libfabric_rail.cpp:1006] Receive posted successfully
I0317 11:11:05.027140    1186 libfabric_rail.cpp:320] Allocate on Rail 0 allocated control request XFER_ID=637 buffer_size=8192
I0317 11:11:05.027141    1186 libfabric_rail.cpp:997] Posting receive on endpoint=0x9f35750 buffer=0x7ef31ad05010 size=8192 context=0x9edf040
I0317 11:11:05.027141    1186 libfabric_rail.cpp:1006] Receive posted successfully
I0317 11:11:05.027142    1186 libfabric_rail.cpp:320] Allocate on Rail 0 allocated control request XFER_ID=638 buffer_size=8192
I0317 11:11:05.027143    1186 libfabric_rail.cpp:997] Posting receive on endpoint=0x9f35750 buffer=0x7ef31ad03010 size=8192 context=0x9edef90
I0317 11:11:05.027144    1186 libfabric_rail.cpp:1006] Receive posted successfully
I0317 11:11:05.027144    1186 libfabric_rail.cpp:320] Allocate on Rail 0 allocated control request XFER_ID=639 buffer_size=8192
I0317 11:11:05.027145    1186 libfabric_rail.cpp:997] Posting receive on endpoint=0x9f35750 buffer=0x7ef31ad01010 size=8192 context=0x9edeee8
I0317 11:11:05.027146    1186 libfabric_rail.cpp:1006] Receive posted successfully
I0317 11:11:05.027146    1186 libfabric_rail.cpp:320] Allocate on Rail 0 allocated control request XFER_ID=640 buffer_size=8192
I0317 11:11:05.027147    1186 libfabric_rail.cpp:997] Posting receive on endpoint=0x9f35750 buffer=0x7ef31acff010 size=8192 context=0x9edee40
I0317 11:11:05.027148    1186 libfabric_rail.cpp:1006] Receive posted successfully
I0317 11:11:05.027148    1186 libfabric_rail.cpp:320] Allocate on Rail 0 allocated control request XFER_ID=641 buffer_size=8192
I0317 11:11:05.027149    1186 libfabric_rail.cpp:997] Posting receive on endpoint=0x9f35750 buffer=0x7ef31acfd010 size=8192 context=0x9eded90
I0317 11:11:05.027150    1186 libfabric_rail.cpp:1006] Receive posted successfully
I0317 11:11:05.027151    1186 libfabric_rail.cpp:320] Allocate on Rail 0 allocated control request XFER_ID=642 buffer_size=8192
I0317 11:11:05.027151    1186 libfabric_rail.cpp:997] Posting receive on endpoint=0x9f35750 buffer=0x7ef31acfb010 size=8192 context=0x9edece8
I0317 11:11:05.027152    1186 libfabric_rail.cpp:1006] Receive posted successfully
I0317 11:11:05.027153    1186 libfabric_rail.cpp:320] Allocate on Rail 0 allocated control request XFER_ID=643 buffer_size=8192
I0317 11:11:05.027153    1186 libfabric_rail.cpp:997] Posting receive on endpoint=0x9f35750 buffer=0x7ef31acf9010 size=8192 context=0x9edec40
I0317 11:11:05.027154    1186 libfabric_rail.cpp:1006] Receive posted successfully
I0317 11:11:05.027155    1186 libfabric_rail.cpp:320] Allocate on Rail 0 allocated control request XFER_ID=644 buffer_size=8192
I0317 11:11:05.027156    1186 libfabric_rail.cpp:997] Posting receive on endpoint=0x9f35750 buffer=0x7ef31acf7010 size=8192 context=0x9edeb90
I0317 11:11:05.027156    1186 libfabric_rail.cpp:1006] Receive posted successfully
I0317 11:11:05.027157    1186 libfabric_rail.cpp:320] Allocate on Rail 0 allocated control request XFER_ID=645 buffer_size=8192
I0317 11:11:05.027158    1186 libfabric_rail.cpp:997] Posting receive on endpoint=0x9f35750 buffer=0x7ef31acf5010 size=8192 context=0x9edeae8
I0317 11:11:05.027159    1186 libfabric_rail.cpp:1006] Receive posted successfully
I0317 11:11:05.027159    1186 libfabric_rail.cpp:320] Allocate on Rail 0 allocated control request XFER_ID=646 buffer_size=8192
I0317 11:11:05.027160    1186 libfabric_rail.cpp:997] Posting receive on endpoint=0x9f35750 buffer=0x7ef31acf3010 size=8192 context=0x9edea40
I0317 11:11:05.027161    1186 libfabric_rail.cpp:1006] Receive posted successfully
I0317 11:11:05.027162    1186 libfabric_rail.cpp:320] Allocate on Rail 0 allocated control request XFER_ID=647 buffer_size=8192
I0317 11:11:05.027162    1186 libfabric_rail.cpp:997] Posting receive on endpoint=0x9f35750 buffer=0x7ef31acf1010 size=8192 context=0x9ede990
I0317 11:11:05.027163    1186 libfabric_rail.cpp:1006] Receive posted successfully
I0317 11:11:05.027164    1186 libfabric_rail.cpp:320] Allocate on Rail 0 allocated control request XFER_ID=648 buffer_size=8192
I0317 11:11:05.027164    1186 libfabric_rail.cpp:997] Posting receive on endpoint=0x9f35750 buffer=0x7ef31acef010 size=8192 context=0x9ede8e8
I0317 11:11:05.027165    1186 libfabric_rail.cpp:1006] Receive posted successfully
I0317 11:11:05.027166    1186 libfabric_rail.cpp:320] Allocate on Rail 0 allocated control request XFER_ID=649 buffer_size=8192
I0317 11:11:05.027167    1186 libfabric_rail.cpp:997] Posting receive on endpoint=0x9f35750 buffer=0x7ef31aced010 size=8192 context=0x9ede840
I0317 11:11:05.027167    1186 libfabric_rail.cpp:1006] Receive posted successfully
I0317 11:11:05.027168    1186 libfabric_rail.cpp:320] Allocate on Rail 0 allocated control request XFER_ID=650 buffer_size=8192
I0317 11:11:05.027169    1186 libfabric_rail.cpp:997] Posting receive on endpoint=0x9f35750 buffer=0x7ef31aceb010 size=8192 context=0x9ede790
I0317 11:11:05.027170    1186 libfabric_rail.cpp:1006] Receive posted successfully
I0317 11:11:05.027170    1186 libfabric_rail.cpp:320] Allocate on Rail 0 allocated control request XFER_ID=651 buffer_size=8192
I0317 11:11:05.027171    1186 libfabric_rail.cpp:997] Posting receive on endpoint=0x9f35750 buffer=0x7ef31ace9010 size=8192 context=0x9ede6e8
I0317 11:11:05.027172    1186 libfabric_rail.cpp:1006] Receive posted successfully
I0317 11:11:05.027172    1186 libfabric_rail.cpp:320] Allocate on Rail 0 allocated control request XFER_ID=652 buffer_size=8192
I0317 11:11:05.027173    1186 libfabric_rail.cpp:997] Posting receive on endpoint=0x9f35750 buffer=0x7ef31ace7010 size=8192 context=0x9ede640
I0317 11:11:05.027176    1186 libfabric_rail.cpp:1006] Receive posted successfully
I0317 11:11:05.027177    1186 libfabric_rail.cpp:320] Allocate on Rail 0 allocated control request XFER_ID=653 buffer_size=8192
I0317 11:11:05.027178    1186 libfabric_rail.cpp:997] Posting receive on endpoint=0x9f35750 buffer=0x7ef31ace5010 size=8192 context=0x9ede590
I0317 11:11:05.027178    1186 libfabric_rail.cpp:1006] Receive posted successfully
I0317 11:11:05.027179    1186 libfabric_rail.cpp:320] Allocate on Rail 0 allocated control request XFER_ID=654 buffer_size=8192
I0317 11:11:05.027180    1186 libfabric_rail.cpp:997] Posting receive on endpoint=0x9f35750 buffer=0x7ef31ace3010 size=8192 context=0x9ede4e8
I0317 11:11:05.027180    1186 libfabric_rail.cpp:1006] Receive posted successfully
I0317 11:11:05.027181    1186 libfabric_rail.cpp:320] Allocate on Rail 0 allocated control request XFER_ID=655 buffer_size=8192
I0317 11:11:05.027182    1186 libfabric_rail.cpp:997] Posting receive on endpoint=0x9f35750 buffer=0x7ef31ace1010 size=8192 context=0x9ede440
I0317 11:11:05.027183    1186 libfabric_rail.cpp:1006] Receive posted successfully
I0317 11:11:05.027183    1186 libfabric_rail.cpp:320] Allocate on Rail 0 allocated control request XFER_ID=656 buffer_size=8192
I0317 11:11:05.027184    1186 libfabric_rail.cpp:997] Posting receive on endpoint=0x9f35750 buffer=0x7ef31acdf010 size=8192 context=0x9ede390
I0317 11:11:05.027185    1186 libfabric_rail.cpp:1006] Receive posted successfully
I0317 11:11:05.027185    1186 libfabric_rail.cpp:320] Allocate on Rail 0 allocated control request XFER_ID=657 buffer_size=8192
I0317 11:11:05.027186    1186 libfabric_rail.cpp:997] Posting receive on endpoint=0x9f35750 buffer=0x7ef31acdd010 size=8192 context=0x9ede2e8
I0317 11:11:05.027187    1186 libfabric_rail.cpp:1006] Receive posted successfully
I0317 11:11:05.027188    1186 libfabric_rail.cpp:320] Allocate on Rail 0 allocated control request XFER_ID=658 buffer_size=8192
I0317 11:11:05.027189    1186 libfabric_rail.cpp:997] Posting receive on endpoint=0x9f35750 buffer=0x7ef31acdb010 size=8192 context=0x9ede240
I0317 11:11:05.027190    1186 libfabric_rail.cpp:1006] Receive posted successfully
I0317 11:11:05.027191    1186 libfabric_rail.cpp:320] Allocate on Rail 0 allocated control request XFER_ID=659 buffer_size=8192
I0317 11:11:05.027191    1186 libfabric_rail.cpp:997] Posting receive on endpoint=0x9f35750 buffer=0x7ef31acd9010 size=8192 context=0x9ede190
I0317 11:11:05.027192    1186 libfabric_rail.cpp:1006] Receive posted successfully
I0317 11:11:05.027193    1186 libfabric_rail.cpp:320] Allocate on Rail 0 allocated control request XFER_ID=660 buffer_size=8192
I0317 11:11:05.027194    1186 libfabric_rail.cpp:997] Posting receive on endpoint=0x9f35750 buffer=0x7ef31acd7010 size=8192 context=0x9ede0e8
I0317 11:11:05.027195    1186 libfabric_rail.cpp:1006] Receive posted successfully
I0317 11:11:05.027196    1186 libfabric_rail.cpp:320] Allocate on Rail 0 allocated control request XFER_ID=661 buffer_size=8192
I0317 11:11:05.027197    1186 libfabric_rail.cpp:997] Posting receive on endpoint=0x9f35750 buffer=0x7ef31acd5010 size=8192 context=0x9ede040
I0317 11:11:05.027198    1186 libfabric_rail.cpp:1006] Receive posted successfully
I0317 11:11:05.027199    1186 libfabric_rail.cpp:320] Allocate on Rail 0 allocated control request XFER_ID=662 buffer_size=8192
I0317 11:11:05.027199    1186 libfabric_rail.cpp:997] Posting receive on endpoint=0x9f35750 buffer=0x7ef31acd3010 size=8192 context=0x9eddf90
I0317 11:11:05.027201    1186 libfabric_rail.cpp:1006] Receive posted successfully
I0317 11:11:05.027201    1186 libfabric_rail.cpp:320] Allocate on Rail 0 allocated control request XFER_ID=663 buffer_size=8192
I0317 11:11:05.027202    1186 libfabric_rail.cpp:997] Posting receive on endpoint=0x9f35750 buffer=0x7ef31acd1010 size=8192 context=0x9eddee8
I0317 11:11:05.027203    1186 libfabric_rail.cpp:1006] Receive posted successfully
I0317 11:11:05.027204    1186 libfabric_rail.cpp:320] Allocate on Rail 0 allocated control request XFER_ID=664 buffer_size=8192
I0317 11:11:05.027205    1186 libfabric_rail.cpp:997] Posting receive on endpoint=0x9f35750 buffer=0x7ef31accf010 size=8192 context=0x9edde40
I0317 11:11:05.027206    1186 libfabric_rail.cpp:1006] Receive posted successfully
I0317 11:11:05.027207    1186 libfabric_rail.cpp:320] Allocate on Rail 0 allocated control request XFER_ID=665 buffer_size=8192
I0317 11:11:05.027208    1186 libfabric_rail.cpp:997] Posting receive on endpoint=0x9f35750 buffer=0x7ef31accd010 size=8192 context=0x9eddd90
I0317 11:11:05.027209    1186 libfabric_rail.cpp:1006] Receive posted successfully
I0317 11:11:05.027209    1186 libfabric_rail.cpp:320] Allocate on Rail 0 allocated control request XFER_ID=666 buffer_size=8192
I0317 11:11:05.027210    1186 libfabric_rail.cpp:997] Posting receive on endpoint=0x9f35750 buffer=0x7ef31accb010 size=8192 context=0x9eddce8
I0317 11:11:05.027211    1186 libfabric_rail.cpp:1006] Receive posted successfully
I0317 11:11:05.027212    1186 libfabric_rail.cpp:320] Allocate on Rail 0 allocated control request XFER_ID=667 buffer_size=8192
I0317 11:11:05.027213    1186 libfabric_rail.cpp:997] Posting receive on endpoint=0x9f35750 buffer=0x7ef31acc9010 size=8192 context=0x9eddc40
I0317 11:11:05.027214    1186 libfabric_rail.cpp:1006] Receive posted successfully
I0317 11:11:05.027215    1186 libfabric_rail.cpp:320] Allocate on Rail 0 allocated control request XFER_ID=668 buffer_size=8192
I0317 11:11:05.027216    1186 libfabric_rail.cpp:997] Posting receive on endpoint=0x9f35750 buffer=0x7ef31acc7010 size=8192 context=0x9eddb90
I0317 11:11:05.027217    1186 libfabric_rail.cpp:1006] Receive posted successfully
I0317 11:11:05.027218    1186 libfabric_rail.cpp:320] Allocate on Rail 0 allocated control request XFER_ID=669 buffer_size=8192
I0317 11:11:05.027218    1186 libfabric_rail.cpp:997] Posting receive on endpoint=0x9f35750 buffer=0x7ef31acc5010 size=8192 context=0x9eddae8
I0317 11:11:05.027219    1186 libfabric_rail.cpp:1006] Receive posted successfully
I0317 11:11:05.027220    1186 libfabric_rail.cpp:320] Allocate on Rail 0 allocated control request XFER_ID=670 buffer_size=8192
I0317 11:11:05.027221    1186 libfabric_rail.cpp:997] Posting receive on endpoint=0x9f35750 buffer=0x7ef31acc3010 size=8192 context=0x9edda40
I0317 11:11:05.027221    1186 libfabric_rail.cpp:1006] Receive posted successfully
I0317 11:11:05.027222    1186 libfabric_rail.cpp:320] Allocate on Rail 0 allocated control request XFER_ID=671 buffer_size=8192
I0317 11:11:05.027223    1186 libfabric_rail.cpp:997] Posting receive on endpoint=0x9f35750 buffer=0x7ef31acc1010 size=8192 context=0x9edd990
I0317 11:11:05.027224    1186 libfabric_rail.cpp:1006] Receive posted successfully
I0317 11:11:05.027224    1186 libfabric_rail.cpp:320] Allocate on Rail 0 allocated control request XFER_ID=672 buffer_size=8192
I0317 11:11:05.027225    1186 libfabric_rail.cpp:997] Posting receive on endpoint=0x9f35750 buffer=0x7ef31acbf010 size=8192 context=0x9edd8e8
I0317 11:11:05.027226    1186 libfabric_rail.cpp:1006] Receive posted successfully
I0317 11:11:05.027226    1186 libfabric_rail.cpp:320] Allocate on Rail 0 allocated control request XFER_ID=673 buffer_size=8192
I0317 11:11:05.027227    1186 libfabric_rail.cpp:997] Posting receive on endpoint=0x9f35750 buffer=0x7ef31acbd010 size=8192 context=0x9edd840
I0317 11:11:05.027228    1186 libfabric_rail.cpp:1006] Receive posted successfully
I0317 11:11:05.027228    1186 libfabric_rail.cpp:320] Allocate on Rail 0 allocated control request XFER_ID=674 buffer_size=8192
I0317 11:11:05.027229    1186 libfabric_rail.cpp:997] Posting receive on endpoint=0x9f35750 buffer=0x7ef31acbb010 size=8192 context=0x9edd790
I0317 11:11:05.027230    1186 libfabric_rail.cpp:1006] Receive posted successfully
I0317 11:11:05.027230    1186 libfabric_rail.cpp:320] Allocate on Rail 0 allocated control request XFER_ID=675 buffer_size=8192
I0317 11:11:05.027231    1186 libfabric_rail.cpp:997] Posting receive on endpoint=0x9f35750 buffer=0x7ef31acb9010 size=8192 context=0x9edd6e8
I0317 11:11:05.027232    1186 libfabric_rail.cpp:1006] Receive posted successfully
I0317 11:11:05.027232    1186 libfabric_rail.cpp:320] Allocate on Rail 0 allocated control request XFER_ID=676 buffer_size=8192
I0317 11:11:05.027233    1186 libfabric_rail.cpp:997] Posting receive on endpoint=0x9f35750 buffer=0x7ef31acb7010 size=8192 context=0x9edd640
I0317 11:11:05.027234    1186 libfabric_rail.cpp:1006] Receive posted successfully
I0317 11:11:05.027235    1186 libfabric_rail.cpp:320] Allocate on Rail 0 allocated control request XFER_ID=677 buffer_size=8192
I0317 11:11:05.027235    1186 libfabric_rail.cpp:997] Posting receive on endpoint=0x9f35750 buffer=0x7ef31acb5010 size=8192 context=0x9edd590
I0317 11:11:05.027236    1186 libfabric_rail.cpp:1006] Receive posted successfully
I0317 11:11:05.027237    1186 libfabric_rail.cpp:320] Allocate on Rail 0 allocated control request XFER_ID=678 buffer_size=8192
I0317 11:11:05.027237    1186 libfabric_rail.cpp:997] Posting receive on endpoint=0x9f35750 buffer=0x7ef31acb3010 size=8192 context=0x9edd4e8
I0317 11:11:05.027238    1186 libfabric_rail.cpp:1006] Receive posted successfully
I0317 11:11:05.027239    1186 libfabric_rail.cpp:320] Allocate on Rail 0 allocated control request XFER_ID=679 buffer_size=8192
I0317 11:11:05.027239    1186 libfabric_rail.cpp:997] Posting receive on endpoint=0x9f35750 buffer=0x7ef31acb1010 size=8192 context=0x9edd440
I0317 11:11:05.027240    1186 libfabric_rail.cpp:1006] Receive posted successfully
I0317 11:11:05.027241    1186 libfabric_rail.cpp:320] Allocate on Rail 0 allocated control request XFER_ID=680 buffer_size=8192
I0317 11:11:05.027242    1186 libfabric_rail.cpp:997] Posting receive on endpoint=0x9f35750 buffer=0x7ef31acaf010 size=8192 context=0x9edd390
I0317 11:11:05.027243    1186 libfabric_rail.cpp:1006] Receive posted successfully
I0317 11:11:05.027243    1186 libfabric_rail.cpp:320] Allocate on Rail 0 allocated control request XFER_ID=681 buffer_size=8192
I0317 11:11:05.027244    1186 libfabric_rail.cpp:997] Posting receive on endpoint=0x9f35750 buffer=0x7ef31acad010 size=8192 context=0x9edd2e8
I0317 11:11:05.027245    1186 libfabric_rail.cpp:1006] Receive posted successfully
I0317 11:11:05.027248    1186 libfabric_rail.cpp:320] Allocate on Rail 0 allocated control request XFER_ID=682 buffer_size=8192
I0317 11:11:05.027249    1186 libfabric_rail.cpp:997] Posting receive on endpoint=0x9f35750 buffer=0x7ef31acab010 size=8192 context=0x9edd240
I0317 11:11:05.027250    1186 libfabric_rail.cpp:1006] Receive posted successfully
I0317 11:11:05.027251    1186 libfabric_rail.cpp:320] Allocate on Rail 0 allocated control request XFER_ID=683 buffer_size=8192
I0317 11:11:05.027251    1186 libfabric_rail.cpp:997] Posting receive on endpoint=0x9f35750 buffer=0x7ef31aca9010 size=8192 context=0x9edd190
I0317 11:11:05.027252    1186 libfabric_rail.cpp:1006] Receive posted successfully
I0317 11:11:05.027253    1186 libfabric_rail.cpp:320] Allocate on Rail 0 allocated control request XFER_ID=684 buffer_size=8192
I0317 11:11:05.027253    1186 libfabric_rail.cpp:997] Posting receive on endpoint=0x9f35750 buffer=0x7ef31aca7010 size=8192 context=0x9edd0e8
I0317 11:11:05.027254    1186 libfabric_rail.cpp:1006] Receive posted successfully
I0317 11:11:05.027255    1186 libfabric_rail.cpp:320] Allocate on Rail 0 allocated control request XFER_ID=685 buffer_size=8192
I0317 11:11:05.027255    1186 libfabric_rail.cpp:997] Posting receive on endpoint=0x9f35750 buffer=0x7ef31aca5010 size=8192 context=0x9edd040
I0317 11:11:05.027256    1186 libfabric_rail.cpp:1006] Receive posted successfully
I0317 11:11:05.027257    1186 libfabric_rail.cpp:320] Allocate on Rail 0 allocated control request XFER_ID=686 buffer_size=8192
I0317 11:11:05.027258    1186 libfabric_rail.cpp:997] Posting receive on endpoint=0x9f35750 buffer=0x7ef31aca3010 size=8192 context=0x9edcf90
I0317 11:11:05.027258    1186 libfabric_rail.cpp:1006] Receive posted successfully
I0317 11:11:05.027259    1186 libfabric_rail.cpp:320] Allocate on Rail 0 allocated control request XFER_ID=687 buffer_size=8192
I0317 11:11:05.027260    1186 libfabric_rail.cpp:997] Posting receive on endpoint=0x9f35750 buffer=0x7ef31aca1010 size=8192 context=0x9edcee8
I0317 11:11:05.027261    1186 libfabric_rail.cpp:1006] Receive posted successfully
I0317 11:11:05.027261    1186 libfabric_rail.cpp:320] Allocate on Rail 0 allocated control request XFER_ID=688 buffer_size=8192
I0317 11:11:05.027262    1186 libfabric_rail.cpp:997] Posting receive on endpoint=0x9f35750 buffer=0x7ef31ac9f010 size=8192 context=0x9edce40
I0317 11:11:05.027263    1186 libfabric_rail.cpp:1006] Receive posted successfully
I0317 11:11:05.027263    1186 libfabric_rail.cpp:320] Allocate on Rail 0 allocated control request XFER_ID=689 buffer_size=8192
I0317 11:11:05.027264    1186 libfabric_rail.cpp:997] Posting receive on endpoint=0x9f35750 buffer=0x7ef31ac9d010 size=8192 context=0x9edcd90
I0317 11:11:05.027265    1186 libfabric_rail.cpp:1006] Receive posted successfully
I0317 11:11:05.027265    1186 libfabric_rail.cpp:320] Allocate on Rail 0 allocated control request XFER_ID=690 buffer_size=8192
I0317 11:11:05.027266    1186 libfabric_rail.cpp:997] Posting receive on endpoint=0x9f35750 buffer=0x7ef31ac9b010 size=8192 context=0x9edcce8
I0317 11:11:05.027267    1186 libfabric_rail.cpp:1006] Receive posted successfully
I0317 11:11:05.027268    1186 libfabric_rail.cpp:320] Allocate on Rail 0 allocated control request XFER_ID=691 buffer_size=8192
I0317 11:11:05.027268    1186 libfabric_rail.cpp:997] Posting receive on endpoint=0x9f35750 buffer=0x7ef31ac99010 size=8192 context=0x9edcc40
I0317 11:11:05.027270    1186 libfabric_rail.cpp:1006] Receive posted successfully
I0317 11:11:05.027270    1186 libfabric_rail.cpp:320] Allocate on Rail 0 allocated control request XFER_ID=692 buffer_size=8192
I0317 11:11:05.027271    1186 libfabric_rail.cpp:997] Posting receive on endpoint=0x9f35750 buffer=0x7ef31ac97010 size=8192 context=0x9edcb90
I0317 11:11:05.027272    1186 libfabric_rail.cpp:1006] Receive posted successfully
I0317 11:11:05.027273    1186 libfabric_rail.cpp:320] Allocate on Rail 0 allocated control request XFER_ID=693 buffer_size=8192
I0317 11:11:05.027274    1186 libfabric_rail.cpp:997] Posting receive on endpoint=0x9f35750 buffer=0x7ef31ac95010 size=8192 context=0x9edcae8
I0317 11:11:05.027275    1186 libfabric_rail.cpp:1006] Receive posted successfully
I0317 11:11:05.027276    1186 libfabric_rail.cpp:320] Allocate on Rail 0 allocated control request XFER_ID=694 buffer_size=8192
I0317 11:11:05.027277    1186 libfabric_rail.cpp:997] Posting receive on endpoint=0x9f35750 buffer=0x7ef31ac93010 size=8192 context=0x9edca40
I0317 11:11:05.027278    1186 libfabric_rail.cpp:1006] Receive posted successfully
I0317 11:11:05.027278    1186 libfabric_rail.cpp:320] Allocate on Rail 0 allocated control request XFER_ID=695 buffer_size=8192
I0317 11:11:05.027279    1186 libfabric_rail.cpp:997] Posting receive on endpoint=0x9f35750 buffer=0x7ef31ac91010 size=8192 context=0x9edc990
I0317 11:11:05.027280    1186 libfabric_rail.cpp:1006] Receive posted successfully
I0317 11:11:05.027281    1186 libfabric_rail.cpp:320] Allocate on Rail 0 allocated control request XFER_ID=696 buffer_size=8192
I0317 11:11:05.027282    1186 libfabric_rail.cpp:997] Posting receive on endpoint=0x9f35750 buffer=0x7ef31ac8f010 size=8192 context=0x9edc8e8
I0317 11:11:05.027283    1186 libfabric_rail.cpp:1006] Receive posted successfully
I0317 11:11:05.027284    1186 libfabric_rail.cpp:320] Allocate on Rail 0 allocated control request XFER_ID=697 buffer_size=8192
I0317 11:11:05.027285    1186 libfabric_rail.cpp:997] Posting receive on endpoint=0x9f35750 buffer=0x7ef31ac8d010 size=8192 context=0x9edc840
I0317 11:11:05.027286    1186 libfabric_rail.cpp:1006] Receive posted successfully
I0317 11:11:05.027287    1186 libfabric_rail.cpp:320] Allocate on Rail 0 allocated control request XFER_ID=698 buffer_size=8192
I0317 11:11:05.027288    1186 libfabric_rail.cpp:997] Posting receive on endpoint=0x9f35750 buffer=0x7ef31ac8b010 size=8192 context=0x9edc790
I0317 11:11:05.027289    1186 libfabric_rail.cpp:1006] Receive posted successfully
I0317 11:11:05.027289    1186 libfabric_rail.cpp:320] Allocate on Rail 0 allocated control request XFER_ID=699 buffer_size=8192
I0317 11:11:05.027290    1186 libfabric_rail.cpp:997] Posting receive on endpoint=0x9f35750 buffer=0x7ef31ac89010 size=8192 context=0x9edc6e8
I0317 11:11:05.027291    1186 libfabric_rail.cpp:1006] Receive posted successfully
I0317 11:11:05.027292    1186 libfabric_rail.cpp:320] Allocate on Rail 0 allocated control request XFER_ID=700 buffer_size=8192
I0317 11:11:05.027293    1186 libfabric_rail.cpp:997] Posting receive on endpoint=0x9f35750 buffer=0x7ef31ac87010 size=8192 context=0x9edc640
I0317 11:11:05.027294    1186 libfabric_rail.cpp:1006] Receive posted successfully
I0317 11:11:05.027295    1186 libfabric_rail.cpp:320] Allocate on Rail 0 allocated control request XFER_ID=701 buffer_size=8192
I0317 11:11:05.027296    1186 libfabric_rail.cpp:997] Posting receive on endpoint=0x9f35750 buffer=0x7ef31ac85010 size=8192 context=0x9edc590
I0317 11:11:05.027297    1186 libfabric_rail.cpp:1006] Receive posted successfully
I0317 11:11:05.027297    1186 libfabric_rail.cpp:320] Allocate on Rail 0 allocated control request XFER_ID=702 buffer_size=8192
I0317 11:11:05.027298    1186 libfabric_rail.cpp:997] Posting receive on endpoint=0x9f35750 buffer=0x7ef31ac83010 size=8192 context=0x9edc4e8
I0317 11:11:05.027299    1186 libfabric_rail.cpp:1006] Receive posted successfully
I0317 11:11:05.027301    1186 libfabric_rail.cpp:320] Allocate on Rail 0 allocated control request XFER_ID=703 buffer_size=8192
I0317 11:11:05.027301    1186 libfabric_rail.cpp:997] Posting receive on endpoint=0x9f35750 buffer=0x7ef31ac81010 size=8192 context=0x9edc440
I0317 11:11:05.027302    1186 libfabric_rail.cpp:1006] Receive posted successfully
I0317 11:11:05.027303    1186 libfabric_rail.cpp:320] Allocate on Rail 0 allocated control request XFER_ID=704 buffer_size=8192
I0317 11:11:05.027303    1186 libfabric_rail.cpp:997] Posting receive on endpoint=0x9f35750 buffer=0x7ef31ac7f010 size=8192 context=0x9edc390
I0317 11:11:05.027304    1186 libfabric_rail.cpp:1006] Receive posted successfully
I0317 11:11:05.027305    1186 libfabric_rail.cpp:320] Allocate on Rail 0 allocated control request XFER_ID=705 buffer_size=8192
I0317 11:11:05.027306    1186 libfabric_rail.cpp:997] Posting receive on endpoint=0x9f35750 buffer=0x7ef31ac7d010 size=8192 context=0x9edc2e8
I0317 11:11:05.027306    1186 libfabric_rail.cpp:1006] Receive posted successfully
I0317 11:11:05.027307    1186 libfabric_rail.cpp:320] Allocate on Rail 0 allocated control request XFER_ID=706 buffer_size=8192
I0317 11:11:05.027308    1186 libfabric_rail.cpp:997] Posting receive on endpoint=0x9f35750 buffer=0x7ef31ac7b010 size=8192 context=0x9edc240
I0317 11:11:05.027309    1186 libfabric_rail.cpp:1006] Receive posted successfully
I0317 11:11:05.027309    1186 libfabric_rail.cpp:320] Allocate on Rail 0 allocated control request XFER_ID=707 buffer_size=8192
I0317 11:11:05.027310    1186 libfabric_rail.cpp:997] Posting receive on endpoint=0x9f35750 buffer=0x7ef31ac79010 size=8192 context=0x9edc190
I0317 11:11:05.027311    1186 libfabric_rail.cpp:1006] Receive posted successfully
I0317 11:11:05.027311    1186 libfabric_rail.cpp:320] Allocate on Rail 0 allocated control request XFER_ID=708 buffer_size=8192
I0317 11:11:05.027312    1186 libfabric_rail.cpp:997] Posting receive on endpoint=0x9f35750 buffer=0x7ef31ac77010 size=8192 context=0x9edc0e8
I0317 11:11:05.027313    1186 libfabric_rail.cpp:1006] Receive posted successfully
I0317 11:11:05.027313    1186 libfabric_rail.cpp:320] Allocate on Rail 0 allocated control request XFER_ID=709 buffer_size=8192
I0317 11:11:05.027314    1186 libfabric_rail.cpp:997] Posting receive on endpoint=0x9f35750 buffer=0x7ef31ac75010 size=8192 context=0x9edc040
I0317 11:11:05.027315    1186 libfabric_rail.cpp:1006] Receive posted successfully
I0317 11:11:05.027315    1186 libfabric_rail.cpp:320] Allocate on Rail 0 allocated control request XFER_ID=710 buffer_size=8192
I0317 11:11:05.027316    1186 libfabric_rail.cpp:997] Posting receive on endpoint=0x9f35750 buffer=0x7ef31ac73010 size=8192 context=0x9edbf90
I0317 11:11:05.027317    1186 libfabric_rail.cpp:1006] Receive posted successfully
I0317 11:11:05.027318    1186 libfabric_rail.cpp:320] Allocate on Rail 0 allocated control request XFER_ID=711 buffer_size=8192
I0317 11:11:05.027318    1186 libfabric_rail.cpp:997] Posting receive on endpoint=0x9f35750 buffer=0x7ef31ac71010 size=8192 context=0x9edbee8
I0317 11:11:05.027319    1186 libfabric_rail.cpp:1006] Receive posted successfully
I0317 11:11:05.027320    1186 libfabric_rail.cpp:320] Allocate on Rail 0 allocated control request XFER_ID=712 buffer_size=8192
I0317 11:11:05.027320    1186 libfabric_rail.cpp:997] Posting receive on endpoint=0x9f35750 buffer=0x7ef31ac6f010 size=8192 context=0x9edbe40
I0317 11:11:05.027321    1186 libfabric_rail.cpp:1006] Receive posted successfully
I0317 11:11:05.027322    1186 libfabric_rail.cpp:320] Allocate on Rail 0 allocated control request XFER_ID=713 buffer_size=8192
I0317 11:11:05.027322    1186 libfabric_rail.cpp:997] Posting receive on endpoint=0x9f35750 buffer=0x7ef31ac6d010 size=8192 context=0x9edbd90
I0317 11:11:05.027323    1186 libfabric_rail.cpp:1006] Receive posted successfully
I0317 11:11:05.027324    1186 libfabric_rail.cpp:320] Allocate on Rail 0 allocated control request XFER_ID=714 buffer_size=8192
I0317 11:11:05.027324    1186 libfabric_rail.cpp:997] Posting receive on endpoint=0x9f35750 buffer=0x7ef31ac6b010 size=8192 context=0x9edbce8
I0317 11:11:05.027326    1186 libfabric_rail.cpp:1006] Receive posted successfully
I0317 11:11:05.027326    1186 libfabric_rail.cpp:320] Allocate on Rail 0 allocated control request XFER_ID=715 buffer_size=8192
I0317 11:11:05.027327    1186 libfabric_rail.cpp:997] Posting receive on endpoint=0x9f35750 buffer=0x7ef31ac69010 size=8192 context=0x9edbc40
I0317 11:11:05.027328    1186 libfabric_rail.cpp:1006] Receive posted successfully
I0317 11:11:05.027328    1186 libfabric_rail.cpp:320] Allocate on Rail 0 allocated control request XFER_ID=716 buffer_size=8192
I0317 11:11:05.027329    1186 libfabric_rail.cpp:997] Posting receive on endpoint=0x9f35750 buffer=0x7ef31ac67010 size=8192 context=0x9edbb90
I0317 11:11:05.027330    1186 libfabric_rail.cpp:1006] Receive posted successfully
I0317 11:11:05.027331    1186 libfabric_rail.cpp:320] Allocate on Rail 0 allocated control request XFER_ID=717 buffer_size=8192
I0317 11:11:05.027331    1186 libfabric_rail.cpp:997] Posting receive on endpoint=0x9f35750 buffer=0x7ef31ac65010 size=8192 context=0x9edbae8
I0317 11:11:05.027332    1186 libfabric_rail.cpp:1006] Receive posted successfully
I0317 11:11:05.027333    1186 libfabric_rail.cpp:320] Allocate on Rail 0 allocated control request XFER_ID=718 buffer_size=8192
I0317 11:11:05.027333    1186 libfabric_rail.cpp:997] Posting receive on endpoint=0x9f35750 buffer=0x7ef31ac63010 size=8192 context=0x9edba40
I0317 11:11:05.027337    1186 libfabric_rail.cpp:1006] Receive posted successfully
I0317 11:11:05.027337    1186 libfabric_rail.cpp:320] Allocate on Rail 0 allocated control request XFER_ID=719 buffer_size=8192
I0317 11:11:05.027338    1186 libfabric_rail.cpp:997] Posting receive on endpoint=0x9f35750 buffer=0x7ef31ac61010 size=8192 context=0x9edb990
I0317 11:11:05.027339    1186 libfabric_rail.cpp:1006] Receive posted successfully
I0317 11:11:05.027340    1186 libfabric_rail.cpp:320] Allocate on Rail 0 allocated control request XFER_ID=720 buffer_size=8192
I0317 11:11:05.027340    1186 libfabric_rail.cpp:997] Posting receive on endpoint=0x9f35750 buffer=0x7ef31ac5f010 size=8192 context=0x9edb8e8
I0317 11:11:05.027341    1186 libfabric_rail.cpp:1006] Receive posted successfully
I0317 11:11:05.027342    1186 libfabric_rail.cpp:320] Allocate on Rail 0 allocated control request XFER_ID=721 buffer_size=8192
I0317 11:11:05.027343    1186 libfabric_rail.cpp:997] Posting receive on endpoint=0x9f35750 buffer=0x7ef31ac5d010 size=8192 context=0x9edb840
I0317 11:11:05.027344    1186 libfabric_rail.cpp:1006] Receive posted successfully
I0317 11:11:05.027344    1186 libfabric_rail.cpp:320] Allocate on Rail 0 allocated control request XFER_ID=722 buffer_size=8192
I0317 11:11:05.027345    1186 libfabric_rail.cpp:997] Posting receive on endpoint=0x9f35750 buffer=0x7ef31ac5b010 size=8192 context=0x9edb790
I0317 11:11:05.027346    1186 libfabric_rail.cpp:1006] Receive posted successfully
I0317 11:11:05.027346    1186 libfabric_rail.cpp:320] Allocate on Rail 0 allocated control request XFER_ID=723 buffer_size=8192
I0317 11:11:05.027347    1186 libfabric_rail.cpp:997] Posting receive on endpoint=0x9f35750 buffer=0x7ef31ac59010 size=8192 context=0x9edb6e8
I0317 11:11:05.027348    1186 libfabric_rail.cpp:1006] Receive posted successfully
I0317 11:11:05.027348    1186 libfabric_rail.cpp:320] Allocate on Rail 0 allocated control request XFER_ID=724 buffer_size=8192
I0317 11:11:05.027349    1186 libfabric_rail.cpp:997] Posting receive on endpoint=0x9f35750 buffer=0x7ef31ac57010 size=8192 context=0x9edb640
I0317 11:11:05.027350    1186 libfabric_rail.cpp:1006] Receive posted successfully
I0317 11:11:05.027350    1186 libfabric_rail.cpp:320] Allocate on Rail 0 allocated control request XFER_ID=725 buffer_size=8192
I0317 11:11:05.027351    1186 libfabric_rail.cpp:997] Posting receive on endpoint=0x9f35750 buffer=0x7ef31ac55010 size=8192 context=0x9edb590
I0317 11:11:05.027352    1186 libfabric_rail.cpp:1006] Receive posted successfully
I0317 11:11:05.027353    1186 libfabric_rail.cpp:320] Allocate on Rail 0 allocated control request XFER_ID=726 buffer_size=8192
I0317 11:11:05.027353    1186 libfabric_rail.cpp:997] Posting receive on endpoint=0x9f35750 buffer=0x7ef31ac53010 size=8192 context=0x9edb4e8
I0317 11:11:05.027355    1186 libfabric_rail.cpp:1006] Receive posted successfully
I0317 11:11:05.027355    1186 libfabric_rail.cpp:320] Allocate on Rail 0 allocated control request XFER_ID=727 buffer_size=8192
I0317 11:11:05.027356    1186 libfabric_rail.cpp:997] Posting receive on endpoint=0x9f35750 buffer=0x7ef31ac51010 size=8192 context=0x9edb440
I0317 11:11:05.027357    1186 libfabric_rail.cpp:1006] Receive posted successfully
I0317 11:11:05.027358    1186 libfabric_rail.cpp:320] Allocate on Rail 0 allocated control request XFER_ID=728 buffer_size=8192
I0317 11:11:05.027359    1186 libfabric_rail.cpp:997] Posting receive on endpoint=0x9f35750 buffer=0x7ef31ac4f010 size=8192 context=0x9edb390
I0317 11:11:05.027360    1186 libfabric_rail.cpp:1006] Receive posted successfully
I0317 11:11:05.027361    1186 libfabric_rail.cpp:320] Allocate on Rail 0 allocated control request XFER_ID=729 buffer_size=8192
I0317 11:11:05.027362    1186 libfabric_rail.cpp:997] Posting receive on endpoint=0x9f35750 buffer=0x7ef31ac4d010 size=8192 context=0x9edb2e8
I0317 11:11:05.027363    1186 libfabric_rail.cpp:1006] Receive posted successfully
I0317 11:11:05.027363    1186 libfabric_rail.cpp:320] Allocate on Rail 0 allocated control request XFER_ID=730 buffer_size=8192
I0317 11:11:05.027364    1186 libfabric_rail.cpp:997] Posting receive on endpoint=0x9f35750 buffer=0x7ef31ac4b010 size=8192 context=0x9edb240
I0317 11:11:05.027365    1186 libfabric_rail.cpp:1006] Receive posted successfully
I0317 11:11:05.027366    1186 libfabric_rail.cpp:320] Allocate on Rail 0 allocated control request XFER_ID=731 buffer_size=8192
I0317 11:11:05.027367    1186 libfabric_rail.cpp:997] Posting receive on endpoint=0x9f35750 buffer=0x7ef31ac49010 size=8192 context=0x9edb190
I0317 11:11:05.027368    1186 libfabric_rail.cpp:1006] Receive posted successfully
I0317 11:11:05.027369    1186 libfabric_rail.cpp:320] Allocate on Rail 0 allocated control request XFER_ID=732 buffer_size=8192
I0317 11:11:05.027370    1186 libfabric_rail.cpp:997] Posting receive on endpoint=0x9f35750 buffer=0x7ef31ac47010 size=8192 context=0x9edb0e8
I0317 11:11:05.027371    1186 libfabric_rail.cpp:1006] Receive posted successfully
I0317 11:11:05.027371    1186 libfabric_rail.cpp:320] Allocate on Rail 0 allocated control request XFER_ID=733 buffer_size=8192
I0317 11:11:05.027372    1186 libfabric_rail.cpp:997] Posting receive on endpoint=0x9f35750 buffer=0x7ef31ac45010 size=8192 context=0x9edb040
I0317 11:11:05.027373    1186 libfabric_rail.cpp:1006] Receive posted successfully
I0317 11:11:05.027374    1186 libfabric_rail.cpp:320] Allocate on Rail 0 allocated control request XFER_ID=734 buffer_size=8192
I0317 11:11:05.027375    1186 libfabric_rail.cpp:997] Posting receive on endpoint=0x9f35750 buffer=0x7ef31ac43010 size=8192 context=0x9edaf90
I0317 11:11:05.027376    1186 libfabric_rail.cpp:1006] Receive posted successfully
I0317 11:11:05.027377    1186 libfabric_rail.cpp:320] Allocate on Rail 0 allocated control request XFER_ID=735 buffer_size=8192
I0317 11:11:05.027378    1186 libfabric_rail.cpp:997] Posting receive on endpoint=0x9f35750 buffer=0x7ef31ac41010 size=8192 context=0x9edaee8
I0317 11:11:05.027379    1186 libfabric_rail.cpp:1006] Receive posted successfully
I0317 11:11:05.027380    1186 libfabric_rail.cpp:320] Allocate on Rail 0 allocated control request XFER_ID=736 buffer_size=8192
I0317 11:11:05.027381    1186 libfabric_rail.cpp:997] Posting receive on endpoint=0x9f35750 buffer=0x7ef31ac3f010 size=8192 context=0x9edae40
I0317 11:11:05.027382    1186 libfabric_rail.cpp:1006] Receive posted successfully
I0317 11:11:05.027382    1186 libfabric_rail.cpp:320] Allocate on Rail 0 allocated control request XFER_ID=737 buffer_size=8192
I0317 11:11:05.027387    1186 libfabric_rail.cpp:997] Posting receive on endpoint=0x9f35750 buffer=0x7ef31ac3d010 size=8192 context=0x9edad90
I0317 11:11:05.027388    1186 libfabric_rail.cpp:1006] Receive posted successfully
I0317 11:11:05.027388    1186 libfabric_rail.cpp:320] Allocate on Rail 0 allocated control request XFER_ID=738 buffer_size=8192
I0317 11:11:05.027389    1186 libfabric_rail.cpp:997] Posting receive on endpoint=0x9f35750 buffer=0x7ef31ac3b010 size=8192 context=0x9edace8
I0317 11:11:05.027390    1186 libfabric_rail.cpp:1006] Receive posted successfully
I0317 11:11:05.027391    1186 libfabric_rail.cpp:320] Allocate on Rail 0 allocated control request XFER_ID=739 buffer_size=8192
I0317 11:11:05.027392    1186 libfabric_rail.cpp:997] Posting receive on endpoint=0x9f35750 buffer=0x7ef31ac39010 size=8192 context=0x9edac40
I0317 11:11:05.027393    1186 libfabric_rail.cpp:1006] Receive posted successfully
I0317 11:11:05.027394    1186 libfabric_rail.cpp:320] Allocate on Rail 0 allocated control request XFER_ID=740 buffer_size=8192
I0317 11:11:05.027395    1186 libfabric_rail.cpp:997] Posting receive on endpoint=0x9f35750 buffer=0x7ef31ac37010 size=8192 context=0x9edab90
I0317 11:11:05.027396    1186 libfabric_rail.cpp:1006] Receive posted successfully
I0317 11:11:05.027396    1186 libfabric_rail.cpp:320] Allocate on Rail 0 allocated control request XFER_ID=741 buffer_size=8192
I0317 11:11:05.027397    1186 libfabric_rail.cpp:997] Posting receive on endpoint=0x9f35750 buffer=0x7ef31ac35010 size=8192 context=0x9edaae8
I0317 11:11:05.027398    1186 libfabric_rail.cpp:1006] Receive posted successfully
I0317 11:11:05.027399    1186 libfabric_rail.cpp:320] Allocate on Rail 0 allocated control request XFER_ID=742 buffer_size=8192
I0317 11:11:05.027400    1186 libfabric_rail.cpp:997] Posting receive on endpoint=0x9f35750 buffer=0x7ef31ac33010 size=8192 context=0x9edaa40
I0317 11:11:05.027401    1186 libfabric_rail.cpp:1006] Receive posted successfully
I0317 11:11:05.027402    1186 libfabric_rail.cpp:320] Allocate on Rail 0 allocated control request XFER_ID=743 buffer_size=8192
I0317 11:11:05.027403    1186 libfabric_rail.cpp:997] Posting receive on endpoint=0x9f35750 buffer=0x7ef31ac31010 size=8192 context=0x9eda990
I0317 11:11:05.027404    1186 libfabric_rail.cpp:1006] Receive posted successfully
I0317 11:11:05.027405    1186 libfabric_rail.cpp:320] Allocate on Rail 0 allocated control request XFER_ID=744 buffer_size=8192
I0317 11:11:05.027405    1186 libfabric_rail.cpp:997] Posting receive on endpoint=0x9f35750 buffer=0x7ef31ac2f010 size=8192 context=0x9eda8e8
I0317 11:11:05.027407    1186 libfabric_rail.cpp:1006] Receive posted successfully
I0317 11:11:05.027407    1186 libfabric_rail.cpp:320] Allocate on Rail 0 allocated control request XFER_ID=745 buffer_size=8192
I0317 11:11:05.027408    1186 libfabric_rail.cpp:997] Posting receive on endpoint=0x9f35750 buffer=0x7ef31ac2d010 size=8192 context=0x9eda840
I0317 11:11:05.027409    1186 libfabric_rail.cpp:1006] Receive posted successfully
I0317 11:11:05.027410    1186 libfabric_rail.cpp:320] Allocate on Rail 0 allocated control request XFER_ID=746 buffer_size=8192
I0317 11:11:05.027411    1186 libfabric_rail.cpp:997] Posting receive on endpoint=0x9f35750 buffer=0x7ef31ac2b010 size=8192 context=0x9eda790
I0317 11:11:05.027412    1186 libfabric_rail.cpp:1006] Receive posted successfully
I0317 11:11:05.027413    1186 libfabric_rail.cpp:320] Allocate on Rail 0 allocated control request XFER_ID=747 buffer_size=8192
I0317 11:11:05.027414    1186 libfabric_rail.cpp:997] Posting receive on endpoint=0x9f35750 buffer=0x7ef31ac29010 size=8192 context=0x9eda6e8
I0317 11:11:05.027415    1186 libfabric_rail.cpp:1006] Receive posted successfully
I0317 11:11:05.027416    1186 libfabric_rail.cpp:320] Allocate on Rail 0 allocated control request XFER_ID=748 buffer_size=8192
I0317 11:11:05.027416    1186 libfabric_rail.cpp:997] Posting receive on endpoint=0x9f35750 buffer=0x7ef31ac27010 size=8192 context=0x9eda640
I0317 11:11:05.027420    1186 libfabric_rail.cpp:1006] Receive posted successfully
I0317 11:11:05.027421    1186 libfabric_rail.cpp:320] Allocate on Rail 0 allocated control request XFER_ID=749 buffer_size=8192
I0317 11:11:05.027422    1186 libfabric_rail.cpp:997] Posting receive on endpoint=0x9f35750 buffer=0x7ef31ac25010 size=8192 context=0x9eda590
I0317 11:11:05.027423    1186 libfabric_rail.cpp:1006] Receive posted successfully
I0317 11:11:05.027423    1186 libfabric_rail.cpp:320] Allocate on Rail 0 allocated control request XFER_ID=750 buffer_size=8192
I0317 11:11:05.027424    1186 libfabric_rail.cpp:997] Posting receive on endpoint=0x9f35750 buffer=0x7ef31ac23010 size=8192 context=0x9eda4e8
I0317 11:11:05.027425    1186 libfabric_rail.cpp:1006] Receive posted successfully
I0317 11:11:05.027426    1186 libfabric_rail.cpp:320] Allocate on Rail 0 allocated control request XFER_ID=751 buffer_size=8192
I0317 11:11:05.027427    1186 libfabric_rail.cpp:997] Posting receive on endpoint=0x9f35750 buffer=0x7ef31ac21010 size=8192 context=0x9eda440
I0317 11:11:05.027428    1186 libfabric_rail.cpp:1006] Receive posted successfully
I0317 11:11:05.027429    1186 libfabric_rail.cpp:320] Allocate on Rail 0 allocated control request XFER_ID=752 buffer_size=8192
I0317 11:11:05.027430    1186 libfabric_rail.cpp:997] Posting receive on endpoint=0x9f35750 buffer=0x7ef31ac1f010 size=8192 context=0x9eda390
I0317 11:11:05.027431    1186 libfabric_rail.cpp:1006] Receive posted successfully
I0317 11:11:05.027431    1186 libfabric_rail.cpp:320] Allocate on Rail 0 allocated control request XFER_ID=753 buffer_size=8192
I0317 11:11:05.027432    1186 libfabric_rail.cpp:997] Posting receive on endpoint=0x9f35750 buffer=0x7ef31ac1d010 size=8192 context=0x9eda2e8
I0317 11:11:05.027433    1186 libfabric_rail.cpp:1006] Receive posted successfully
I0317 11:11:05.027434    1186 libfabric_rail.cpp:320] Allocate on Rail 0 allocated control request XFER_ID=754 buffer_size=8192
I0317 11:11:05.027435    1186 libfabric_rail.cpp:997] Posting receive on endpoint=0x9f35750 buffer=0x7ef31ac1b010 size=8192 context=0x9eda240
I0317 11:11:05.027436    1186 libfabric_rail.cpp:1006] Receive posted successfully
I0317 11:11:05.027437    1186 libfabric_rail.cpp:320] Allocate on Rail 0 allocated control request XFER_ID=755 buffer_size=8192
I0317 11:11:05.027438    1186 libfabric_rail.cpp:997] Posting receive on endpoint=0x9f35750 buffer=0x7ef31ac19010 size=8192 context=0x9eda190
I0317 11:11:05.027439    1186 libfabric_rail.cpp:1006] Receive posted successfully
I0317 11:11:05.027439    1186 libfabric_rail.cpp:320] Allocate on Rail 0 allocated control request XFER_ID=756 buffer_size=8192
I0317 11:11:05.027440    1186 libfabric_rail.cpp:997] Posting receive on endpoint=0x9f35750 buffer=0x7ef31ac17010 size=8192 context=0x9eda0e8
I0317 11:11:05.027441    1186 libfabric_rail.cpp:1006] Receive posted successfully
I0317 11:11:05.027442    1186 libfabric_rail.cpp:320] Allocate on Rail 0 allocated control request XFER_ID=757 buffer_size=8192
I0317 11:11:05.027443    1186 libfabric_rail.cpp:997] Posting receive on endpoint=0x9f35750 buffer=0x7ef31ac15010 size=8192 context=0x9eda040
I0317 11:11:05.027444    1186 libfabric_rail.cpp:1006] Receive posted successfully
I0317 11:11:05.027445    1186 libfabric_rail.cpp:320] Allocate on Rail 0 allocated control request XFER_ID=758 buffer_size=8192
I0317 11:11:05.027446    1186 libfabric_rail.cpp:997] Posting receive on endpoint=0x9f35750 buffer=0x7ef31ac13010 size=8192 context=0x9ed9f90
I0317 11:11:05.027447    1186 libfabric_rail.cpp:1006] Receive posted successfully
I0317 11:11:05.027447    1186 libfabric_rail.cpp:320] Allocate on Rail 0 allocated control request XFER_ID=759 buffer_size=8192
I0317 11:11:05.027448    1186 libfabric_rail.cpp:997] Posting receive on endpoint=0x9f35750 buffer=0x7ef31ac11010 size=8192 context=0x9ed9ee8
I0317 11:11:05.027449    1186 libfabric_rail.cpp:1006] Receive posted successfully
I0317 11:11:05.027450    1186 libfabric_rail.cpp:320] Allocate on Rail 0 allocated control request XFER_ID=760 buffer_size=8192
I0317 11:11:05.027451    1186 libfabric_rail.cpp:997] Posting receive on endpoint=0x9f35750 buffer=0x7ef31ac0f010 size=8192 context=0x9ed9e40
I0317 11:11:05.027452    1186 libfabric_rail.cpp:1006] Receive posted successfully
I0317 11:11:05.027453    1186 libfabric_rail.cpp:320] Allocate on Rail 0 allocated control request XFER_ID=761 buffer_size=8192
I0317 11:11:05.027454    1186 libfabric_rail.cpp:997] Posting receive on endpoint=0x9f35750 buffer=0x7ef31ac0d010 size=8192 context=0x9ed9d90
I0317 11:11:05.027454    1186 libfabric_rail.cpp:1006] Receive posted successfully
I0317 11:11:05.027455    1186 libfabric_rail.cpp:320] Allocate on Rail 0 allocated control request XFER_ID=762 buffer_size=8192
I0317 11:11:05.027456    1186 libfabric_rail.cpp:997] Posting receive on endpoint=0x9f35750 buffer=0x7ef31ac0b010 size=8192 context=0x9ed9ce8
I0317 11:11:05.027457    1186 libfabric_rail.cpp:1006] Receive posted successfully
I0317 11:11:05.027457    1186 libfabric_rail.cpp:320] Allocate on Rail 0 allocated control request XFER_ID=763 buffer_size=8192
I0317 11:11:05.027458    1186 libfabric_rail.cpp:997] Posting receive on endpoint=0x9f35750 buffer=0x7ef31ac09010 size=8192 context=0x9ed9c40
I0317 11:11:05.027459    1186 libfabric_rail.cpp:1006] Receive posted successfully
I0317 11:11:05.027459    1186 libfabric_rail.cpp:320] Allocate on Rail 0 allocated control request XFER_ID=764 buffer_size=8192
I0317 11:11:05.027460    1186 libfabric_rail.cpp:997] Posting receive on endpoint=0x9f35750 buffer=0x7ef31ac07010 size=8192 context=0x9ed9b90
I0317 11:11:05.027461    1186 libfabric_rail.cpp:1006] Receive posted successfully
I0317 11:11:05.027461    1186 libfabric_rail.cpp:320] Allocate on Rail 0 allocated control request XFER_ID=765 buffer_size=8192
I0317 11:11:05.027462    1186 libfabric_rail.cpp:997] Posting receive on endpoint=0x9f35750 buffer=0x7ef31ac05010 size=8192 context=0x9ed9ae8
I0317 11:11:05.027463    1186 libfabric_rail.cpp:1006] Receive posted successfully
I0317 11:11:05.027463    1186 libfabric_rail.cpp:320] Allocate on Rail 0 allocated control request XFER_ID=766 buffer_size=8192
I0317 11:11:05.027464    1186 libfabric_rail.cpp:997] Posting receive on endpoint=0x9f35750 buffer=0x7ef31ac03010 size=8192 context=0x9ed9a40
I0317 11:11:05.027465    1186 libfabric_rail.cpp:1006] Receive posted successfully
I0317 11:11:05.027465    1186 libfabric_rail.cpp:320] Allocate on Rail 0 allocated control request XFER_ID=767 buffer_size=8192
I0317 11:11:05.027466    1186 libfabric_rail.cpp:997] Posting receive on endpoint=0x9f35750 buffer=0x7ef31ac01010 size=8192 context=0x9ed9990
I0317 11:11:05.027467    1186 libfabric_rail.cpp:1006] Receive posted successfully
I0317 11:11:05.027468    1186 libfabric_rail.cpp:320] Allocate on Rail 0 allocated control request XFER_ID=768 buffer_size=8192
I0317 11:11:05.027469    1186 libfabric_rail.cpp:997] Posting receive on endpoint=0x9f35750 buffer=0x7ef31abff010 size=8192 context=0x9ed98e8
I0317 11:11:05.027469    1186 libfabric_rail.cpp:1006] Receive posted successfully
I0317 11:11:05.027470    1186 libfabric_rail.cpp:320] Allocate on Rail 0 allocated control request XFER_ID=769 buffer_size=8192
I0317 11:11:05.027471    1186 libfabric_rail.cpp:997] Posting receive on endpoint=0x9f35750 buffer=0x7ef31abfd010 size=8192 context=0x9ed9840
I0317 11:11:05.027472    1186 libfabric_rail.cpp:1006] Receive posted successfully
I0317 11:11:05.027472    1186 libfabric_rail.cpp:320] Allocate on Rail 0 allocated control request XFER_ID=770 buffer_size=8192
I0317 11:11:05.027473    1186 libfabric_rail.cpp:997] Posting receive on endpoint=0x9f35750 buffer=0x7ef31abfb010 size=8192 context=0x9ed9790
I0317 11:11:05.027474    1186 libfabric_rail.cpp:1006] Receive posted successfully
I0317 11:11:05.027474    1186 libfabric_rail.cpp:320] Allocate on Rail 0 allocated control request XFER_ID=771 buffer_size=8192
I0317 11:11:05.027475    1186 libfabric_rail.cpp:997] Posting receive on endpoint=0x9f35750 buffer=0x7ef31abf9010 size=8192 context=0x9ed96e8
I0317 11:11:05.027479    1186 libfabric_rail.cpp:1006] Receive posted successfully
I0317 11:11:05.027480    1186 libfabric_rail.cpp:320] Allocate on Rail 0 allocated control request XFER_ID=772 buffer_size=8192
I0317 11:11:05.027480    1186 libfabric_rail.cpp:997] Posting receive on endpoint=0x9f35750 buffer=0x7ef31abf7010 size=8192 context=0x9ed9640
I0317 11:11:05.027482    1186 libfabric_rail.cpp:1006] Receive posted successfully
I0317 11:11:05.027482    1186 libfabric_rail.cpp:320] Allocate on Rail 0 allocated control request XFER_ID=773 buffer_size=8192
I0317 11:11:05.027483    1186 libfabric_rail.cpp:997] Posting receive on endpoint=0x9f35750 buffer=0x7ef31abf5010 size=8192 context=0x9ed9590
I0317 11:11:05.027484    1186 libfabric_rail.cpp:1006] Receive posted successfully
I0317 11:11:05.027485    1186 libfabric_rail.cpp:320] Allocate on Rail 0 allocated control request XFER_ID=774 buffer_size=8192
I0317 11:11:05.027486    1186 libfabric_rail.cpp:997] Posting receive on endpoint=0x9f35750 buffer=0x7ef31abf3010 size=8192 context=0x9ed94e8
I0317 11:11:05.027487    1186 libfabric_rail.cpp:1006] Receive posted successfully
I0317 11:11:05.027488    1186 libfabric_rail.cpp:320] Allocate on Rail 0 allocated control request XFER_ID=775 buffer_size=8192
I0317 11:11:05.027489    1186 libfabric_rail.cpp:997] Posting receive on endpoint=0x9f35750 buffer=0x7ef31abf1010 size=8192 context=0x9ed9440
I0317 11:11:05.027490    1186 libfabric_rail.cpp:1006] Receive posted successfully
I0317 11:11:05.027491    1186 libfabric_rail.cpp:320] Allocate on Rail 0 allocated control request XFER_ID=776 buffer_size=8192
I0317 11:11:05.027491    1186 libfabric_rail.cpp:997] Posting receive on endpoint=0x9f35750 buffer=0x7ef31abef010 size=8192 context=0x9ed9390
I0317 11:11:05.027492    1186 libfabric_rail.cpp:1006] Receive posted successfully
I0317 11:11:05.027493    1186 libfabric_rail.cpp:320] Allocate on Rail 0 allocated control request XFER_ID=777 buffer_size=8192
I0317 11:11:05.027494    1186 libfabric_rail.cpp:997] Posting receive on endpoint=0x9f35750 buffer=0x7ef31abed010 size=8192 context=0x9ed92e8
I0317 11:11:05.027495    1186 libfabric_rail.cpp:1006] Receive posted successfully
I0317 11:11:05.027496    1186 libfabric_rail.cpp:320] Allocate on Rail 0 allocated control request XFER_ID=778 buffer_size=8192
I0317 11:11:05.027497    1186 libfabric_rail.cpp:997] Posting receive on endpoint=0x9f35750 buffer=0x7ef31abeb010 size=8192 context=0x9ed9240
I0317 11:11:05.027498    1186 libfabric_rail.cpp:1006] Receive posted successfully
I0317 11:11:05.027499    1186 libfabric_rail.cpp:320] Allocate on Rail 0 allocated control request XFER_ID=779 buffer_size=8192
I0317 11:11:05.027500    1186 libfabric_rail.cpp:997] Posting receive on endpoint=0x9f35750 buffer=0x7ef31abe9010 size=8192 context=0x9ed9190
I0317 11:11:05.027501    1186 libfabric_rail.cpp:1006] Receive posted successfully
I0317 11:11:05.027502    1186 libfabric_rail.cpp:320] Allocate on Rail 0 allocated control request XFER_ID=780 buffer_size=8192
I0317 11:11:05.027503    1186 libfabric_rail.cpp:997] Posting receive on endpoint=0x9f35750 buffer=0x7ef31abe7010 size=8192 context=0x9ed90e8
I0317 11:11:05.027504    1186 libfabric_rail.cpp:1006] Receive posted successfully
I0317 11:11:05.027505    1186 libfabric_rail.cpp:320] Allocate on Rail 0 allocated control request XFER_ID=781 buffer_size=8192
I0317 11:11:05.027506    1186 libfabric_rail.cpp:997] Posting receive on endpoint=0x9f35750 buffer=0x7ef31abe5010 size=8192 context=0x9ed9040
I0317 11:11:05.027507    1186 libfabric_rail.cpp:1006] Receive posted successfully
I0317 11:11:05.027507    1186 libfabric_rail.cpp:320] Allocate on Rail 0 allocated control request XFER_ID=782 buffer_size=8192
I0317 11:11:05.027508    1186 libfabric_rail.cpp:997] Posting receive on endpoint=0x9f35750 buffer=0x7ef31abe3010 size=8192 context=0x9ed8f90
I0317 11:11:05.027509    1186 libfabric_rail.cpp:1006] Receive posted successfully
I0317 11:11:05.027510    1186 libfabric_rail.cpp:320] Allocate on Rail 0 allocated control request XFER_ID=783 buffer_size=8192
I0317 11:11:05.027511    1186 libfabric_rail.cpp:997] Posting receive on endpoint=0x9f35750 buffer=0x7ef31abe1010 size=8192 context=0x9ed8ee8
I0317 11:11:05.027512    1186 libfabric_rail.cpp:1006] Receive posted successfully
I0317 11:11:05.027513    1186 libfabric_rail.cpp:320] Allocate on Rail 0 allocated control request XFER_ID=784 buffer_size=8192
I0317 11:11:05.027514    1186 libfabric_rail.cpp:997] Posting receive on endpoint=0x9f35750 buffer=0x7ef31abdf010 size=8192 context=0x9ed8e40
I0317 11:11:05.027514    1186 libfabric_rail.cpp:1006] Receive posted successfully
I0317 11:11:05.027515    1186 libfabric_rail.cpp:320] Allocate on Rail 0 allocated control request XFER_ID=785 buffer_size=8192
I0317 11:11:05.027516    1186 libfabric_rail.cpp:997] Posting receive on endpoint=0x9f35750 buffer=0x7ef31abdd010 size=8192 context=0x9ed8d90
I0317 11:11:05.027517    1186 libfabric_rail.cpp:1006] Receive posted successfully
I0317 11:11:05.027517    1186 libfabric_rail.cpp:320] Allocate on Rail 0 allocated control request XFER_ID=786 buffer_size=8192
I0317 11:11:05.027518    1186 libfabric_rail.cpp:997] Posting receive on endpoint=0x9f35750 buffer=0x7ef31abdb010 size=8192 context=0x9ed8ce8
I0317 11:11:05.027522    1186 libfabric_rail.cpp:1006] Receive posted successfully
I0317 11:11:05.027522    1186 libfabric_rail.cpp:320] Allocate on Rail 0 allocated control request XFER_ID=787 buffer_size=8192
I0317 11:11:05.027523    1186 libfabric_rail.cpp:997] Posting receive on endpoint=0x9f35750 buffer=0x7ef31abd9010 size=8192 context=0x9ed8c40
I0317 11:11:05.027524    1186 libfabric_rail.cpp:1006] Receive posted successfully
I0317 11:11:05.027524    1186 libfabric_rail.cpp:320] Allocate on Rail 0 allocated control request XFER_ID=788 buffer_size=8192
I0317 11:11:05.027525    1186 libfabric_rail.cpp:997] Posting receive on endpoint=0x9f35750 buffer=0x7ef31abd7010 size=8192 context=0x9ed8b90
I0317 11:11:05.027526    1186 libfabric_rail.cpp:1006] Receive posted successfully
I0317 11:11:05.027526    1186 libfabric_rail.cpp:320] Allocate on Rail 0 allocated control request XFER_ID=789 buffer_size=8192
I0317 11:11:05.027527    1186 libfabric_rail.cpp:997] Posting receive on endpoint=0x9f35750 buffer=0x7ef31abd5010 size=8192 context=0x9ed8ae8
I0317 11:11:05.027528    1186 libfabric_rail.cpp:1006] Receive posted successfully
I0317 11:11:05.027529    1186 libfabric_rail.cpp:320] Allocate on Rail 0 allocated control request XFER_ID=790 buffer_size=8192
I0317 11:11:05.027529    1186 libfabric_rail.cpp:997] Posting receive on endpoint=0x9f35750 buffer=0x7ef31abd3010 size=8192 context=0x9ed8a40
I0317 11:11:05.027530    1186 libfabric_rail.cpp:1006] Receive posted successfully
I0317 11:11:05.027531    1186 libfabric_rail.cpp:320] Allocate on Rail 0 allocated control request XFER_ID=791 buffer_size=8192
I0317 11:11:05.027531    1186 libfabric_rail.cpp:997] Posting receive on endpoint=0x9f35750 buffer=0x7ef31abd1010 size=8192 context=0x9ed8990
I0317 11:11:05.027532    1186 libfabric_rail.cpp:1006] Receive posted successfully
I0317 11:11:05.027533    1186 libfabric_rail.cpp:320] Allocate on Rail 0 allocated control request XFER_ID=792 buffer_size=8192
I0317 11:11:05.027533    1186 libfabric_rail.cpp:997] Posting receive on endpoint=0x9f35750 buffer=0x7ef31abcf010 size=8192 context=0x9ed88e8
I0317 11:11:05.027534    1186 libfabric_rail.cpp:1006] Receive posted successfully
I0317 11:11:05.027535    1186 libfabric_rail.cpp:320] Allocate on Rail 0 allocated control request XFER_ID=793 buffer_size=8192
I0317 11:11:05.027535    1186 libfabric_rail.cpp:997] Posting receive on endpoint=0x9f35750 buffer=0x7ef31abcd010 size=8192 context=0x9ed8840
I0317 11:11:05.027536    1186 libfabric_rail.cpp:1006] Receive posted successfully
I0317 11:11:05.027537    1186 libfabric_rail.cpp:320] Allocate on Rail 0 allocated control request XFER_ID=794 buffer_size=8192
I0317 11:11:05.027538    1186 libfabric_rail.cpp:997] Posting receive on endpoint=0x9f35750 buffer=0x7ef31abcb010 size=8192 context=0x9ed8790
I0317 11:11:05.027538    1186 libfabric_rail.cpp:1006] Receive posted successfully
I0317 11:11:05.027539    1186 libfabric_rail.cpp:320] Allocate on Rail 0 allocated control request XFER_ID=795 buffer_size=8192
I0317 11:11:05.027540    1186 libfabric_rail.cpp:997] Posting receive on endpoint=0x9f35750 buffer=0x7ef31abc9010 size=8192 context=0x9ed86e8
I0317 11:11:05.027541    1186 libfabric_rail.cpp:1006] Receive posted successfully
I0317 11:11:05.027542    1186 libfabric_rail.cpp:320] Allocate on Rail 0 allocated control request XFER_ID=796 buffer_size=8192
I0317 11:11:05.027543    1186 libfabric_rail.cpp:997] Posting receive on endpoint=0x9f35750 buffer=0x7ef31abc7010 size=8192 context=0x9ed8640
I0317 11:11:05.027544    1186 libfabric_rail.cpp:1006] Receive posted successfully
I0317 11:11:05.027545    1186 libfabric_rail.cpp:320] Allocate on Rail 0 allocated control request XFER_ID=797 buffer_size=8192
I0317 11:11:05.027546    1186 libfabric_rail.cpp:997] Posting receive on endpoint=0x9f35750 buffer=0x7ef31abc5010 size=8192 context=0x9ed8590
I0317 11:11:05.027547    1186 libfabric_rail.cpp:1006] Receive posted successfully
I0317 11:11:05.027547    1186 libfabric_rail.cpp:320] Allocate on Rail 0 allocated control request XFER_ID=798 buffer_size=8192
I0317 11:11:05.027548    1186 libfabric_rail.cpp:997] Posting receive on endpoint=0x9f35750 buffer=0x7ef31abc3010 size=8192 context=0x9ed84e8
I0317 11:11:05.027549    1186 libfabric_rail.cpp:1006] Receive posted successfully
I0317 11:11:05.027550    1186 libfabric_rail.cpp:320] Allocate on Rail 0 allocated control request XFER_ID=799 buffer_size=8192
I0317 11:11:05.027551    1186 libfabric_rail.cpp:997] Posting receive on endpoint=0x9f35750 buffer=0x7ef31abc1010 size=8192 context=0x9ed8440
I0317 11:11:05.027552    1186 libfabric_rail.cpp:1006] Receive posted successfully
I0317 11:11:05.027553    1186 libfabric_rail.cpp:320] Allocate on Rail 0 allocated control request XFER_ID=800 buffer_size=8192
I0317 11:11:05.027554    1186 libfabric_rail.cpp:997] Posting receive on endpoint=0x9f35750 buffer=0x7ef31abbf010 size=8192 context=0x9ed8390
I0317 11:11:05.027555    1186 libfabric_rail.cpp:1006] Receive posted successfully
I0317 11:11:05.027555    1186 libfabric_rail.cpp:320] Allocate on Rail 0 allocated control request XFER_ID=801 buffer_size=8192
I0317 11:11:05.027556    1186 libfabric_rail.cpp:997] Posting receive on endpoint=0x9f35750 buffer=0x7ef31abbd010 size=8192 context=0x9ed82e8
I0317 11:11:05.027557    1186 libfabric_rail.cpp:1006] Receive posted successfully
I0317 11:11:05.027558    1186 libfabric_rail.cpp:320] Allocate on Rail 0 allocated control request XFER_ID=802 buffer_size=8192
I0317 11:11:05.027559    1186 libfabric_rail.cpp:997] Posting receive on endpoint=0x9f35750 buffer=0x7ef31abbb010 size=8192 context=0x9ed8240
I0317 11:11:05.027560    1186 libfabric_rail.cpp:1006] Receive posted successfully
I0317 11:11:05.027561    1186 libfabric_rail.cpp:320] Allocate on Rail 0 allocated control request XFER_ID=803 buffer_size=8192
I0317 11:11:05.027562    1186 libfabric_rail.cpp:997] Posting receive on endpoint=0x9f35750 buffer=0x7ef31abb9010 size=8192 context=0x9ed8190
I0317 11:11:05.027563    1186 libfabric_rail.cpp:1006] Receive posted successfully
I0317 11:11:05.027564    1186 libfabric_rail.cpp:320] Allocate on Rail 0 allocated control request XFER_ID=804 buffer_size=8192
I0317 11:11:05.027564    1186 libfabric_rail.cpp:997] Posting receive on endpoint=0x9f35750 buffer=0x7ef31abb7010 size=8192 context=0x9ed80e8
I0317 11:11:05.027568    1186 libfabric_rail.cpp:1006] Receive posted successfully
I0317 11:11:05.027569    1186 libfabric_rail.cpp:320] Allocate on Rail 0 allocated control request XFER_ID=805 buffer_size=8192
I0317 11:11:05.027570    1186 libfabric_rail.cpp:997] Posting receive on endpoint=0x9f35750 buffer=0x7ef31abb5010 size=8192 context=0x9ed8040
I0317 11:11:05.027571    1186 libfabric_rail.cpp:1006] Receive posted successfully
I0317 11:11:05.027572    1186 libfabric_rail.cpp:320] Allocate on Rail 0 allocated control request XFER_ID=806 buffer_size=8192
I0317 11:11:05.027572    1186 libfabric_rail.cpp:997] Posting receive on endpoint=0x9f35750 buffer=0x7ef31abb3010 size=8192 context=0x9ed7f90
I0317 11:11:05.027573    1186 libfabric_rail.cpp:1006] Receive posted successfully
I0317 11:11:05.027574    1186 libfabric_rail.cpp:320] Allocate on Rail 0 allocated control request XFER_ID=807 buffer_size=8192
I0317 11:11:05.027575    1186 libfabric_rail.cpp:997] Posting receive on endpoint=0x9f35750 buffer=0x7ef31abb1010 size=8192 context=0x9ed7ee8
I0317 11:11:05.027576    1186 libfabric_rail.cpp:1006] Receive posted successfully
I0317 11:11:05.027577    1186 libfabric_rail.cpp:320] Allocate on Rail 0 allocated control request XFER_ID=808 buffer_size=8192
I0317 11:11:05.027578    1186 libfabric_rail.cpp:997] Posting receive on endpoint=0x9f35750 buffer=0x7ef31abaf010 size=8192 context=0x9ed7e40
I0317 11:11:05.027579    1186 libfabric_rail.cpp:1006] Receive posted successfully
I0317 11:11:05.027580    1186 libfabric_rail.cpp:320] Allocate on Rail 0 allocated control request XFER_ID=809 buffer_size=8192
I0317 11:11:05.027581    1186 libfabric_rail.cpp:997] Posting receive on endpoint=0x9f35750 buffer=0x7ef31abad010 size=8192 context=0x9ed7d90
I0317 11:11:05.027582    1186 libfabric_rail.cpp:1006] Receive posted successfully
I0317 11:11:05.027582    1186 libfabric_rail.cpp:320] Allocate on Rail 0 allocated control request XFER_ID=810 buffer_size=8192
I0317 11:11:05.027583    1186 libfabric_rail.cpp:997] Posting receive on endpoint=0x9f35750 buffer=0x7ef31abab010 size=8192 context=0x9ed7ce8
I0317 11:11:05.027584    1186 libfabric_rail.cpp:1006] Receive posted successfully
I0317 11:11:05.027585    1186 libfabric_rail.cpp:320] Allocate on Rail 0 allocated control request XFER_ID=811 buffer_size=8192
I0317 11:11:05.027586    1186 libfabric_rail.cpp:997] Posting receive on endpoint=0x9f35750 buffer=0x7ef31aba9010 size=8192 context=0x9ed7c40
I0317 11:11:05.027587    1186 libfabric_rail.cpp:1006] Receive posted successfully
I0317 11:11:05.027588    1186 libfabric_rail.cpp:320] Allocate on Rail 0 allocated control request XFER_ID=812 buffer_size=8192
I0317 11:11:05.027589    1186 libfabric_rail.cpp:997] Posting receive on endpoint=0x9f35750 buffer=0x7ef31aba7010 size=8192 context=0x9ed7b90
I0317 11:11:05.027590    1186 libfabric_rail.cpp:1006] Receive posted successfully
I0317 11:11:05.027590    1186 libfabric_rail.cpp:320] Allocate on Rail 0 allocated control request XFER_ID=813 buffer_size=8192
I0317 11:11:05.027591    1186 libfabric_rail.cpp:997] Posting receive on endpoint=0x9f35750 buffer=0x7ef31aba5010 size=8192 context=0x9ed7ae8
I0317 11:11:05.027592    1186 libfabric_rail.cpp:1006] Receive posted successfully
I0317 11:11:05.027593    1186 libfabric_rail.cpp:320] Allocate on Rail 0 allocated control request XFER_ID=814 buffer_size=8192
I0317 11:11:05.027594    1186 libfabric_rail.cpp:997] Posting receive on endpoint=0x9f35750 buffer=0x7ef31aba3010 size=8192 context=0x9ed7a40
I0317 11:11:05.027595    1186 libfabric_rail.cpp:1006] Receive posted successfully
I0317 11:11:05.027596    1186 libfabric_rail.cpp:320] Allocate on Rail 0 allocated control request XFER_ID=815 buffer_size=8192
I0317 11:11:05.027597    1186 libfabric_rail.cpp:997] Posting receive on endpoint=0x9f35750 buffer=0x7ef31aba1010 size=8192 context=0x9ed7990
I0317 11:11:05.027598    1186 libfabric_rail.cpp:1006] Receive posted successfully
I0317 11:11:05.027599    1186 libfabric_rail.cpp:320] Allocate on Rail 0 allocated control request XFER_ID=816 buffer_size=8192
I0317 11:11:05.027599    1186 libfabric_rail.cpp:997] Posting receive on endpoint=0x9f35750 buffer=0x7ef31ab9f010 size=8192 context=0x9ed78e8
I0317 11:11:05.027600    1186 libfabric_rail.cpp:1006] Receive posted successfully
I0317 11:11:05.027601    1186 libfabric_rail.cpp:320] Allocate on Rail 0 allocated control request XFER_ID=817 buffer_size=8192
I0317 11:11:05.027602    1186 libfabric_rail.cpp:997] Posting receive on endpoint=0x9f35750 buffer=0x7ef31ab9d010 size=8192 context=0x9ed7840
I0317 11:11:05.027602    1186 libfabric_rail.cpp:1006] Receive posted successfully
I0317 11:11:05.027603    1186 libfabric_rail.cpp:320] Allocate on Rail 0 allocated control request XFER_ID=818 buffer_size=8192
I0317 11:11:05.027604    1186 libfabric_rail.cpp:997] Posting receive on endpoint=0x9f35750 buffer=0x7ef31ab9b010 size=8192 context=0x9ed7790
I0317 11:11:05.027604    1186 libfabric_rail.cpp:1006] Receive posted successfully
I0317 11:11:05.027605    1186 libfabric_rail.cpp:320] Allocate on Rail 0 allocated control request XFER_ID=819 buffer_size=8192
I0317 11:11:05.027606    1186 libfabric_rail.cpp:997] Posting receive on endpoint=0x9f35750 buffer=0x7ef31ab99010 size=8192 context=0x9ed76e8
I0317 11:11:05.027607    1186 libfabric_rail.cpp:1006] Receive posted successfully
I0317 11:11:05.027607    1186 libfabric_rail.cpp:320] Allocate on Rail 0 allocated control request XFER_ID=820 buffer_size=8192
I0317 11:11:05.027608    1186 libfabric_rail.cpp:997] Posting receive on endpoint=0x9f35750 buffer=0x7ef31ab97010 size=8192 context=0x9ed7640
I0317 11:11:05.027609    1186 libfabric_rail.cpp:1006] Receive posted successfully
I0317 11:11:05.027609    1186 libfabric_rail.cpp:320] Allocate on Rail 0 allocated control request XFER_ID=821 buffer_size=8192
I0317 11:11:05.027610    1186 libfabric_rail.cpp:997] Posting receive on endpoint=0x9f35750 buffer=0x7ef31ab95010 size=8192 context=0x9ed7590
I0317 11:11:05.027611    1186 libfabric_rail.cpp:1006] Receive posted successfully
I0317 11:11:05.027611    1186 libfabric_rail.cpp:320] Allocate on Rail 0 allocated control request XFER_ID=822 buffer_size=8192
I0317 11:11:05.027612    1186 libfabric_rail.cpp:997] Posting receive on endpoint=0x9f35750 buffer=0x7ef31ab93010 size=8192 context=0x9ed74e8
I0317 11:11:05.027613    1186 libfabric_rail.cpp:1006] Receive posted successfully
I0317 11:11:05.027614    1186 libfabric_rail.cpp:320] Allocate on Rail 0 allocated control request XFER_ID=823 buffer_size=8192
I0317 11:11:05.027614    1186 libfabric_rail.cpp:997] Posting receive on endpoint=0x9f35750 buffer=0x7ef31ab91010 size=8192 context=0x9ed7440
I0317 11:11:05.027615    1186 libfabric_rail.cpp:1006] Receive posted successfully
I0317 11:11:05.027616    1186 libfabric_rail.cpp:320] Allocate on Rail 0 allocated control request XFER_ID=824 buffer_size=8192
I0317 11:11:05.027616    1186 libfabric_rail.cpp:997] Posting receive on endpoint=0x9f35750 buffer=0x7ef31ab8f010 size=8192 context=0x9ed7390
I0317 11:11:05.027617    1186 libfabric_rail.cpp:1006] Receive posted successfully
I0317 11:11:05.027618    1186 libfabric_rail.cpp:320] Allocate on Rail 0 allocated control request XFER_ID=825 buffer_size=8192
I0317 11:11:05.027619    1186 libfabric_rail.cpp:997] Posting receive on endpoint=0x9f35750 buffer=0x7ef31ab8d010 size=8192 context=0x9ed72e8
I0317 11:11:05.027619    1186 libfabric_rail.cpp:1006] Receive posted successfully
I0317 11:11:05.027620    1186 libfabric_rail.cpp:320] Allocate on Rail 0 allocated control request XFER_ID=826 buffer_size=8192
I0317 11:11:05.027621    1186 libfabric_rail.cpp:997] Posting receive on endpoint=0x9f35750 buffer=0x7ef31ab8b010 size=8192 context=0x9ed7240
I0317 11:11:05.027621    1186 libfabric_rail.cpp:1006] Receive posted successfully
I0317 11:11:05.027622    1186 libfabric_rail.cpp:320] Allocate on Rail 0 allocated control request XFER_ID=827 buffer_size=8192
I0317 11:11:05.027625    1186 libfabric_rail.cpp:997] Posting receive on endpoint=0x9f35750 buffer=0x7ef31ab89010 size=8192 context=0x9ed7190
I0317 11:11:05.027626    1186 libfabric_rail.cpp:1006] Receive posted successfully
I0317 11:11:05.027627    1186 libfabric_rail.cpp:320] Allocate on Rail 0 allocated control request XFER_ID=828 buffer_size=8192
I0317 11:11:05.027628    1186 libfabric_rail.cpp:997] Posting receive on endpoint=0x9f35750 buffer=0x7ef31ab87010 size=8192 context=0x9ed70e8
I0317 11:11:05.027629    1186 libfabric_rail.cpp:1006] Receive posted successfully
I0317 11:11:05.027630    1186 libfabric_rail.cpp:320] Allocate on Rail 0 allocated control request XFER_ID=829 buffer_size=8192
I0317 11:11:05.027631    1186 libfabric_rail.cpp:997] Posting receive on endpoint=0x9f35750 buffer=0x7ef31ab85010 size=8192 context=0x9ed7040
I0317 11:11:05.027632    1186 libfabric_rail.cpp:1006] Receive posted successfully
I0317 11:11:05.027632    1186 libfabric_rail.cpp:320] Allocate on Rail 0 allocated control request XFER_ID=830 buffer_size=8192
I0317 11:11:05.027633    1186 libfabric_rail.cpp:997] Posting receive on endpoint=0x9f35750 buffer=0x7ef31ab83010 size=8192 context=0x9ed6f90
I0317 11:11:05.027634    1186 libfabric_rail.cpp:1006] Receive posted successfully
I0317 11:11:05.027635    1186 libfabric_rail.cpp:320] Allocate on Rail 0 allocated control request XFER_ID=831 buffer_size=8192
I0317 11:11:05.027636    1186 libfabric_rail.cpp:997] Posting receive on endpoint=0x9f35750 buffer=0x7ef31ab81010 size=8192 context=0x9ed6ee8
I0317 11:11:05.027637    1186 libfabric_rail.cpp:1006] Receive posted successfully
I0317 11:11:05.027638    1186 libfabric_rail.cpp:320] Allocate on Rail 0 allocated control request XFER_ID=832 buffer_size=8192
I0317 11:11:05.027639    1186 libfabric_rail.cpp:997] Posting receive on endpoint=0x9f35750 buffer=0x7ef31ab7f010 size=8192 context=0x9ed6e40
I0317 11:11:05.027640    1186 libfabric_rail.cpp:1006] Receive posted successfully
I0317 11:11:05.027640    1186 libfabric_rail.cpp:320] Allocate on Rail 0 allocated control request XFER_ID=833 buffer_size=8192
I0317 11:11:05.027641    1186 libfabric_rail.cpp:997] Posting receive on endpoint=0x9f35750 buffer=0x7ef31ab7d010 size=8192 context=0x9ed6d90
I0317 11:11:05.027642    1186 libfabric_rail.cpp:1006] Receive posted successfully
I0317 11:11:05.027643    1186 libfabric_rail.cpp:320] Allocate on Rail 0 allocated control request XFER_ID=834 buffer_size=8192
I0317 11:11:05.027644    1186 libfabric_rail.cpp:997] Posting receive on endpoint=0x9f35750 buffer=0x7ef31ab7b010 size=8192 context=0x9ed6ce8
I0317 11:11:05.027645    1186 libfabric_rail.cpp:1006] Receive posted successfully
I0317 11:11:05.027646    1186 libfabric_rail.cpp:320] Allocate on Rail 0 allocated control request XFER_ID=835 buffer_size=8192
I0317 11:11:05.027646    1186 libfabric_rail.cpp:997] Posting receive on endpoint=0x9f35750 buffer=0x7ef31ab79010 size=8192 context=0x9ed6c40
I0317 11:11:05.027647    1186 libfabric_rail.cpp:1006] Receive posted successfully
I0317 11:11:05.027648    1186 libfabric_rail.cpp:320] Allocate on Rail 0 allocated control request XFER_ID=836 buffer_size=8192
I0317 11:11:05.027649    1186 libfabric_rail.cpp:997] Posting receive on endpoint=0x9f35750 buffer=0x7ef31ab77010 size=8192 context=0x9ed6b90
I0317 11:11:05.027650    1186 libfabric_rail.cpp:1006] Receive posted successfully
I0317 11:11:05.027651    1186 libfabric_rail.cpp:320] Allocate on Rail 0 allocated control request XFER_ID=837 buffer_size=8192
I0317 11:11:05.027652    1186 libfabric_rail.cpp:997] Posting receive on endpoint=0x9f35750 buffer=0x7ef31ab75010 size=8192 context=0x9ed6ae8
I0317 11:11:05.027653    1186 libfabric_rail.cpp:1006] Receive posted successfully
I0317 11:11:05.027654    1186 libfabric_rail.cpp:320] Allocate on Rail 0 allocated control request XFER_ID=838 buffer_size=8192
I0317 11:11:05.027654    1186 libfabric_rail.cpp:997] Posting receive on endpoint=0x9f35750 buffer=0x7ef31ab73010 size=8192 context=0x9ed6a40
I0317 11:11:05.027656    1186 libfabric_rail.cpp:1006] Receive posted successfully
I0317 11:11:05.027656    1186 libfabric_rail.cpp:320] Allocate on Rail 0 allocated control request XFER_ID=839 buffer_size=8192
I0317 11:11:05.027657    1186 libfabric_rail.cpp:997] Posting receive on endpoint=0x9f35750 buffer=0x7ef31ab71010 size=8192 context=0x9ed6990
I0317 11:11:05.027658    1186 libfabric_rail.cpp:1006] Receive posted successfully
I0317 11:11:05.027658    1186 libfabric_rail.cpp:320] Allocate on Rail 0 allocated control request XFER_ID=840 buffer_size=8192
I0317 11:11:05.027659    1186 libfabric_rail.cpp:997] Posting receive on endpoint=0x9f35750 buffer=0x7ef31ab6f010 size=8192 context=0x9ed68e8
I0317 11:11:05.027660    1186 libfabric_rail.cpp:1006] Receive posted successfully
I0317 11:11:05.027661    1186 libfabric_rail.cpp:320] Allocate on Rail 0 allocated control request XFER_ID=841 buffer_size=8192
I0317 11:11:05.027661    1186 libfabric_rail.cpp:997] Posting receive on endpoint=0x9f35750 buffer=0x7ef31ab6d010 size=8192 context=0x9ed6840
I0317 11:11:05.027662    1186 libfabric_rail.cpp:1006] Receive posted successfully
I0317 11:11:05.027663    1186 libfabric_rail.cpp:320] Allocate on Rail 0 allocated control request XFER_ID=842 buffer_size=8192
I0317 11:11:05.027663    1186 libfabric_rail.cpp:997] Posting receive on endpoint=0x9f35750 buffer=0x7ef31ab6b010 size=8192 context=0x9ed6790
I0317 11:11:05.027664    1186 libfabric_rail.cpp:1006] Receive posted successfully
I0317 11:11:05.027665    1186 libfabric_rail.cpp:320] Allocate on Rail 0 allocated control request XFER_ID=843 buffer_size=8192
I0317 11:11:05.027665    1186 libfabric_rail.cpp:997] Posting receive on endpoint=0x9f35750 buffer=0x7ef31ab69010 size=8192 context=0x9ed66e8
I0317 11:11:05.027666    1186 libfabric_rail.cpp:1006] Receive posted successfully
I0317 11:11:05.027667    1186 libfabric_rail.cpp:320] Allocate on Rail 0 allocated control request XFER_ID=844 buffer_size=8192
I0317 11:11:05.027668    1186 libfabric_rail.cpp:997] Posting receive on endpoint=0x9f35750 buffer=0x7ef31ab67010 size=8192 context=0x9ed6640
I0317 11:11:05.027668    1186 libfabric_rail.cpp:1006] Receive posted successfully
I0317 11:11:05.027669    1186 libfabric_rail.cpp:320] Allocate on Rail 0 allocated control request XFER_ID=845 buffer_size=8192
I0317 11:11:05.027670    1186 libfabric_rail.cpp:997] Posting receive on endpoint=0x9f35750 buffer=0x7ef31ab65010 size=8192 context=0x9ed6590
I0317 11:11:05.027671    1186 libfabric_rail.cpp:1006] Receive posted successfully
I0317 11:11:05.027671    1186 libfabric_rail.cpp:320] Allocate on Rail 0 allocated control request XFER_ID=846 buffer_size=8192
I0317 11:11:05.027672    1186 libfabric_rail.cpp:997] Posting receive on endpoint=0x9f35750 buffer=0x7ef31ab63010 size=8192 context=0x9ed64e8
I0317 11:11:05.027673    1186 libfabric_rail.cpp:1006] Receive posted successfully
I0317 11:11:05.027673    1186 libfabric_rail.cpp:320] Allocate on Rail 0 allocated control request XFER_ID=847 buffer_size=8192
I0317 11:11:05.027674    1186 libfabric_rail.cpp:997] Posting receive on endpoint=0x9f35750 buffer=0x7ef31ab61010 size=8192 context=0x9ed6440
I0317 11:11:05.027675    1186 libfabric_rail.cpp:1006] Receive posted successfully
I0317 11:11:05.027675    1186 libfabric_rail.cpp:320] Allocate on Rail 0 allocated control request XFER_ID=848 buffer_size=8192
I0317 11:11:05.027676    1186 libfabric_rail.cpp:997] Posting receive on endpoint=0x9f35750 buffer=0x7ef31ab5f010 size=8192 context=0x9ed6390
I0317 11:11:05.027677    1186 libfabric_rail.cpp:1006] Receive posted successfully
I0317 11:11:05.027677    1186 libfabric_rail.cpp:320] Allocate on Rail 0 allocated control request XFER_ID=849 buffer_size=8192
I0317 11:11:05.027678    1186 libfabric_rail.cpp:997] Posting receive on endpoint=0x9f35750 buffer=0x7ef31ab5d010 size=8192 context=0x9ed62e8
I0317 11:11:05.027679    1186 libfabric_rail.cpp:1006] Receive posted successfully
I0317 11:11:05.027680    1186 libfabric_rail.cpp:320] Allocate on Rail 0 allocated control request XFER_ID=850 buffer_size=8192
I0317 11:11:05.027681    1186 libfabric_rail.cpp:997] Posting receive on endpoint=0x9f35750 buffer=0x7ef31ab5b010 size=8192 context=0x9ed6240
I0317 11:11:05.027681    1186 libfabric_rail.cpp:1006] Receive posted successfully
I0317 11:11:05.027682    1186 libfabric_rail.cpp:320] Allocate on Rail 0 allocated control request XFER_ID=851 buffer_size=8192
I0317 11:11:05.027683    1186 libfabric_rail.cpp:997] Posting receive on endpoint=0x9f35750 buffer=0x7ef31ab59010 size=8192 context=0x9ed6190
I0317 11:11:05.027684    1186 libfabric_rail.cpp:1006] Receive posted successfully
I0317 11:11:05.027684    1186 libfabric_rail.cpp:320] Allocate on Rail 0 allocated control request XFER_ID=852 buffer_size=8192
I0317 11:11:05.027685    1186 libfabric_rail.cpp:997] Posting receive on endpoint=0x9f35750 buffer=0x7ef31ab57010 size=8192 context=0x9ed60e8
I0317 11:11:05.027686    1186 libfabric_rail.cpp:1006] Receive posted successfully
I0317 11:11:05.027686    1186 libfabric_rail.cpp:320] Allocate on Rail 0 allocated control request XFER_ID=853 buffer_size=8192
I0317 11:11:05.027687    1186 libfabric_rail.cpp:997] Posting receive on endpoint=0x9f35750 buffer=0x7ef31ab55010 size=8192 context=0x9ed6040
I0317 11:11:05.027688    1186 libfabric_rail.cpp:1006] Receive posted successfully
I0317 11:11:05.027688    1186 libfabric_rail.cpp:320] Allocate on Rail 0 allocated control request XFER_ID=854 buffer_size=8192
I0317 11:11:05.027689    1186 libfabric_rail.cpp:997] Posting receive on endpoint=0x9f35750 buffer=0x7ef31ab53010 size=8192 context=0x9ed5f90
I0317 11:11:05.027690    1186 libfabric_rail.cpp:1006] Receive posted successfully
I0317 11:11:05.027690    1186 libfabric_rail.cpp:320] Allocate on Rail 0 allocated control request XFER_ID=855 buffer_size=8192
I0317 11:11:05.027691    1186 libfabric_rail.cpp:997] Posting receive on endpoint=0x9f35750 buffer=0x7ef31ab51010 size=8192 context=0x9ed5ee8
I0317 11:11:05.027692    1186 libfabric_rail.cpp:1006] Receive posted successfully
I0317 11:11:05.027693    1186 libfabric_rail.cpp:320] Allocate on Rail 0 allocated control request XFER_ID=856 buffer_size=8192
I0317 11:11:05.027693    1186 libfabric_rail.cpp:997] Posting receive on endpoint=0x9f35750 buffer=0x7ef31ab4f010 size=8192 context=0x9ed5e40
I0317 11:11:05.027694    1186 libfabric_rail.cpp:1006] Receive posted successfully
I0317 11:11:05.027695    1186 libfabric_rail.cpp:320] Allocate on Rail 0 allocated control request XFER_ID=857 buffer_size=8192
I0317 11:11:05.027695    1186 libfabric_rail.cpp:997] Posting receive on endpoint=0x9f35750 buffer=0x7ef31ab4d010 size=8192 context=0x9ed5d90
I0317 11:11:05.027696    1186 libfabric_rail.cpp:1006] Receive posted successfully
I0317 11:11:05.027697    1186 libfabric_rail.cpp:320] Allocate on Rail 0 allocated control request XFER_ID=858 buffer_size=8192
I0317 11:11:05.027697    1186 libfabric_rail.cpp:997] Posting receive on endpoint=0x9f35750 buffer=0x7ef31ab4b010 size=8192 context=0x9ed5ce8
I0317 11:11:05.027698    1186 libfabric_rail.cpp:1006] Receive posted successfully
I0317 11:11:05.027699    1186 libfabric_rail.cpp:320] Allocate on Rail 0 allocated control request XFER_ID=859 buffer_size=8192
I0317 11:11:05.027700    1186 libfabric_rail.cpp:997] Posting receive on endpoint=0x9f35750 buffer=0x7ef31ab49010 size=8192 context=0x9ed5c40
I0317 11:11:05.027701    1186 libfabric_rail.cpp:1006] Receive posted successfully
I0317 11:11:05.027701    1186 libfabric_rail.cpp:320] Allocate on Rail 0 allocated control request XFER_ID=860 buffer_size=8192
I0317 11:11:05.027705    1186 libfabric_rail.cpp:997] Posting receive on endpoint=0x9f35750 buffer=0x7ef31ab47010 size=8192 context=0x9ed5b90
I0317 11:11:05.027706    1186 libfabric_rail.cpp:1006] Receive posted successfully
I0317 11:11:05.027706    1186 libfabric_rail.cpp:320] Allocate on Rail 0 allocated control request XFER_ID=861 buffer_size=8192
I0317 11:11:05.027707    1186 libfabric_rail.cpp:997] Posting receive on endpoint=0x9f35750 buffer=0x7ef31ab45010 size=8192 context=0x9ed5ae8
I0317 11:11:05.027708    1186 libfabric_rail.cpp:1006] Receive posted successfully
I0317 11:11:05.027709    1186 libfabric_rail.cpp:320] Allocate on Rail 0 allocated control request XFER_ID=862 buffer_size=8192
I0317 11:11:05.027710    1186 libfabric_rail.cpp:997] Posting receive on endpoint=0x9f35750 buffer=0x7ef31ab43010 size=8192 context=0x9ed5a40
I0317 11:11:05.027711    1186 libfabric_rail.cpp:1006] Receive posted successfully
I0317 11:11:05.027711    1186 libfabric_rail.cpp:320] Allocate on Rail 0 allocated control request XFER_ID=863 buffer_size=8192
I0317 11:11:05.027712    1186 libfabric_rail.cpp:997] Posting receive on endpoint=0x9f35750 buffer=0x7ef31ab41010 size=8192 context=0x9ed5990
I0317 11:11:05.027713    1186 libfabric_rail.cpp:1006] Receive posted successfully
I0317 11:11:05.027714    1186 libfabric_rail.cpp:320] Allocate on Rail 0 allocated control request XFER_ID=864 buffer_size=8192
I0317 11:11:05.027715    1186 libfabric_rail.cpp:997] Posting receive on endpoint=0x9f35750 buffer=0x7ef31ab3f010 size=8192 context=0x9ed58e8
I0317 11:11:05.027716    1186 libfabric_rail.cpp:1006] Receive posted successfully
I0317 11:11:05.027717    1186 libfabric_rail.cpp:320] Allocate on Rail 0 allocated control request XFER_ID=865 buffer_size=8192
I0317 11:11:05.027718    1186 libfabric_rail.cpp:997] Posting receive on endpoint=0x9f35750 buffer=0x7ef31ab3d010 size=8192 context=0x9ed5840
I0317 11:11:05.027719    1186 libfabric_rail.cpp:1006] Receive posted successfully
I0317 11:11:05.027720    1186 libfabric_rail.cpp:320] Allocate on Rail 0 allocated control request XFER_ID=866 buffer_size=8192
I0317 11:11:05.027721    1186 libfabric_rail.cpp:997] Posting receive on endpoint=0x9f35750 buffer=0x7ef31ab3b010 size=8192 context=0x9ed5790
I0317 11:11:05.027722    1186 libfabric_rail.cpp:1006] Receive posted successfully
I0317 11:11:05.027723    1186 libfabric_rail.cpp:320] Allocate on Rail 0 allocated control request XFER_ID=867 buffer_size=8192
I0317 11:11:05.027723    1186 libfabric_rail.cpp:997] Posting receive on endpoint=0x9f35750 buffer=0x7ef31ab39010 size=8192 context=0x9ed56e8
I0317 11:11:05.027724    1186 libfabric_rail.cpp:1006] Receive posted successfully
I0317 11:11:05.027725    1186 libfabric_rail.cpp:320] Allocate on Rail 0 allocated control request XFER_ID=868 buffer_size=8192
I0317 11:11:05.027726    1186 libfabric_rail.cpp:997] Posting receive on endpoint=0x9f35750 buffer=0x7ef31ab37010 size=8192 context=0x9ed5640
I0317 11:11:05.027727    1186 libfabric_rail.cpp:1006] Receive posted successfully
I0317 11:11:05.027728    1186 libfabric_rail.cpp:320] Allocate on Rail 0 allocated control request XFER_ID=869 buffer_size=8192
I0317 11:11:05.027729    1186 libfabric_rail.cpp:997] Posting receive on endpoint=0x9f35750 buffer=0x7ef31ab35010 size=8192 context=0x9ed5590
I0317 11:11:05.027730    1186 libfabric_rail.cpp:1006] Receive posted successfully
I0317 11:11:05.027731    1186 libfabric_rail.cpp:320] Allocate on Rail 0 allocated control request XFER_ID=870 buffer_size=8192
I0317 11:11:05.027732    1186 libfabric_rail.cpp:997] Posting receive on endpoint=0x9f35750 buffer=0x7ef31ab33010 size=8192 context=0x9ed54e8
I0317 11:11:05.027733    1186 libfabric_rail.cpp:1006] Receive posted successfully
I0317 11:11:05.027733    1186 libfabric_rail.cpp:320] Allocate on Rail 0 allocated control request XFER_ID=871 buffer_size=8192
I0317 11:11:05.027734    1186 libfabric_rail.cpp:997] Posting receive on endpoint=0x9f35750 buffer=0x7ef31ab31010 size=8192 context=0x9ed5440
I0317 11:11:05.027735    1186 libfabric_rail.cpp:1006] Receive posted successfully
I0317 11:11:05.027736    1186 libfabric_rail.cpp:320] Allocate on Rail 0 allocated control request XFER_ID=872 buffer_size=8192
I0317 11:11:05.027737    1186 libfabric_rail.cpp:997] Posting receive on endpoint=0x9f35750 buffer=0x7ef31ab2f010 size=8192 context=0x9ed5390
I0317 11:11:05.027738    1186 libfabric_rail.cpp:1006] Receive posted successfully
I0317 11:11:05.027739    1186 libfabric_rail.cpp:320] Allocate on Rail 0 allocated control request XFER_ID=873 buffer_size=8192
I0317 11:11:05.027740    1186 libfabric_rail.cpp:997] Posting receive on endpoint=0x9f35750 buffer=0x7ef31ab2d010 size=8192 context=0x9ed52e8
I0317 11:11:05.027741    1186 libfabric_rail.cpp:1006] Receive posted successfully
I0317 11:11:05.027741    1186 libfabric_rail.cpp:320] Allocate on Rail 0 allocated control request XFER_ID=874 buffer_size=8192
I0317 11:11:05.027742    1186 libfabric_rail.cpp:997] Posting receive on endpoint=0x9f35750 buffer=0x7ef31ab2b010 size=8192 context=0x9ed5240
I0317 11:11:05.027743    1186 libfabric_rail.cpp:1006] Receive posted successfully
I0317 11:11:05.027743    1186 libfabric_rail.cpp:320] Allocate on Rail 0 allocated control request XFER_ID=875 buffer_size=8192
I0317 11:11:05.027744    1186 libfabric_rail.cpp:997] Posting receive on endpoint=0x9f35750 buffer=0x7ef31ab29010 size=8192 context=0x9ed5190
I0317 11:11:05.027745    1186 libfabric_rail.cpp:1006] Receive posted successfully
I0317 11:11:05.027745    1186 libfabric_rail.cpp:320] Allocate on Rail 0 allocated control request XFER_ID=876 buffer_size=8192
I0317 11:11:05.027746    1186 libfabric_rail.cpp:997] Posting receive on endpoint=0x9f35750 buffer=0x7ef31ab27010 size=8192 context=0x9ed50e8
I0317 11:11:05.027747    1186 libfabric_rail.cpp:1006] Receive posted successfully
I0317 11:11:05.027748    1186 libfabric_rail.cpp:320] Allocate on Rail 0 allocated control request XFER_ID=877 buffer_size=8192
I0317 11:11:05.027748    1186 libfabric_rail.cpp:997] Posting receive on endpoint=0x9f35750 buffer=0x7ef31ab25010 size=8192 context=0x9ed5040
I0317 11:11:05.027749    1186 libfabric_rail.cpp:1006] Receive posted successfully
I0317 11:11:05.027750    1186 libfabric_rail.cpp:320] Allocate on Rail 0 allocated control request XFER_ID=878 buffer_size=8192
I0317 11:11:05.027750    1186 libfabric_rail.cpp:997] Posting receive on endpoint=0x9f35750 buffer=0x7ef31ab23010 size=8192 context=0x9ed4f90
I0317 11:11:05.027751    1186 libfabric_rail.cpp:1006] Receive posted successfully
I0317 11:11:05.027752    1186 libfabric_rail.cpp:320] Allocate on Rail 0 allocated control request XFER_ID=879 buffer_size=8192
I0317 11:11:05.027752    1186 libfabric_rail.cpp:997] Posting receive on endpoint=0x9f35750 buffer=0x7ef31ab21010 size=8192 context=0x9ed4ee8
I0317 11:11:05.027753    1186 libfabric_rail.cpp:1006] Receive posted successfully
I0317 11:11:05.027754    1186 libfabric_rail.cpp:320] Allocate on Rail 0 allocated control request XFER_ID=880 buffer_size=8192
I0317 11:11:05.027754    1186 libfabric_rail.cpp:997] Posting receive on endpoint=0x9f35750 buffer=0x7ef31ab1f010 size=8192 context=0x9ed4e40
I0317 11:11:05.027755    1186 libfabric_rail.cpp:1006] Receive posted successfully
I0317 11:11:05.027756    1186 libfabric_rail.cpp:320] Allocate on Rail 0 allocated control request XFER_ID=881 buffer_size=8192
I0317 11:11:05.027757    1186 libfabric_rail.cpp:997] Posting receive on endpoint=0x9f35750 buffer=0x7ef31ab1d010 size=8192 context=0x9ed4d90
I0317 11:11:05.027757    1186 libfabric_rail.cpp:1006] Receive posted successfully
I0317 11:11:05.027758    1186 libfabric_rail.cpp:320] Allocate on Rail 0 allocated control request XFER_ID=882 buffer_size=8192
I0317 11:11:05.027761    1186 libfabric_rail.cpp:997] Posting receive on endpoint=0x9f35750 buffer=0x7ef31ab1b010 size=8192 context=0x9ed4ce8
I0317 11:11:05.027762    1186 libfabric_rail.cpp:1006] Receive posted successfully
I0317 11:11:05.027763    1186 libfabric_rail.cpp:320] Allocate on Rail 0 allocated control request XFER_ID=883 buffer_size=8192
I0317 11:11:05.027764    1186 libfabric_rail.cpp:997] Posting receive on endpoint=0x9f35750 buffer=0x7ef31ab19010 size=8192 context=0x9ed4c40
I0317 11:11:05.027764    1186 libfabric_rail.cpp:1006] Receive posted successfully
I0317 11:11:05.027765    1186 libfabric_rail.cpp:320] Allocate on Rail 0 allocated control request XFER_ID=884 buffer_size=8192
I0317 11:11:05.027766    1186 libfabric_rail.cpp:997] Posting receive on endpoint=0x9f35750 buffer=0x7ef31ab17010 size=8192 context=0x9ed4b90
I0317 11:11:05.027767    1186 libfabric_rail.cpp:1006] Receive posted successfully
I0317 11:11:05.027767    1186 libfabric_rail.cpp:320] Allocate on Rail 0 allocated control request XFER_ID=885 buffer_size=8192
I0317 11:11:05.027768    1186 libfabric_rail.cpp:997] Posting receive on endpoint=0x9f35750 buffer=0x7ef31ab15010 size=8192 context=0x9ed4ae8
I0317 11:11:05.027769    1186 libfabric_rail.cpp:1006] Receive posted successfully
I0317 11:11:05.027770    1186 libfabric_rail.cpp:320] Allocate on Rail 0 allocated control request XFER_ID=886 buffer_size=8192
I0317 11:11:05.027771    1186 libfabric_rail.cpp:997] Posting receive on endpoint=0x9f35750 buffer=0x7ef31ab13010 size=8192 context=0x9ed4a40
I0317 11:11:05.027772    1186 libfabric_rail.cpp:1006] Receive posted successfully
I0317 11:11:05.027773    1186 libfabric_rail.cpp:320] Allocate on Rail 0 allocated control request XFER_ID=887 buffer_size=8192
I0317 11:11:05.027774    1186 libfabric_rail.cpp:997] Posting receive on endpoint=0x9f35750 buffer=0x7ef31ab11010 size=8192 context=0x9ed4990
I0317 11:11:05.027775    1186 libfabric_rail.cpp:1006] Receive posted successfully
I0317 11:11:05.027776    1186 libfabric_rail.cpp:320] Allocate on Rail 0 allocated control request XFER_ID=888 buffer_size=8192
I0317 11:11:05.027776    1186 libfabric_rail.cpp:997] Posting receive on endpoint=0x9f35750 buffer=0x7ef31ab0f010 size=8192 context=0x9ed48e8
I0317 11:11:05.027777    1186 libfabric_rail.cpp:1006] Receive posted successfully
I0317 11:11:05.027778    1186 libfabric_rail.cpp:320] Allocate on Rail 0 allocated control request XFER_ID=889 buffer_size=8192
I0317 11:11:05.027779    1186 libfabric_rail.cpp:997] Posting receive on endpoint=0x9f35750 buffer=0x7ef31ab0d010 size=8192 context=0x9ed4840
I0317 11:11:05.027780    1186 libfabric_rail.cpp:1006] Receive posted successfully
I0317 11:11:05.027781    1186 libfabric_rail.cpp:320] Allocate on Rail 0 allocated control request XFER_ID=890 buffer_size=8192
I0317 11:11:05.027782    1186 libfabric_rail.cpp:997] Posting receive on endpoint=0x9f35750 buffer=0x7ef31ab0b010 size=8192 context=0x9ed4790
I0317 11:11:05.027783    1186 libfabric_rail.cpp:1006] Receive posted successfully
I0317 11:11:05.027784    1186 libfabric_rail.cpp:320] Allocate on Rail 0 allocated control request XFER_ID=891 buffer_size=8192
I0317 11:11:05.027784    1186 libfabric_rail.cpp:997] Posting receive on endpoint=0x9f35750 buffer=0x7ef31ab09010 size=8192 context=0x9ed46e8
I0317 11:11:05.027786    1186 libfabric_rail.cpp:1006] Receive posted successfully
I0317 11:11:05.027786    1186 libfabric_rail.cpp:320] Allocate on Rail 0 allocated control request XFER_ID=892 buffer_size=8192
I0317 11:11:05.027787    1186 libfabric_rail.cpp:997] Posting receive on endpoint=0x9f35750 buffer=0x7ef31ab07010 size=8192 context=0x9ed4640
I0317 11:11:05.027788    1186 libfabric_rail.cpp:1006] Receive posted successfully
I0317 11:11:05.027789    1186 libfabric_rail.cpp:320] Allocate on Rail 0 allocated control request XFER_ID=893 buffer_size=8192
I0317 11:11:05.027790    1186 libfabric_rail.cpp:997] Posting receive on endpoint=0x9f35750 buffer=0x7ef31ab05010 size=8192 context=0x9ed4590
I0317 11:11:05.027791    1186 libfabric_rail.cpp:1006] Receive posted successfully
I0317 11:11:05.027792    1186 libfabric_rail.cpp:320] Allocate on Rail 0 allocated control request XFER_ID=894 buffer_size=8192
I0317 11:11:05.027793    1186 libfabric_rail.cpp:997] Posting receive on endpoint=0x9f35750 buffer=0x7ef31ab03010 size=8192 context=0x9ed44e8
I0317 11:11:05.027794    1186 libfabric_rail.cpp:1006] Receive posted successfully
I0317 11:11:05.027795    1186 libfabric_rail.cpp:320] Allocate on Rail 0 allocated control request XFER_ID=895 buffer_size=8192
I0317 11:11:05.027796    1186 libfabric_rail.cpp:997] Posting receive on endpoint=0x9f35750 buffer=0x7ef31ab01010 size=8192 context=0x9ed4440
I0317 11:11:05.027797    1186 libfabric_rail.cpp:1006] Receive posted successfully
I0317 11:11:05.027798    1186 libfabric_rail.cpp:320] Allocate on Rail 0 allocated control request XFER_ID=896 buffer_size=8192
I0317 11:11:05.027798    1186 libfabric_rail.cpp:997] Posting receive on endpoint=0x9f35750 buffer=0x7ef31aaff010 size=8192 context=0x9ed4390
I0317 11:11:05.027799    1186 libfabric_rail.cpp:1006] Receive posted successfully
I0317 11:11:05.027800    1186 libfabric_rail.cpp:320] Allocate on Rail 0 allocated control request XFER_ID=897 buffer_size=8192
I0317 11:11:05.027800    1186 libfabric_rail.cpp:997] Posting receive on endpoint=0x9f35750 buffer=0x7ef31aafd010 size=8192 context=0x9ed42e8
I0317 11:11:05.027801    1186 libfabric_rail.cpp:1006] Receive posted successfully
I0317 11:11:05.027802    1186 libfabric_rail.cpp:320] Allocate on Rail 0 allocated control request XFER_ID=898 buffer_size=8192
I0317 11:11:05.027803    1186 libfabric_rail.cpp:997] Posting receive on endpoint=0x9f35750 buffer=0x7ef31aafb010 size=8192 context=0x9ed4240
I0317 11:11:05.027803    1186 libfabric_rail.cpp:1006] Receive posted successfully
I0317 11:11:05.027804    1186 libfabric_rail.cpp:320] Allocate on Rail 0 allocated control request XFER_ID=899 buffer_size=8192
I0317 11:11:05.027805    1186 libfabric_rail.cpp:997] Posting receive on endpoint=0x9f35750 buffer=0x7ef31aaf9010 size=8192 context=0x9ed4190
I0317 11:11:05.027806    1186 libfabric_rail.cpp:1006] Receive posted successfully
I0317 11:11:05.027806    1186 libfabric_rail.cpp:320] Allocate on Rail 0 allocated control request XFER_ID=900 buffer_size=8192
I0317 11:11:05.027807    1186 libfabric_rail.cpp:997] Posting receive on endpoint=0x9f35750 buffer=0x7ef31aaf7010 size=8192 context=0x9ed40e8
I0317 11:11:05.027808    1186 libfabric_rail.cpp:1006] Receive posted successfully
I0317 11:11:05.027808    1186 libfabric_rail.cpp:320] Allocate on Rail 0 allocated control request XFER_ID=901 buffer_size=8192
I0317 11:11:05.027809    1186 libfabric_rail.cpp:997] Posting receive on endpoint=0x9f35750 buffer=0x7ef31aaf5010 size=8192 context=0x9ed4040
I0317 11:11:05.027810    1186 libfabric_rail.cpp:1006] Receive posted successfully
I0317 11:11:05.027810    1186 libfabric_rail.cpp:320] Allocate on Rail 0 allocated control request XFER_ID=902 buffer_size=8192
I0317 11:11:05.027811    1186 libfabric_rail.cpp:997] Posting receive on endpoint=0x9f35750 buffer=0x7ef31aaf3010 size=8192 context=0x9ed3f90
I0317 11:11:05.027812    1186 libfabric_rail.cpp:1006] Receive posted successfully
I0317 11:11:05.027812    1186 libfabric_rail.cpp:320] Allocate on Rail 0 allocated control request XFER_ID=903 buffer_size=8192
I0317 11:11:05.027813    1186 libfabric_rail.cpp:997] Posting receive on endpoint=0x9f35750 buffer=0x7ef31aaf1010 size=8192 context=0x9ed3ee8
I0317 11:11:05.027814    1186 libfabric_rail.cpp:1006] Receive posted successfully
I0317 11:11:05.027815    1186 libfabric_rail.cpp:320] Allocate on Rail 0 allocated control request XFER_ID=904 buffer_size=8192
I0317 11:11:05.027815    1186 libfabric_rail.cpp:997] Posting receive on endpoint=0x9f35750 buffer=0x7ef31aaef010 size=8192 context=0x9ed3e40
I0317 11:11:05.027816    1186 libfabric_rail.cpp:1006] Receive posted successfully
I0317 11:11:05.027817    1186 libfabric_rail.cpp:320] Allocate on Rail 0 allocated control request XFER_ID=905 buffer_size=8192
I0317 11:11:05.027817    1186 libfabric_rail.cpp:997] Posting receive on endpoint=0x9f35750 buffer=0x7ef31aaed010 size=8192 context=0x9ed3d90
I0317 11:11:05.027818    1186 libfabric_rail.cpp:1006] Receive posted successfully
I0317 11:11:05.027819    1186 libfabric_rail.cpp:320] Allocate on Rail 0 allocated control request XFER_ID=906 buffer_size=8192
I0317 11:11:05.027819    1186 libfabric_rail.cpp:997] Posting receive on endpoint=0x9f35750 buffer=0x7ef31aaeb010 size=8192 context=0x9ed3ce8
I0317 11:11:05.027820    1186 libfabric_rail.cpp:1006] Receive posted successfully
I0317 11:11:05.027821    1186 libfabric_rail.cpp:320] Allocate on Rail 0 allocated control request XFER_ID=907 buffer_size=8192
I0317 11:11:05.027822    1186 libfabric_rail.cpp:997] Posting receive on endpoint=0x9f35750 buffer=0x7ef31aae9010 size=8192 context=0x9ed3c40
I0317 11:11:05.027823    1186 libfabric_rail.cpp:1006] Receive posted successfully
I0317 11:11:05.027824    1186 libfabric_rail.cpp:320] Allocate on Rail 0 allocated control request XFER_ID=908 buffer_size=8192
I0317 11:11:05.027824    1186 libfabric_rail.cpp:997] Posting receive on endpoint=0x9f35750 buffer=0x7ef31aae7010 size=8192 context=0x9ed3b90
I0317 11:11:05.027825    1186 libfabric_rail.cpp:1006] Receive posted successfully
I0317 11:11:05.027826    1186 libfabric_rail.cpp:320] Allocate on Rail 0 allocated control request XFER_ID=909 buffer_size=8192
I0317 11:11:05.027826    1186 libfabric_rail.cpp:997] Posting receive on endpoint=0x9f35750 buffer=0x7ef31aae5010 size=8192 context=0x9ed3ae8
I0317 11:11:05.027827    1186 libfabric_rail.cpp:1006] Receive posted successfully
I0317 11:11:05.027828    1186 libfabric_rail.cpp:320] Allocate on Rail 0 allocated control request XFER_ID=910 buffer_size=8192
I0317 11:11:05.027829    1186 libfabric_rail.cpp:997] Posting receive on endpoint=0x9f35750 buffer=0x7ef31aae3010 size=8192 context=0x9ed3a40
I0317 11:11:05.027829    1186 libfabric_rail.cpp:1006] Receive posted successfully
I0317 11:11:05.027830    1186 libfabric_rail.cpp:320] Allocate on Rail 0 allocated control request XFER_ID=911 buffer_size=8192
I0317 11:11:05.027831    1186 libfabric_rail.cpp:997] Posting receive on endpoint=0x9f35750 buffer=0x7ef31aae1010 size=8192 context=0x9ed3990
I0317 11:11:05.027832    1186 libfabric_rail.cpp:1006] Receive posted successfully
I0317 11:11:05.027832    1186 libfabric_rail.cpp:320] Allocate on Rail 0 allocated control request XFER_ID=912 buffer_size=8192
I0317 11:11:05.027833    1186 libfabric_rail.cpp:997] Posting receive on endpoint=0x9f35750 buffer=0x7ef31aadf010 size=8192 context=0x9ed38e8
I0317 11:11:05.027834    1186 libfabric_rail.cpp:1006] Receive posted successfully
I0317 11:11:05.027834    1186 libfabric_rail.cpp:320] Allocate on Rail 0 allocated control request XFER_ID=913 buffer_size=8192
I0317 11:11:05.027835    1186 libfabric_rail.cpp:997] Posting receive on endpoint=0x9f35750 buffer=0x7ef31aadd010 size=8192 context=0x9ed3840
I0317 11:11:05.027836    1186 libfabric_rail.cpp:1006] Receive posted successfully
I0317 11:11:05.027836    1186 libfabric_rail.cpp:320] Allocate on Rail 0 allocated control request XFER_ID=914 buffer_size=8192
I0317 11:11:05.027837    1186 libfabric_rail.cpp:997] Posting receive on endpoint=0x9f35750 buffer=0x7ef31aadb010 size=8192 context=0x9ed3790
I0317 11:11:05.027838    1186 libfabric_rail.cpp:1006] Receive posted successfully
I0317 11:11:05.027839    1186 libfabric_rail.cpp:320] Allocate on Rail 0 allocated control request XFER_ID=915 buffer_size=8192
I0317 11:11:05.027839    1186 libfabric_rail.cpp:997] Posting receive on endpoint=0x9f35750 buffer=0x7ef31aad9010 size=8192 context=0x9ed36e8
I0317 11:11:05.027840    1186 libfabric_rail.cpp:1006] Receive posted successfully
I0317 11:11:05.027841    1186 libfabric_rail.cpp:320] Allocate on Rail 0 allocated control request XFER_ID=916 buffer_size=8192
I0317 11:11:05.027841    1186 libfabric_rail.cpp:997] Posting receive on endpoint=0x9f35750 buffer=0x7ef31aad7010 size=8192 context=0x9ed3640
I0317 11:11:05.027842    1186 libfabric_rail.cpp:1006] Receive posted successfully
I0317 11:11:05.027843    1186 libfabric_rail.cpp:320] Allocate on Rail 0 allocated control request XFER_ID=917 buffer_size=8192
I0317 11:11:05.027843    1186 libfabric_rail.cpp:997] Posting receive on endpoint=0x9f35750 buffer=0x7ef31aad5010 size=8192 context=0x9ed3590
I0317 11:11:05.027844    1186 libfabric_rail.cpp:1006] Receive posted successfully
I0317 11:11:05.027845    1186 libfabric_rail.cpp:320] Allocate on Rail 0 allocated control request XFER_ID=918 buffer_size=8192
I0317 11:11:05.027846    1186 libfabric_rail.cpp:997] Posting receive on endpoint=0x9f35750 buffer=0x7ef31aad3010 size=8192 context=0x9ed34e8
I0317 11:11:05.027849    1186 libfabric_rail.cpp:1006] Receive posted successfully
I0317 11:11:05.027850    1186 libfabric_rail.cpp:320] Allocate on Rail 0 allocated control request XFER_ID=919 buffer_size=8192
I0317 11:11:05.027850    1186 libfabric_rail.cpp:997] Posting receive on endpoint=0x9f35750 buffer=0x7ef31aad1010 size=8192 context=0x9ed3440
I0317 11:11:05.027851    1186 libfabric_rail.cpp:1006] Receive posted successfully
I0317 11:11:05.027852    1186 libfabric_rail.cpp:320] Allocate on Rail 0 allocated control request XFER_ID=920 buffer_size=8192
I0317 11:11:05.027853    1186 libfabric_rail.cpp:997] Posting receive on endpoint=0x9f35750 buffer=0x7ef31aacf010 size=8192 context=0x9ed3390
I0317 11:11:05.027854    1186 libfabric_rail.cpp:1006] Receive posted successfully
I0317 11:11:05.027855    1186 libfabric_rail.cpp:320] Allocate on Rail 0 allocated control request XFER_ID=921 buffer_size=8192
I0317 11:11:05.027856    1186 libfabric_rail.cpp:997] Posting receive on endpoint=0x9f35750 buffer=0x7ef31aacd010 size=8192 context=0x9ed32e8
I0317 11:11:05.027857    1186 libfabric_rail.cpp:1006] Receive posted successfully
I0317 11:11:05.027858    1186 libfabric_rail.cpp:320] Allocate on Rail 0 allocated control request XFER_ID=922 buffer_size=8192
I0317 11:11:05.027858    1186 libfabric_rail.cpp:997] Posting receive on endpoint=0x9f35750 buffer=0x7ef31aacb010 size=8192 context=0x9ed3240
I0317 11:11:05.027860    1186 libfabric_rail.cpp:1006] Receive posted successfully
I0317 11:11:05.027860    1186 libfabric_rail.cpp:320] Allocate on Rail 0 allocated control request XFER_ID=923 buffer_size=8192
I0317 11:11:05.027861    1186 libfabric_rail.cpp:997] Posting receive on endpoint=0x9f35750 buffer=0x7ef31aac9010 size=8192 context=0x9ed3190
I0317 11:11:05.027862    1186 libfabric_rail.cpp:1006] Receive posted successfully
I0317 11:11:05.027863    1186 libfabric_rail.cpp:320] Allocate on Rail 0 allocated control request XFER_ID=924 buffer_size=8192
I0317 11:11:05.027864    1186 libfabric_rail.cpp:997] Posting receive on endpoint=0x9f35750 buffer=0x7ef31aac7010 size=8192 context=0x9ed30e8
I0317 11:11:05.027865    1186 libfabric_rail.cpp:1006] Receive posted successfully
I0317 11:11:05.027866    1186 libfabric_rail.cpp:320] Allocate on Rail 0 allocated control request XFER_ID=925 buffer_size=8192
I0317 11:11:05.027867    1186 libfabric_rail.cpp:997] Posting receive on endpoint=0x9f35750 buffer=0x7ef31aac5010 size=8192 context=0x9ed3040
I0317 11:11:05.027868    1186 libfabric_rail.cpp:1006] Receive posted successfully
I0317 11:11:05.027868    1186 libfabric_rail.cpp:320] Allocate on Rail 0 allocated control request XFER_ID=926 buffer_size=8192
I0317 11:11:05.027869    1186 libfabric_rail.cpp:997] Posting receive on endpoint=0x9f35750 buffer=0x7ef31aac3010 size=8192 context=0x9ed2f90
I0317 11:11:05.027870    1186 libfabric_rail.cpp:1006] Receive posted successfully
I0317 11:11:05.027871    1186 libfabric_rail.cpp:320] Allocate on Rail 0 allocated control request XFER_ID=927 buffer_size=8192
I0317 11:11:05.027872    1186 libfabric_rail.cpp:997] Posting receive on endpoint=0x9f35750 buffer=0x7ef31aac1010 size=8192 context=0x9ed2ee8
I0317 11:11:05.027873    1186 libfabric_rail.cpp:1006] Receive posted successfully
I0317 11:11:05.027874    1186 libfabric_rail.cpp:320] Allocate on Rail 0 allocated control request XFER_ID=928 buffer_size=8192
I0317 11:11:05.027875    1186 libfabric_rail.cpp:997] Posting receive on endpoint=0x9f35750 buffer=0x7ef31aabf010 size=8192 context=0x9ed2e40
I0317 11:11:05.027876    1186 libfabric_rail.cpp:1006] Receive posted successfully
I0317 11:11:05.027877    1186 libfabric_rail.cpp:320] Allocate on Rail 0 allocated control request XFER_ID=929 buffer_size=8192
I0317 11:11:05.027877    1186 libfabric_rail.cpp:997] Posting receive on endpoint=0x9f35750 buffer=0x7ef31aabd010 size=8192 context=0x9ed2d90
I0317 11:11:05.027879    1186 libfabric_rail.cpp:1006] Receive posted successfully
I0317 11:11:05.027879    1186 libfabric_rail.cpp:320] Allocate on Rail 0 allocated control request XFER_ID=930 buffer_size=8192
I0317 11:11:05.027880    1186 libfabric_rail.cpp:997] Posting receive on endpoint=0x9f35750 buffer=0x7ef31aabb010 size=8192 context=0x9ed2ce8
I0317 11:11:05.027881    1186 libfabric_rail.cpp:1006] Receive posted successfully
I0317 11:11:05.027882    1186 libfabric_rail.cpp:320] Allocate on Rail 0 allocated control request XFER_ID=931 buffer_size=8192
I0317 11:11:05.027883    1186 libfabric_rail.cpp:997] Posting receive on endpoint=0x9f35750 buffer=0x7ef31aab9010 size=8192 context=0x9ed2c40
I0317 11:11:05.027884    1186 libfabric_rail.cpp:1006] Receive posted successfully
I0317 11:11:05.027884    1186 libfabric_rail.cpp:320] Allocate on Rail 0 allocated control request XFER_ID=932 buffer_size=8192
I0317 11:11:05.027885    1186 libfabric_rail.cpp:997] Posting receive on endpoint=0x9f35750 buffer=0x7ef31aab7010 size=8192 context=0x9ed2b90
I0317 11:11:05.027886    1186 libfabric_rail.cpp:1006] Receive posted successfully
I0317 11:11:05.027886    1186 libfabric_rail.cpp:320] Allocate on Rail 0 allocated control request XFER_ID=933 buffer_size=8192
I0317 11:11:05.027887    1186 libfabric_rail.cpp:997] Posting receive on endpoint=0x9f35750 buffer=0x7ef31aab5010 size=8192 context=0x9ed2ae8
I0317 11:11:05.027888    1186 libfabric_rail.cpp:1006] Receive posted successfully
I0317 11:11:05.027888    1186 libfabric_rail.cpp:320] Allocate on Rail 0 allocated control request XFER_ID=934 buffer_size=8192
I0317 11:11:05.027889    1186 libfabric_rail.cpp:997] Posting receive on endpoint=0x9f35750 buffer=0x7ef31aab3010 size=8192 context=0x9ed2a40
I0317 11:11:05.027890    1186 libfabric_rail.cpp:1006] Receive posted successfully
I0317 11:11:05.027890    1186 libfabric_rail.cpp:320] Allocate on Rail 0 allocated control request XFER_ID=935 buffer_size=8192
I0317 11:11:05.027891    1186 libfabric_rail.cpp:997] Posting receive on endpoint=0x9f35750 buffer=0x7ef31aab1010 size=8192 context=0x9ed2990
I0317 11:11:05.027892    1186 libfabric_rail.cpp:1006] Receive posted successfully
I0317 11:11:05.027893    1186 libfabric_rail.cpp:320] Allocate on Rail 0 allocated control request XFER_ID=936 buffer_size=8192
I0317 11:11:05.027893    1186 libfabric_rail.cpp:997] Posting receive on endpoint=0x9f35750 buffer=0x7ef31aaaf010 size=8192 context=0x9ed28e8
I0317 11:11:05.027894    1186 libfabric_rail.cpp:1006] Receive posted successfully
I0317 11:11:05.027895    1186 libfabric_rail.cpp:320] Allocate on Rail 0 allocated control request XFER_ID=937 buffer_size=8192
I0317 11:11:05.027895    1186 libfabric_rail.cpp:997] Posting receive on endpoint=0x9f35750 buffer=0x7ef31aaad010 size=8192 context=0x9ed2840
I0317 11:11:05.027896    1186 libfabric_rail.cpp:1006] Receive posted successfully
I0317 11:11:05.027897    1186 libfabric_rail.cpp:320] Allocate on Rail 0 allocated control request XFER_ID=938 buffer_size=8192
I0317 11:11:05.027897    1186 libfabric_rail.cpp:997] Posting receive on endpoint=0x9f35750 buffer=0x7ef31aaab010 size=8192 context=0x9ed2790
I0317 11:11:05.027898    1186 libfabric_rail.cpp:1006] Receive posted successfully
I0317 11:11:05.027899    1186 libfabric_rail.cpp:320] Allocate on Rail 0 allocated control request XFER_ID=939 buffer_size=8192
I0317 11:11:05.027900    1186 libfabric_rail.cpp:997] Posting receive on endpoint=0x9f35750 buffer=0x7ef31aaa9010 size=8192 context=0x9ed26e8
I0317 11:11:05.027900    1186 libfabric_rail.cpp:1006] Receive posted successfully
I0317 11:11:05.027901    1186 libfabric_rail.cpp:320] Allocate on Rail 0 allocated control request XFER_ID=940 buffer_size=8192
I0317 11:11:05.027902    1186 libfabric_rail.cpp:997] Posting receive on endpoint=0x9f35750 buffer=0x7ef31aaa7010 size=8192 context=0x9ed2640
I0317 11:11:05.027903    1186 libfabric_rail.cpp:1006] Receive posted successfully
I0317 11:11:05.027903    1186 libfabric_rail.cpp:320] Allocate on Rail 0 allocated control request XFER_ID=941 buffer_size=8192
I0317 11:11:05.027904    1186 libfabric_rail.cpp:997] Posting receive on endpoint=0x9f35750 buffer=0x7ef31aaa5010 size=8192 context=0x9ed2590
I0317 11:11:05.027905    1186 libfabric_rail.cpp:1006] Receive posted successfully
I0317 11:11:05.027906    1186 libfabric_rail.cpp:320] Allocate on Rail 0 allocated control request XFER_ID=942 buffer_size=8192
I0317 11:11:05.027907    1186 libfabric_rail.cpp:997] Posting receive on endpoint=0x9f35750 buffer=0x7ef31aaa3010 size=8192 context=0x9ed24e8
I0317 11:11:05.027908    1186 libfabric_rail.cpp:1006] Receive posted successfully
I0317 11:11:05.027908    1186 libfabric_rail.cpp:320] Allocate on Rail 0 allocated control request XFER_ID=943 buffer_size=8192
I0317 11:11:05.027909    1186 libfabric_rail.cpp:997] Posting receive on endpoint=0x9f35750 buffer=0x7ef31aaa1010 size=8192 context=0x9ed2440
I0317 11:11:05.027910    1186 libfabric_rail.cpp:1006] Receive posted successfully
I0317 11:11:05.027910    1186 libfabric_rail.cpp:320] Allocate on Rail 0 allocated control request XFER_ID=944 buffer_size=8192
I0317 11:11:05.027911    1186 libfabric_rail.cpp:997] Posting receive on endpoint=0x9f35750 buffer=0x7ef31aa9f010 size=8192 context=0x9ed2390
I0317 11:11:05.027912    1186 libfabric_rail.cpp:1006] Receive posted successfully
I0317 11:11:05.027912    1186 libfabric_rail.cpp:320] Allocate on Rail 0 allocated control request XFER_ID=945 buffer_size=8192
I0317 11:11:05.027913    1186 libfabric_rail.cpp:997] Posting receive on endpoint=0x9f35750 buffer=0x7ef31aa9d010 size=8192 context=0x9ed22e8
I0317 11:11:05.027914    1186 libfabric_rail.cpp:1006] Receive posted successfully
I0317 11:11:05.027915    1186 libfabric_rail.cpp:320] Allocate on Rail 0 allocated control request XFER_ID=946 buffer_size=8192
I0317 11:11:05.027915    1186 libfabric_rail.cpp:997] Posting receive on endpoint=0x9f35750 buffer=0x7ef31aa9b010 size=8192 context=0x9ed2240
I0317 11:11:05.027916    1186 libfabric_rail.cpp:1006] Receive posted successfully
I0317 11:11:05.027917    1186 libfabric_rail.cpp:320] Allocate on Rail 0 allocated control request XFER_ID=947 buffer_size=8192
I0317 11:11:05.027917    1186 libfabric_rail.cpp:997] Posting receive on endpoint=0x9f35750 buffer=0x7ef31aa99010 size=8192 context=0x9ed2190
I0317 11:11:05.027918    1186 libfabric_rail.cpp:1006] Receive posted successfully
I0317 11:11:05.027919    1186 libfabric_rail.cpp:320] Allocate on Rail 0 allocated control request XFER_ID=948 buffer_size=8192
I0317 11:11:05.027920    1186 libfabric_rail.cpp:997] Posting receive on endpoint=0x9f35750 buffer=0x7ef31aa97010 size=8192 context=0x9ed20e8
I0317 11:11:05.027920    1186 libfabric_rail.cpp:1006] Receive posted successfully
I0317 11:11:05.027921    1186 libfabric_rail.cpp:320] Allocate on Rail 0 allocated control request XFER_ID=949 buffer_size=8192
I0317 11:11:05.027922    1186 libfabric_rail.cpp:997] Posting receive on endpoint=0x9f35750 buffer=0x7ef31aa95010 size=8192 context=0x9ed2040
I0317 11:11:05.027923    1186 libfabric_rail.cpp:1006] Receive posted successfully
I0317 11:11:05.027923    1186 libfabric_rail.cpp:320] Allocate on Rail 0 allocated control request XFER_ID=950 buffer_size=8192
I0317 11:11:05.027924    1186 libfabric_rail.cpp:997] Posting receive on endpoint=0x9f35750 buffer=0x7ef31aa93010 size=8192 context=0x9ed1f90
I0317 11:11:05.027925    1186 libfabric_rail.cpp:1006] Receive posted successfully
I0317 11:11:05.027925    1186 libfabric_rail.cpp:320] Allocate on Rail 0 allocated control request XFER_ID=951 buffer_size=8192
I0317 11:11:05.027928    1186 libfabric_rail.cpp:997] Posting receive on endpoint=0x9f35750 buffer=0x7ef31aa91010 size=8192 context=0x9ed1ee8
I0317 11:11:05.027929    1186 libfabric_rail.cpp:1006] Receive posted successfully
I0317 11:11:05.027929    1186 libfabric_rail.cpp:320] Allocate on Rail 0 allocated control request XFER_ID=952 buffer_size=8192
I0317 11:11:05.027930    1186 libfabric_rail.cpp:997] Posting receive on endpoint=0x9f35750 buffer=0x7ef31aa8f010 size=8192 context=0x9ed1e40
I0317 11:11:05.027931    1186 libfabric_rail.cpp:1006] Receive posted successfully
I0317 11:11:05.027931    1186 libfabric_rail.cpp:320] Allocate on Rail 0 allocated control request XFER_ID=953 buffer_size=8192
I0317 11:11:05.027932    1186 libfabric_rail.cpp:997] Posting receive on endpoint=0x9f35750 buffer=0x7ef31aa8d010 size=8192 context=0x9ed1d90
I0317 11:11:05.027933    1186 libfabric_rail.cpp:1006] Receive posted successfully
I0317 11:11:05.027934    1186 libfabric_rail.cpp:320] Allocate on Rail 0 allocated control request XFER_ID=954 buffer_size=8192
I0317 11:11:05.027935    1186 libfabric_rail.cpp:997] Posting receive on endpoint=0x9f35750 buffer=0x7ef31aa8b010 size=8192 context=0x9ed1ce8
I0317 11:11:05.027936    1186 libfabric_rail.cpp:1006] Receive posted successfully
I0317 11:11:05.027937    1186 libfabric_rail.cpp:320] Allocate on Rail 0 allocated control request XFER_ID=955 buffer_size=8192
I0317 11:11:05.027938    1186 libfabric_rail.cpp:997] Posting receive on endpoint=0x9f35750 buffer=0x7ef31aa89010 size=8192 context=0x9ed1c40
I0317 11:11:05.027939    1186 libfabric_rail.cpp:1006] Receive posted successfully
I0317 11:11:05.027939    1186 libfabric_rail.cpp:320] Allocate on Rail 0 allocated control request XFER_ID=956 buffer_size=8192
I0317 11:11:05.027940    1186 libfabric_rail.cpp:997] Posting receive on endpoint=0x9f35750 buffer=0x7ef31aa87010 size=8192 context=0x9ed1b90
I0317 11:11:05.027941    1186 libfabric_rail.cpp:1006] Receive posted successfully
I0317 11:11:05.027942    1186 libfabric_rail.cpp:320] Allocate on Rail 0 allocated control request XFER_ID=957 buffer_size=8192
I0317 11:11:05.027943    1186 libfabric_rail.cpp:997] Posting receive on endpoint=0x9f35750 buffer=0x7ef31aa85010 size=8192 context=0x9ed1ae8
I0317 11:11:05.027944    1186 libfabric_rail.cpp:1006] Receive posted successfully
I0317 11:11:05.027945    1186 libfabric_rail.cpp:320] Allocate on Rail 0 allocated control request XFER_ID=958 buffer_size=8192
I0317 11:11:05.027946    1186 libfabric_rail.cpp:997] Posting receive on endpoint=0x9f35750 buffer=0x7ef31aa83010 size=8192 context=0x9ed1a40
I0317 11:11:05.027947    1186 libfabric_rail.cpp:1006] Receive posted successfully
I0317 11:11:05.027948    1186 libfabric_rail.cpp:320] Allocate on Rail 0 allocated control request XFER_ID=959 buffer_size=8192
I0317 11:11:05.027948    1186 libfabric_rail.cpp:997] Posting receive on endpoint=0x9f35750 buffer=0x7ef31aa81010 size=8192 context=0x9ed1990
I0317 11:11:05.027949    1186 libfabric_rail.cpp:1006] Receive posted successfully
I0317 11:11:05.027950    1186 libfabric_rail.cpp:320] Allocate on Rail 0 allocated control request XFER_ID=960 buffer_size=8192
I0317 11:11:05.027951    1186 libfabric_rail.cpp:997] Posting receive on endpoint=0x9f35750 buffer=0x7ef31aa7f010 size=8192 context=0x9ed18e8
I0317 11:11:05.027952    1186 libfabric_rail.cpp:1006] Receive posted successfully
I0317 11:11:05.027953    1186 libfabric_rail.cpp:320] Allocate on Rail 0 allocated control request XFER_ID=961 buffer_size=8192
I0317 11:11:05.027954    1186 libfabric_rail.cpp:997] Posting receive on endpoint=0x9f35750 buffer=0x7ef31aa7d010 size=8192 context=0x9ed1840
I0317 11:11:05.027955    1186 libfabric_rail.cpp:1006] Receive posted successfully
I0317 11:11:05.027956    1186 libfabric_rail.cpp:320] Allocate on Rail 0 allocated control request XFER_ID=962 buffer_size=8192
I0317 11:11:05.027957    1186 libfabric_rail.cpp:997] Posting receive on endpoint=0x9f35750 buffer=0x7ef31aa7b010 size=8192 context=0x9ed1790
I0317 11:11:05.027958    1186 libfabric_rail.cpp:1006] Receive posted successfully
I0317 11:11:05.027958    1186 libfabric_rail.cpp:320] Allocate on Rail 0 allocated control request XFER_ID=963 buffer_size=8192
I0317 11:11:05.027959    1186 libfabric_rail.cpp:997] Posting receive on endpoint=0x9f35750 buffer=0x7ef31aa79010 size=8192 context=0x9ed16e8
I0317 11:11:05.027960    1186 libfabric_rail.cpp:1006] Receive posted successfully
I0317 11:11:05.027961    1186 libfabric_rail.cpp:320] Allocate on Rail 0 allocated control request XFER_ID=964 buffer_size=8192
I0317 11:11:05.027962    1186 libfabric_rail.cpp:997] Posting receive on endpoint=0x9f35750 buffer=0x7ef31aa77010 size=8192 context=0x9ed1640
I0317 11:11:05.027963    1186 libfabric_rail.cpp:1006] Receive posted successfully
I0317 11:11:05.027964    1186 libfabric_rail.cpp:320] Allocate on Rail 0 allocated control request XFER_ID=965 buffer_size=8192
I0317 11:11:05.027965    1186 libfabric_rail.cpp:997] Posting receive on endpoint=0x9f35750 buffer=0x7ef31aa75010 size=8192 context=0x9ed1590
I0317 11:11:05.027966    1186 libfabric_rail.cpp:1006] Receive posted successfully
I0317 11:11:05.027966    1186 libfabric_rail.cpp:320] Allocate on Rail 0 allocated control request XFER_ID=966 buffer_size=8192
I0317 11:11:05.027967    1186 libfabric_rail.cpp:997] Posting receive on endpoint=0x9f35750 buffer=0x7ef31aa73010 size=8192 context=0x9ed14e8
I0317 11:11:05.027968    1186 libfabric_rail.cpp:1006] Receive posted successfully
I0317 11:11:05.027968    1186 libfabric_rail.cpp:320] Allocate on Rail 0 allocated control request XFER_ID=967 buffer_size=8192
I0317 11:11:05.027969    1186 libfabric_rail.cpp:997] Posting receive on endpoint=0x9f35750 buffer=0x7ef31aa71010 size=8192 context=0x9ed1440
I0317 11:11:05.027970    1186 libfabric_rail.cpp:1006] Receive posted successfully
I0317 11:11:05.027971    1186 libfabric_rail.cpp:320] Allocate on Rail 0 allocated control request XFER_ID=968 buffer_size=8192
I0317 11:11:05.027971    1186 libfabric_rail.cpp:997] Posting receive on endpoint=0x9f35750 buffer=0x7ef31aa6f010 size=8192 context=0x9ed1390
I0317 11:11:05.027972    1186 libfabric_rail.cpp:1006] Receive posted successfully
I0317 11:11:05.027973    1186 libfabric_rail.cpp:320] Allocate on Rail 0 allocated control request XFER_ID=969 buffer_size=8192
I0317 11:11:05.027973    1186 libfabric_rail.cpp:997] Posting receive on endpoint=0x9f35750 buffer=0x7ef31aa6d010 size=8192 context=0x9ed12e8
I0317 11:11:05.027974    1186 libfabric_rail.cpp:1006] Receive posted successfully
I0317 11:11:05.027975    1186 libfabric_rail.cpp:320] Allocate on Rail 0 allocated control request XFER_ID=970 buffer_size=8192
I0317 11:11:05.027976    1186 libfabric_rail.cpp:997] Posting receive on endpoint=0x9f35750 buffer=0x7ef31aa6b010 size=8192 context=0x9ed1240
I0317 11:11:05.027976    1186 libfabric_rail.cpp:1006] Receive posted successfully
I0317 11:11:05.027977    1186 libfabric_rail.cpp:320] Allocate on Rail 0 allocated control request XFER_ID=971 buffer_size=8192
I0317 11:11:05.027978    1186 libfabric_rail.cpp:997] Posting receive on endpoint=0x9f35750 buffer=0x7ef31aa69010 size=8192 context=0x9ed1190
I0317 11:11:05.027978    1186 libfabric_rail.cpp:1006] Receive posted successfully
I0317 11:11:05.027979    1186 libfabric_rail.cpp:320] Allocate on Rail 0 allocated control request XFER_ID=972 buffer_size=8192
I0317 11:11:05.027980    1186 libfabric_rail.cpp:997] Posting receive on endpoint=0x9f35750 buffer=0x7ef31aa67010 size=8192 context=0x9ed10e8
I0317 11:11:05.027981    1186 libfabric_rail.cpp:1006] Receive posted successfully
I0317 11:11:05.027981    1186 libfabric_rail.cpp:320] Allocate on Rail 0 allocated control request XFER_ID=973 buffer_size=8192
I0317 11:11:05.027982    1186 libfabric_rail.cpp:997] Posting receive on endpoint=0x9f35750 buffer=0x7ef31aa65010 size=8192 context=0x9ed1040
I0317 11:11:05.027983    1186 libfabric_rail.cpp:1006] Receive posted successfully
I0317 11:11:05.027983    1186 libfabric_rail.cpp:320] Allocate on Rail 0 allocated control request XFER_ID=974 buffer_size=8192
I0317 11:11:05.027984    1186 libfabric_rail.cpp:997] Posting receive on endpoint=0x9f35750 buffer=0x7ef31aa63010 size=8192 context=0x9ed0f90
I0317 11:11:05.027985    1186 libfabric_rail.cpp:1006] Receive posted successfully
I0317 11:11:05.027985    1186 libfabric_rail.cpp:320] Allocate on Rail 0 allocated control request XFER_ID=975 buffer_size=8192
I0317 11:11:05.027986    1186 libfabric_rail.cpp:997] Posting receive on endpoint=0x9f35750 buffer=0x7ef31aa61010 size=8192 context=0x9ed0ee8
I0317 11:11:05.027987    1186 libfabric_rail.cpp:1006] Receive posted successfully
I0317 11:11:05.027988    1186 libfabric_rail.cpp:320] Allocate on Rail 0 allocated control request XFER_ID=976 buffer_size=8192
I0317 11:11:05.027988    1186 libfabric_rail.cpp:997] Posting receive on endpoint=0x9f35750 buffer=0x7ef31aa5f010 size=8192 context=0x9ed0e40
I0317 11:11:05.027990    1186 libfabric_rail.cpp:1006] Receive posted successfully
I0317 11:11:05.027990    1186 libfabric_rail.cpp:320] Allocate on Rail 0 allocated control request XFER_ID=977 buffer_size=8192
I0317 11:11:05.027991    1186 libfabric_rail.cpp:997] Posting receive on endpoint=0x9f35750 buffer=0x7ef31aa5d010 size=8192 context=0x9ed0d90
I0317 11:11:05.027992    1186 libfabric_rail.cpp:1006] Receive posted successfully
I0317 11:11:05.027992    1186 libfabric_rail.cpp:320] Allocate on Rail 0 allocated control request XFER_ID=978 buffer_size=8192
I0317 11:11:05.027993    1186 libfabric_rail.cpp:997] Posting receive on endpoint=0x9f35750 buffer=0x7ef31aa5b010 size=8192 context=0x9ed0ce8
I0317 11:11:05.027994    1186 libfabric_rail.cpp:1006] Receive posted successfully
I0317 11:11:05.027994    1186 libfabric_rail.cpp:320] Allocate on Rail 0 allocated control request XFER_ID=979 buffer_size=8192
I0317 11:11:05.027995    1186 libfabric_rail.cpp:997] Posting receive on endpoint=0x9f35750 buffer=0x7ef31aa59010 size=8192 context=0x9ed0c40
I0317 11:11:05.027996    1186 libfabric_rail.cpp:1006] Receive posted successfully
I0317 11:11:05.027996    1186 libfabric_rail.cpp:320] Allocate on Rail 0 allocated control request XFER_ID=980 buffer_size=8192
I0317 11:11:05.027997    1186 libfabric_rail.cpp:997] Posting receive on endpoint=0x9f35750 buffer=0x7ef31aa57010 size=8192 context=0x9ed0b90
I0317 11:11:05.027998    1186 libfabric_rail.cpp:1006] Receive posted successfully
I0317 11:11:05.027998    1186 libfabric_rail.cpp:320] Allocate on Rail 0 allocated control request XFER_ID=981 buffer_size=8192
I0317 11:11:05.027999    1186 libfabric_rail.cpp:997] Posting receive on endpoint=0x9f35750 buffer=0x7ef31aa55010 size=8192 context=0x9ed0ae8
I0317 11:11:05.028000    1186 libfabric_rail.cpp:1006] Receive posted successfully
I0317 11:11:05.028001    1186 libfabric_rail.cpp:320] Allocate on Rail 0 allocated control request XFER_ID=982 buffer_size=8192
I0317 11:11:05.028005    1186 libfabric_rail.cpp:997] Posting receive on endpoint=0x9f35750 buffer=0x7ef31aa53010 size=8192 context=0x9ed0a40
I0317 11:11:05.028005    1186 libfabric_rail.cpp:1006] Receive posted successfully
I0317 11:11:05.028006    1186 libfabric_rail.cpp:320] Allocate on Rail 0 allocated control request XFER_ID=983 buffer_size=8192
I0317 11:11:05.028007    1186 libfabric_rail.cpp:997] Posting receive on endpoint=0x9f35750 buffer=0x7ef31aa51010 size=8192 context=0x9ed0990
I0317 11:11:05.028008    1186 libfabric_rail.cpp:1006] Receive posted successfully
I0317 11:11:05.028008    1186 libfabric_rail.cpp:320] Allocate on Rail 0 allocated control request XFER_ID=984 buffer_size=8192
I0317 11:11:05.028009    1186 libfabric_rail.cpp:997] Posting receive on endpoint=0x9f35750 buffer=0x7ef31aa4f010 size=8192 context=0x9ed08e8
I0317 11:11:05.028010    1186 libfabric_rail.cpp:1006] Receive posted successfully
I0317 11:11:05.028010    1186 libfabric_rail.cpp:320] Allocate on Rail 0 allocated control request XFER_ID=985 buffer_size=8192
I0317 11:11:05.028011    1186 libfabric_rail.cpp:997] Posting receive on endpoint=0x9f35750 buffer=0x7ef31aa4d010 size=8192 context=0x9ed0840
I0317 11:11:05.028012    1186 libfabric_rail.cpp:1006] Receive posted successfully
I0317 11:11:05.028012    1186 libfabric_rail.cpp:320] Allocate on Rail 0 allocated control request XFER_ID=986 buffer_size=8192
I0317 11:11:05.028013    1186 libfabric_rail.cpp:997] Posting receive on endpoint=0x9f35750 buffer=0x7ef31aa4b010 size=8192 context=0x9ed0790
I0317 11:11:05.028014    1186 libfabric_rail.cpp:1006] Receive posted successfully
I0317 11:11:05.028014    1186 libfabric_rail.cpp:320] Allocate on Rail 0 allocated control request XFER_ID=987 buffer_size=8192
I0317 11:11:05.028015    1186 libfabric_rail.cpp:997] Posting receive on endpoint=0x9f35750 buffer=0x7ef31aa49010 size=8192 context=0x9ed06e8
I0317 11:11:05.028016    1186 libfabric_rail.cpp:1006] Receive posted successfully
I0317 11:11:05.028017    1186 libfabric_rail.cpp:320] Allocate on Rail 0 allocated control request XFER_ID=988 buffer_size=8192
I0317 11:11:05.028018    1186 libfabric_rail.cpp:997] Posting receive on endpoint=0x9f35750 buffer=0x7ef31aa47010 size=8192 context=0x9ed0640
I0317 11:11:05.028019    1186 libfabric_rail.cpp:1006] Receive posted successfully
I0317 11:11:05.028019    1186 libfabric_rail.cpp:320] Allocate on Rail 0 allocated control request XFER_ID=989 buffer_size=8192
I0317 11:11:05.028020    1186 libfabric_rail.cpp:997] Posting receive on endpoint=0x9f35750 buffer=0x7ef31aa45010 size=8192 context=0x9ed0590
I0317 11:11:05.028021    1186 libfabric_rail.cpp:1006] Receive posted successfully
I0317 11:11:05.028022    1186 libfabric_rail.cpp:320] Allocate on Rail 0 allocated control request XFER_ID=990 buffer_size=8192
I0317 11:11:05.028023    1186 libfabric_rail.cpp:997] Posting receive on endpoint=0x9f35750 buffer=0x7ef31aa43010 size=8192 context=0x9ed04e8
I0317 11:11:05.028024    1186 libfabric_rail.cpp:1006] Receive posted successfully
I0317 11:11:05.028025    1186 libfabric_rail.cpp:320] Allocate on Rail 0 allocated control request XFER_ID=991 buffer_size=8192
I0317 11:11:05.028026    1186 libfabric_rail.cpp:997] Posting receive on endpoint=0x9f35750 buffer=0x7ef31aa41010 size=8192 context=0x9ed0440
I0317 11:11:05.028027    1186 libfabric_rail.cpp:1006] Receive posted successfully
I0317 11:11:05.028028    1186 libfabric_rail.cpp:320] Allocate on Rail 0 allocated control request XFER_ID=992 buffer_size=8192
I0317 11:11:05.028028    1186 libfabric_rail.cpp:997] Posting receive on endpoint=0x9f35750 buffer=0x7ef31aa3f010 size=8192 context=0x9ed0390
I0317 11:11:05.028029    1186 libfabric_rail.cpp:1006] Receive posted successfully
I0317 11:11:05.028030    1186 libfabric_rail.cpp:320] Allocate on Rail 0 allocated control request XFER_ID=993 buffer_size=8192
I0317 11:11:05.028031    1186 libfabric_rail.cpp:997] Posting receive on endpoint=0x9f35750 buffer=0x7ef31aa3d010 size=8192 context=0x9ed02e8
I0317 11:11:05.028032    1186 libfabric_rail.cpp:1006] Receive posted successfully
I0317 11:11:05.028034    1186 libfabric_rail.cpp:320] Allocate on Rail 0 allocated control request XFER_ID=994 buffer_size=8192
I0317 11:11:05.028036    1186 libfabric_rail.cpp:997] Posting receive on endpoint=0x9f35750 buffer=0x7ef31aa3b010 size=8192 context=0x9ed0240
I0317 11:11:05.028037    1186 libfabric_rail.cpp:1006] Receive posted successfully
I0317 11:11:05.028038    1186 libfabric_rail.cpp:320] Allocate on Rail 0 allocated control request XFER_ID=995 buffer_size=8192
I0317 11:11:05.028039    1186 libfabric_rail.cpp:997] Posting receive on endpoint=0x9f35750 buffer=0x7ef31aa39010 size=8192 context=0x9ed0190
I0317 11:11:05.028040    1186 libfabric_rail.cpp:1006] Receive posted successfully
I0317 11:11:05.028040    1186 libfabric_rail.cpp:320] Allocate on Rail 0 allocated control request XFER_ID=996 buffer_size=8192
I0317 11:11:05.028041    1186 libfabric_rail.cpp:997] Posting receive on endpoint=0x9f35750 buffer=0x7ef31aa37010 size=8192 context=0x9ed00e8
I0317 11:11:05.028042    1186 libfabric_rail.cpp:1006] Receive posted successfully
I0317 11:11:05.028043    1186 libfabric_rail.cpp:320] Allocate on Rail 0 allocated control request XFER_ID=997 buffer_size=8192
I0317 11:11:05.028044    1186 libfabric_rail.cpp:997] Posting receive on endpoint=0x9f35750 buffer=0x7ef31aa35010 size=8192 context=0x9ed0040
I0317 11:11:05.028045    1186 libfabric_rail.cpp:1006] Receive posted successfully
I0317 11:11:05.028046    1186 libfabric_rail.cpp:320] Allocate on Rail 0 allocated control request XFER_ID=998 buffer_size=8192
I0317 11:11:05.028047    1186 libfabric_rail.cpp:997] Posting receive on endpoint=0x9f35750 buffer=0x7ef31aa33010 size=8192 context=0x9ecff90
I0317 11:11:05.028048    1186 libfabric_rail.cpp:1006] Receive posted successfully
I0317 11:11:05.028049    1186 libfabric_rail.cpp:320] Allocate on Rail 0 allocated control request XFER_ID=999 buffer_size=8192
I0317 11:11:05.028050    1186 libfabric_rail.cpp:997] Posting receive on endpoint=0x9f35750 buffer=0x7ef31aa31010 size=8192 context=0x9ecfee8
I0317 11:11:05.028051    1186 libfabric_rail.cpp:1006] Receive posted successfully
I0317 11:11:05.028051    1186 libfabric_rail.cpp:320] Allocate on Rail 0 allocated control request XFER_ID=1000 buffer_size=8192
I0317 11:11:05.028052    1186 libfabric_rail.cpp:997] Posting receive on endpoint=0x9f35750 buffer=0x7ef31aa2f010 size=8192 context=0x9ecfe40
I0317 11:11:05.028053    1186 libfabric_rail.cpp:1006] Receive posted successfully
I0317 11:11:05.028054    1186 libfabric_rail.cpp:320] Allocate on Rail 0 allocated control request XFER_ID=1001 buffer_size=8192
I0317 11:11:05.028055    1186 libfabric_rail.cpp:997] Posting receive on endpoint=0x9f35750 buffer=0x7ef31aa2d010 size=8192 context=0x9ecfd90
I0317 11:11:05.028056    1186 libfabric_rail.cpp:1006] Receive posted successfully
I0317 11:11:05.028057    1186 libfabric_rail.cpp:320] Allocate on Rail 0 allocated control request XFER_ID=1002 buffer_size=8192
I0317 11:11:05.028058    1186 libfabric_rail.cpp:997] Posting receive on endpoint=0x9f35750 buffer=0x7ef31aa2b010 size=8192 context=0x9ecfce8
I0317 11:11:05.028059    1186 libfabric_rail.cpp:1006] Receive posted successfully
I0317 11:11:05.028060    1186 libfabric_rail.cpp:320] Allocate on Rail 0 allocated control request XFER_ID=1003 buffer_size=8192
I0317 11:11:05.028061    1186 libfabric_rail.cpp:997] Posting receive on endpoint=0x9f35750 buffer=0x7ef31aa29010 size=8192 context=0x9ecfc40
I0317 11:11:05.028062    1186 libfabric_rail.cpp:1006] Receive posted successfully
I0317 11:11:05.028063    1186 libfabric_rail.cpp:320] Allocate on Rail 0 allocated control request XFER_ID=1004 buffer_size=8192
I0317 11:11:05.028066    1186 libfabric_rail.cpp:997] Posting receive on endpoint=0x9f35750 buffer=0x7ef31aa27010 size=8192 context=0x9ecfb90
I0317 11:11:05.028067    1186 libfabric_rail.cpp:1006] Receive posted successfully
I0317 11:11:05.028068    1186 libfabric_rail.cpp:320] Allocate on Rail 0 allocated control request XFER_ID=1005 buffer_size=8192
I0317 11:11:05.028069    1186 libfabric_rail.cpp:997] Posting receive on endpoint=0x9f35750 buffer=0x7ef31aa25010 size=8192 context=0x9ecfae8
I0317 11:11:05.028070    1186 libfabric_rail.cpp:1006] Receive posted successfully
I0317 11:11:05.028071    1186 libfabric_rail.cpp:320] Allocate on Rail 0 allocated control request XFER_ID=1006 buffer_size=8192
I0317 11:11:05.028071    1186 libfabric_rail.cpp:997] Posting receive on endpoint=0x9f35750 buffer=0x7ef31aa23010 size=8192 context=0x9ecfa40
I0317 11:11:05.028073    1186 libfabric_rail.cpp:1006] Receive posted successfully
I0317 11:11:05.028073    1186 libfabric_rail.cpp:320] Allocate on Rail 0 allocated control request XFER_ID=1007 buffer_size=8192
I0317 11:11:05.028074    1186 libfabric_rail.cpp:997] Posting receive on endpoint=0x9f35750 buffer=0x7ef31aa21010 size=8192 context=0x9ecf990
I0317 11:11:05.028075    1186 libfabric_rail.cpp:1006] Receive posted successfully
I0317 11:11:05.028076    1186 libfabric_rail.cpp:320] Allocate on Rail 0 allocated control request XFER_ID=1008 buffer_size=8192
I0317 11:11:05.028077    1186 libfabric_rail.cpp:997] Posting receive on endpoint=0x9f35750 buffer=0x7ef31aa1f010 size=8192 context=0x9ecf8e8
I0317 11:11:05.028078    1186 libfabric_rail.cpp:1006] Receive posted successfully
I0317 11:11:05.028079    1186 libfabric_rail.cpp:320] Allocate on Rail 0 allocated control request XFER_ID=1009 buffer_size=8192
I0317 11:11:05.028080    1186 libfabric_rail.cpp:997] Posting receive on endpoint=0x9f35750 buffer=0x7ef31aa1d010 size=8192 context=0x9ecf840
I0317 11:11:05.028081    1186 libfabric_rail.cpp:1006] Receive posted successfully
I0317 11:11:05.028082    1186 libfabric_rail.cpp:320] Allocate on Rail 0 allocated control request XFER_ID=1010 buffer_size=8192
I0317 11:11:05.028082    1186 libfabric_rail.cpp:997] Posting receive on endpoint=0x9f35750 buffer=0x7ef31aa1b010 size=8192 context=0x9ecf790
I0317 11:11:05.028083    1186 libfabric_rail.cpp:1006] Receive posted successfully
I0317 11:11:05.028084    1186 libfabric_rail.cpp:320] Allocate on Rail 0 allocated control request XFER_ID=1011 buffer_size=8192
I0317 11:11:05.028085    1186 libfabric_rail.cpp:997] Posting receive on endpoint=0x9f35750 buffer=0x7ef31aa19010 size=8192 context=0x9ecf6e8
I0317 11:11:05.028086    1186 libfabric_rail.cpp:1006] Receive posted successfully
I0317 11:11:05.028087    1186 libfabric_rail.cpp:320] Allocate on Rail 0 allocated control request XFER_ID=1012 buffer_size=8192
I0317 11:11:05.028087    1186 libfabric_rail.cpp:997] Posting receive on endpoint=0x9f35750 buffer=0x7ef31aa17010 size=8192 context=0x9ecf640
I0317 11:11:05.028088    1186 libfabric_rail.cpp:1006] Receive posted successfully
I0317 11:11:05.028089    1186 libfabric_rail.cpp:320] Allocate on Rail 0 allocated control request XFER_ID=1013 buffer_size=8192
I0317 11:11:05.028090    1186 libfabric_rail.cpp:997] Posting receive on endpoint=0x9f35750 buffer=0x7ef31aa15010 size=8192 context=0x9ecf590
I0317 11:11:05.028091    1186 libfabric_rail.cpp:1006] Receive posted successfully
I0317 11:11:05.028092    1186 libfabric_rail.cpp:320] Allocate on Rail 0 allocated control request XFER_ID=1014 buffer_size=8192
I0317 11:11:05.028673    1186 libfabric_rail.cpp:997] Posting receive on endpoint=0x9f35750 buffer=0x7ef31aa13010 size=8192 context=0x9ecf4e8
I0317 11:11:05.028702    1186 libfabric_rail.cpp:1006] Receive posted successfully
I0317 11:11:05.028717    1186 libfabric_rail.cpp:320] Allocate on Rail 0 allocated control request XFER_ID=1015 buffer_size=8192
I0317 11:11:05.028721    1186 libfabric_rail.cpp:997] Posting receive on endpoint=0x9f35750 buffer=0x7ef31aa11010 size=8192 context=0x9ecf440
I0317 11:11:05.028723    1186 libfabric_rail.cpp:1006] Receive posted successfully
I0317 11:11:05.028724    1186 libfabric_rail.cpp:320] Allocate on Rail 0 allocated control request XFER_ID=1016 buffer_size=8192
I0317 11:11:05.028725    1186 libfabric_rail.cpp:997] Posting receive on endpoint=0x9f35750 buffer=0x7ef31aa0f010 size=8192 context=0x9ecf390
I0317 11:11:05.028726    1186 libfabric_rail.cpp:1006] Receive posted successfully
I0317 11:11:05.028727    1186 libfabric_rail.cpp:320] Allocate on Rail 0 allocated control request XFER_ID=1017 buffer_size=8192
I0317 11:11:05.028728    1186 libfabric_rail.cpp:997] Posting receive on endpoint=0x9f35750 buffer=0x7ef31aa0d010 size=8192 context=0x9ecf2e8
I0317 11:11:05.028729    1186 libfabric_rail.cpp:1006] Receive posted successfully
I0317 11:11:05.028729    1186 libfabric_rail.cpp:320] Allocate on Rail 0 allocated control request XFER_ID=1018 buffer_size=8192
I0317 11:11:05.028730    1186 libfabric_rail.cpp:997] Posting receive on endpoint=0x9f35750 buffer=0x7ef31aa0b010 size=8192 context=0x9ecf240
I0317 11:11:05.028731    1186 libfabric_rail.cpp:1006] Receive posted successfully
I0317 11:11:05.028732    1186 libfabric_rail.cpp:320] Allocate on Rail 0 allocated control request XFER_ID=1019 buffer_size=8192
I0317 11:11:05.028732    1186 libfabric_rail.cpp:997] Posting receive on endpoint=0x9f35750 buffer=0x7ef31aa09010 size=8192 context=0x9ecf190
I0317 11:11:05.028734    1186 libfabric_rail.cpp:1006] Receive posted successfully
I0317 11:11:05.028735    1186 libfabric_rail.cpp:320] Allocate on Rail 0 allocated control request XFER_ID=1020 buffer_size=8192
I0317 11:11:05.028735    1186 libfabric_rail.cpp:997] Posting receive on endpoint=0x9f35750 buffer=0x7ef31aa07010 size=8192 context=0x9ecf0e8
I0317 11:11:05.028736    1186 libfabric_rail.cpp:1006] Receive posted successfully
I0317 11:11:05.028737    1186 libfabric_rail.cpp:320] Allocate on Rail 0 allocated control request XFER_ID=1021 buffer_size=8192
I0317 11:11:05.028738    1186 libfabric_rail.cpp:997] Posting receive on endpoint=0x9f35750 buffer=0x7ef31aa05010 size=8192 context=0x9ecf040
I0317 11:11:05.028739    1186 libfabric_rail.cpp:1006] Receive posted successfully
I0317 11:11:05.028739    1186 libfabric_rail.cpp:320] Allocate on Rail 0 allocated control request XFER_ID=1022 buffer_size=8192
I0317 11:11:05.028740    1186 libfabric_rail.cpp:997] Posting receive on endpoint=0x9f35750 buffer=0x7ef31aa03010 size=8192 context=0x9ecef90
I0317 11:11:05.028741    1186 libfabric_rail.cpp:1006] Receive posted successfully
I0317 11:11:05.028742    1186 libfabric_rail.cpp:320] Allocate on Rail 0 allocated control request XFER_ID=1023 buffer_size=8192
I0317 11:11:05.028742    1186 libfabric_rail.cpp:997] Posting receive on endpoint=0x9f35750 buffer=0x7ef31aa01010 size=8192 context=0x9eceee8
I0317 11:11:05.028744    1186 libfabric_rail.cpp:1006] Receive posted successfully
I0317 11:11:05.028744    1186 libfabric_rail.cpp:320] Allocate on Rail 0 allocated control request XFER_ID=1024 buffer_size=8192
I0317 11:11:05.028745    1186 libfabric_rail.cpp:997] Posting receive on endpoint=0x9f35750 buffer=0x7ef31a9ff010 size=8192 context=0x9ecee40
I0317 11:11:05.028746    1186 libfabric_rail.cpp:1006] Receive posted successfully
I0317 11:11:05.028747    1186 libfabric_rail.cpp:612] Successfully pre-posted 1024 recv requests for rail 0
I0317 11:11:05.028754    1186 libfabric_rail.cpp:614] Successfully initialized rail 0
I0317 11:11:05.028787    1186 libfabric_rail_manager_hip.cpp:327] Created rail 0 (device=ens22np0, provider=tcp)
I0317 11:11:05.028791    1186 libfabric_rail_manager_hip.cpp:236] Successfully created 1 rails using provider=tcp
I0317 11:11:05.028810    1186 libfabric_backend_hip.cpp:299] Initializing Libfabric Backend
W0317 11:11:05.028814    1186 libfabric_rail_manager_hip.cpp:534] Could not find EFA devices, rail selection for DRAM memory type aborted
W0317 11:11:05.028816    1186 libfabric_rail_manager_hip.cpp:263] Using default (all) rail selection policy for DRAM memory type due to previous errors
I0317 11:11:05.028828    1186 libfabric_backend_hip.cpp:309] System runtime: SYSTEM
I0317 11:11:05.028837    1186 libfabric_backend_hip.cpp:344] Using default striping threshold: 131072 bytes
I0317 11:11:05.028838    1186 libfabric_backend_hip.cpp:349] Rail Manager created with 1 rails
I0317 11:11:05.028839    1186 libfabric_backend_hip.cpp:353] Set notification processor for rail 0
I0317 11:11:05.028847    1186 libfabric_backend_hip.cpp:360] Setting up XFER_ID tracking callbacks for 1 rails
I0317 11:11:05.028849    1186 libfabric_backend_hip.cpp:368] Set XFER_ID callback for rail 0
I0317 11:11:05.028855    1186 libfabric_backend_hip.cpp:570] Creating connection for agent: target
I0317 11:11:05.028963    1186 libfabric_rail_manager_hip.cpp:810] Processed rail 0 (fi_addr=0)
I0317 11:11:05.028968    1186 libfabric_rail_manager_hip.cpp:818] Successfully processed 1 rails
I0317 11:11:05.028973    1186 libfabric_backend_hip.cpp:604] Index 0: target
I0317 11:11:05.028980    1186 libfabric_backend_hip.cpp:612] Successfully created connection for agent: target on 1 rails
I0317 11:11:05.028982    1186 libfabric_backend_hip.cpp:388] Created self-connection for agent: target on 1 rails
I0317 11:11:05.028983    1186 libfabric_backend_hip.cpp:393] Starting Progress thread for rails with delay: 0 microseconds
I0317 11:11:05.029028    1186 libfabric_backend_hip.cpp:402] Progress thread started successfully
I0317 11:11:05.029033    1186 libfabric_backend_hip.cpp:447] Retrieving local endpoint addresses for all 1 rails
I0317 11:11:05.029039    1186 libfabric_rail_manager_hip.cpp:1077] Serialized 1 rail endpoints
I0317 11:11:05.029041    1186 libfabric_rail_manager_hip.cpp:1035] Connection info serialized with prefix dest, size=109
I0317 11:11:05.029043    1186 libfabric_backend_hip.cpp:457] Rail Manager serialized connection info for 1 rails, total size=109
I0317 11:11:05.029050    1186 libfabric_backend_hip.cpp:505] Connecting to agent: target, connections_ size=1
I0317 11:11:05.029055    1186 libfabric_backend_hip.cpp:517] Connection exists but not established, triggering establishConnection for target
I0317 11:11:05.029036    1255 libfabric_backend_hip.cpp:1400] PT: Thread started successfully for rails only
I0317 11:11:05.029057    1186 libfabric_backend_hip.cpp:642] Establishing rail connections for agent: target
I0317 11:11:05.029062    1186 libfabric_backend_hip.cpp:651] Using connection info with 1 rails
I0317 11:11:05.029063    1186 libfabric_backend_hip.cpp:653] Rail 0: 02 00 a7 3b 0a fe 0a 06 00 00 00 00 00 00 00 00 00 00 00 00 00 00 00 00 00 00 00 00 00 00 00 00 00 00 00 00 00 00 00 00 00 00 00 00 00 00 00 00 00 00 00 00 00 00 00 00 
I0317 11:11:05.029074    1186 libfabric_backend_hip.cpp:656] Agent index: 0
I0317 11:11:05.029075    1186 libfabric_backend_hip.cpp:659] Connection state for agent target is now CONNECTED
I0317 11:11:05.029077    1186 libfabric_backend_hip.cpp:535] Successfully established connection for target
I0317 11:11:05.029084    1186 libfabric_backend_hip.cpp:678] Non-CUDA runtime, skipping VRAM support
I0317 11:11:05.029087    1186 nixl_agent.cpp:391] Created backend: LIBFABRIC
I0317 11:11:05.029124    1186 libfabric_backend_hip.cpp:678] Non-CUDA runtime, skipping VRAM support
2026-03-17 11:11:05 NIXL INFO    _api.py:361 Backend LIBFABRIC was instantiated
2026-03-17 11:11:05 NIXL INFO    _api.py:251 Initialized NIXL agent: target
2026-03-17 11:11:05 NIXL INFO    expanded_two_peers.py:79 Running test with tensor shape (16, 32) in mode target
I0317 11:11:05.030202    1186 libfabric_backend_hip.cpp:678] Non-CUDA runtime, skipping VRAM support
I0317 11:11:05.030221    1186 libfabric_backend_hip.cpp:769] Registering memory: addr=0x9f33980 len=2048 mem_type=0 devId=0
I0317 11:11:05.030231    1186 libfabric_rail_manager_hip.cpp:664] Selected rails [0] for registration of memory buffer at 0x9f33980
I0317 11:11:05.030239    1186 libfabric_rail.cpp:1261] tcp provider=using requested key 166934912 (0x9f33980) for buffer 0x9f33980 on rail 0
I0317 11:11:05.030242    1186 libfabric_rail.cpp:1266] Memory Registration: rail=0 provider=tcp buffer=0x9f33980 length=2048 access_flags=0x3300 requested_key=166934912
I0317 11:11:05.030245    1186 libfabric_rail.cpp:1313] System memory registration - iface: FI_HMEM_SYSTEM
I0317 11:11:05.030260    1186 libfabric_rail.cpp:1352] MR key obtained: 166934912 (0x9f33980)
I0317 11:11:05.030261    1186 libfabric_rail.cpp:1357] Memory Registration SUCCESS: rail=0 provider=tcp buffer=0x9f33980 length=2048 mr=0x90e97b0 key=166934912 registered_range=[0x9f33980 - 0x9f34180]
I0317 11:11:05.030267    1186 libfabric_rail_manager_hip.cpp:1148] Marked rail 0 as active (total active: 1)
I0317 11:11:05.030269    1186 libfabric_rail_manager_hip.cpp:750] Registered memory on rail 0 (mr=0x90e97b0, key=166934912)
I0317 11:11:05.030271    1186 libfabric_backend_hip.cpp:786] Rail Manager successfully registered DRAM memory on 1 rails
I0317 11:11:05.030273    1186 libfabric_backend_hip.cpp:791] Successfully registered memory on 1 rails for CPU device 0
I0317 11:11:05.030279    1186 libfabric_backend_hip.cpp:833] Metadata loaded with Remote addr: 0x9f33980 Remote keys for 1 rails Remote fi_addr: 0
I0317 11:11:05.030286    1186 libfabric_rail_manager_hip.cpp:989] Serialized memory keys for 1 rails (buffer=0x9f33980, size=54 bytes)
I0317 11:12:08.261438    1251 nixl_agent.cpp:1515] Loading remote metadata for agent: initiator
I0317 11:12:08.261484    1251 libfabric_backend_hip.cpp:468] Loading remote info for agent: initiator, info length=109, info (hex): 6e 69 78 6c 53 65 72 44 65 73 7c 6e 75 6d 5f 72 61 69 6c 73 01 00 00 00 00 00 00 00 31 7c 64 65 73 74 5f 64 61 74 61 5f 65 70 5f 30 38 00 00 00 00 00 00 00 02 00 a4 57 0a fe 0a 2f 00 00 00 00 00 00 00 00 00 00 00 00 00 00 00 00 00 00 00 00 00 00 00 00 00 00 00 00 00 00 00 00 00 00 00 00 00 00 00 00 00 00 00 00 00 00 00 00 7c 
I0317 11:12:08.261536    1251 libfabric_backend_hip.cpp:477] Processing 1 rails for agent: initiator
I0317 11:12:08.261572    1251 libfabric_rail_manager_hip.cpp:1133] Successfully deserialized 1 rail endpoints.
I0317 11:12:08.261576    1251 libfabric_rail_manager_hip.cpp:1057] Connection info deserialized with prefix dest: 1 data endpoints
I0317 11:12:08.261580    1251 libfabric_backend_hip.cpp:570] Creating connection for agent: initiator
I0317 11:12:08.261643    1251 libfabric_rail_manager_hip.cpp:810] Processed rail 0 (fi_addr=1)
I0317 11:12:08.261648    1251 libfabric_rail_manager_hip.cpp:818] Successfully processed 1 rails
I0317 11:12:08.261656    1251 libfabric_backend_hip.cpp:604] Index 0: target
I0317 11:12:08.261659    1251 libfabric_backend_hip.cpp:604] Index 1: initiator
I0317 11:12:08.261666    1251 libfabric_backend_hip.cpp:612] Successfully created connection for agent: initiator on 1 rails
I0317 11:12:08.261670    1251 libfabric_backend_hip.cpp:496] Successfully stored multirail connection for initiator on 1 rails
I0317 11:12:08.261690    1251 libfabric_backend_hip.cpp:852] Loading remote metadata for agent: initiator
I0317 11:12:08.261698    1251 libfabric_rail_manager_hip.cpp:1019] Deserialized memory keys for 1 rails (remote addr: 0xadbaf40)
I0317 11:12:08.261708    1251 libfabric_backend_hip.cpp:833] Metadata loaded with Remote addr: 0xadbaf40 Remote keys for 1 rails Remote fi_addr: 1
I0317 11:12:08.264687    1186 libfabric_backend_hip.cpp:1214] Fragmenting: agent_name=6B, message=566B, combined_payload=572B, fragments=1, frag0_capacity=8172, frag_capacity=8182
I0317 11:12:08.264733    1186 libfabric_backend_hip.cpp:1243] Fragment 0: combined_payload_chunk=572B
I0317 11:12:08.264735    1186 libfabric_backend_hip.cpp:1261] Fragmentation complete: 1 fragments, total_payload=572B
I0317 11:12:08.264738    1186 libfabric_backend_hip.cpp:1355] genNotif: Fragmented notification into 1 fragments, total_length=572
I0317 11:12:08.264752    1186 libfabric_backend_hip.cpp:1280] Sending 1 notification fragments total_message_length=572
I0317 11:12:08.264772    1186 libfabric_rail.cpp:320] Allocate on Rail 0 allocated control request XFER_ID=0 buffer_size=8192
I0317 11:12:08.264779    1186 libfabric_backend_hip.cpp:1315] Sending binary notification fragment 0/1 size=592B payload_chunk_size=572B notif_xfer_id=0
I0317 11:12:08.264794    1186 libfabric_rail_manager_hip.cpp:892] Sending control message type 2 agent_idx=1 XFER_ID=0 imm_data=18 on rail 0
I0317 11:12:08.264805    1186 libfabric_rail_manager_hip.cpp:1151] Rail 0 was already active
I0317 11:12:08.264810    1186 libfabric_rail.cpp:1023] Sending data on endpoint=0x9f35750 buffer=0x7ef31a9fd010 size=592 immediate_data=0x12 msg_type=0x2 agent_idx=0x1 XFER_ID=0 dest_addr=0x1 context=0x9eced90
I0317 11:12:08.264900    1186 libfabric_rail.cpp:1056] fi_senddata returned EAGAIN on rail 0, retrying (attempt 1)
I0317 11:12:08.264912    1186 libfabric_rail.cpp:1056] fi_senddata returned EAGAIN on rail 0, retrying (attempt 2)
I0317 11:12:08.264913    1186 libfabric_rail.cpp:1056] fi_senddata returned EAGAIN on rail 0, retrying (attempt 3)
I0317 11:12:08.264916    1186 libfabric_rail.cpp:1056] fi_senddata returned EAGAIN on rail 0, retrying (attempt 4)
I0317 11:12:08.264919    1186 libfabric_rail.cpp:1056] fi_senddata returned EAGAIN on rail 0, retrying (attempt 5)
I0317 11:12:08.264922    1186 libfabric_rail.cpp:1056] fi_senddata returned EAGAIN on rail 0, retrying (attempt 6)
I0317 11:12:08.264923    1186 libfabric_rail.cpp:1056] fi_senddata returned EAGAIN on rail 0, retrying (attempt 7)
I0317 11:12:08.264924    1186 libfabric_rail.cpp:1056] fi_senddata returned EAGAIN on rail 0, retrying (attempt 8)
I0317 11:12:08.264931    1186 libfabric_rail.cpp:1056] fi_senddata returned EAGAIN on rail 0, retrying (attempt 9)
I0317 11:12:08.264933    1186 libfabric_rail.cpp:1056] fi_senddata returned EAGAIN on rail 0, retrying (attempt 10)
I0317 11:12:08.264934    1186 libfabric_rail.cpp:1056] fi_senddata returned EAGAIN on rail 0, retrying (attempt 11)
I0317 11:12:08.264937    1186 libfabric_rail.cpp:1056] fi_senddata returned EAGAIN on rail 0, retrying (attempt 12)
I0317 11:12:08.264938    1186 libfabric_rail.cpp:1056] fi_senddata returned EAGAIN on rail 0, retrying (attempt 13)
I0317 11:12:08.264942    1186 libfabric_rail.cpp:1056] fi_senddata returned EAGAIN on rail 0, retrying (attempt 14)
I0317 11:12:08.264945    1186 libfabric_rail.cpp:1056] fi_senddata returned EAGAIN on rail 0, retrying (attempt 15)
I0317 11:12:08.264946    1186 libfabric_rail.cpp:1056] fi_senddata returned EAGAIN on rail 0, retrying (attempt 16)
I0317 11:12:08.264948    1186 libfabric_rail.cpp:1056] fi_senddata returned EAGAIN on rail 0, retrying (attempt 17)
I0317 11:12:08.264951    1186 libfabric_rail.cpp:1056] fi_senddata returned EAGAIN on rail 0, retrying (attempt 18)
I0317 11:12:08.264952    1186 libfabric_rail.cpp:1056] fi_senddata returned EAGAIN on rail 0, retrying (attempt 19)
I0317 11:12:08.264963    1186 libfabric_rail.cpp:1056] fi_senddata returned EAGAIN on rail 0, retrying (attempt 20)
I0317 11:12:08.264970    1186 libfabric_rail.cpp:1056] fi_senddata returned EAGAIN on rail 0, retrying (attempt 21)
I0317 11:12:08.264971    1186 libfabric_rail.cpp:1056] fi_senddata returned EAGAIN on rail 0, retrying (attempt 22)
I0317 11:12:08.264977    1186 libfabric_rail.cpp:1056] fi_senddata returned EAGAIN on rail 0, retrying (attempt 23)
I0317 11:12:08.264978    1186 libfabric_rail.cpp:1056] fi_senddata returned EAGAIN on rail 0, retrying (attempt 24)
I0317 11:12:08.264985    1186 libfabric_rail.cpp:1056] fi_senddata returned EAGAIN on rail 0, retrying (attempt 25)
I0317 11:12:08.264991    1186 libfabric_rail.cpp:1056] fi_senddata returned EAGAIN on rail 0, retrying (attempt 26)
I0317 11:12:08.264993    1186 libfabric_rail.cpp:1056] fi_senddata returned EAGAIN on rail 0, retrying (attempt 27)
I0317 11:12:08.264998    1186 libfabric_rail.cpp:1056] fi_senddata returned EAGAIN on rail 0, retrying (attempt 28)
I0317 11:12:08.264999    1186 libfabric_rail.cpp:1056] fi_senddata returned EAGAIN on rail 0, retrying (attempt 29)
I0317 11:12:08.265005    1186 libfabric_rail.cpp:1056] fi_senddata returned EAGAIN on rail 0, retrying (attempt 30)
I0317 11:12:08.265006    1186 libfabric_rail.cpp:1056] fi_senddata returned EAGAIN on rail 0, retrying (attempt 31)
I0317 11:12:08.265012    1186 libfabric_rail.cpp:1056] fi_senddata returned EAGAIN on rail 0, retrying (attempt 32)
I0317 11:12:08.265015    1186 libfabric_rail.cpp:1056] fi_senddata returned EAGAIN on rail 0, retrying (attempt 33)
I0317 11:12:08.265017    1186 libfabric_rail.cpp:1056] fi_senddata returned EAGAIN on rail 0, retrying (attempt 34)
I0317 11:12:08.265022    1186 libfabric_rail.cpp:1056] fi_senddata returned EAGAIN on rail 0, retrying (attempt 35)
I0317 11:12:08.265023    1186 libfabric_rail.cpp:1056] fi_senddata returned EAGAIN on rail 0, retrying (attempt 36)
I0317 11:12:08.265025    1186 libfabric_rail.cpp:1056] fi_senddata returned EAGAIN on rail 0, retrying (attempt 37)
I0317 11:12:08.265027    1186 libfabric_rail.cpp:1056] fi_senddata returned EAGAIN on rail 0, retrying (attempt 38)
I0317 11:12:08.265029    1186 libfabric_rail.cpp:1056] fi_senddata returned EAGAIN on rail 0, retrying (attempt 39)
I0317 11:12:08.265030    1186 libfabric_rail.cpp:1056] fi_senddata returned EAGAIN on rail 0, retrying (attempt 40)
I0317 11:12:08.265033    1186 libfabric_rail.cpp:1056] fi_senddata returned EAGAIN on rail 0, retrying (attempt 41)
I0317 11:12:08.265035    1186 libfabric_rail.cpp:1056] fi_senddata returned EAGAIN on rail 0, retrying (attempt 42)
I0317 11:12:08.265038    1186 libfabric_rail.cpp:1056] fi_senddata returned EAGAIN on rail 0, retrying (attempt 43)
I0317 11:12:08.265039    1186 libfabric_rail.cpp:1056] fi_senddata returned EAGAIN on rail 0, retrying (attempt 44)
I0317 11:12:08.265044    1186 libfabric_rail.cpp:1056] fi_senddata returned EAGAIN on rail 0, retrying (attempt 45)
I0317 11:12:08.265046    1186 libfabric_rail.cpp:1056] fi_senddata returned EAGAIN on rail 0, retrying (attempt 46)
I0317 11:12:08.265047    1186 libfabric_rail.cpp:1056] fi_senddata returned EAGAIN on rail 0, retrying (attempt 47)
I0317 11:12:08.265055    1186 libfabric_rail.cpp:1056] fi_senddata returned EAGAIN on rail 0, retrying (attempt 48)
I0317 11:12:08.265062    1186 libfabric_rail.cpp:1056] fi_senddata returned EAGAIN on rail 0, retrying (attempt 49)
I0317 11:12:08.265063    1186 libfabric_rail.cpp:1056] fi_senddata returned EAGAIN on rail 0, retrying (attempt 50)
I0317 11:12:08.265068    1186 libfabric_rail.cpp:1056] fi_senddata returned EAGAIN on rail 0, retrying (attempt 51)
I0317 11:12:08.265069    1186 libfabric_rail.cpp:1056] fi_senddata returned EAGAIN on rail 0, retrying (attempt 52)
I0317 11:12:08.265075    1186 libfabric_rail.cpp:1056] fi_senddata returned EAGAIN on rail 0, retrying (attempt 53)
I0317 11:12:08.265103    1186 libfabric_rail.cpp:1056] fi_senddata returned EAGAIN on rail 0, retrying (attempt 54)
I0317 11:12:08.265110    1186 libfabric_rail.cpp:1056] fi_senddata returned EAGAIN on rail 0, retrying (attempt 55)
I0317 11:12:08.265111    1186 libfabric_rail.cpp:1056] fi_senddata returned EAGAIN on rail 0, retrying (attempt 56)
I0317 11:12:08.265113    1186 libfabric_rail.cpp:1056] fi_senddata returned EAGAIN on rail 0, retrying (attempt 57)
I0317 11:12:08.265116    1186 libfabric_rail.cpp:1056] fi_senddata returned EAGAIN on rail 0, retrying (attempt 58)
I0317 11:12:08.265124    1186 libfabric_rail.cpp:1056] fi_senddata returned EAGAIN on rail 0, retrying (attempt 59)
I0317 11:12:08.265127    1186 libfabric_rail.cpp:1056] fi_senddata returned EAGAIN on rail 0, retrying (attempt 60)
I0317 11:12:08.265128    1186 libfabric_rail.cpp:1056] fi_senddata returned EAGAIN on rail 0, retrying (attempt 61)
I0317 11:12:08.265134    1186 libfabric_rail.cpp:1056] fi_senddata returned EAGAIN on rail 0, retrying (attempt 62)
I0317 11:12:08.265136    1186 libfabric_rail.cpp:1056] fi_senddata returned EAGAIN on rail 0, retrying (attempt 63)
I0317 11:12:08.265138    1186 libfabric_rail.cpp:1056] fi_senddata returned EAGAIN on rail 0, retrying (attempt 64)
I0317 11:12:08.265140    1186 libfabric_rail.cpp:1056] fi_senddata returned EAGAIN on rail 0, retrying (attempt 65)
I0317 11:12:08.265147    1186 libfabric_rail.cpp:1056] fi_senddata returned EAGAIN on rail 0, retrying (attempt 66)
I0317 11:12:08.265154    1186 libfabric_rail.cpp:1056] fi_senddata returned EAGAIN on rail 0, retrying (attempt 67)
I0317 11:12:08.265156    1186 libfabric_rail.cpp:1056] fi_senddata returned EAGAIN on rail 0, retrying (attempt 68)
I0317 11:12:08.265157    1186 libfabric_rail.cpp:1056] fi_senddata returned EAGAIN on rail 0, retrying (attempt 69)
I0317 11:12:08.265160    1186 libfabric_rail.cpp:1056] fi_senddata returned EAGAIN on rail 0, retrying (attempt 70)
I0317 11:12:08.265161    1186 libfabric_rail.cpp:1056] fi_senddata returned EAGAIN on rail 0, retrying (attempt 71)
I0317 11:12:08.265167    1186 libfabric_rail.cpp:1056] fi_senddata returned EAGAIN on rail 0, retrying (attempt 72)
I0317 11:12:08.265168    1186 libfabric_rail.cpp:1056] fi_senddata returned EAGAIN on rail 0, retrying (attempt 73)
I0317 11:12:08.265176    1186 libfabric_rail.cpp:1056] fi_senddata returned EAGAIN on rail 0, retrying (attempt 74)
I0317 11:12:08.265180    1186 libfabric_rail.cpp:1056] fi_senddata returned EAGAIN on rail 0, retrying (attempt 75)
I0317 11:12:08.265181    1186 libfabric_rail.cpp:1056] fi_senddata returned EAGAIN on rail 0, retrying (attempt 76)
I0317 11:12:08.265182    1186 libfabric_rail.cpp:1056] fi_senddata returned EAGAIN on rail 0, retrying (attempt 77)
I0317 11:12:08.265185    1186 libfabric_rail.cpp:1056] fi_senddata returned EAGAIN on rail 0, retrying (attempt 78)
I0317 11:12:08.265186    1186 libfabric_rail.cpp:1056] fi_senddata returned EAGAIN on rail 0, retrying (attempt 79)
I0317 11:12:08.265192    1186 libfabric_rail.cpp:1056] fi_senddata returned EAGAIN on rail 0, retrying (attempt 80)
I0317 11:12:08.265193    1186 libfabric_rail.cpp:1056] fi_senddata returned EAGAIN on rail 0, retrying (attempt 81)
I0317 11:12:08.265198    1186 libfabric_rail.cpp:1056] fi_senddata returned EAGAIN on rail 0, retrying (attempt 82)
I0317 11:12:08.265200    1186 libfabric_rail.cpp:1056] fi_senddata returned EAGAIN on rail 0, retrying (attempt 83)
I0317 11:12:08.268461    1186 libfabric_rail.cpp:1041] Send posted successfully after 84 attempts
I0317 11:12:08.268485    1186 libfabric_backend_hip.cpp:1343] Successfully sent all 1 notification fragments total_length=572
I0317 11:12:08.268475    1255 libfabric_rail.cpp:770] Routing completion from rail 0 with flags=0x802 FI_SEND: 0x800 FI_RECV: 0 FI_WRITE: 0 FI_REMOTE_WRITE: 0
I0317 11:12:08.268546    1255 libfabric_rail.cpp:104] From context the request xfer_id is : 0
I0317 11:12:08.268551    1255 libfabric_rail.cpp:69] ReleaseReq on Rail 0 releasing request XFER_ID=0 pool_index=3071
I0317 11:12:08.268563    1255 libfabric_rail.cpp:758] Processed 1 completions on rail 0
I0317 11:12:08.268567    1255 libfabric_rail_manager_hip.cpp:935] Processed completions on rail 0
I0317 11:12:08.268568    1255 libfabric_rail_manager_hip.cpp:946] Processed 1 rails, completions found
I0317 11:12:08.268570    1255 libfabric_backend_hip.cpp:1408] PT: Processed completions on rails
2026-03-17 11:12:08 NIXL INFO    expanded_two_peers.py:151 Waiting for transfers (4 READs and 2 WRITEs)
I0317 11:12:08.450138    1255 libfabric_rail.cpp:770] Routing completion from rail 0 with flags=0x20402 FI_SEND: 0 FI_RECV: 0x400 FI_WRITE: 0 FI_REMOTE_WRITE: 0
I0317 11:12:08.450143    1255 libfabric_rail.cpp:104] From context the request xfer_id is : 1
I0317 11:12:08.450145    1255 libfabric_rail.cpp:899] Received control message type 2 agent_idx=1 XFER_ID=1026 imm_data=0x402012
I0317 11:12:08.450146    1255 libfabric_rail.cpp:903] Processing notification request on rail 0 Xfer_id :1026
I0317 11:12:08.450150    1255 libfabric_rail.cpp:909] Adding message:              	 initiatorRead idx 0,4,8 to the notification list on rail 0
I0317 11:12:08.450155    1255 libfabric_backend_hip.cpp:1427] Received notification size=43
I0317 11:12:08.450159    1255 libfabric_backend_hip.cpp:1453] Received notification fragment notif_xfer_id=1026 notif_seq_id=0/1 payload_chunk_size=23 expected_completions=0
I0317 11:12:08.450178    1255 libfabric_backend_hip.cpp:1465] Created pending notification notif_xfer_id=1026 expected_completions=0 expected_msg_fragments=1
I0317 11:12:08.450186    1255 libfabric_backend_hip.cpp:1500] Stored fragment notif_xfer_id=1026 fragment 0/1 received_msg_fragments=1 expected_completions=0 received_completions=0
I0317 11:12:08.450189    1255 libfabric_backend_hip.cpp:1560] Notification complete: fragments=1/1 writes=0/0
I0317 11:12:08.450206    1255 libfabric_backend_hip.cpp:1593] Processed queued notification from initiator message_len=14
I0317 11:12:08.450213    1255 libfabric_rail.cpp:915] Notification stored via callback
I0317 11:12:08.450216    1255 libfabric_rail.cpp:69] ReleaseReq on Rail 0 releasing request XFER_ID=1 pool_index=4095
I0317 11:12:08.450221    1255 libfabric_rail.cpp:320] Allocate on Rail 0 allocated control request XFER_ID=1025 buffer_size=8192
I0317 11:12:08.450223    1186 libfabric_backend_hip.cpp:1380] Retrieved 1 notifications
I0317 11:12:08.450224    1255 libfabric_rail.cpp:997] Posting receive on endpoint=0x9f35750 buffer=0x7ef31b1fd010 size=8192 context=0x9ef9840
I0317 11:12:08.450238    1255 libfabric_rail.cpp:1006] Receive posted successfully
I0317 11:12:08.450239    1255 libfabric_rail.cpp:758] Processed 1 completions on rail 0
I0317 11:12:08.450240    1255 libfabric_rail_manager_hip.cpp:935] Processed completions on rail 0
I0317 11:12:08.450241    1255 libfabric_rail_manager_hip.cpp:946] Processed 1 rails, completions found
I0317 11:12:08.450242    1255 libfabric_backend_hip.cpp:1408] PT: Processed completions on rails
I0317 11:12:08.450253    1255 libfabric_rail.cpp:770] Routing completion from rail 0 with flags=0x20402 FI_SEND: 0 FI_RECV: 0x400 FI_WRITE: 0 FI_REMOTE_WRITE: 0
I0317 11:12:08.450255    1255 libfabric_rail.cpp:104] From context the request xfer_id is : 2
I0317 11:12:08.450256    1255 libfabric_rail.cpp:899] Received control message type 2 agent_idx=1 XFER_ID=1027 imm_data=0x403012
I0317 11:12:08.450257    1255 libfabric_rail.cpp:903] Processing notification request on rail 0 Xfer_id :1027
I0317 11:12:08.450257    1255 libfabric_rail.cpp:909] Adding message:              	 initiatorRead idx 1,5,9 to the notification list on rail 0
I0317 11:12:08.450258    1255 libfabric_backend_hip.cpp:1427] Received notification size=43
I0317 11:12:08.450259    1255 libfabric_backend_hip.cpp:1453] Received notification fragment notif_xfer_id=1027 notif_seq_id=0/1 payload_chunk_size=23 expected_completions=0
I0317 11:12:08.450260    1255 libfabric_backend_hip.cpp:1465] Created pending notification notif_xfer_id=1027 expected_completions=0 expected_msg_fragments=1
I0317 11:12:08.450261    1255 libfabric_backend_hip.cpp:1500] Stored fragment notif_xfer_id=1027 fragment 0/1 received_msg_fragments=1 expected_completions=0 received_completions=0
I0317 11:12:08.450262    1255 libfabric_backend_hip.cpp:1560] Notification complete: fragments=1/1 writes=0/0
I0317 11:12:08.450264    1255 libfabric_backend_hip.cpp:1593] Processed queued notification from initiator message_len=14
I0317 11:12:08.450264    1186 libfabric_backend_hip.cpp:1380] Retrieved 1 notifications
I0317 11:12:08.450265    1255 libfabric_rail.cpp:915] Notification stored via callback
I0317 11:12:08.450271    1255 libfabric_rail.cpp:69] ReleaseReq on Rail 0 releasing request XFER_ID=2 pool_index=4094
I0317 11:12:08.450272    1255 libfabric_rail.cpp:320] Allocate on Rail 0 allocated control request XFER_ID=1026 buffer_size=8192
I0317 11:12:08.450273    1255 libfabric_rail.cpp:997] Posting receive on endpoint=0x9f35750 buffer=0x7ef31b1fb010 size=8192 context=0x9ef9790
I0317 11:12:08.450274    1255 libfabric_rail.cpp:1006] Receive posted successfully
I0317 11:12:08.450275    1255 libfabric_rail.cpp:770] Routing completion from rail 0 with flags=0x20402 FI_SEND: 0 FI_RECV: 0x400 FI_WRITE: 0 FI_REMOTE_WRITE: 0
I0317 11:12:08.450276    1255 libfabric_rail.cpp:104] From context the request xfer_id is : 3
I0317 11:12:08.450276    1255 libfabric_rail.cpp:899] Received control message type 2 agent_idx=1 XFER_ID=1028 imm_data=0x404012
I0317 11:12:08.450277    1255 libfabric_rail.cpp:903] Processing notification request on rail 0 Xfer_id :1028
I0317 11:12:08.450278    1255 libfabric_rail.cpp:909] Adding message:              	 initiatorRead idx 2,6,10 to the notification list on rail 0
I0317 11:12:08.450278    1255 libfabric_backend_hip.cpp:1427] Received notification size=44
I0317 11:12:08.450279    1255 libfabric_backend_hip.cpp:1453] Received notification fragment notif_xfer_id=1028 notif_seq_id=0/1 payload_chunk_size=24 expected_completions=0
I0317 11:12:08.450280    1255 libfabric_backend_hip.cpp:1465] Created pending notification notif_xfer_id=1028 expected_completions=0 expected_msg_fragments=1
I0317 11:12:08.450281    1255 libfabric_backend_hip.cpp:1500] Stored fragment notif_xfer_id=1028 fragment 0/1 received_msg_fragments=1 expected_completions=0 received_completions=0
I0317 11:12:08.450283    1255 libfabric_backend_hip.cpp:1560] Notification complete: fragments=1/1 writes=0/0
I0317 11:12:08.450284    1255 libfabric_backend_hip.cpp:1593] Processed queued notification from initiator message_len=15
I0317 11:12:08.450284    1186 libfabric_backend_hip.cpp:1380] Retrieved 1 notifications
I0317 11:12:08.450285    1255 libfabric_rail.cpp:915] Notification stored via callback
I0317 11:12:08.450291    1255 libfabric_rail.cpp:69] ReleaseReq on Rail 0 releasing request XFER_ID=3 pool_index=4093
I0317 11:12:08.450293    1255 libfabric_rail.cpp:320] Allocate on Rail 0 allocated control request XFER_ID=1027 buffer_size=8192
I0317 11:12:08.450293    1255 libfabric_rail.cpp:997] Posting receive on endpoint=0x9f35750 buffer=0x7ef31b1f9010 size=8192 context=0x9ef96e8
I0317 11:12:08.450294    1255 libfabric_rail.cpp:1006] Receive posted successfully
I0317 11:12:08.450295    1255 libfabric_rail.cpp:770] Routing completion from rail 0 with flags=0x20402 FI_SEND: 0 FI_RECV: 0x400 FI_WRITE: 0 FI_REMOTE_WRITE: 0
I0317 11:12:08.450296    1255 libfabric_rail.cpp:104] From context the request xfer_id is : 4
I0317 11:12:08.450297    1255 libfabric_rail.cpp:899] Received control message type 2 agent_idx=1 XFER_ID=1029 imm_data=0x405012
I0317 11:12:08.450297    1255 libfabric_rail.cpp:903] Processing notification request on rail 0 Xfer_id :1029
I0317 11:12:08.450298    1255 libfabric_rail.cpp:909] Adding message:              	 initiatorRead idx 3,7,11 to the notification list on rail 0
I0317 11:12:08.450299    1255 libfabric_backend_hip.cpp:1427] Received notification size=44
I0317 11:12:08.450299    1255 libfabric_backend_hip.cpp:1453] Received notification fragment notif_xfer_id=1029 notif_seq_id=0/1 payload_chunk_size=24 expected_completions=0
I0317 11:12:08.450300    1255 libfabric_backend_hip.cpp:1465] Created pending notification notif_xfer_id=1029 expected_completions=0 expected_msg_fragments=1
I0317 11:12:08.450301    1255 libfabric_backend_hip.cpp:1500] Stored fragment notif_xfer_id=1029 fragment 0/1 received_msg_fragments=1 expected_completions=0 received_completions=0
I0317 11:12:08.450302    1255 libfabric_backend_hip.cpp:1560] Notification complete: fragments=1/1 writes=0/0
I0317 11:12:08.450304    1255 libfabric_backend_hip.cpp:1593] Processed queued notification from initiator message_len=15
I0317 11:12:08.450304    1186 libfabric_backend_hip.cpp:1380] Retrieved 1 notifications
I0317 11:12:08.450305    1255 libfabric_rail.cpp:915] Notification stored via callback
I0317 11:12:08.450308    1255 libfabric_rail.cpp:69] ReleaseReq on Rail 0 releasing request XFER_ID=4 pool_index=4092
I0317 11:12:08.450309    1255 libfabric_rail.cpp:320] Allocate on Rail 0 allocated control request XFER_ID=1028 buffer_size=8192
I0317 11:12:08.450310    1255 libfabric_rail.cpp:997] Posting receive on endpoint=0x9f35750 buffer=0x7ef31b1f7010 size=8192 context=0x9ef9640
I0317 11:12:08.450311    1255 libfabric_rail.cpp:1006] Receive posted successfully
I0317 11:12:08.450311    1255 libfabric_rail.cpp:758] Processed 3 completions on rail 0
I0317 11:12:08.450312    1255 libfabric_rail_manager_hip.cpp:935] Processed completions on rail 0
I0317 11:12:08.450312    1255 libfabric_rail_manager_hip.cpp:946] Processed 1 rails, completions found
I0317 11:12:08.450313    1255 libfabric_backend_hip.cpp:1408] PT: Processed completions on rails
I0317 11:12:08.450321    1255 libfabric_rail.cpp:770] Routing completion from rail 0 with flags=0x22004 FI_SEND: 0 FI_RECV: 0 FI_WRITE: 0 FI_REMOTE_WRITE: 0x2000
I0317 11:12:08.450322    1255 libfabric_rail.cpp:957] Remote write completion on rail 0 - received 64 bytes agent_idx=1 XFER_ID=1030 imm_data=0x406014
I0317 11:12:08.450325    1255 libfabric_backend_hip.cpp:1532] Created placeholder notification for notif_xfer_id 1030 (write arrived first)
I0317 11:12:08.450326    1255 libfabric_backend_hip.cpp:1537] Incremented received count for notif_xfer_id 1030: 1/2147483647
I0317 11:12:08.450328    1255 libfabric_rail.cpp:964] Called XFER_ID callback for XFER_ID 1030
I0317 11:12:08.450329    1255 libfabric_rail.cpp:770] Routing completion from rail 0 with flags=0x22004 FI_SEND: 0 FI_RECV: 0 FI_WRITE: 0 FI_REMOTE_WRITE: 0x2000
I0317 11:12:08.450330    1255 libfabric_rail.cpp:957] Remote write completion on rail 0 - received 64 bytes agent_idx=1 XFER_ID=1030 imm_data=0x10406014
I0317 11:12:08.450331    1255 libfabric_backend_hip.cpp:1537] Incremented received count for notif_xfer_id 1030: 2/2147483647
I0317 11:12:08.450332    1255 libfabric_rail.cpp:964] Called XFER_ID callback for XFER_ID 1030
I0317 11:12:08.450333    1255 libfabric_rail.cpp:758] Processed 2 completions on rail 0
I0317 11:12:08.450333    1255 libfabric_rail_manager_hip.cpp:935] Processed completions on rail 0
I0317 11:12:08.450334    1255 libfabric_rail_manager_hip.cpp:946] Processed 1 rails, completions found
I0317 11:12:08.450335    1255 libfabric_backend_hip.cpp:1408] PT: Processed completions on rails
I0317 11:12:08.450340    1255 libfabric_rail.cpp:770] Routing completion from rail 0 with flags=0x20402 FI_SEND: 0 FI_RECV: 0x400 FI_WRITE: 0 FI_REMOTE_WRITE: 0
I0317 11:12:08.450341    1255 libfabric_rail.cpp:104] From context the request xfer_id is : 5
I0317 11:12:08.450341    1255 libfabric_rail.cpp:899] Received control message type 2 agent_idx=1 XFER_ID=1030 imm_data=0x406012
I0317 11:12:08.450342    1255 libfabric_rail.cpp:903] Processing notification request on rail 0 Xfer_id :1030
I0317 11:12:08.450343    1255 libfabric_rail.cpp:909] Adding message:    ,   ,      	 initiatorWrite tensors 12(second),13(second) to the notification list on rail 0
I0317 11:12:08.450344    1255 libfabric_backend_hip.cpp:1427] Received notification size=64
I0317 11:12:08.450344    1255 libfabric_backend_hip.cpp:1453] Received notification fragment notif_xfer_id=1030 notif_seq_id=0/1 payload_chunk_size=44 expected_completions=2
I0317 11:12:08.450346    1255 libfabric_backend_hip.cpp:1500] Stored fragment notif_xfer_id=1030 fragment 0/1 received_msg_fragments=1 expected_completions=2 received_completions=2
I0317 11:12:08.450347    1255 libfabric_backend_hip.cpp:1560] Notification complete: fragments=1/1 writes=2/2
I0317 11:12:08.450348    1255 libfabric_backend_hip.cpp:1593] Processed queued notification from initiator message_len=35
I0317 11:12:08.450349    1255 libfabric_rail.cpp:915] Notification stored via callback
I0317 11:12:08.450349    1186 libfabric_backend_hip.cpp:1380] Retrieved 1 notifications
I0317 11:12:08.450351    1255 libfabric_rail.cpp:69] ReleaseReq on Rail 0 releasing request XFER_ID=5 pool_index=4091
I0317 11:12:08.450353    1255 libfabric_rail.cpp:320] Allocate on Rail 0 allocated control request XFER_ID=1029 buffer_size=8192
I0317 11:12:08.450354    1255 libfabric_rail.cpp:997] Posting receive on endpoint=0x9f35750 buffer=0x7ef31b1f5010 size=8192 context=0x9ef9590
I0317 11:12:08.450354    1255 libfabric_rail.cpp:1006] Receive posted successfully
I0317 11:12:08.450355    1255 libfabric_rail.cpp:758] Processed 1 completions on rail 0
I0317 11:12:08.450356    1255 libfabric_rail_manager_hip.cpp:935] Processed completions on rail 0
I0317 11:12:08.450356    1255 libfabric_rail_manager_hip.cpp:946] Processed 1 rails, completions found
I0317 11:12:08.450357    1255 libfabric_backend_hip.cpp:1408] PT: Processed completions on rails
I0317 11:12:08.450370    1255 libfabric_rail.cpp:770] Routing completion from rail 0 with flags=0x22004 FI_SEND: 0 FI_RECV: 0 FI_WRITE: 0 FI_REMOTE_WRITE: 0x2000
I0317 11:12:08.450371    1255 libfabric_rail.cpp:957] Remote write completion on rail 0 - received 64 bytes agent_idx=1 XFER_ID=1031 imm_data=0x20407014
I0317 11:12:08.450372    1255 libfabric_backend_hip.cpp:1532] Created placeholder notification for notif_xfer_id 1031 (write arrived first)
I0317 11:12:08.450373    1255 libfabric_backend_hip.cpp:1537] Incremented received count for notif_xfer_id 1031: 1/2147483647
I0317 11:12:08.450374    1255 libfabric_rail.cpp:964] Called XFER_ID callback for XFER_ID 1031
I0317 11:12:08.450374    1255 libfabric_rail.cpp:758] Processed 1 completions on rail 0
I0317 11:12:08.450375    1255 libfabric_rail_manager_hip.cpp:935] Processed completions on rail 0
I0317 11:12:08.450376    1255 libfabric_rail_manager_hip.cpp:946] Processed 1 rails, completions found
I0317 11:12:08.450376    1255 libfabric_backend_hip.cpp:1408] PT: Processed completions on rails
I0317 11:12:08.450391    1255 libfabric_rail.cpp:770] Routing completion from rail 0 with flags=0x22004 FI_SEND: 0 FI_RECV: 0 FI_WRITE: 0 FI_REMOTE_WRITE: 0x2000
I0317 11:12:08.450393    1255 libfabric_rail.cpp:957] Remote write completion on rail 0 - received 64 bytes agent_idx=1 XFER_ID=1031 imm_data=0x30407014
I0317 11:12:08.450394    1255 libfabric_backend_hip.cpp:1537] Incremented received count for notif_xfer_id 1031: 2/2147483647
I0317 11:12:08.450395    1255 libfabric_rail.cpp:964] Called XFER_ID callback for XFER_ID 1031
I0317 11:12:08.450395    1255 libfabric_rail.cpp:758] Processed 1 completions on rail 0
I0317 11:12:08.450396    1255 libfabric_rail_manager_hip.cpp:935] Processed completions on rail 0
I0317 11:12:08.450397    1255 libfabric_rail_manager_hip.cpp:946] Processed 1 rails, completions found
I0317 11:12:08.450397    1255 libfabric_backend_hip.cpp:1408] PT: Processed completions on rails
I0317 11:12:08.450427    1255 libfabric_rail.cpp:770] Routing completion from rail 0 with flags=0x20402 FI_SEND: 0 FI_RECV: 0x400 FI_WRITE: 0 FI_REMOTE_WRITE: 0
I0317 11:12:08.450428    1255 libfabric_rail.cpp:104] From context the request xfer_id is : 6
I0317 11:12:08.450429    1255 libfabric_rail.cpp:899] Received control message type 2 agent_idx=1 XFER_ID=1031 imm_data=0x407012
I0317 11:12:08.450430    1255 libfabric_rail.cpp:903] Processing notification request on rail 0 Xfer_id :1031
I0317 11:12:08.450430    1255 libfabric_rail.cpp:909] Adding message:    +   +      	 initiatorWrite tensors 14(first),15(second) to the notification list on rail 0
I0317 11:12:08.450431    1255 libfabric_backend_hip.cpp:1427] Received notification size=63
I0317 11:12:08.450432    1255 libfabric_backend_hip.cpp:1453] Received notification fragment notif_xfer_id=1031 notif_seq_id=0/1 payload_chunk_size=43 expected_completions=2
I0317 11:12:08.450433    1255 libfabric_backend_hip.cpp:1500] Stored fragment notif_xfer_id=1031 fragment 0/1 received_msg_fragments=1 expected_completions=2 received_completions=2
I0317 11:12:08.450434    1255 libfabric_backend_hip.cpp:1560] Notification complete: fragments=1/1 writes=2/2
I0317 11:12:08.450437    1255 libfabric_backend_hip.cpp:1593] Processed queued notification from initiator message_len=34
I0317 11:12:08.450438    1255 libfabric_rail.cpp:915] Notification stored via callback
I0317 11:12:08.450439    1186 libfabric_backend_hip.cpp:1380] Retrieved 1 notifications
I0317 11:12:08.450439    1255 libfabric_rail.cpp:69] ReleaseReq on Rail 0 releasing request XFER_ID=6 pool_index=4090
I0317 11:12:08.450445    1255 libfabric_rail.cpp:320] Allocate on Rail 0 allocated control request XFER_ID=1030 buffer_size=8192
I0317 11:12:08.450446    1255 libfabric_rail.cpp:997] Posting receive on endpoint=0x9f35750 buffer=0x7ef31b1f3010 size=8192 context=0x9ef94e8
I0317 11:12:08.450447    1255 libfabric_rail.cpp:1006] Receive posted successfully
I0317 11:12:08.450447    1255 libfabric_rail.cpp:758] Processed 1 completions on rail 0
I0317 11:12:08.450448    1255 libfabric_rail_manager_hip.cpp:935] Processed completions on rail 0
I0317 11:12:08.450449    1255 libfabric_rail_manager_hip.cpp:946] Processed 1 rails, completions found
I0317 11:12:08.450449    1255 libfabric_backend_hip.cpp:1408] PT: Processed completions on rails
I0317 11:12:08.450751    1255 libfabric_rail.cpp:770] Routing completion from rail 0 with flags=0x20402 FI_SEND: 0 FI_RECV: 0x400 FI_WRITE: 0 FI_REMOTE_WRITE: 0
I0317 11:12:08.450753    1255 libfabric_rail.cpp:104] From context the request xfer_id is : 7
I0317 11:12:08.450754    1255 libfabric_rail.cpp:899] Received control message type 2 agent_idx=1 XFER_ID=1032 imm_data=0x408012
I0317 11:12:08.450755    1255 libfabric_rail.cpp:903] Processing notification request on rail 0 Xfer_id :1032
I0317 11:12:08.450755    1255 libfabric_rail.cpp:909] Adding message:              	 initiatorRead idx 0,4,8 to the notification list on rail 0
I0317 11:12:08.450756    1255 libfabric_backend_hip.cpp:1427] Received notification size=43
I0317 11:12:08.450756    1255 libfabric_backend_hip.cpp:1453] Received notification fragment notif_xfer_id=1032 notif_seq_id=0/1 payload_chunk_size=23 expected_completions=0
I0317 11:12:08.450758    1255 libfabric_backend_hip.cpp:1465] Created pending notification notif_xfer_id=1032 expected_completions=0 expected_msg_fragments=1
I0317 11:12:08.450759    1255 libfabric_backend_hip.cpp:1500] Stored fragment notif_xfer_id=1032 fragment 0/1 received_msg_fragments=1 expected_completions=0 received_completions=0
I0317 11:12:08.450760    1255 libfabric_backend_hip.cpp:1560] Notification complete: fragments=1/1 writes=0/0
I0317 11:12:08.450762    1255 libfabric_backend_hip.cpp:1593] Processed queued notification from initiator message_len=14
I0317 11:12:08.450762    1186 libfabric_backend_hip.cpp:1380] Retrieved 1 notifications
I0317 11:12:08.450763    1255 libfabric_rail.cpp:915] Notification stored via callback
I0317 11:12:08.450766    1255 libfabric_rail.cpp:69] ReleaseReq on Rail 0 releasing request XFER_ID=7 pool_index=4089
I0317 11:12:08.450767    1255 libfabric_rail.cpp:320] Allocate on Rail 0 allocated control request XFER_ID=1031 buffer_size=8192
I0317 11:12:08.450768    1255 libfabric_rail.cpp:997] Posting receive on endpoint=0x9f35750 buffer=0x7ef31b1f1010 size=8192 context=0x9ef9440
I0317 11:12:08.450769    1255 libfabric_rail.cpp:1006] Receive posted successfully
I0317 11:12:08.450769    1255 libfabric_rail.cpp:758] Processed 1 completions on rail 0
I0317 11:12:08.450770    1255 libfabric_rail_manager_hip.cpp:935] Processed completions on rail 0
I0317 11:12:08.450771    1255 libfabric_rail_manager_hip.cpp:946] Processed 1 rails, completions found
I0317 11:12:08.450771    1255 libfabric_backend_hip.cpp:1408] PT: Processed completions on rails
I0317 11:12:08.450791    1255 libfabric_rail.cpp:770] Routing completion from rail 0 with flags=0x20402 FI_SEND: 0 FI_RECV: 0x400 FI_WRITE: 0 FI_REMOTE_WRITE: 0
I0317 11:12:08.450792    1255 libfabric_rail.cpp:104] From context the request xfer_id is : 8
I0317 11:12:08.450793    1255 libfabric_rail.cpp:899] Received control message type 2 agent_idx=1 XFER_ID=1033 imm_data=0x409012
I0317 11:12:08.450794    1255 libfabric_rail.cpp:903] Processing notification request on rail 0 Xfer_id :1033
I0317 11:12:08.450795    1255 libfabric_rail.cpp:909] Adding message: 	             	 initiatorRead idx 1,5,9 to the notification list on rail 0
I0317 11:12:08.450795    1255 libfabric_backend_hip.cpp:1427] Received notification size=43
I0317 11:12:08.450796    1255 libfabric_backend_hip.cpp:1453] Received notification fragment notif_xfer_id=1033 notif_seq_id=0/1 payload_chunk_size=23 expected_completions=0
I0317 11:12:08.450797    1255 libfabric_backend_hip.cpp:1465] Created pending notification notif_xfer_id=1033 expected_completions=0 expected_msg_fragments=1
I0317 11:12:08.450798    1255 libfabric_backend_hip.cpp:1500] Stored fragment notif_xfer_id=1033 fragment 0/1 received_msg_fragments=1 expected_completions=0 received_completions=0
I0317 11:12:08.450799    1255 libfabric_backend_hip.cpp:1560] Notification complete: fragments=1/1 writes=0/0
I0317 11:12:08.450800    1255 libfabric_backend_hip.cpp:1593] Processed queued notification from initiator message_len=14
I0317 11:12:08.450801    1186 libfabric_backend_hip.cpp:1380] Retrieved 1 notifications
I0317 11:12:08.450801    1255 libfabric_rail.cpp:915] Notification stored via callback
I0317 11:12:08.450808    1255 libfabric_rail.cpp:69] ReleaseReq on Rail 0 releasing request XFER_ID=8 pool_index=4088
I0317 11:12:08.450809    1255 libfabric_rail.cpp:320] Allocate on Rail 0 allocated control request XFER_ID=1032 buffer_size=8192
I0317 11:12:08.450810    1255 libfabric_rail.cpp:997] Posting receive on endpoint=0x9f35750 buffer=0x7ef31b1ef010 size=8192 context=0x9ef9390
I0317 11:12:08.450811    1255 libfabric_rail.cpp:1006] Receive posted successfully
I0317 11:12:08.450811    1255 libfabric_rail.cpp:758] Processed 1 completions on rail 0
I0317 11:12:08.450812    1255 libfabric_rail_manager_hip.cpp:935] Processed completions on rail 0
I0317 11:12:08.450812    1255 libfabric_rail_manager_hip.cpp:946] Processed 1 rails, completions found
I0317 11:12:08.450813    1255 libfabric_backend_hip.cpp:1408] PT: Processed completions on rails
I0317 11:12:08.450817    1255 libfabric_rail.cpp:770] Routing completion from rail 0 with flags=0x20402 FI_SEND: 0 FI_RECV: 0x400 FI_WRITE: 0 FI_REMOTE_WRITE: 0
I0317 11:12:08.450818    1255 libfabric_rail.cpp:104] From context the request xfer_id is : 9
I0317 11:12:08.450819    1255 libfabric_rail.cpp:899] Received control message type 2 agent_idx=1 XFER_ID=1034 imm_data=0x40a012
I0317 11:12:08.450820    1255 libfabric_rail.cpp:903] Processing notification request on rail 0 Xfer_id :1034
I0317 11:12:08.450821    1255 libfabric_rail.cpp:909] Adding message: 
             	 initiatorRead idx 2,6,10 to the notification list on rail 0
I0317 11:12:08.450821    1255 libfabric_backend_hip.cpp:1427] Received notification size=44
I0317 11:12:08.450822    1255 libfabric_backend_hip.cpp:1453] Received notification fragment notif_xfer_id=1034 notif_seq_id=0/1 payload_chunk_size=24 expected_completions=0
I0317 11:12:08.450823    1255 libfabric_backend_hip.cpp:1465] Created pending notification notif_xfer_id=1034 expected_completions=0 expected_msg_fragments=1
I0317 11:12:08.450824    1255 libfabric_backend_hip.cpp:1500] Stored fragment notif_xfer_id=1034 fragment 0/1 received_msg_fragments=1 expected_completions=0 received_completions=0
I0317 11:12:08.450825    1255 libfabric_backend_hip.cpp:1560] Notification complete: fragments=1/1 writes=0/0
I0317 11:12:08.450826    1255 libfabric_backend_hip.cpp:1593] Processed queued notification from initiator message_len=15
I0317 11:12:08.450827    1186 libfabric_backend_hip.cpp:1380] Retrieved 1 notifications
I0317 11:12:08.450827    1255 libfabric_rail.cpp:915] Notification stored via callback
I0317 11:12:08.450834    1255 libfabric_rail.cpp:69] ReleaseReq on Rail 0 releasing request XFER_ID=9 pool_index=4087
I0317 11:12:08.450835    1255 libfabric_rail.cpp:320] Allocate on Rail 0 allocated control request XFER_ID=1033 buffer_size=8192
I0317 11:12:08.450835    1255 libfabric_rail.cpp:997] Posting receive on endpoint=0x9f35750 buffer=0x7ef31b1ed010 size=8192 context=0x9ef92e8
I0317 11:12:08.450836    1255 libfabric_rail.cpp:1006] Receive posted successfully
I0317 11:12:08.450837    1255 libfabric_rail.cpp:758] Processed 1 completions on rail 0
I0317 11:12:08.450837    1255 libfabric_rail_manager_hip.cpp:935] Processed completions on rail 0
I0317 11:12:08.450838    1255 libfabric_rail_manager_hip.cpp:946] Processed 1 rails, completions found
I0317 11:12:08.450839    1255 libfabric_backend_hip.cpp:1408] PT: Processed completions on rails
I0317 11:12:08.450846    1255 libfabric_rail.cpp:770] Routing completion from rail 0 with flags=0x20402 FI_SEND: 0 FI_RECV: 0x400 FI_WRITE: 0 FI_REMOTE_WRITE: 0
I0317 11:12:08.450848    1255 libfabric_rail.cpp:104] From context the request xfer_id is : 10
I0317 11:12:08.450848    1255 libfabric_rail.cpp:899] Received control message type 2 agent_idx=1 XFER_ID=1035 imm_data=0x40b012
I0317 11:12:08.450849    1255 libfabric_rail.cpp:903] Processing notification request on rail 0 Xfer_id :1035
I0317 11:12:08.450850    1255 libfabric_rail.cpp:909] Adding message:              	 initiatorRead idx 3,7,11 to the notification list on rail 0
I0317 11:12:08.450850    1255 libfabric_backend_hip.cpp:1427] Received notification size=44
I0317 11:12:08.450851    1255 libfabric_backend_hip.cpp:1453] Received notification fragment notif_xfer_id=1035 notif_seq_id=0/1 payload_chunk_size=24 expected_completions=0
I0317 11:12:08.450852    1255 libfabric_backend_hip.cpp:1465] Created pending notification notif_xfer_id=1035 expected_completions=0 expected_msg_fragments=1
I0317 11:12:08.450853    1255 libfabric_backend_hip.cpp:1500] Stored fragment notif_xfer_id=1035 fragment 0/1 received_msg_fragments=1 expected_completions=0 received_completions=0
I0317 11:12:08.450854    1255 libfabric_backend_hip.cpp:1560] Notification complete: fragments=1/1 writes=0/0
I0317 11:12:08.450855    1255 libfabric_backend_hip.cpp:1593] Processed queued notification from initiator message_len=15
I0317 11:12:08.450856    1186 libfabric_backend_hip.cpp:1380] Retrieved 1 notifications
I0317 11:12:08.450856    1255 libfabric_rail.cpp:915] Notification stored via callback
I0317 11:12:08.450862    1255 libfabric_rail.cpp:69] ReleaseReq on Rail 0 releasing request XFER_ID=10 pool_index=4086
I0317 11:12:08.450863    1255 libfabric_rail.cpp:320] Allocate on Rail 0 allocated control request XFER_ID=1034 buffer_size=8192
I0317 11:12:08.450864    1255 libfabric_rail.cpp:997] Posting receive on endpoint=0x9f35750 buffer=0x7ef31b1eb010 size=8192 context=0x9ef9240
I0317 11:12:08.450865    1255 libfabric_rail.cpp:1006] Receive posted successfully
I0317 11:12:08.450865    1255 libfabric_rail.cpp:758] Processed 1 completions on rail 0
I0317 11:12:08.450866    1255 libfabric_rail_manager_hip.cpp:935] Processed completions on rail 0
I0317 11:12:08.450867    1255 libfabric_rail_manager_hip.cpp:946] Processed 1 rails, completions found
I0317 11:12:08.450867    1255 libfabric_backend_hip.cpp:1408] PT: Processed completions on rails
I0317 11:12:08.561771    1251 libfabric_backend_hip.cpp:549] Connection already disconnected for initiator, fi_addr=1
