I0317 10:52:36.311955     893 nixl_log.cpp:80] NIXL version: 1.0.0 (git: 4071a532)
2026-03-17 10:52:36 NIXL INFO    logging.py:82 Log level set to TRACE from NIXL_LOG_LEVEL environment variable
I0317 10:52:36.315952     893 nixl_agent.cpp:119] NIXL ETCD is disabled
I0317 10:52:36.315961     893 configuration.h:47] Missing environment variable NIXL_TELEMETRY_ENABLE
I0317 10:52:36.315981     893 metadata_stream.cpp:95] MD listener is listening on port 5555...
I0317 10:52:36.316028     893 configuration.h:44] Obtained environment variable NIXL_PLUGIN_DIR=/usr/local/lib/x86_64-linux-gnu/plugins
I0317 10:52:36.316031     893 nixl_plugin_manager.cpp:303] Loading plugins from: /usr/local/lib/x86_64-linux-gnu/plugins
I0317 10:52:36.317585     893 nixl_plugin_manager.cpp:245] Failed to load plugin from /usr/local/lib/x86_64-linux-gnu/plugins/libplugin_UCX.so: /usr/local/lib/x86_64-linux-gnu/plugins/libplugin_UCX.so: undefined symbol: _ZN4nixl6hwInfo8instanceEv
I0317 10:52:36.317592     893 nixl_plugin_manager.cpp:398] Failed to load plugin 'UCX' from any directory
I0317 10:52:36.324228     893 nixl_plugin_manager.cpp:460] Discovered and loaded backend plugin: POSIX
I0317 10:52:36.338910     893 nixl_plugin_manager.cpp:460] Discovered and loaded backend plugin: LIBFABRIC
I0317 10:52:36.340241     893 nixl_plugin_manager.cpp:472] Discovered and loaded telemetry plugin: prometheus
I0317 10:52:36.342979     893 nixl_plugin_manager.cpp:245] Failed to load plugin from /usr/local/lib/x86_64-linux-gnu/plugins/libplugin_MOCK_BACKEND.so: libplugin_UCX.so: cannot open shared object file: No such file or directory
I0317 10:52:36.342984     893 nixl_plugin_manager.cpp:398] Failed to load plugin 'MOCK_BACKEND' from any directory
I0317 10:52:36.342992     893 nixl_plugin_manager.cpp:614] Loading static plugin: BUFFER
I0317 10:52:36.343031     893 libfabric_rail_manager_hip.cpp:199] Creating rail manager with striping threshold: 131072 bytes
I0317 10:52:36.343050     893 libfabric_topology_hip.cpp:53] Starting automatic topology discovery
I0317 10:52:36.343052     893 libfabric_topology_hip.cpp:72] Starting hwloc-based topology discovery
I0317 10:52:36.814246     893 libfabric_topology_hip.cpp:365] hwloc topology initialized successfully with IO device support
I0317 10:52:37.326017     893 libfabric_common.cpp:81] Found device - domain: ens22np0, provider=tcp, ep_type=3, caps=0x11a000000013f06
I0317 10:52:37.326106     893 libfabric_common.cpp:81] Found device - domain: ens12np0, provider=tcp, ep_type=3, caps=0x11a000000013f06
I0317 10:52:37.326111     893 libfabric_common.cpp:81] Found device - domain: ens21np0, provider=tcp, ep_type=3, caps=0x11a000000013f06
I0317 10:52:37.326113     893 libfabric_common.cpp:81] Found device - domain: ens11np0, provider=tcp, ep_type=3, caps=0x11a000000013f06
I0317 10:52:37.326114     893 libfabric_common.cpp:81] Found device - domain: ens42np0, provider=tcp, ep_type=3, caps=0x11a000000013f06
I0317 10:52:37.326116     893 libfabric_common.cpp:81] Found device - domain: ens32np0, provider=tcp, ep_type=3, caps=0x11a000000013f06
I0317 10:52:37.326117     893 libfabric_common.cpp:81] Found device - domain: ens41np0, provider=tcp, ep_type=3, caps=0x11a000000013f06
I0317 10:52:37.326118     893 libfabric_common.cpp:81] Found device - domain: ens31np0, provider=tcp, ep_type=3, caps=0x11a000000013f06
I0317 10:52:37.326119     893 libfabric_common.cpp:81] Found device - domain: ens22np0, provider=tcp, ep_type=3, caps=0x11a000000013f06
I0317 10:52:37.326120     893 libfabric_common.cpp:81] Found device - domain: ens12np0, provider=tcp, ep_type=3, caps=0x11a000000013f06
I0317 10:52:37.326121     893 libfabric_common.cpp:81] Found device - domain: ens21np0, provider=tcp, ep_type=3, caps=0x11a000000013f06
I0317 10:52:37.326122     893 libfabric_common.cpp:81] Found device - domain: ens11np0, provider=tcp, ep_type=3, caps=0x11a000000013f06
I0317 10:52:37.326123     893 libfabric_common.cpp:81] Found device - domain: ens42np0, provider=tcp, ep_type=3, caps=0x11a000000013f06
I0317 10:52:37.326124     893 libfabric_common.cpp:81] Found device - domain: ens32np0, provider=tcp, ep_type=3, caps=0x11a000000013f06
I0317 10:52:37.326125     893 libfabric_common.cpp:81] Found device - domain: ens41np0, provider=tcp, ep_type=3, caps=0x11a000000013f06
I0317 10:52:37.326126     893 libfabric_common.cpp:81] Found device - domain: ens31np0, provider=tcp, ep_type=3, caps=0x11a000000013f06
I0317 10:52:37.326127     893 libfabric_common.cpp:81] Found device - domain: flannel.1, provider=tcp, ep_type=3, caps=0x11a000000013f06
I0317 10:52:37.326129     893 libfabric_common.cpp:81] Found device - domain: vlan1401, provider=tcp, ep_type=3, caps=0x11a000000013f06
I0317 10:52:37.326130     893 libfabric_common.cpp:81] Found device - domain: ens51np0, provider=tcp, ep_type=3, caps=0x11a000000013f06
I0317 10:52:37.326131     893 libfabric_common.cpp:81] Found device - domain: flannel.1, provider=tcp, ep_type=3, caps=0x11a000000013f06
I0317 10:52:37.326132     893 libfabric_common.cpp:81] Found device - domain: ens51np0, provider=tcp, ep_type=3, caps=0x11a000000013f06
I0317 10:52:37.326133     893 libfabric_common.cpp:81] Found device - domain: vlan1401, provider=tcp, ep_type=3, caps=0x11a000000013f06
I0317 10:52:37.326134     893 libfabric_common.cpp:81] Found device - domain: cni0, provider=tcp, ep_type=3, caps=0x11a000000013f06
I0317 10:52:37.326135     893 libfabric_common.cpp:81] Found device - domain: vethd20ac36d, provider=tcp, ep_type=3, caps=0x11a000000013f06
I0317 10:52:37.326136     893 libfabric_common.cpp:81] Found device - domain: vethf79f544c, provider=tcp, ep_type=3, caps=0x11a000000013f06
I0317 10:52:37.326137     893 libfabric_common.cpp:81] Found device - domain: veth9b2b176c, provider=tcp, ep_type=3, caps=0x11a000000013f06
I0317 10:52:37.326138     893 libfabric_common.cpp:81] Found device - domain: cni0, provider=tcp, ep_type=3, caps=0x11a000000013f06
I0317 10:52:37.326139     893 libfabric_common.cpp:81] Found device - domain: ens22np0, provider=tcp;ofi_rxm, ep_type=3, caps=0x18000000013f06
I0317 10:52:37.326141     893 libfabric_common.cpp:81] Found device - domain: ens12np0, provider=tcp;ofi_rxm, ep_type=3, caps=0x18000000013f06
I0317 10:52:37.326142     893 libfabric_common.cpp:81] Found device - domain: ens21np0, provider=tcp;ofi_rxm, ep_type=3, caps=0x18000000013f06
I0317 10:52:37.326143     893 libfabric_common.cpp:81] Found device - domain: ens11np0, provider=tcp;ofi_rxm, ep_type=3, caps=0x18000000013f06
I0317 10:52:37.326144     893 libfabric_common.cpp:81] Found device - domain: ens42np0, provider=tcp;ofi_rxm, ep_type=3, caps=0x18000000013f06
I0317 10:52:37.326146     893 libfabric_common.cpp:81] Found device - domain: ens32np0, provider=tcp;ofi_rxm, ep_type=3, caps=0x18000000013f06
I0317 10:52:37.326146     893 libfabric_common.cpp:81] Found device - domain: ens41np0, provider=tcp;ofi_rxm, ep_type=3, caps=0x18000000013f06
I0317 10:52:37.326147     893 libfabric_common.cpp:81] Found device - domain: ens31np0, provider=tcp;ofi_rxm, ep_type=3, caps=0x18000000013f06
I0317 10:52:37.326148     893 libfabric_common.cpp:81] Found device - domain: ens22np0, provider=tcp;ofi_rxm, ep_type=3, caps=0x18000000013f06
I0317 10:52:37.326150     893 libfabric_common.cpp:81] Found device - domain: ens12np0, provider=tcp;ofi_rxm, ep_type=3, caps=0x18000000013f06
I0317 10:52:37.326151     893 libfabric_common.cpp:81] Found device - domain: ens21np0, provider=tcp;ofi_rxm, ep_type=3, caps=0x18000000013f06
I0317 10:52:37.326152     893 libfabric_common.cpp:81] Found device - domain: ens11np0, provider=tcp;ofi_rxm, ep_type=3, caps=0x18000000013f06
I0317 10:52:37.326153     893 libfabric_common.cpp:81] Found device - domain: ens42np0, provider=tcp;ofi_rxm, ep_type=3, caps=0x18000000013f06
I0317 10:52:37.326154     893 libfabric_common.cpp:81] Found device - domain: ens32np0, provider=tcp;ofi_rxm, ep_type=3, caps=0x18000000013f06
I0317 10:52:37.326155     893 libfabric_common.cpp:81] Found device - domain: ens41np0, provider=tcp;ofi_rxm, ep_type=3, caps=0x18000000013f06
I0317 10:52:37.326156     893 libfabric_common.cpp:81] Found device - domain: ens31np0, provider=tcp;ofi_rxm, ep_type=3, caps=0x18000000013f06
I0317 10:52:37.326157     893 libfabric_common.cpp:81] Found device - domain: flannel.1, provider=tcp;ofi_rxm, ep_type=3, caps=0x18000000013f06
I0317 10:52:37.326158     893 libfabric_common.cpp:81] Found device - domain: vlan1401, provider=tcp;ofi_rxm, ep_type=3, caps=0x18000000013f06
I0317 10:52:37.326159     893 libfabric_common.cpp:81] Found device - domain: ens51np0, provider=tcp;ofi_rxm, ep_type=3, caps=0x18000000013f06
I0317 10:52:37.326160     893 libfabric_common.cpp:81] Found device - domain: flannel.1, provider=tcp;ofi_rxm, ep_type=3, caps=0x18000000013f06
I0317 10:52:37.326161     893 libfabric_common.cpp:81] Found device - domain: ens51np0, provider=tcp;ofi_rxm, ep_type=3, caps=0x18000000013f06
I0317 10:52:37.326162     893 libfabric_common.cpp:81] Found device - domain: vlan1401, provider=tcp;ofi_rxm, ep_type=3, caps=0x18000000013f06
I0317 10:52:37.326163     893 libfabric_common.cpp:81] Found device - domain: cni0, provider=tcp;ofi_rxm, ep_type=3, caps=0x18000000013f06
I0317 10:52:37.326164     893 libfabric_common.cpp:81] Found device - domain: vethd20ac36d, provider=tcp;ofi_rxm, ep_type=3, caps=0x18000000013f06
I0317 10:52:37.326165     893 libfabric_common.cpp:81] Found device - domain: vethf79f544c, provider=tcp;ofi_rxm, ep_type=3, caps=0x18000000013f06
I0317 10:52:37.326166     893 libfabric_common.cpp:81] Found device - domain: veth9b2b176c, provider=tcp;ofi_rxm, ep_type=3, caps=0x18000000013f06
I0317 10:52:37.326167     893 libfabric_common.cpp:81] Found device - domain: cni0, provider=tcp;ofi_rxm, ep_type=3, caps=0x18000000013f06
I0317 10:52:37.326168     893 libfabric_common.cpp:81] Found device - domain: lo, provider=tcp;ofi_rxm, ep_type=3, caps=0x8000000013f06
I0317 10:52:37.326169     893 libfabric_common.cpp:81] Found device - domain: lo, provider=tcp;ofi_rxm, ep_type=3, caps=0x8000000013f06
I0317 10:52:37.326170     893 libfabric_common.cpp:81] Found device - domain: ens22np0, provider=tcp;ofi_rxm, ep_type=3, caps=0x18000000013f06
I0317 10:52:37.326171     893 libfabric_common.cpp:81] Found device - domain: ens12np0, provider=tcp;ofi_rxm, ep_type=3, caps=0x18000000013f06
I0317 10:52:37.326172     893 libfabric_common.cpp:81] Found device - domain: ens21np0, provider=tcp;ofi_rxm, ep_type=3, caps=0x18000000013f06
I0317 10:52:37.326173     893 libfabric_common.cpp:81] Found device - domain: ens11np0, provider=tcp;ofi_rxm, ep_type=3, caps=0x18000000013f06
I0317 10:52:37.326175     893 libfabric_common.cpp:81] Found device - domain: ens42np0, provider=tcp;ofi_rxm, ep_type=3, caps=0x18000000013f06
I0317 10:52:37.326176     893 libfabric_common.cpp:81] Found device - domain: ens32np0, provider=tcp;ofi_rxm, ep_type=3, caps=0x18000000013f06
I0317 10:52:37.326177     893 libfabric_common.cpp:81] Found device - domain: ens41np0, provider=tcp;ofi_rxm, ep_type=3, caps=0x18000000013f06
I0317 10:52:37.326178     893 libfabric_common.cpp:81] Found device - domain: ens31np0, provider=tcp;ofi_rxm, ep_type=3, caps=0x18000000013f06
I0317 10:52:37.326179     893 libfabric_common.cpp:81] Found device - domain: ens22np0, provider=tcp;ofi_rxm, ep_type=3, caps=0x18000000013f06
I0317 10:52:37.326180     893 libfabric_common.cpp:81] Found device - domain: ens12np0, provider=tcp;ofi_rxm, ep_type=3, caps=0x18000000013f06
I0317 10:52:37.326181     893 libfabric_common.cpp:81] Found device - domain: ens21np0, provider=tcp;ofi_rxm, ep_type=3, caps=0x18000000013f06
I0317 10:52:37.326182     893 libfabric_common.cpp:81] Found device - domain: ens11np0, provider=tcp;ofi_rxm, ep_type=3, caps=0x18000000013f06
I0317 10:52:37.326183     893 libfabric_common.cpp:81] Found device - domain: ens42np0, provider=tcp;ofi_rxm, ep_type=3, caps=0x18000000013f06
I0317 10:52:37.326184     893 libfabric_common.cpp:81] Found device - domain: ens32np0, provider=tcp;ofi_rxm, ep_type=3, caps=0x18000000013f06
I0317 10:52:37.326185     893 libfabric_common.cpp:81] Found device - domain: ens41np0, provider=tcp;ofi_rxm, ep_type=3, caps=0x18000000013f06
I0317 10:52:37.326186     893 libfabric_common.cpp:81] Found device - domain: ens31np0, provider=tcp;ofi_rxm, ep_type=3, caps=0x18000000013f06
I0317 10:52:37.326187     893 libfabric_common.cpp:81] Found device - domain: flannel.1, provider=tcp;ofi_rxm, ep_type=3, caps=0x18000000013f06
I0317 10:52:37.326188     893 libfabric_common.cpp:81] Found device - domain: vlan1401, provider=tcp;ofi_rxm, ep_type=3, caps=0x18000000013f06
I0317 10:52:37.326189     893 libfabric_common.cpp:81] Found device - domain: ens51np0, provider=tcp;ofi_rxm, ep_type=3, caps=0x18000000013f06
I0317 10:52:37.326190     893 libfabric_common.cpp:81] Found device - domain: flannel.1, provider=tcp;ofi_rxm, ep_type=3, caps=0x18000000013f06
I0317 10:52:37.326191     893 libfabric_common.cpp:81] Found device - domain: ens51np0, provider=tcp;ofi_rxm, ep_type=3, caps=0x18000000013f06
I0317 10:52:37.326192     893 libfabric_common.cpp:81] Found device - domain: vlan1401, provider=tcp;ofi_rxm, ep_type=3, caps=0x18000000013f06
I0317 10:52:37.326193     893 libfabric_common.cpp:81] Found device - domain: cni0, provider=tcp;ofi_rxm, ep_type=3, caps=0x18000000013f06
I0317 10:52:37.326194     893 libfabric_common.cpp:81] Found device - domain: vethd20ac36d, provider=tcp;ofi_rxm, ep_type=3, caps=0x18000000013f06
I0317 10:52:37.326195     893 libfabric_common.cpp:81] Found device - domain: vethf79f544c, provider=tcp;ofi_rxm, ep_type=3, caps=0x18000000013f06
I0317 10:52:37.326196     893 libfabric_common.cpp:81] Found device - domain: veth9b2b176c, provider=tcp;ofi_rxm, ep_type=3, caps=0x18000000013f06
I0317 10:52:37.326197     893 libfabric_common.cpp:81] Found device - domain: cni0, provider=tcp;ofi_rxm, ep_type=3, caps=0x18000000013f06
I0317 10:52:37.326198     893 libfabric_common.cpp:81] Found device - domain: lo, provider=tcp;ofi_rxm, ep_type=3, caps=0x8000000013f06
I0317 10:52:37.326199     893 libfabric_common.cpp:81] Found device - domain: lo, provider=tcp;ofi_rxm, ep_type=3, caps=0x8000000013f06
I0317 10:52:37.326200     893 libfabric_common.cpp:81] Found device - domain: ens22np0, provider=tcp;ofi_rxm, ep_type=3, caps=0x18000000013f06
I0317 10:52:37.326201     893 libfabric_common.cpp:81] Found device - domain: ens12np0, provider=tcp;ofi_rxm, ep_type=3, caps=0x18000000013f06
I0317 10:52:37.326202     893 libfabric_common.cpp:81] Found device - domain: ens21np0, provider=tcp;ofi_rxm, ep_type=3, caps=0x18000000013f06
I0317 10:52:37.326203     893 libfabric_common.cpp:81] Found device - domain: ens11np0, provider=tcp;ofi_rxm, ep_type=3, caps=0x18000000013f06
I0317 10:52:37.326204     893 libfabric_common.cpp:81] Found device - domain: ens42np0, provider=tcp;ofi_rxm, ep_type=3, caps=0x18000000013f06
I0317 10:52:37.326205     893 libfabric_common.cpp:81] Found device - domain: ens32np0, provider=tcp;ofi_rxm, ep_type=3, caps=0x18000000013f06
I0317 10:52:37.326207     893 libfabric_common.cpp:81] Found device - domain: ens41np0, provider=tcp;ofi_rxm, ep_type=3, caps=0x18000000013f06
I0317 10:52:37.326209     893 libfabric_common.cpp:81] Found device - domain: ens31np0, provider=tcp;ofi_rxm, ep_type=3, caps=0x18000000013f06
I0317 10:52:37.326210     893 libfabric_common.cpp:81] Found device - domain: ens22np0, provider=tcp;ofi_rxm, ep_type=3, caps=0x18000000013f06
I0317 10:52:37.326211     893 libfabric_common.cpp:81] Found device - domain: ens12np0, provider=tcp;ofi_rxm, ep_type=3, caps=0x18000000013f06
I0317 10:52:37.326212     893 libfabric_common.cpp:81] Found device - domain: ens21np0, provider=tcp;ofi_rxm, ep_type=3, caps=0x18000000013f06
I0317 10:52:37.326213     893 libfabric_common.cpp:81] Found device - domain: ens11np0, provider=tcp;ofi_rxm, ep_type=3, caps=0x18000000013f06
I0317 10:52:37.326214     893 libfabric_common.cpp:81] Found device - domain: ens42np0, provider=tcp;ofi_rxm, ep_type=3, caps=0x18000000013f06
I0317 10:52:37.326215     893 libfabric_common.cpp:81] Found device - domain: ens32np0, provider=tcp;ofi_rxm, ep_type=3, caps=0x18000000013f06
I0317 10:52:37.326216     893 libfabric_common.cpp:81] Found device - domain: ens41np0, provider=tcp;ofi_rxm, ep_type=3, caps=0x18000000013f06
I0317 10:52:37.326217     893 libfabric_common.cpp:81] Found device - domain: ens31np0, provider=tcp;ofi_rxm, ep_type=3, caps=0x18000000013f06
I0317 10:52:37.326218     893 libfabric_common.cpp:81] Found device - domain: flannel.1, provider=tcp;ofi_rxm, ep_type=3, caps=0x18000000013f06
I0317 10:52:37.326219     893 libfabric_common.cpp:81] Found device - domain: vlan1401, provider=tcp;ofi_rxm, ep_type=3, caps=0x18000000013f06
I0317 10:52:37.326220     893 libfabric_common.cpp:81] Found device - domain: ens51np0, provider=tcp;ofi_rxm, ep_type=3, caps=0x18000000013f06
I0317 10:52:37.326221     893 libfabric_common.cpp:81] Found device - domain: flannel.1, provider=tcp;ofi_rxm, ep_type=3, caps=0x18000000013f06
I0317 10:52:37.326222     893 libfabric_common.cpp:81] Found device - domain: ens51np0, provider=tcp;ofi_rxm, ep_type=3, caps=0x18000000013f06
I0317 10:52:37.326223     893 libfabric_common.cpp:81] Found device - domain: vlan1401, provider=tcp;ofi_rxm, ep_type=3, caps=0x18000000013f06
I0317 10:52:37.326224     893 libfabric_common.cpp:81] Found device - domain: cni0, provider=tcp;ofi_rxm, ep_type=3, caps=0x18000000013f06
I0317 10:52:37.326225     893 libfabric_common.cpp:81] Found device - domain: vethd20ac36d, provider=tcp;ofi_rxm, ep_type=3, caps=0x18000000013f06
I0317 10:52:37.326234     893 libfabric_common.cpp:81] Found device - domain: vethf79f544c, provider=tcp;ofi_rxm, ep_type=3, caps=0x18000000013f06
I0317 10:52:37.326235     893 libfabric_common.cpp:81] Found device - domain: veth9b2b176c, provider=tcp;ofi_rxm, ep_type=3, caps=0x18000000013f06
I0317 10:52:37.326236     893 libfabric_common.cpp:81] Found device - domain: cni0, provider=tcp;ofi_rxm, ep_type=3, caps=0x18000000013f06
I0317 10:52:37.326237     893 libfabric_common.cpp:81] Found device - domain: lo, provider=tcp;ofi_rxm, ep_type=3, caps=0x8000000013f06
I0317 10:52:37.326238     893 libfabric_common.cpp:81] Found device - domain: lo, provider=tcp;ofi_rxm, ep_type=3, caps=0x8000000013f06
I0317 10:52:37.326239     893 libfabric_common.cpp:81] Found device - domain: ens22np0, provider=udp;ofi_rxd, ep_type=3, caps=0x118000000013f06
I0317 10:52:37.326240     893 libfabric_common.cpp:81] Found device - domain: ens12np0, provider=udp;ofi_rxd, ep_type=3, caps=0x118000000013f06
I0317 10:52:37.326242     893 libfabric_common.cpp:81] Found device - domain: ens21np0, provider=udp;ofi_rxd, ep_type=3, caps=0x118000000013f06
I0317 10:52:37.326243     893 libfabric_common.cpp:81] Found device - domain: ens11np0, provider=udp;ofi_rxd, ep_type=3, caps=0x118000000013f06
I0317 10:52:37.326244     893 libfabric_common.cpp:81] Found device - domain: ens42np0, provider=udp;ofi_rxd, ep_type=3, caps=0x118000000013f06
I0317 10:52:37.326245     893 libfabric_common.cpp:81] Found device - domain: ens32np0, provider=udp;ofi_rxd, ep_type=3, caps=0x118000000013f06
I0317 10:52:37.326246     893 libfabric_common.cpp:81] Found device - domain: ens41np0, provider=udp;ofi_rxd, ep_type=3, caps=0x118000000013f06
I0317 10:52:37.326247     893 libfabric_common.cpp:81] Found device - domain: ens31np0, provider=udp;ofi_rxd, ep_type=3, caps=0x118000000013f06
I0317 10:52:37.326248     893 libfabric_common.cpp:81] Found device - domain: ens22np0, provider=udp;ofi_rxd, ep_type=3, caps=0x118000000013f06
I0317 10:52:37.326249     893 libfabric_common.cpp:81] Found device - domain: ens12np0, provider=udp;ofi_rxd, ep_type=3, caps=0x118000000013f06
I0317 10:52:37.326250     893 libfabric_common.cpp:81] Found device - domain: ens21np0, provider=udp;ofi_rxd, ep_type=3, caps=0x118000000013f06
I0317 10:52:37.326251     893 libfabric_common.cpp:81] Found device - domain: ens11np0, provider=udp;ofi_rxd, ep_type=3, caps=0x118000000013f06
I0317 10:52:37.326252     893 libfabric_common.cpp:81] Found device - domain: ens42np0, provider=udp;ofi_rxd, ep_type=3, caps=0x118000000013f06
I0317 10:52:37.326253     893 libfabric_common.cpp:81] Found device - domain: ens32np0, provider=udp;ofi_rxd, ep_type=3, caps=0x118000000013f06
I0317 10:52:37.326254     893 libfabric_common.cpp:81] Found device - domain: ens41np0, provider=udp;ofi_rxd, ep_type=3, caps=0x118000000013f06
I0317 10:52:37.326255     893 libfabric_common.cpp:81] Found device - domain: ens31np0, provider=udp;ofi_rxd, ep_type=3, caps=0x118000000013f06
I0317 10:52:37.326256     893 libfabric_common.cpp:81] Found device - domain: flannel.1, provider=udp;ofi_rxd, ep_type=3, caps=0x118000000013f06
I0317 10:52:37.326257     893 libfabric_common.cpp:81] Found device - domain: vlan1401, provider=udp;ofi_rxd, ep_type=3, caps=0x118000000013f06
I0317 10:52:37.326258     893 libfabric_common.cpp:81] Found device - domain: ens51np0, provider=udp;ofi_rxd, ep_type=3, caps=0x118000000013f06
I0317 10:52:37.326259     893 libfabric_common.cpp:81] Found device - domain: flannel.1, provider=udp;ofi_rxd, ep_type=3, caps=0x118000000013f06
I0317 10:52:37.326260     893 libfabric_common.cpp:81] Found device - domain: ens51np0, provider=udp;ofi_rxd, ep_type=3, caps=0x118000000013f06
I0317 10:52:37.326261     893 libfabric_common.cpp:81] Found device - domain: vlan1401, provider=udp;ofi_rxd, ep_type=3, caps=0x118000000013f06
I0317 10:52:37.326262     893 libfabric_common.cpp:81] Found device - domain: cni0, provider=udp;ofi_rxd, ep_type=3, caps=0x118000000013f06
I0317 10:52:37.326263     893 libfabric_common.cpp:81] Found device - domain: vethd20ac36d, provider=udp;ofi_rxd, ep_type=3, caps=0x118000000013f06
I0317 10:52:37.326264     893 libfabric_common.cpp:81] Found device - domain: vethf79f544c, provider=udp;ofi_rxd, ep_type=3, caps=0x118000000013f06
I0317 10:52:37.326265     893 libfabric_common.cpp:81] Found device - domain: veth9b2b176c, provider=udp;ofi_rxd, ep_type=3, caps=0x118000000013f06
I0317 10:52:37.326266     893 libfabric_common.cpp:81] Found device - domain: cni0, provider=udp;ofi_rxd, ep_type=3, caps=0x118000000013f06
I0317 10:52:37.326267     893 libfabric_common.cpp:81] Found device - domain: lo, provider=udp;ofi_rxd, ep_type=3, caps=0x108000000013f06
I0317 10:52:37.326268     893 libfabric_common.cpp:81] Found device - domain: lo, provider=udp;ofi_rxd, ep_type=3, caps=0x108000000013f06
I0317 10:52:37.326269     893 libfabric_common.cpp:81] Found device - domain: ens22np0, provider=sockets, ep_type=3, caps=0x13a000000313f06
I0317 10:52:37.326270     893 libfabric_common.cpp:81] Found device - domain: ens12np0, provider=sockets, ep_type=3, caps=0x13a000000313f06
I0317 10:52:37.326272     893 libfabric_common.cpp:81] Found device - domain: ens21np0, provider=sockets, ep_type=3, caps=0x13a000000313f06
I0317 10:52:37.326273     893 libfabric_common.cpp:81] Found device - domain: ens11np0, provider=sockets, ep_type=3, caps=0x13a000000313f06
I0317 10:52:37.326274     893 libfabric_common.cpp:81] Found device - domain: ens42np0, provider=sockets, ep_type=3, caps=0x13a000000313f06
I0317 10:52:37.326275     893 libfabric_common.cpp:81] Found device - domain: ens32np0, provider=sockets, ep_type=3, caps=0x13a000000313f06
I0317 10:52:37.326276     893 libfabric_common.cpp:81] Found device - domain: ens41np0, provider=sockets, ep_type=3, caps=0x13a000000313f06
I0317 10:52:37.326277     893 libfabric_common.cpp:81] Found device - domain: ens31np0, provider=sockets, ep_type=3, caps=0x13a000000313f06
I0317 10:52:37.326278     893 libfabric_common.cpp:81] Found device - domain: ens22np0, provider=sockets, ep_type=3, caps=0x13a000000313f06
I0317 10:52:37.326279     893 libfabric_common.cpp:81] Found device - domain: ens12np0, provider=sockets, ep_type=3, caps=0x13a000000313f06
I0317 10:52:37.326280     893 libfabric_common.cpp:81] Found device - domain: ens21np0, provider=sockets, ep_type=3, caps=0x13a000000313f06
I0317 10:52:37.326281     893 libfabric_common.cpp:81] Found device - domain: ens11np0, provider=sockets, ep_type=3, caps=0x13a000000313f06
I0317 10:52:37.326282     893 libfabric_common.cpp:81] Found device - domain: ens42np0, provider=sockets, ep_type=3, caps=0x13a000000313f06
I0317 10:52:37.326283     893 libfabric_common.cpp:81] Found device - domain: ens32np0, provider=sockets, ep_type=3, caps=0x13a000000313f06
I0317 10:52:37.326284     893 libfabric_common.cpp:81] Found device - domain: ens41np0, provider=sockets, ep_type=3, caps=0x13a000000313f06
I0317 10:52:37.326285     893 libfabric_common.cpp:81] Found device - domain: ens31np0, provider=sockets, ep_type=3, caps=0x13a000000313f06
I0317 10:52:37.326286     893 libfabric_common.cpp:81] Found device - domain: flannel.1, provider=sockets, ep_type=3, caps=0x13a000000313f06
I0317 10:52:37.326288     893 libfabric_common.cpp:81] Found device - domain: vlan1401, provider=sockets, ep_type=3, caps=0x13a000000313f06
I0317 10:52:37.326289     893 libfabric_common.cpp:81] Found device - domain: ens51np0, provider=sockets, ep_type=3, caps=0x13a000000313f06
I0317 10:52:37.326290     893 libfabric_common.cpp:81] Found device - domain: flannel.1, provider=sockets, ep_type=3, caps=0x13a000000313f06
I0317 10:52:37.326291     893 libfabric_common.cpp:81] Found device - domain: ens51np0, provider=sockets, ep_type=3, caps=0x13a000000313f06
I0317 10:52:37.326292     893 libfabric_common.cpp:81] Found device - domain: vlan1401, provider=sockets, ep_type=3, caps=0x13a000000313f06
I0317 10:52:37.326293     893 libfabric_common.cpp:81] Found device - domain: cni0, provider=sockets, ep_type=3, caps=0x13a000000313f06
I0317 10:52:37.326294     893 libfabric_common.cpp:81] Found device - domain: vethd20ac36d, provider=sockets, ep_type=3, caps=0x13a000000313f06
I0317 10:52:37.326295     893 libfabric_common.cpp:81] Found device - domain: vethf79f544c, provider=sockets, ep_type=3, caps=0x13a000000313f06
I0317 10:52:37.326296     893 libfabric_common.cpp:81] Found device - domain: veth9b2b176c, provider=sockets, ep_type=3, caps=0x13a000000313f06
I0317 10:52:37.326297     893 libfabric_common.cpp:81] Found device - domain: cni0, provider=sockets, ep_type=3, caps=0x13a000000313f06
I0317 10:52:37.326317     893 libfabric_common.cpp:97] provider=sockets, device=ens22np0
I0317 10:52:37.326327     893 libfabric_common.cpp:97] provider=sockets, device=ens12np0
I0317 10:52:37.326328     893 libfabric_common.cpp:97] provider=sockets, device=ens21np0
I0317 10:52:37.326328     893 libfabric_common.cpp:97] provider=sockets, device=ens11np0
I0317 10:52:37.326329     893 libfabric_common.cpp:97] provider=sockets, device=ens42np0
I0317 10:52:37.326329     893 libfabric_common.cpp:97] provider=sockets, device=ens32np0
I0317 10:52:37.326330     893 libfabric_common.cpp:97] provider=sockets, device=ens41np0
I0317 10:52:37.326330     893 libfabric_common.cpp:97] provider=sockets, device=ens31np0
I0317 10:52:37.326331     893 libfabric_common.cpp:97] provider=sockets, device=ens22np0
I0317 10:52:37.326331     893 libfabric_common.cpp:97] provider=sockets, device=ens12np0
I0317 10:52:37.326332     893 libfabric_common.cpp:97] provider=sockets, device=ens21np0
I0317 10:52:37.326332     893 libfabric_common.cpp:97] provider=sockets, device=ens11np0
I0317 10:52:37.326333     893 libfabric_common.cpp:97] provider=sockets, device=ens42np0
I0317 10:52:37.326333     893 libfabric_common.cpp:97] provider=sockets, device=ens32np0
I0317 10:52:37.326334     893 libfabric_common.cpp:97] provider=sockets, device=ens41np0
I0317 10:52:37.326334     893 libfabric_common.cpp:97] provider=sockets, device=ens31np0
I0317 10:52:37.326335     893 libfabric_common.cpp:97] provider=sockets, device=flannel.1
I0317 10:52:37.326336     893 libfabric_common.cpp:97] provider=sockets, device=vlan1401
I0317 10:52:37.326336     893 libfabric_common.cpp:97] provider=sockets, device=ens51np0
I0317 10:52:37.326337     893 libfabric_common.cpp:97] provider=sockets, device=flannel.1
I0317 10:52:37.326337     893 libfabric_common.cpp:97] provider=sockets, device=ens51np0
I0317 10:52:37.326338     893 libfabric_common.cpp:97] provider=sockets, device=vlan1401
I0317 10:52:37.326338     893 libfabric_common.cpp:97] provider=sockets, device=cni0
I0317 10:52:37.326339     893 libfabric_common.cpp:97] provider=sockets, device=vethd20ac36d
I0317 10:52:37.326339     893 libfabric_common.cpp:97] provider=sockets, device=vethf79f544c
I0317 10:52:37.326340     893 libfabric_common.cpp:97] provider=sockets, device=veth9b2b176c
I0317 10:52:37.326340     893 libfabric_common.cpp:97] provider=sockets, device=cni0
I0317 10:52:37.326344     893 libfabric_common.cpp:97] provider=udp;ofi_rxd, device=ens22np0
I0317 10:52:37.326345     893 libfabric_common.cpp:97] provider=udp;ofi_rxd, device=ens12np0
I0317 10:52:37.326345     893 libfabric_common.cpp:97] provider=udp;ofi_rxd, device=ens21np0
I0317 10:52:37.326346     893 libfabric_common.cpp:97] provider=udp;ofi_rxd, device=ens11np0
I0317 10:52:37.326347     893 libfabric_common.cpp:97] provider=udp;ofi_rxd, device=ens42np0
I0317 10:52:37.326347     893 libfabric_common.cpp:97] provider=udp;ofi_rxd, device=ens32np0
I0317 10:52:37.326348     893 libfabric_common.cpp:97] provider=udp;ofi_rxd, device=ens41np0
I0317 10:52:37.326348     893 libfabric_common.cpp:97] provider=udp;ofi_rxd, device=ens31np0
I0317 10:52:37.326349     893 libfabric_common.cpp:97] provider=udp;ofi_rxd, device=ens22np0
I0317 10:52:37.326349     893 libfabric_common.cpp:97] provider=udp;ofi_rxd, device=ens12np0
I0317 10:52:37.326350     893 libfabric_common.cpp:97] provider=udp;ofi_rxd, device=ens21np0
I0317 10:52:37.326350     893 libfabric_common.cpp:97] provider=udp;ofi_rxd, device=ens11np0
I0317 10:52:37.326351     893 libfabric_common.cpp:97] provider=udp;ofi_rxd, device=ens42np0
I0317 10:52:37.326351     893 libfabric_common.cpp:97] provider=udp;ofi_rxd, device=ens32np0
I0317 10:52:37.326352     893 libfabric_common.cpp:97] provider=udp;ofi_rxd, device=ens41np0
I0317 10:52:37.326352     893 libfabric_common.cpp:97] provider=udp;ofi_rxd, device=ens31np0
I0317 10:52:37.326353     893 libfabric_common.cpp:97] provider=udp;ofi_rxd, device=flannel.1
I0317 10:52:37.326354     893 libfabric_common.cpp:97] provider=udp;ofi_rxd, device=vlan1401
I0317 10:52:37.326354     893 libfabric_common.cpp:97] provider=udp;ofi_rxd, device=ens51np0
I0317 10:52:37.326355     893 libfabric_common.cpp:97] provider=udp;ofi_rxd, device=flannel.1
I0317 10:52:37.326355     893 libfabric_common.cpp:97] provider=udp;ofi_rxd, device=ens51np0
I0317 10:52:37.326356     893 libfabric_common.cpp:97] provider=udp;ofi_rxd, device=vlan1401
I0317 10:52:37.326356     893 libfabric_common.cpp:97] provider=udp;ofi_rxd, device=cni0
I0317 10:52:37.326357     893 libfabric_common.cpp:97] provider=udp;ofi_rxd, device=vethd20ac36d
I0317 10:52:37.326357     893 libfabric_common.cpp:97] provider=udp;ofi_rxd, device=vethf79f544c
I0317 10:52:37.326358     893 libfabric_common.cpp:97] provider=udp;ofi_rxd, device=veth9b2b176c
I0317 10:52:37.326358     893 libfabric_common.cpp:97] provider=udp;ofi_rxd, device=cni0
I0317 10:52:37.326359     893 libfabric_common.cpp:97] provider=udp;ofi_rxd, device=lo
I0317 10:52:37.326359     893 libfabric_common.cpp:97] provider=udp;ofi_rxd, device=lo
I0317 10:52:37.326362     893 libfabric_common.cpp:97] provider=tcp;ofi_rxm, device=ens22np0
I0317 10:52:37.326362     893 libfabric_common.cpp:97] provider=tcp;ofi_rxm, device=ens12np0
I0317 10:52:37.326363     893 libfabric_common.cpp:97] provider=tcp;ofi_rxm, device=ens21np0
I0317 10:52:37.326363     893 libfabric_common.cpp:97] provider=tcp;ofi_rxm, device=ens11np0
I0317 10:52:37.326364     893 libfabric_common.cpp:97] provider=tcp;ofi_rxm, device=ens42np0
I0317 10:52:37.326364     893 libfabric_common.cpp:97] provider=tcp;ofi_rxm, device=ens32np0
I0317 10:52:37.326365     893 libfabric_common.cpp:97] provider=tcp;ofi_rxm, device=ens41np0
I0317 10:52:37.326365     893 libfabric_common.cpp:97] provider=tcp;ofi_rxm, device=ens31np0
I0317 10:52:37.326366     893 libfabric_common.cpp:97] provider=tcp;ofi_rxm, device=ens22np0
I0317 10:52:37.326366     893 libfabric_common.cpp:97] provider=tcp;ofi_rxm, device=ens12np0
I0317 10:52:37.326367     893 libfabric_common.cpp:97] provider=tcp;ofi_rxm, device=ens21np0
I0317 10:52:37.326367     893 libfabric_common.cpp:97] provider=tcp;ofi_rxm, device=ens11np0
I0317 10:52:37.326368     893 libfabric_common.cpp:97] provider=tcp;ofi_rxm, device=ens42np0
I0317 10:52:37.326368     893 libfabric_common.cpp:97] provider=tcp;ofi_rxm, device=ens32np0
I0317 10:52:37.326369     893 libfabric_common.cpp:97] provider=tcp;ofi_rxm, device=ens41np0
I0317 10:52:37.326369     893 libfabric_common.cpp:97] provider=tcp;ofi_rxm, device=ens31np0
I0317 10:52:37.326370     893 libfabric_common.cpp:97] provider=tcp;ofi_rxm, device=flannel.1
I0317 10:52:37.326370     893 libfabric_common.cpp:97] provider=tcp;ofi_rxm, device=vlan1401
I0317 10:52:37.326371     893 libfabric_common.cpp:97] provider=tcp;ofi_rxm, device=ens51np0
I0317 10:52:37.326371     893 libfabric_common.cpp:97] provider=tcp;ofi_rxm, device=flannel.1
I0317 10:52:37.326372     893 libfabric_common.cpp:97] provider=tcp;ofi_rxm, device=ens51np0
I0317 10:52:37.326372     893 libfabric_common.cpp:97] provider=tcp;ofi_rxm, device=vlan1401
I0317 10:52:37.326373     893 libfabric_common.cpp:97] provider=tcp;ofi_rxm, device=cni0
I0317 10:52:37.326373     893 libfabric_common.cpp:97] provider=tcp;ofi_rxm, device=vethd20ac36d
I0317 10:52:37.326374     893 libfabric_common.cpp:97] provider=tcp;ofi_rxm, device=vethf79f544c
I0317 10:52:37.326374     893 libfabric_common.cpp:97] provider=tcp;ofi_rxm, device=veth9b2b176c
I0317 10:52:37.326375     893 libfabric_common.cpp:97] provider=tcp;ofi_rxm, device=cni0
I0317 10:52:37.326376     893 libfabric_common.cpp:97] provider=tcp;ofi_rxm, device=lo
I0317 10:52:37.326376     893 libfabric_common.cpp:97] provider=tcp;ofi_rxm, device=lo
I0317 10:52:37.326377     893 libfabric_common.cpp:97] provider=tcp;ofi_rxm, device=ens22np0
I0317 10:52:37.326377     893 libfabric_common.cpp:97] provider=tcp;ofi_rxm, device=ens12np0
I0317 10:52:37.326378     893 libfabric_common.cpp:97] provider=tcp;ofi_rxm, device=ens21np0
I0317 10:52:37.326378     893 libfabric_common.cpp:97] provider=tcp;ofi_rxm, device=ens11np0
I0317 10:52:37.326379     893 libfabric_common.cpp:97] provider=tcp;ofi_rxm, device=ens42np0
I0317 10:52:37.326379     893 libfabric_common.cpp:97] provider=tcp;ofi_rxm, device=ens32np0
I0317 10:52:37.326380     893 libfabric_common.cpp:97] provider=tcp;ofi_rxm, device=ens41np0
I0317 10:52:37.326381     893 libfabric_common.cpp:97] provider=tcp;ofi_rxm, device=ens31np0
I0317 10:52:37.326381     893 libfabric_common.cpp:97] provider=tcp;ofi_rxm, device=ens22np0
I0317 10:52:37.326382     893 libfabric_common.cpp:97] provider=tcp;ofi_rxm, device=ens12np0
I0317 10:52:37.326382     893 libfabric_common.cpp:97] provider=tcp;ofi_rxm, device=ens21np0
I0317 10:52:37.326383     893 libfabric_common.cpp:97] provider=tcp;ofi_rxm, device=ens11np0
I0317 10:52:37.326383     893 libfabric_common.cpp:97] provider=tcp;ofi_rxm, device=ens42np0
I0317 10:52:37.326384     893 libfabric_common.cpp:97] provider=tcp;ofi_rxm, device=ens32np0
I0317 10:52:37.326384     893 libfabric_common.cpp:97] provider=tcp;ofi_rxm, device=ens41np0
I0317 10:52:37.326385     893 libfabric_common.cpp:97] provider=tcp;ofi_rxm, device=ens31np0
I0317 10:52:37.326385     893 libfabric_common.cpp:97] provider=tcp;ofi_rxm, device=flannel.1
I0317 10:52:37.326386     893 libfabric_common.cpp:97] provider=tcp;ofi_rxm, device=vlan1401
I0317 10:52:37.326386     893 libfabric_common.cpp:97] provider=tcp;ofi_rxm, device=ens51np0
I0317 10:52:37.326387     893 libfabric_common.cpp:97] provider=tcp;ofi_rxm, device=flannel.1
I0317 10:52:37.326387     893 libfabric_common.cpp:97] provider=tcp;ofi_rxm, device=ens51np0
I0317 10:52:37.326388     893 libfabric_common.cpp:97] provider=tcp;ofi_rxm, device=vlan1401
I0317 10:52:37.326388     893 libfabric_common.cpp:97] provider=tcp;ofi_rxm, device=cni0
I0317 10:52:37.326389     893 libfabric_common.cpp:97] provider=tcp;ofi_rxm, device=vethd20ac36d
I0317 10:52:37.326389     893 libfabric_common.cpp:97] provider=tcp;ofi_rxm, device=vethf79f544c
I0317 10:52:37.326390     893 libfabric_common.cpp:97] provider=tcp;ofi_rxm, device=veth9b2b176c
I0317 10:52:37.326390     893 libfabric_common.cpp:97] provider=tcp;ofi_rxm, device=cni0
I0317 10:52:37.326391     893 libfabric_common.cpp:97] provider=tcp;ofi_rxm, device=lo
I0317 10:52:37.326392     893 libfabric_common.cpp:97] provider=tcp;ofi_rxm, device=lo
I0317 10:52:37.326392     893 libfabric_common.cpp:97] provider=tcp;ofi_rxm, device=ens22np0
I0317 10:52:37.326393     893 libfabric_common.cpp:97] provider=tcp;ofi_rxm, device=ens12np0
I0317 10:52:37.326393     893 libfabric_common.cpp:97] provider=tcp;ofi_rxm, device=ens21np0
I0317 10:52:37.326394     893 libfabric_common.cpp:97] provider=tcp;ofi_rxm, device=ens11np0
I0317 10:52:37.326394     893 libfabric_common.cpp:97] provider=tcp;ofi_rxm, device=ens42np0
I0317 10:52:37.326395     893 libfabric_common.cpp:97] provider=tcp;ofi_rxm, device=ens32np0
I0317 10:52:37.326395     893 libfabric_common.cpp:97] provider=tcp;ofi_rxm, device=ens41np0
I0317 10:52:37.326396     893 libfabric_common.cpp:97] provider=tcp;ofi_rxm, device=ens31np0
I0317 10:52:37.326396     893 libfabric_common.cpp:97] provider=tcp;ofi_rxm, device=ens22np0
I0317 10:52:37.326397     893 libfabric_common.cpp:97] provider=tcp;ofi_rxm, device=ens12np0
I0317 10:52:37.326397     893 libfabric_common.cpp:97] provider=tcp;ofi_rxm, device=ens21np0
I0317 10:52:37.326398     893 libfabric_common.cpp:97] provider=tcp;ofi_rxm, device=ens11np0
I0317 10:52:37.326398     893 libfabric_common.cpp:97] provider=tcp;ofi_rxm, device=ens42np0
I0317 10:52:37.326399     893 libfabric_common.cpp:97] provider=tcp;ofi_rxm, device=ens32np0
I0317 10:52:37.326399     893 libfabric_common.cpp:97] provider=tcp;ofi_rxm, device=ens41np0
I0317 10:52:37.326400     893 libfabric_common.cpp:97] provider=tcp;ofi_rxm, device=ens31np0
I0317 10:52:37.326400     893 libfabric_common.cpp:97] provider=tcp;ofi_rxm, device=flannel.1
I0317 10:52:37.326401     893 libfabric_common.cpp:97] provider=tcp;ofi_rxm, device=vlan1401
I0317 10:52:37.326402     893 libfabric_common.cpp:97] provider=tcp;ofi_rxm, device=ens51np0
I0317 10:52:37.326402     893 libfabric_common.cpp:97] provider=tcp;ofi_rxm, device=flannel.1
I0317 10:52:37.326403     893 libfabric_common.cpp:97] provider=tcp;ofi_rxm, device=ens51np0
I0317 10:52:37.326403     893 libfabric_common.cpp:97] provider=tcp;ofi_rxm, device=vlan1401
I0317 10:52:37.326404     893 libfabric_common.cpp:97] provider=tcp;ofi_rxm, device=cni0
I0317 10:52:37.326404     893 libfabric_common.cpp:97] provider=tcp;ofi_rxm, device=vethd20ac36d
I0317 10:52:37.326405     893 libfabric_common.cpp:97] provider=tcp;ofi_rxm, device=vethf79f544c
I0317 10:52:37.326405     893 libfabric_common.cpp:97] provider=tcp;ofi_rxm, device=veth9b2b176c
I0317 10:52:37.326406     893 libfabric_common.cpp:97] provider=tcp;ofi_rxm, device=cni0
I0317 10:52:37.326406     893 libfabric_common.cpp:97] provider=tcp;ofi_rxm, device=lo
I0317 10:52:37.326407     893 libfabric_common.cpp:97] provider=tcp;ofi_rxm, device=lo
I0317 10:52:37.326408     893 libfabric_common.cpp:97] provider=tcp, device=ens22np0
I0317 10:52:37.326409     893 libfabric_common.cpp:97] provider=tcp, device=ens12np0
I0317 10:52:37.326410     893 libfabric_common.cpp:97] provider=tcp, device=ens21np0
I0317 10:52:37.326410     893 libfabric_common.cpp:97] provider=tcp, device=ens11np0
I0317 10:52:37.326411     893 libfabric_common.cpp:97] provider=tcp, device=ens42np0
I0317 10:52:37.326411     893 libfabric_common.cpp:97] provider=tcp, device=ens32np0
I0317 10:52:37.326412     893 libfabric_common.cpp:97] provider=tcp, device=ens41np0
I0317 10:52:37.326412     893 libfabric_common.cpp:97] provider=tcp, device=ens31np0
I0317 10:52:37.326413     893 libfabric_common.cpp:97] provider=tcp, device=ens22np0
I0317 10:52:37.326413     893 libfabric_common.cpp:97] provider=tcp, device=ens12np0
I0317 10:52:37.326414     893 libfabric_common.cpp:97] provider=tcp, device=ens21np0
I0317 10:52:37.326414     893 libfabric_common.cpp:97] provider=tcp, device=ens11np0
I0317 10:52:37.326415     893 libfabric_common.cpp:97] provider=tcp, device=ens42np0
I0317 10:52:37.326416     893 libfabric_common.cpp:97] provider=tcp, device=ens32np0
I0317 10:52:37.326416     893 libfabric_common.cpp:97] provider=tcp, device=ens41np0
I0317 10:52:37.326417     893 libfabric_common.cpp:97] provider=tcp, device=ens31np0
I0317 10:52:37.326417     893 libfabric_common.cpp:97] provider=tcp, device=flannel.1
I0317 10:52:37.326418     893 libfabric_common.cpp:97] provider=tcp, device=vlan1401
I0317 10:52:37.326418     893 libfabric_common.cpp:97] provider=tcp, device=ens51np0
I0317 10:52:37.326419     893 libfabric_common.cpp:97] provider=tcp, device=flannel.1
I0317 10:52:37.326419     893 libfabric_common.cpp:97] provider=tcp, device=ens51np0
I0317 10:52:37.326420     893 libfabric_common.cpp:97] provider=tcp, device=vlan1401
I0317 10:52:37.326420     893 libfabric_common.cpp:97] provider=tcp, device=cni0
I0317 10:52:37.326421     893 libfabric_common.cpp:97] provider=tcp, device=vethd20ac36d
I0317 10:52:37.326421     893 libfabric_common.cpp:97] provider=tcp, device=vethf79f544c
I0317 10:52:37.326422     893 libfabric_common.cpp:97] provider=tcp, device=veth9b2b176c
I0317 10:52:37.326422     893 libfabric_common.cpp:97] provider=tcp, device=cni0
I0317 10:52:37.326440     893 libfabric_topology_hip.cpp:144] Discovered 1 tcp devices (TCP fallback)
I0317 10:52:37.326443     893 libfabric_topology_hip.cpp:152] Network device 0: ens22np0 (provider=tcp)
I0317 10:52:37.326445     893 libfabric_topology_hip.cpp:109] Using simplified topology for tcp devices (no topology mapping needed)
I0317 10:52:37.326452     893 libfabric_topology_hip.cpp:425] Found AMD accelerator: 0:05:00.0 (vendor=0x1002, device=0x74a1, class=0x1200)
I0317 10:52:37.326465     893 libfabric_topology_hip.cpp:425] Found AMD accelerator: 0:17:00.0 (vendor=0x1002, device=0x74a1, class=0x1200)
I0317 10:52:37.326475     893 libfabric_topology_hip.cpp:425] Found AMD accelerator: 0:67:00.0 (vendor=0x1002, device=0x74a1, class=0x1200)
I0317 10:52:37.326478     893 libfabric_topology_hip.cpp:425] Found AMD accelerator: 0:75:00.0 (vendor=0x1002, device=0x74a1, class=0x1200)
I0317 10:52:37.326483     893 libfabric_topology_hip.cpp:425] Found AMD accelerator: 0:85:00.0 (vendor=0x1002, device=0x74a1, class=0x1200)
I0317 10:52:37.326487     893 libfabric_topology_hip.cpp:425] Found AMD accelerator: 0:97:00.0 (vendor=0x1002, device=0x74a1, class=0x1200)
I0317 10:52:37.326495     893 libfabric_topology_hip.cpp:425] Found AMD accelerator: 0:e7:00.0 (vendor=0x1002, device=0x74a1, class=0x1200)
I0317 10:52:37.326498     893 libfabric_topology_hip.cpp:425] Found AMD accelerator: 0:f5:00.0 (vendor=0x1002, device=0x74a1, class=0x1200)
I0317 10:52:37.326501     893 libfabric_topology_hip.cpp:439] Discovered 0 NVIDIA, 8 AMD, and 0 Neuron accelerators via hwloc
I0317 10:52:37.326502     893 libfabric_topology_hip.cpp:124] TCP devices available globally - no accelerator-specific mapping required
I0317 10:52:37.326504     893 libfabric_topology_hip.cpp:127] Topology discovery completed successfully
I0317 10:52:37.326505     893 libfabric_topology_hip.cpp:62] Topology discovery completed successfully
I0317 10:52:37.326506     893 libfabric_topology_hip.cpp:262] === Libfabric Topology Information ===
I0317 10:52:37.326507     893 libfabric_topology_hip.cpp:263] Topology discovered: Yes
I0317 10:52:37.326508     893 libfabric_topology_hip.cpp:264] Number of NVIDIA accelerators: 0
I0317 10:52:37.326509     893 libfabric_topology_hip.cpp:265] Number of AMD accelerators: 8
I0317 10:52:37.326511     893 libfabric_topology_hip.cpp:266] Number of AWS Neuron accelerators: 0
I0317 10:52:37.326512     893 libfabric_topology_hip.cpp:267] Number of NUMA nodes: 1
I0317 10:52:37.326513     893 libfabric_topology_hip.cpp:268] Number of EFA devices: 1
I0317 10:52:37.326513     893 libfabric_topology_hip.cpp:269] EFA devices: 
I0317 10:52:37.326514     893 libfabric_topology_hip.cpp:271]   [0] ens22np0
I0317 10:52:37.326516     893 libfabric_topology_hip.cpp:273] Accelerator-PCI → EFA mapping:
I0317 10:52:37.326518     893 libfabric_topology_hip.cpp:284] Host memory (DRAM) will limit number of EFA devices used per-NUMA node according to maximum PCIe switch bandwidth
I0317 10:52:37.326519     893 libfabric_topology_hip.cpp:286] =====================================
I0317 10:52:37.326526     893 libfabric_rail_manager_hip.cpp:212] System runtime: ROCr for 8 AMD GPU(s)
I0317 10:52:37.326528     893 libfabric_rail_manager_hip.cpp:227] Got 1 network devices from topology for provider=tcp
I0317 10:52:37.326537     893 libfabric_rail_manager_hip.cpp:1172] Cleared 0 active rails
I0317 10:52:37.327023     893 libfabric_rail.cpp:48] InitializeBasePool - Rail 0 completed. Total requests: 4096 Free requests: 4096
I0317 10:52:37.327155     893 libfabric_rail.cpp:48] InitializeBasePool - Rail 0 completed. Total requests: 1024 Free requests: 1024
I0317 10:52:37.327158     893 libfabric_rail.cpp:404] Initializing rail 0 with device=ens22np0, provider=tcp
I0317 10:52:37.327168     893 libfabric_rail.cpp:442] No provider found with FI_HMEM capability for rail 0, retrying without FI_HMEM
I0317 10:52:37.329289     893 libfabric_rail.cpp:456] Using provider without FI_HMEM support for rail 0
I0317 10:52:37.329329     893 libfabric_rail.cpp:469] fabric_attr->name 10.254.10.0/23
I0317 10:52:37.329351     893 libfabric_rail.cpp:489] fi_cq_open with FI_WAIT_NONE succeeded for rail 0
I0317 10:52:37.329397     893 libfabric_rail.cpp:210] CreateBufferChunk on Rail 0 successfully created buffer chunk: buffer=0x7f6ba82c8010 size=33554432 mr=0xb0a02c0 mr_key=18446744073709551615
I0317 10:52:37.329777     893 libfabric_rail.cpp:244] InitializeWithBuffers on Rail 0 successfully initialized with 1 buffer chunks
I0317 10:52:37.329871     893 libfabric_rail.cpp:587] Initialized request pools: 4096 control requests, 1024 data requests for rail 0
I0317 10:52:37.329873     893 libfabric_rail.cpp:592] Pre-posting 1024 recv requests for rail 0
I0317 10:52:37.329878     893 libfabric_rail.cpp:320] Allocate on Rail 0 allocated control request XFER_ID=1 buffer_size=8192
I0317 10:52:37.329880     893 libfabric_rail.cpp:997] Posting receive on endpoint=0xb18e820 buffer=0x7f6baa2c6010 size=8192 context=0xb152b20
I0317 10:52:37.332681     893 libfabric_rail.cpp:1006] Receive posted successfully
I0317 10:52:37.332685     893 libfabric_rail.cpp:320] Allocate on Rail 0 allocated control request XFER_ID=2 buffer_size=8192
I0317 10:52:37.332686     893 libfabric_rail.cpp:997] Posting receive on endpoint=0xb18e820 buffer=0x7f6baa2c4010 size=8192 context=0xb152a70
I0317 10:52:37.332688     893 libfabric_rail.cpp:1006] Receive posted successfully
I0317 10:52:37.332689     893 libfabric_rail.cpp:320] Allocate on Rail 0 allocated control request XFER_ID=3 buffer_size=8192
I0317 10:52:37.332690     893 libfabric_rail.cpp:997] Posting receive on endpoint=0xb18e820 buffer=0x7f6baa2c2010 size=8192 context=0xb1529c8
I0317 10:52:37.332691     893 libfabric_rail.cpp:1006] Receive posted successfully
I0317 10:52:37.332691     893 libfabric_rail.cpp:320] Allocate on Rail 0 allocated control request XFER_ID=4 buffer_size=8192
I0317 10:52:37.332692     893 libfabric_rail.cpp:997] Posting receive on endpoint=0xb18e820 buffer=0x7f6baa2c0010 size=8192 context=0xb152920
I0317 10:52:37.332693     893 libfabric_rail.cpp:1006] Receive posted successfully
I0317 10:52:37.332694     893 libfabric_rail.cpp:320] Allocate on Rail 0 allocated control request XFER_ID=5 buffer_size=8192
I0317 10:52:37.332694     893 libfabric_rail.cpp:997] Posting receive on endpoint=0xb18e820 buffer=0x7f6baa2be010 size=8192 context=0xb152870
I0317 10:52:37.332695     893 libfabric_rail.cpp:1006] Receive posted successfully
I0317 10:52:37.332696     893 libfabric_rail.cpp:320] Allocate on Rail 0 allocated control request XFER_ID=6 buffer_size=8192
I0317 10:52:37.332697     893 libfabric_rail.cpp:997] Posting receive on endpoint=0xb18e820 buffer=0x7f6baa2bc010 size=8192 context=0xb1527c8
I0317 10:52:37.332698     893 libfabric_rail.cpp:1006] Receive posted successfully
I0317 10:52:37.332698     893 libfabric_rail.cpp:320] Allocate on Rail 0 allocated control request XFER_ID=7 buffer_size=8192
I0317 10:52:37.332699     893 libfabric_rail.cpp:997] Posting receive on endpoint=0xb18e820 buffer=0x7f6baa2ba010 size=8192 context=0xb152720
I0317 10:52:37.332700     893 libfabric_rail.cpp:1006] Receive posted successfully
I0317 10:52:37.332700     893 libfabric_rail.cpp:320] Allocate on Rail 0 allocated control request XFER_ID=8 buffer_size=8192
I0317 10:52:37.332701     893 libfabric_rail.cpp:997] Posting receive on endpoint=0xb18e820 buffer=0x7f6baa2b8010 size=8192 context=0xb152670
I0317 10:52:37.332702     893 libfabric_rail.cpp:1006] Receive posted successfully
I0317 10:52:37.332702     893 libfabric_rail.cpp:320] Allocate on Rail 0 allocated control request XFER_ID=9 buffer_size=8192
I0317 10:52:37.332703     893 libfabric_rail.cpp:997] Posting receive on endpoint=0xb18e820 buffer=0x7f6baa2b6010 size=8192 context=0xb1525c8
I0317 10:52:37.332704     893 libfabric_rail.cpp:1006] Receive posted successfully
I0317 10:52:37.332704     893 libfabric_rail.cpp:320] Allocate on Rail 0 allocated control request XFER_ID=10 buffer_size=8192
I0317 10:52:37.332705     893 libfabric_rail.cpp:997] Posting receive on endpoint=0xb18e820 buffer=0x7f6baa2b4010 size=8192 context=0xb152520
I0317 10:52:37.332706     893 libfabric_rail.cpp:1006] Receive posted successfully
I0317 10:52:37.332707     893 libfabric_rail.cpp:320] Allocate on Rail 0 allocated control request XFER_ID=11 buffer_size=8192
I0317 10:52:37.332707     893 libfabric_rail.cpp:997] Posting receive on endpoint=0xb18e820 buffer=0x7f6baa2b2010 size=8192 context=0xb152470
I0317 10:52:37.332708     893 libfabric_rail.cpp:1006] Receive posted successfully
I0317 10:52:37.332709     893 libfabric_rail.cpp:320] Allocate on Rail 0 allocated control request XFER_ID=12 buffer_size=8192
I0317 10:52:37.332709     893 libfabric_rail.cpp:997] Posting receive on endpoint=0xb18e820 buffer=0x7f6baa2b0010 size=8192 context=0xb1523c8
I0317 10:52:37.332710     893 libfabric_rail.cpp:1006] Receive posted successfully
I0317 10:52:37.332711     893 libfabric_rail.cpp:320] Allocate on Rail 0 allocated control request XFER_ID=13 buffer_size=8192
I0317 10:52:37.332712     893 libfabric_rail.cpp:997] Posting receive on endpoint=0xb18e820 buffer=0x7f6baa2ae010 size=8192 context=0xb152320
I0317 10:52:37.332713     893 libfabric_rail.cpp:1006] Receive posted successfully
I0317 10:52:37.332713     893 libfabric_rail.cpp:320] Allocate on Rail 0 allocated control request XFER_ID=14 buffer_size=8192
I0317 10:52:37.332714     893 libfabric_rail.cpp:997] Posting receive on endpoint=0xb18e820 buffer=0x7f6baa2ac010 size=8192 context=0xb152270
I0317 10:52:37.332715     893 libfabric_rail.cpp:1006] Receive posted successfully
I0317 10:52:37.332715     893 libfabric_rail.cpp:320] Allocate on Rail 0 allocated control request XFER_ID=15 buffer_size=8192
I0317 10:52:37.332716     893 libfabric_rail.cpp:997] Posting receive on endpoint=0xb18e820 buffer=0x7f6baa2aa010 size=8192 context=0xb1521c8
I0317 10:52:37.332717     893 libfabric_rail.cpp:1006] Receive posted successfully
I0317 10:52:37.332717     893 libfabric_rail.cpp:320] Allocate on Rail 0 allocated control request XFER_ID=16 buffer_size=8192
I0317 10:52:37.332718     893 libfabric_rail.cpp:997] Posting receive on endpoint=0xb18e820 buffer=0x7f6baa2a8010 size=8192 context=0xb152120
I0317 10:52:37.332719     893 libfabric_rail.cpp:1006] Receive posted successfully
I0317 10:52:37.332719     893 libfabric_rail.cpp:320] Allocate on Rail 0 allocated control request XFER_ID=17 buffer_size=8192
I0317 10:52:37.332720     893 libfabric_rail.cpp:997] Posting receive on endpoint=0xb18e820 buffer=0x7f6baa2a6010 size=8192 context=0xb152070
I0317 10:52:37.332721     893 libfabric_rail.cpp:1006] Receive posted successfully
I0317 10:52:37.332721     893 libfabric_rail.cpp:320] Allocate on Rail 0 allocated control request XFER_ID=18 buffer_size=8192
I0317 10:52:37.332722     893 libfabric_rail.cpp:997] Posting receive on endpoint=0xb18e820 buffer=0x7f6baa2a4010 size=8192 context=0xb151fc8
I0317 10:52:37.332723     893 libfabric_rail.cpp:1006] Receive posted successfully
I0317 10:52:37.332724     893 libfabric_rail.cpp:320] Allocate on Rail 0 allocated control request XFER_ID=19 buffer_size=8192
I0317 10:52:37.332724     893 libfabric_rail.cpp:997] Posting receive on endpoint=0xb18e820 buffer=0x7f6baa2a2010 size=8192 context=0xb151f20
I0317 10:52:37.332725     893 libfabric_rail.cpp:1006] Receive posted successfully
I0317 10:52:37.332726     893 libfabric_rail.cpp:320] Allocate on Rail 0 allocated control request XFER_ID=20 buffer_size=8192
I0317 10:52:37.332726     893 libfabric_rail.cpp:997] Posting receive on endpoint=0xb18e820 buffer=0x7f6baa2a0010 size=8192 context=0xb151e70
I0317 10:52:37.332727     893 libfabric_rail.cpp:1006] Receive posted successfully
I0317 10:52:37.332728     893 libfabric_rail.cpp:320] Allocate on Rail 0 allocated control request XFER_ID=21 buffer_size=8192
I0317 10:52:37.332728     893 libfabric_rail.cpp:997] Posting receive on endpoint=0xb18e820 buffer=0x7f6baa29e010 size=8192 context=0xb151dc8
I0317 10:52:37.332729     893 libfabric_rail.cpp:1006] Receive posted successfully
I0317 10:52:37.332730     893 libfabric_rail.cpp:320] Allocate on Rail 0 allocated control request XFER_ID=22 buffer_size=8192
I0317 10:52:37.332731     893 libfabric_rail.cpp:997] Posting receive on endpoint=0xb18e820 buffer=0x7f6baa29c010 size=8192 context=0xb151d20
I0317 10:52:37.332731     893 libfabric_rail.cpp:1006] Receive posted successfully
I0317 10:52:37.332732     893 libfabric_rail.cpp:320] Allocate on Rail 0 allocated control request XFER_ID=23 buffer_size=8192
I0317 10:52:37.332733     893 libfabric_rail.cpp:997] Posting receive on endpoint=0xb18e820 buffer=0x7f6baa29a010 size=8192 context=0xb151c70
I0317 10:52:37.332733     893 libfabric_rail.cpp:1006] Receive posted successfully
I0317 10:52:37.332734     893 libfabric_rail.cpp:320] Allocate on Rail 0 allocated control request XFER_ID=24 buffer_size=8192
I0317 10:52:37.332735     893 libfabric_rail.cpp:997] Posting receive on endpoint=0xb18e820 buffer=0x7f6baa298010 size=8192 context=0xb151bc8
I0317 10:52:37.332736     893 libfabric_rail.cpp:1006] Receive posted successfully
I0317 10:52:37.332736     893 libfabric_rail.cpp:320] Allocate on Rail 0 allocated control request XFER_ID=25 buffer_size=8192
I0317 10:52:37.332737     893 libfabric_rail.cpp:997] Posting receive on endpoint=0xb18e820 buffer=0x7f6baa296010 size=8192 context=0xb151b20
I0317 10:52:37.332738     893 libfabric_rail.cpp:1006] Receive posted successfully
I0317 10:52:37.332738     893 libfabric_rail.cpp:320] Allocate on Rail 0 allocated control request XFER_ID=26 buffer_size=8192
I0317 10:52:37.332739     893 libfabric_rail.cpp:997] Posting receive on endpoint=0xb18e820 buffer=0x7f6baa294010 size=8192 context=0xb151a70
I0317 10:52:37.332740     893 libfabric_rail.cpp:1006] Receive posted successfully
I0317 10:52:37.332740     893 libfabric_rail.cpp:320] Allocate on Rail 0 allocated control request XFER_ID=27 buffer_size=8192
I0317 10:52:37.332741     893 libfabric_rail.cpp:997] Posting receive on endpoint=0xb18e820 buffer=0x7f6baa292010 size=8192 context=0xb1519c8
I0317 10:52:37.332742     893 libfabric_rail.cpp:1006] Receive posted successfully
I0317 10:52:37.332743     893 libfabric_rail.cpp:320] Allocate on Rail 0 allocated control request XFER_ID=28 buffer_size=8192
I0317 10:52:37.332743     893 libfabric_rail.cpp:997] Posting receive on endpoint=0xb18e820 buffer=0x7f6baa290010 size=8192 context=0xb151920
I0317 10:52:37.332744     893 libfabric_rail.cpp:1006] Receive posted successfully
I0317 10:52:37.332745     893 libfabric_rail.cpp:320] Allocate on Rail 0 allocated control request XFER_ID=29 buffer_size=8192
I0317 10:52:37.332745     893 libfabric_rail.cpp:997] Posting receive on endpoint=0xb18e820 buffer=0x7f6baa28e010 size=8192 context=0xb151870
I0317 10:52:37.332746     893 libfabric_rail.cpp:1006] Receive posted successfully
I0317 10:52:37.332747     893 libfabric_rail.cpp:320] Allocate on Rail 0 allocated control request XFER_ID=30 buffer_size=8192
I0317 10:52:37.332747     893 libfabric_rail.cpp:997] Posting receive on endpoint=0xb18e820 buffer=0x7f6baa28c010 size=8192 context=0xb1517c8
I0317 10:52:37.332748     893 libfabric_rail.cpp:1006] Receive posted successfully
I0317 10:52:37.332749     893 libfabric_rail.cpp:320] Allocate on Rail 0 allocated control request XFER_ID=31 buffer_size=8192
I0317 10:52:37.332749     893 libfabric_rail.cpp:997] Posting receive on endpoint=0xb18e820 buffer=0x7f6baa28a010 size=8192 context=0xb151720
I0317 10:52:37.332751     893 libfabric_rail.cpp:1006] Receive posted successfully
I0317 10:52:37.332752     893 libfabric_rail.cpp:320] Allocate on Rail 0 allocated control request XFER_ID=32 buffer_size=8192
I0317 10:52:37.332752     893 libfabric_rail.cpp:997] Posting receive on endpoint=0xb18e820 buffer=0x7f6baa288010 size=8192 context=0xb151670
I0317 10:52:37.332753     893 libfabric_rail.cpp:1006] Receive posted successfully
I0317 10:52:37.332754     893 libfabric_rail.cpp:320] Allocate on Rail 0 allocated control request XFER_ID=33 buffer_size=8192
I0317 10:52:37.332754     893 libfabric_rail.cpp:997] Posting receive on endpoint=0xb18e820 buffer=0x7f6baa286010 size=8192 context=0xb1515c8
I0317 10:52:37.332755     893 libfabric_rail.cpp:1006] Receive posted successfully
I0317 10:52:37.332756     893 libfabric_rail.cpp:320] Allocate on Rail 0 allocated control request XFER_ID=34 buffer_size=8192
I0317 10:52:37.332756     893 libfabric_rail.cpp:997] Posting receive on endpoint=0xb18e820 buffer=0x7f6baa284010 size=8192 context=0xb151520
I0317 10:52:37.332757     893 libfabric_rail.cpp:1006] Receive posted successfully
I0317 10:52:37.332758     893 libfabric_rail.cpp:320] Allocate on Rail 0 allocated control request XFER_ID=35 buffer_size=8192
I0317 10:52:37.332759     893 libfabric_rail.cpp:997] Posting receive on endpoint=0xb18e820 buffer=0x7f6baa282010 size=8192 context=0xb151470
I0317 10:52:37.332759     893 libfabric_rail.cpp:1006] Receive posted successfully
I0317 10:52:37.332760     893 libfabric_rail.cpp:320] Allocate on Rail 0 allocated control request XFER_ID=36 buffer_size=8192
I0317 10:52:37.332761     893 libfabric_rail.cpp:997] Posting receive on endpoint=0xb18e820 buffer=0x7f6baa280010 size=8192 context=0xb1513c8
I0317 10:52:37.332761     893 libfabric_rail.cpp:1006] Receive posted successfully
I0317 10:52:37.332762     893 libfabric_rail.cpp:320] Allocate on Rail 0 allocated control request XFER_ID=37 buffer_size=8192
I0317 10:52:37.332763     893 libfabric_rail.cpp:997] Posting receive on endpoint=0xb18e820 buffer=0x7f6baa27e010 size=8192 context=0xb151320
I0317 10:52:37.332763     893 libfabric_rail.cpp:1006] Receive posted successfully
I0317 10:52:37.332764     893 libfabric_rail.cpp:320] Allocate on Rail 0 allocated control request XFER_ID=38 buffer_size=8192
I0317 10:52:37.332765     893 libfabric_rail.cpp:997] Posting receive on endpoint=0xb18e820 buffer=0x7f6baa27c010 size=8192 context=0xb151270
I0317 10:52:37.332766     893 libfabric_rail.cpp:1006] Receive posted successfully
I0317 10:52:37.332766     893 libfabric_rail.cpp:320] Allocate on Rail 0 allocated control request XFER_ID=39 buffer_size=8192
I0317 10:52:37.332767     893 libfabric_rail.cpp:997] Posting receive on endpoint=0xb18e820 buffer=0x7f6baa27a010 size=8192 context=0xb1511c8
I0317 10:52:37.332768     893 libfabric_rail.cpp:1006] Receive posted successfully
I0317 10:52:37.332768     893 libfabric_rail.cpp:320] Allocate on Rail 0 allocated control request XFER_ID=40 buffer_size=8192
I0317 10:52:37.332769     893 libfabric_rail.cpp:997] Posting receive on endpoint=0xb18e820 buffer=0x7f6baa278010 size=8192 context=0xb151120
I0317 10:52:37.332770     893 libfabric_rail.cpp:1006] Receive posted successfully
I0317 10:52:37.332770     893 libfabric_rail.cpp:320] Allocate on Rail 0 allocated control request XFER_ID=41 buffer_size=8192
I0317 10:52:37.332771     893 libfabric_rail.cpp:997] Posting receive on endpoint=0xb18e820 buffer=0x7f6baa276010 size=8192 context=0xb151070
I0317 10:52:37.332772     893 libfabric_rail.cpp:1006] Receive posted successfully
I0317 10:52:37.332773     893 libfabric_rail.cpp:320] Allocate on Rail 0 allocated control request XFER_ID=42 buffer_size=8192
I0317 10:52:37.332773     893 libfabric_rail.cpp:997] Posting receive on endpoint=0xb18e820 buffer=0x7f6baa274010 size=8192 context=0xb150fc8
I0317 10:52:37.332774     893 libfabric_rail.cpp:1006] Receive posted successfully
I0317 10:52:37.332775     893 libfabric_rail.cpp:320] Allocate on Rail 0 allocated control request XFER_ID=43 buffer_size=8192
I0317 10:52:37.332775     893 libfabric_rail.cpp:997] Posting receive on endpoint=0xb18e820 buffer=0x7f6baa272010 size=8192 context=0xb150f20
I0317 10:52:37.332776     893 libfabric_rail.cpp:1006] Receive posted successfully
I0317 10:52:37.332777     893 libfabric_rail.cpp:320] Allocate on Rail 0 allocated control request XFER_ID=44 buffer_size=8192
I0317 10:52:37.332778     893 libfabric_rail.cpp:997] Posting receive on endpoint=0xb18e820 buffer=0x7f6baa270010 size=8192 context=0xb150e70
I0317 10:52:37.332779     893 libfabric_rail.cpp:1006] Receive posted successfully
I0317 10:52:37.332779     893 libfabric_rail.cpp:320] Allocate on Rail 0 allocated control request XFER_ID=45 buffer_size=8192
I0317 10:52:37.332780     893 libfabric_rail.cpp:997] Posting receive on endpoint=0xb18e820 buffer=0x7f6baa26e010 size=8192 context=0xb150dc8
I0317 10:52:37.332781     893 libfabric_rail.cpp:1006] Receive posted successfully
I0317 10:52:37.332781     893 libfabric_rail.cpp:320] Allocate on Rail 0 allocated control request XFER_ID=46 buffer_size=8192
I0317 10:52:37.332782     893 libfabric_rail.cpp:997] Posting receive on endpoint=0xb18e820 buffer=0x7f6baa26c010 size=8192 context=0xb150d20
I0317 10:52:37.332783     893 libfabric_rail.cpp:1006] Receive posted successfully
I0317 10:52:37.332783     893 libfabric_rail.cpp:320] Allocate on Rail 0 allocated control request XFER_ID=47 buffer_size=8192
I0317 10:52:37.332784     893 libfabric_rail.cpp:997] Posting receive on endpoint=0xb18e820 buffer=0x7f6baa26a010 size=8192 context=0xb150c70
I0317 10:52:37.332785     893 libfabric_rail.cpp:1006] Receive posted successfully
I0317 10:52:37.332785     893 libfabric_rail.cpp:320] Allocate on Rail 0 allocated control request XFER_ID=48 buffer_size=8192
I0317 10:52:37.332786     893 libfabric_rail.cpp:997] Posting receive on endpoint=0xb18e820 buffer=0x7f6baa268010 size=8192 context=0xb150bc8
I0317 10:52:37.332787     893 libfabric_rail.cpp:1006] Receive posted successfully
I0317 10:52:37.332788     893 libfabric_rail.cpp:320] Allocate on Rail 0 allocated control request XFER_ID=49 buffer_size=8192
I0317 10:52:37.332788     893 libfabric_rail.cpp:997] Posting receive on endpoint=0xb18e820 buffer=0x7f6baa266010 size=8192 context=0xb150b20
I0317 10:52:37.332789     893 libfabric_rail.cpp:1006] Receive posted successfully
I0317 10:52:37.332790     893 libfabric_rail.cpp:320] Allocate on Rail 0 allocated control request XFER_ID=50 buffer_size=8192
I0317 10:52:37.332790     893 libfabric_rail.cpp:997] Posting receive on endpoint=0xb18e820 buffer=0x7f6baa264010 size=8192 context=0xb150a70
I0317 10:52:37.332791     893 libfabric_rail.cpp:1006] Receive posted successfully
I0317 10:52:37.332792     893 libfabric_rail.cpp:320] Allocate on Rail 0 allocated control request XFER_ID=51 buffer_size=8192
I0317 10:52:37.332792     893 libfabric_rail.cpp:997] Posting receive on endpoint=0xb18e820 buffer=0x7f6baa262010 size=8192 context=0xb1509c8
I0317 10:52:37.332793     893 libfabric_rail.cpp:1006] Receive posted successfully
I0317 10:52:37.332794     893 libfabric_rail.cpp:320] Allocate on Rail 0 allocated control request XFER_ID=52 buffer_size=8192
I0317 10:52:37.332795     893 libfabric_rail.cpp:997] Posting receive on endpoint=0xb18e820 buffer=0x7f6baa260010 size=8192 context=0xb150920
I0317 10:52:37.332795     893 libfabric_rail.cpp:1006] Receive posted successfully
I0317 10:52:37.332796     893 libfabric_rail.cpp:320] Allocate on Rail 0 allocated control request XFER_ID=53 buffer_size=8192
I0317 10:52:37.332797     893 libfabric_rail.cpp:997] Posting receive on endpoint=0xb18e820 buffer=0x7f6baa25e010 size=8192 context=0xb150870
I0317 10:52:37.332798     893 libfabric_rail.cpp:1006] Receive posted successfully
I0317 10:52:37.332798     893 libfabric_rail.cpp:320] Allocate on Rail 0 allocated control request XFER_ID=54 buffer_size=8192
I0317 10:52:37.332799     893 libfabric_rail.cpp:997] Posting receive on endpoint=0xb18e820 buffer=0x7f6baa25c010 size=8192 context=0xb1507c8
I0317 10:52:37.332800     893 libfabric_rail.cpp:1006] Receive posted successfully
I0317 10:52:37.332800     893 libfabric_rail.cpp:320] Allocate on Rail 0 allocated control request XFER_ID=55 buffer_size=8192
I0317 10:52:37.332801     893 libfabric_rail.cpp:997] Posting receive on endpoint=0xb18e820 buffer=0x7f6baa25a010 size=8192 context=0xb150720
I0317 10:52:37.332802     893 libfabric_rail.cpp:1006] Receive posted successfully
I0317 10:52:37.332803     893 libfabric_rail.cpp:320] Allocate on Rail 0 allocated control request XFER_ID=56 buffer_size=8192
I0317 10:52:37.332803     893 libfabric_rail.cpp:997] Posting receive on endpoint=0xb18e820 buffer=0x7f6baa258010 size=8192 context=0xb150670
I0317 10:52:37.332804     893 libfabric_rail.cpp:1006] Receive posted successfully
I0317 10:52:37.332805     893 libfabric_rail.cpp:320] Allocate on Rail 0 allocated control request XFER_ID=57 buffer_size=8192
I0317 10:52:37.332805     893 libfabric_rail.cpp:997] Posting receive on endpoint=0xb18e820 buffer=0x7f6baa256010 size=8192 context=0xb1505c8
I0317 10:52:37.332806     893 libfabric_rail.cpp:1006] Receive posted successfully
I0317 10:52:37.332807     893 libfabric_rail.cpp:320] Allocate on Rail 0 allocated control request XFER_ID=58 buffer_size=8192
I0317 10:52:37.332807     893 libfabric_rail.cpp:997] Posting receive on endpoint=0xb18e820 buffer=0x7f6baa254010 size=8192 context=0xb150520
I0317 10:52:37.332808     893 libfabric_rail.cpp:1006] Receive posted successfully
I0317 10:52:37.332809     893 libfabric_rail.cpp:320] Allocate on Rail 0 allocated control request XFER_ID=59 buffer_size=8192
I0317 10:52:37.332810     893 libfabric_rail.cpp:997] Posting receive on endpoint=0xb18e820 buffer=0x7f6baa252010 size=8192 context=0xb150470
I0317 10:52:37.332810     893 libfabric_rail.cpp:1006] Receive posted successfully
I0317 10:52:37.332811     893 libfabric_rail.cpp:320] Allocate on Rail 0 allocated control request XFER_ID=60 buffer_size=8192
I0317 10:52:37.332812     893 libfabric_rail.cpp:997] Posting receive on endpoint=0xb18e820 buffer=0x7f6baa250010 size=8192 context=0xb1503c8
I0317 10:52:37.332813     893 libfabric_rail.cpp:1006] Receive posted successfully
I0317 10:52:37.332813     893 libfabric_rail.cpp:320] Allocate on Rail 0 allocated control request XFER_ID=61 buffer_size=8192
I0317 10:52:37.332814     893 libfabric_rail.cpp:997] Posting receive on endpoint=0xb18e820 buffer=0x7f6baa24e010 size=8192 context=0xb150320
I0317 10:52:37.332815     893 libfabric_rail.cpp:1006] Receive posted successfully
I0317 10:52:37.332815     893 libfabric_rail.cpp:320] Allocate on Rail 0 allocated control request XFER_ID=62 buffer_size=8192
I0317 10:52:37.332816     893 libfabric_rail.cpp:997] Posting receive on endpoint=0xb18e820 buffer=0x7f6baa24c010 size=8192 context=0xb150270
I0317 10:52:37.332817     893 libfabric_rail.cpp:1006] Receive posted successfully
I0317 10:52:37.332817     893 libfabric_rail.cpp:320] Allocate on Rail 0 allocated control request XFER_ID=63 buffer_size=8192
I0317 10:52:37.332818     893 libfabric_rail.cpp:997] Posting receive on endpoint=0xb18e820 buffer=0x7f6baa24a010 size=8192 context=0xb1501c8
I0317 10:52:37.332819     893 libfabric_rail.cpp:1006] Receive posted successfully
I0317 10:52:37.332819     893 libfabric_rail.cpp:320] Allocate on Rail 0 allocated control request XFER_ID=64 buffer_size=8192
I0317 10:52:37.332820     893 libfabric_rail.cpp:997] Posting receive on endpoint=0xb18e820 buffer=0x7f6baa248010 size=8192 context=0xb150120
I0317 10:52:37.332821     893 libfabric_rail.cpp:1006] Receive posted successfully
I0317 10:52:37.332821     893 libfabric_rail.cpp:320] Allocate on Rail 0 allocated control request XFER_ID=65 buffer_size=8192
I0317 10:52:37.332822     893 libfabric_rail.cpp:997] Posting receive on endpoint=0xb18e820 buffer=0x7f6baa246010 size=8192 context=0xb150070
I0317 10:52:37.332823     893 libfabric_rail.cpp:1006] Receive posted successfully
I0317 10:52:37.332824     893 libfabric_rail.cpp:320] Allocate on Rail 0 allocated control request XFER_ID=66 buffer_size=8192
I0317 10:52:37.332825     893 libfabric_rail.cpp:997] Posting receive on endpoint=0xb18e820 buffer=0x7f6baa244010 size=8192 context=0xb14ffc8
I0317 10:52:37.332825     893 libfabric_rail.cpp:1006] Receive posted successfully
I0317 10:52:37.332826     893 libfabric_rail.cpp:320] Allocate on Rail 0 allocated control request XFER_ID=67 buffer_size=8192
I0317 10:52:37.332827     893 libfabric_rail.cpp:997] Posting receive on endpoint=0xb18e820 buffer=0x7f6baa242010 size=8192 context=0xb14ff20
I0317 10:52:37.332827     893 libfabric_rail.cpp:1006] Receive posted successfully
I0317 10:52:37.332828     893 libfabric_rail.cpp:320] Allocate on Rail 0 allocated control request XFER_ID=68 buffer_size=8192
I0317 10:52:37.332829     893 libfabric_rail.cpp:997] Posting receive on endpoint=0xb18e820 buffer=0x7f6baa240010 size=8192 context=0xb14fe70
I0317 10:52:37.332829     893 libfabric_rail.cpp:1006] Receive posted successfully
I0317 10:52:37.332830     893 libfabric_rail.cpp:320] Allocate on Rail 0 allocated control request XFER_ID=69 buffer_size=8192
I0317 10:52:37.332831     893 libfabric_rail.cpp:997] Posting receive on endpoint=0xb18e820 buffer=0x7f6baa23e010 size=8192 context=0xb14fdc8
I0317 10:52:37.332832     893 libfabric_rail.cpp:1006] Receive posted successfully
I0317 10:52:37.332832     893 libfabric_rail.cpp:320] Allocate on Rail 0 allocated control request XFER_ID=70 buffer_size=8192
I0317 10:52:37.332833     893 libfabric_rail.cpp:997] Posting receive on endpoint=0xb18e820 buffer=0x7f6baa23c010 size=8192 context=0xb14fd20
I0317 10:52:37.332834     893 libfabric_rail.cpp:1006] Receive posted successfully
I0317 10:52:37.332834     893 libfabric_rail.cpp:320] Allocate on Rail 0 allocated control request XFER_ID=71 buffer_size=8192
I0317 10:52:37.332835     893 libfabric_rail.cpp:997] Posting receive on endpoint=0xb18e820 buffer=0x7f6baa23a010 size=8192 context=0xb14fc70
I0317 10:52:37.332836     893 libfabric_rail.cpp:1006] Receive posted successfully
I0317 10:52:37.332836     893 libfabric_rail.cpp:320] Allocate on Rail 0 allocated control request XFER_ID=72 buffer_size=8192
I0317 10:52:37.332837     893 libfabric_rail.cpp:997] Posting receive on endpoint=0xb18e820 buffer=0x7f6baa238010 size=8192 context=0xb14fbc8
I0317 10:52:37.332838     893 libfabric_rail.cpp:1006] Receive posted successfully
I0317 10:52:37.332838     893 libfabric_rail.cpp:320] Allocate on Rail 0 allocated control request XFER_ID=73 buffer_size=8192
I0317 10:52:37.332839     893 libfabric_rail.cpp:997] Posting receive on endpoint=0xb18e820 buffer=0x7f6baa236010 size=8192 context=0xb14fb20
I0317 10:52:37.332840     893 libfabric_rail.cpp:1006] Receive posted successfully
I0317 10:52:37.332840     893 libfabric_rail.cpp:320] Allocate on Rail 0 allocated control request XFER_ID=74 buffer_size=8192
I0317 10:52:37.332841     893 libfabric_rail.cpp:997] Posting receive on endpoint=0xb18e820 buffer=0x7f6baa234010 size=8192 context=0xb14fa70
I0317 10:52:37.332842     893 libfabric_rail.cpp:1006] Receive posted successfully
I0317 10:52:37.332842     893 libfabric_rail.cpp:320] Allocate on Rail 0 allocated control request XFER_ID=75 buffer_size=8192
I0317 10:52:37.332843     893 libfabric_rail.cpp:997] Posting receive on endpoint=0xb18e820 buffer=0x7f6baa232010 size=8192 context=0xb14f9c8
I0317 10:52:37.332844     893 libfabric_rail.cpp:1006] Receive posted successfully
I0317 10:52:37.332845     893 libfabric_rail.cpp:320] Allocate on Rail 0 allocated control request XFER_ID=76 buffer_size=8192
I0317 10:52:37.332845     893 libfabric_rail.cpp:997] Posting receive on endpoint=0xb18e820 buffer=0x7f6baa230010 size=8192 context=0xb14f920
I0317 10:52:37.332846     893 libfabric_rail.cpp:1006] Receive posted successfully
I0317 10:52:37.332847     893 libfabric_rail.cpp:320] Allocate on Rail 0 allocated control request XFER_ID=77 buffer_size=8192
I0317 10:52:37.332847     893 libfabric_rail.cpp:997] Posting receive on endpoint=0xb18e820 buffer=0x7f6baa22e010 size=8192 context=0xb14f870
I0317 10:52:37.332848     893 libfabric_rail.cpp:1006] Receive posted successfully
I0317 10:52:37.332849     893 libfabric_rail.cpp:320] Allocate on Rail 0 allocated control request XFER_ID=78 buffer_size=8192
I0317 10:52:37.332850     893 libfabric_rail.cpp:997] Posting receive on endpoint=0xb18e820 buffer=0x7f6baa22c010 size=8192 context=0xb14f7c8
I0317 10:52:37.332851     893 libfabric_rail.cpp:1006] Receive posted successfully
I0317 10:52:37.332851     893 libfabric_rail.cpp:320] Allocate on Rail 0 allocated control request XFER_ID=79 buffer_size=8192
I0317 10:52:37.332852     893 libfabric_rail.cpp:997] Posting receive on endpoint=0xb18e820 buffer=0x7f6baa22a010 size=8192 context=0xb14f720
I0317 10:52:37.332853     893 libfabric_rail.cpp:1006] Receive posted successfully
I0317 10:52:37.332853     893 libfabric_rail.cpp:320] Allocate on Rail 0 allocated control request XFER_ID=80 buffer_size=8192
I0317 10:52:37.332854     893 libfabric_rail.cpp:997] Posting receive on endpoint=0xb18e820 buffer=0x7f6baa228010 size=8192 context=0xb14f670
I0317 10:52:37.332855     893 libfabric_rail.cpp:1006] Receive posted successfully
I0317 10:52:37.332855     893 libfabric_rail.cpp:320] Allocate on Rail 0 allocated control request XFER_ID=81 buffer_size=8192
I0317 10:52:37.332856     893 libfabric_rail.cpp:997] Posting receive on endpoint=0xb18e820 buffer=0x7f6baa226010 size=8192 context=0xb14f5c8
I0317 10:52:37.332857     893 libfabric_rail.cpp:1006] Receive posted successfully
I0317 10:52:37.332857     893 libfabric_rail.cpp:320] Allocate on Rail 0 allocated control request XFER_ID=82 buffer_size=8192
I0317 10:52:37.332858     893 libfabric_rail.cpp:997] Posting receive on endpoint=0xb18e820 buffer=0x7f6baa224010 size=8192 context=0xb14f520
I0317 10:52:37.332859     893 libfabric_rail.cpp:1006] Receive posted successfully
I0317 10:52:37.332859     893 libfabric_rail.cpp:320] Allocate on Rail 0 allocated control request XFER_ID=83 buffer_size=8192
I0317 10:52:37.332860     893 libfabric_rail.cpp:997] Posting receive on endpoint=0xb18e820 buffer=0x7f6baa222010 size=8192 context=0xb14f470
I0317 10:52:37.332861     893 libfabric_rail.cpp:1006] Receive posted successfully
I0317 10:52:37.332861     893 libfabric_rail.cpp:320] Allocate on Rail 0 allocated control request XFER_ID=84 buffer_size=8192
I0317 10:52:37.332862     893 libfabric_rail.cpp:997] Posting receive on endpoint=0xb18e820 buffer=0x7f6baa220010 size=8192 context=0xb14f3c8
I0317 10:52:37.332863     893 libfabric_rail.cpp:1006] Receive posted successfully
I0317 10:52:37.332863     893 libfabric_rail.cpp:320] Allocate on Rail 0 allocated control request XFER_ID=85 buffer_size=8192
I0317 10:52:37.332864     893 libfabric_rail.cpp:997] Posting receive on endpoint=0xb18e820 buffer=0x7f6baa21e010 size=8192 context=0xb14f320
I0317 10:52:37.332865     893 libfabric_rail.cpp:1006] Receive posted successfully
I0317 10:52:37.332866     893 libfabric_rail.cpp:320] Allocate on Rail 0 allocated control request XFER_ID=86 buffer_size=8192
I0317 10:52:37.332866     893 libfabric_rail.cpp:997] Posting receive on endpoint=0xb18e820 buffer=0x7f6baa21c010 size=8192 context=0xb14f270
I0317 10:52:37.332867     893 libfabric_rail.cpp:1006] Receive posted successfully
I0317 10:52:37.332868     893 libfabric_rail.cpp:320] Allocate on Rail 0 allocated control request XFER_ID=87 buffer_size=8192
I0317 10:52:37.332868     893 libfabric_rail.cpp:997] Posting receive on endpoint=0xb18e820 buffer=0x7f6baa21a010 size=8192 context=0xb14f1c8
I0317 10:52:37.332869     893 libfabric_rail.cpp:1006] Receive posted successfully
I0317 10:52:37.332870     893 libfabric_rail.cpp:320] Allocate on Rail 0 allocated control request XFER_ID=88 buffer_size=8192
I0317 10:52:37.332870     893 libfabric_rail.cpp:997] Posting receive on endpoint=0xb18e820 buffer=0x7f6baa218010 size=8192 context=0xb14f120
I0317 10:52:37.332871     893 libfabric_rail.cpp:1006] Receive posted successfully
I0317 10:52:37.332872     893 libfabric_rail.cpp:320] Allocate on Rail 0 allocated control request XFER_ID=89 buffer_size=8192
I0317 10:52:37.332873     893 libfabric_rail.cpp:997] Posting receive on endpoint=0xb18e820 buffer=0x7f6baa216010 size=8192 context=0xb14f070
I0317 10:52:37.332874     893 libfabric_rail.cpp:1006] Receive posted successfully
I0317 10:52:37.332874     893 libfabric_rail.cpp:320] Allocate on Rail 0 allocated control request XFER_ID=90 buffer_size=8192
I0317 10:52:37.332875     893 libfabric_rail.cpp:997] Posting receive on endpoint=0xb18e820 buffer=0x7f6baa214010 size=8192 context=0xb14efc8
I0317 10:52:37.332876     893 libfabric_rail.cpp:1006] Receive posted successfully
I0317 10:52:37.332876     893 libfabric_rail.cpp:320] Allocate on Rail 0 allocated control request XFER_ID=91 buffer_size=8192
I0317 10:52:37.332877     893 libfabric_rail.cpp:997] Posting receive on endpoint=0xb18e820 buffer=0x7f6baa212010 size=8192 context=0xb14ef20
I0317 10:52:37.332878     893 libfabric_rail.cpp:1006] Receive posted successfully
I0317 10:52:37.332878     893 libfabric_rail.cpp:320] Allocate on Rail 0 allocated control request XFER_ID=92 buffer_size=8192
I0317 10:52:37.332879     893 libfabric_rail.cpp:997] Posting receive on endpoint=0xb18e820 buffer=0x7f6baa210010 size=8192 context=0xb14ee70
I0317 10:52:37.332880     893 libfabric_rail.cpp:1006] Receive posted successfully
I0317 10:52:37.332880     893 libfabric_rail.cpp:320] Allocate on Rail 0 allocated control request XFER_ID=93 buffer_size=8192
I0317 10:52:37.332881     893 libfabric_rail.cpp:997] Posting receive on endpoint=0xb18e820 buffer=0x7f6baa20e010 size=8192 context=0xb14edc8
I0317 10:52:37.332882     893 libfabric_rail.cpp:1006] Receive posted successfully
I0317 10:52:37.332883     893 libfabric_rail.cpp:320] Allocate on Rail 0 allocated control request XFER_ID=94 buffer_size=8192
I0317 10:52:37.332883     893 libfabric_rail.cpp:997] Posting receive on endpoint=0xb18e820 buffer=0x7f6baa20c010 size=8192 context=0xb14ed20
I0317 10:52:37.332884     893 libfabric_rail.cpp:1006] Receive posted successfully
I0317 10:52:37.332885     893 libfabric_rail.cpp:320] Allocate on Rail 0 allocated control request XFER_ID=95 buffer_size=8192
I0317 10:52:37.332885     893 libfabric_rail.cpp:997] Posting receive on endpoint=0xb18e820 buffer=0x7f6baa20a010 size=8192 context=0xb14ec70
I0317 10:52:37.332886     893 libfabric_rail.cpp:1006] Receive posted successfully
I0317 10:52:37.332887     893 libfabric_rail.cpp:320] Allocate on Rail 0 allocated control request XFER_ID=96 buffer_size=8192
I0317 10:52:37.332887     893 libfabric_rail.cpp:997] Posting receive on endpoint=0xb18e820 buffer=0x7f6baa208010 size=8192 context=0xb14ebc8
I0317 10:52:37.332888     893 libfabric_rail.cpp:1006] Receive posted successfully
I0317 10:52:37.332889     893 libfabric_rail.cpp:320] Allocate on Rail 0 allocated control request XFER_ID=97 buffer_size=8192
I0317 10:52:37.332889     893 libfabric_rail.cpp:997] Posting receive on endpoint=0xb18e820 buffer=0x7f6baa206010 size=8192 context=0xb14eb20
I0317 10:52:37.332890     893 libfabric_rail.cpp:1006] Receive posted successfully
I0317 10:52:37.332891     893 libfabric_rail.cpp:320] Allocate on Rail 0 allocated control request XFER_ID=98 buffer_size=8192
I0317 10:52:37.332891     893 libfabric_rail.cpp:997] Posting receive on endpoint=0xb18e820 buffer=0x7f6baa204010 size=8192 context=0xb14ea70
I0317 10:52:37.332892     893 libfabric_rail.cpp:1006] Receive posted successfully
I0317 10:52:37.332893     893 libfabric_rail.cpp:320] Allocate on Rail 0 allocated control request XFER_ID=99 buffer_size=8192
I0317 10:52:37.332894     893 libfabric_rail.cpp:997] Posting receive on endpoint=0xb18e820 buffer=0x7f6baa202010 size=8192 context=0xb14e9c8
I0317 10:52:37.332894     893 libfabric_rail.cpp:1006] Receive posted successfully
I0317 10:52:37.332895     893 libfabric_rail.cpp:320] Allocate on Rail 0 allocated control request XFER_ID=100 buffer_size=8192
I0317 10:52:37.332896     893 libfabric_rail.cpp:997] Posting receive on endpoint=0xb18e820 buffer=0x7f6baa200010 size=8192 context=0xb14e920
I0317 10:52:37.332897     893 libfabric_rail.cpp:1006] Receive posted successfully
I0317 10:52:37.332897     893 libfabric_rail.cpp:320] Allocate on Rail 0 allocated control request XFER_ID=101 buffer_size=8192
I0317 10:52:37.332898     893 libfabric_rail.cpp:997] Posting receive on endpoint=0xb18e820 buffer=0x7f6baa1fe010 size=8192 context=0xb14e870
I0317 10:52:37.332899     893 libfabric_rail.cpp:1006] Receive posted successfully
I0317 10:52:37.332900     893 libfabric_rail.cpp:320] Allocate on Rail 0 allocated control request XFER_ID=102 buffer_size=8192
I0317 10:52:37.332900     893 libfabric_rail.cpp:997] Posting receive on endpoint=0xb18e820 buffer=0x7f6baa1fc010 size=8192 context=0xb14e7c8
I0317 10:52:37.332901     893 libfabric_rail.cpp:1006] Receive posted successfully
I0317 10:52:37.332902     893 libfabric_rail.cpp:320] Allocate on Rail 0 allocated control request XFER_ID=103 buffer_size=8192
I0317 10:52:37.332902     893 libfabric_rail.cpp:997] Posting receive on endpoint=0xb18e820 buffer=0x7f6baa1fa010 size=8192 context=0xb14e720
I0317 10:52:37.332903     893 libfabric_rail.cpp:1006] Receive posted successfully
I0317 10:52:37.332904     893 libfabric_rail.cpp:320] Allocate on Rail 0 allocated control request XFER_ID=104 buffer_size=8192
I0317 10:52:37.332904     893 libfabric_rail.cpp:997] Posting receive on endpoint=0xb18e820 buffer=0x7f6baa1f8010 size=8192 context=0xb14e670
I0317 10:52:37.332905     893 libfabric_rail.cpp:1006] Receive posted successfully
I0317 10:52:37.332906     893 libfabric_rail.cpp:320] Allocate on Rail 0 allocated control request XFER_ID=105 buffer_size=8192
I0317 10:52:37.332907     893 libfabric_rail.cpp:997] Posting receive on endpoint=0xb18e820 buffer=0x7f6baa1f6010 size=8192 context=0xb14e5c8
I0317 10:52:37.332907     893 libfabric_rail.cpp:1006] Receive posted successfully
I0317 10:52:37.332908     893 libfabric_rail.cpp:320] Allocate on Rail 0 allocated control request XFER_ID=106 buffer_size=8192
I0317 10:52:37.332909     893 libfabric_rail.cpp:997] Posting receive on endpoint=0xb18e820 buffer=0x7f6baa1f4010 size=8192 context=0xb14e520
I0317 10:52:37.332910     893 libfabric_rail.cpp:1006] Receive posted successfully
I0317 10:52:37.332910     893 libfabric_rail.cpp:320] Allocate on Rail 0 allocated control request XFER_ID=107 buffer_size=8192
I0317 10:52:37.332911     893 libfabric_rail.cpp:997] Posting receive on endpoint=0xb18e820 buffer=0x7f6baa1f2010 size=8192 context=0xb14e470
I0317 10:52:37.332912     893 libfabric_rail.cpp:1006] Receive posted successfully
I0317 10:52:37.332912     893 libfabric_rail.cpp:320] Allocate on Rail 0 allocated control request XFER_ID=108 buffer_size=8192
I0317 10:52:37.332913     893 libfabric_rail.cpp:997] Posting receive on endpoint=0xb18e820 buffer=0x7f6baa1f0010 size=8192 context=0xb14e3c8
I0317 10:52:37.332914     893 libfabric_rail.cpp:1006] Receive posted successfully
I0317 10:52:37.332915     893 libfabric_rail.cpp:320] Allocate on Rail 0 allocated control request XFER_ID=109 buffer_size=8192
I0317 10:52:37.332915     893 libfabric_rail.cpp:997] Posting receive on endpoint=0xb18e820 buffer=0x7f6baa1ee010 size=8192 context=0xb14e320
I0317 10:52:37.332916     893 libfabric_rail.cpp:1006] Receive posted successfully
I0317 10:52:37.332917     893 libfabric_rail.cpp:320] Allocate on Rail 0 allocated control request XFER_ID=110 buffer_size=8192
I0317 10:52:37.332917     893 libfabric_rail.cpp:997] Posting receive on endpoint=0xb18e820 buffer=0x7f6baa1ec010 size=8192 context=0xb14e270
I0317 10:52:37.332918     893 libfabric_rail.cpp:1006] Receive posted successfully
I0317 10:52:37.332919     893 libfabric_rail.cpp:320] Allocate on Rail 0 allocated control request XFER_ID=111 buffer_size=8192
I0317 10:52:37.332919     893 libfabric_rail.cpp:997] Posting receive on endpoint=0xb18e820 buffer=0x7f6baa1ea010 size=8192 context=0xb14e1c8
I0317 10:52:37.332920     893 libfabric_rail.cpp:1006] Receive posted successfully
I0317 10:52:37.332921     893 libfabric_rail.cpp:320] Allocate on Rail 0 allocated control request XFER_ID=112 buffer_size=8192
I0317 10:52:37.332922     893 libfabric_rail.cpp:997] Posting receive on endpoint=0xb18e820 buffer=0x7f6baa1e8010 size=8192 context=0xb14e120
I0317 10:52:37.332922     893 libfabric_rail.cpp:1006] Receive posted successfully
I0317 10:52:37.332923     893 libfabric_rail.cpp:320] Allocate on Rail 0 allocated control request XFER_ID=113 buffer_size=8192
I0317 10:52:37.332924     893 libfabric_rail.cpp:997] Posting receive on endpoint=0xb18e820 buffer=0x7f6baa1e6010 size=8192 context=0xb14e070
I0317 10:52:37.332924     893 libfabric_rail.cpp:1006] Receive posted successfully
I0317 10:52:37.332925     893 libfabric_rail.cpp:320] Allocate on Rail 0 allocated control request XFER_ID=114 buffer_size=8192
I0317 10:52:37.332926     893 libfabric_rail.cpp:997] Posting receive on endpoint=0xb18e820 buffer=0x7f6baa1e4010 size=8192 context=0xb14dfc8
I0317 10:52:37.332927     893 libfabric_rail.cpp:1006] Receive posted successfully
I0317 10:52:37.332927     893 libfabric_rail.cpp:320] Allocate on Rail 0 allocated control request XFER_ID=115 buffer_size=8192
I0317 10:52:37.332928     893 libfabric_rail.cpp:997] Posting receive on endpoint=0xb18e820 buffer=0x7f6baa1e2010 size=8192 context=0xb14df20
I0317 10:52:37.332929     893 libfabric_rail.cpp:1006] Receive posted successfully
I0317 10:52:37.332929     893 libfabric_rail.cpp:320] Allocate on Rail 0 allocated control request XFER_ID=116 buffer_size=8192
I0317 10:52:37.332930     893 libfabric_rail.cpp:997] Posting receive on endpoint=0xb18e820 buffer=0x7f6baa1e0010 size=8192 context=0xb14de70
I0317 10:52:37.332931     893 libfabric_rail.cpp:1006] Receive posted successfully
I0317 10:52:37.332931     893 libfabric_rail.cpp:320] Allocate on Rail 0 allocated control request XFER_ID=117 buffer_size=8192
I0317 10:52:37.332932     893 libfabric_rail.cpp:997] Posting receive on endpoint=0xb18e820 buffer=0x7f6baa1de010 size=8192 context=0xb14ddc8
I0317 10:52:37.332933     893 libfabric_rail.cpp:1006] Receive posted successfully
I0317 10:52:37.332933     893 libfabric_rail.cpp:320] Allocate on Rail 0 allocated control request XFER_ID=118 buffer_size=8192
I0317 10:52:37.332934     893 libfabric_rail.cpp:997] Posting receive on endpoint=0xb18e820 buffer=0x7f6baa1dc010 size=8192 context=0xb14dd20
I0317 10:52:37.332935     893 libfabric_rail.cpp:1006] Receive posted successfully
I0317 10:52:37.332935     893 libfabric_rail.cpp:320] Allocate on Rail 0 allocated control request XFER_ID=119 buffer_size=8192
I0317 10:52:37.332936     893 libfabric_rail.cpp:997] Posting receive on endpoint=0xb18e820 buffer=0x7f6baa1da010 size=8192 context=0xb14dc70
I0317 10:52:37.332937     893 libfabric_rail.cpp:1006] Receive posted successfully
I0317 10:52:37.332938     893 libfabric_rail.cpp:320] Allocate on Rail 0 allocated control request XFER_ID=120 buffer_size=8192
I0317 10:52:37.332938     893 libfabric_rail.cpp:997] Posting receive on endpoint=0xb18e820 buffer=0x7f6baa1d8010 size=8192 context=0xb14dbc8
I0317 10:52:37.332939     893 libfabric_rail.cpp:1006] Receive posted successfully
I0317 10:52:37.332940     893 libfabric_rail.cpp:320] Allocate on Rail 0 allocated control request XFER_ID=121 buffer_size=8192
I0317 10:52:37.332940     893 libfabric_rail.cpp:997] Posting receive on endpoint=0xb18e820 buffer=0x7f6baa1d6010 size=8192 context=0xb14db20
I0317 10:52:37.332941     893 libfabric_rail.cpp:1006] Receive posted successfully
I0317 10:52:37.332942     893 libfabric_rail.cpp:320] Allocate on Rail 0 allocated control request XFER_ID=122 buffer_size=8192
I0317 10:52:37.332942     893 libfabric_rail.cpp:997] Posting receive on endpoint=0xb18e820 buffer=0x7f6baa1d4010 size=8192 context=0xb14da70
I0317 10:52:37.332943     893 libfabric_rail.cpp:1006] Receive posted successfully
I0317 10:52:37.332944     893 libfabric_rail.cpp:320] Allocate on Rail 0 allocated control request XFER_ID=123 buffer_size=8192
I0317 10:52:37.332944     893 libfabric_rail.cpp:997] Posting receive on endpoint=0xb18e820 buffer=0x7f6baa1d2010 size=8192 context=0xb14d9c8
I0317 10:52:37.332946     893 libfabric_rail.cpp:1006] Receive posted successfully
I0317 10:52:37.332946     893 libfabric_rail.cpp:320] Allocate on Rail 0 allocated control request XFER_ID=124 buffer_size=8192
I0317 10:52:37.332947     893 libfabric_rail.cpp:997] Posting receive on endpoint=0xb18e820 buffer=0x7f6baa1d0010 size=8192 context=0xb14d920
I0317 10:52:37.332948     893 libfabric_rail.cpp:1006] Receive posted successfully
I0317 10:52:37.332948     893 libfabric_rail.cpp:320] Allocate on Rail 0 allocated control request XFER_ID=125 buffer_size=8192
I0317 10:52:37.332949     893 libfabric_rail.cpp:997] Posting receive on endpoint=0xb18e820 buffer=0x7f6baa1ce010 size=8192 context=0xb14d870
I0317 10:52:37.332950     893 libfabric_rail.cpp:1006] Receive posted successfully
I0317 10:52:37.332951     893 libfabric_rail.cpp:320] Allocate on Rail 0 allocated control request XFER_ID=126 buffer_size=8192
I0317 10:52:37.332951     893 libfabric_rail.cpp:997] Posting receive on endpoint=0xb18e820 buffer=0x7f6baa1cc010 size=8192 context=0xb14d7c8
I0317 10:52:37.332952     893 libfabric_rail.cpp:1006] Receive posted successfully
I0317 10:52:37.332953     893 libfabric_rail.cpp:320] Allocate on Rail 0 allocated control request XFER_ID=127 buffer_size=8192
I0317 10:52:37.332953     893 libfabric_rail.cpp:997] Posting receive on endpoint=0xb18e820 buffer=0x7f6baa1ca010 size=8192 context=0xb14d720
I0317 10:52:37.332954     893 libfabric_rail.cpp:1006] Receive posted successfully
I0317 10:52:37.332955     893 libfabric_rail.cpp:320] Allocate on Rail 0 allocated control request XFER_ID=128 buffer_size=8192
I0317 10:52:37.332955     893 libfabric_rail.cpp:997] Posting receive on endpoint=0xb18e820 buffer=0x7f6baa1c8010 size=8192 context=0xb14d670
I0317 10:52:37.332956     893 libfabric_rail.cpp:1006] Receive posted successfully
I0317 10:52:37.332957     893 libfabric_rail.cpp:320] Allocate on Rail 0 allocated control request XFER_ID=129 buffer_size=8192
I0317 10:52:37.332957     893 libfabric_rail.cpp:997] Posting receive on endpoint=0xb18e820 buffer=0x7f6baa1c6010 size=8192 context=0xb14d5c8
I0317 10:52:37.332958     893 libfabric_rail.cpp:1006] Receive posted successfully
I0317 10:52:37.332959     893 libfabric_rail.cpp:320] Allocate on Rail 0 allocated control request XFER_ID=130 buffer_size=8192
I0317 10:52:37.332960     893 libfabric_rail.cpp:997] Posting receive on endpoint=0xb18e820 buffer=0x7f6baa1c4010 size=8192 context=0xb14d520
I0317 10:52:37.332960     893 libfabric_rail.cpp:1006] Receive posted successfully
I0317 10:52:37.332961     893 libfabric_rail.cpp:320] Allocate on Rail 0 allocated control request XFER_ID=131 buffer_size=8192
I0317 10:52:37.332962     893 libfabric_rail.cpp:997] Posting receive on endpoint=0xb18e820 buffer=0x7f6baa1c2010 size=8192 context=0xb14d470
I0317 10:52:37.332963     893 libfabric_rail.cpp:1006] Receive posted successfully
I0317 10:52:37.332963     893 libfabric_rail.cpp:320] Allocate on Rail 0 allocated control request XFER_ID=132 buffer_size=8192
I0317 10:52:37.332964     893 libfabric_rail.cpp:997] Posting receive on endpoint=0xb18e820 buffer=0x7f6baa1c0010 size=8192 context=0xb14d3c8
I0317 10:52:37.332965     893 libfabric_rail.cpp:1006] Receive posted successfully
I0317 10:52:37.332965     893 libfabric_rail.cpp:320] Allocate on Rail 0 allocated control request XFER_ID=133 buffer_size=8192
I0317 10:52:37.332966     893 libfabric_rail.cpp:997] Posting receive on endpoint=0xb18e820 buffer=0x7f6baa1be010 size=8192 context=0xb14d320
I0317 10:52:37.332967     893 libfabric_rail.cpp:1006] Receive posted successfully
I0317 10:52:37.332967     893 libfabric_rail.cpp:320] Allocate on Rail 0 allocated control request XFER_ID=134 buffer_size=8192
I0317 10:52:37.332968     893 libfabric_rail.cpp:997] Posting receive on endpoint=0xb18e820 buffer=0x7f6baa1bc010 size=8192 context=0xb14d270
I0317 10:52:37.332969     893 libfabric_rail.cpp:1006] Receive posted successfully
I0317 10:52:37.332970     893 libfabric_rail.cpp:320] Allocate on Rail 0 allocated control request XFER_ID=135 buffer_size=8192
I0317 10:52:37.332971     893 libfabric_rail.cpp:997] Posting receive on endpoint=0xb18e820 buffer=0x7f6baa1ba010 size=8192 context=0xb14d1c8
I0317 10:52:37.332971     893 libfabric_rail.cpp:1006] Receive posted successfully
I0317 10:52:37.332972     893 libfabric_rail.cpp:320] Allocate on Rail 0 allocated control request XFER_ID=136 buffer_size=8192
I0317 10:52:37.332973     893 libfabric_rail.cpp:997] Posting receive on endpoint=0xb18e820 buffer=0x7f6baa1b8010 size=8192 context=0xb14d120
I0317 10:52:37.332973     893 libfabric_rail.cpp:1006] Receive posted successfully
I0317 10:52:37.332974     893 libfabric_rail.cpp:320] Allocate on Rail 0 allocated control request XFER_ID=137 buffer_size=8192
I0317 10:52:37.332975     893 libfabric_rail.cpp:997] Posting receive on endpoint=0xb18e820 buffer=0x7f6baa1b6010 size=8192 context=0xb14d070
I0317 10:52:37.332976     893 libfabric_rail.cpp:1006] Receive posted successfully
I0317 10:52:37.332976     893 libfabric_rail.cpp:320] Allocate on Rail 0 allocated control request XFER_ID=138 buffer_size=8192
I0317 10:52:37.332977     893 libfabric_rail.cpp:997] Posting receive on endpoint=0xb18e820 buffer=0x7f6baa1b4010 size=8192 context=0xb14cfc8
I0317 10:52:37.332978     893 libfabric_rail.cpp:1006] Receive posted successfully
I0317 10:52:37.332978     893 libfabric_rail.cpp:320] Allocate on Rail 0 allocated control request XFER_ID=139 buffer_size=8192
I0317 10:52:37.332979     893 libfabric_rail.cpp:997] Posting receive on endpoint=0xb18e820 buffer=0x7f6baa1b2010 size=8192 context=0xb14cf20
I0317 10:52:37.332980     893 libfabric_rail.cpp:1006] Receive posted successfully
I0317 10:52:37.332980     893 libfabric_rail.cpp:320] Allocate on Rail 0 allocated control request XFER_ID=140 buffer_size=8192
I0317 10:52:37.332981     893 libfabric_rail.cpp:997] Posting receive on endpoint=0xb18e820 buffer=0x7f6baa1b0010 size=8192 context=0xb14ce70
I0317 10:52:37.332982     893 libfabric_rail.cpp:1006] Receive posted successfully
I0317 10:52:37.332982     893 libfabric_rail.cpp:320] Allocate on Rail 0 allocated control request XFER_ID=141 buffer_size=8192
I0317 10:52:37.332983     893 libfabric_rail.cpp:997] Posting receive on endpoint=0xb18e820 buffer=0x7f6baa1ae010 size=8192 context=0xb14cdc8
I0317 10:52:37.332984     893 libfabric_rail.cpp:1006] Receive posted successfully
I0317 10:52:37.332984     893 libfabric_rail.cpp:320] Allocate on Rail 0 allocated control request XFER_ID=142 buffer_size=8192
I0317 10:52:37.332985     893 libfabric_rail.cpp:997] Posting receive on endpoint=0xb18e820 buffer=0x7f6baa1ac010 size=8192 context=0xb14cd20
I0317 10:52:37.332986     893 libfabric_rail.cpp:1006] Receive posted successfully
I0317 10:52:37.332987     893 libfabric_rail.cpp:320] Allocate on Rail 0 allocated control request XFER_ID=143 buffer_size=8192
I0317 10:52:37.332987     893 libfabric_rail.cpp:997] Posting receive on endpoint=0xb18e820 buffer=0x7f6baa1aa010 size=8192 context=0xb14cc70
I0317 10:52:37.332988     893 libfabric_rail.cpp:1006] Receive posted successfully
I0317 10:52:37.332989     893 libfabric_rail.cpp:320] Allocate on Rail 0 allocated control request XFER_ID=144 buffer_size=8192
I0317 10:52:37.332989     893 libfabric_rail.cpp:997] Posting receive on endpoint=0xb18e820 buffer=0x7f6baa1a8010 size=8192 context=0xb14cbc8
I0317 10:52:37.332990     893 libfabric_rail.cpp:1006] Receive posted successfully
I0317 10:52:37.332991     893 libfabric_rail.cpp:320] Allocate on Rail 0 allocated control request XFER_ID=145 buffer_size=8192
I0317 10:52:37.332991     893 libfabric_rail.cpp:997] Posting receive on endpoint=0xb18e820 buffer=0x7f6baa1a6010 size=8192 context=0xb14cb20
I0317 10:52:37.332992     893 libfabric_rail.cpp:1006] Receive posted successfully
I0317 10:52:37.332993     893 libfabric_rail.cpp:320] Allocate on Rail 0 allocated control request XFER_ID=146 buffer_size=8192
I0317 10:52:37.332994     893 libfabric_rail.cpp:997] Posting receive on endpoint=0xb18e820 buffer=0x7f6baa1a4010 size=8192 context=0xb14ca70
I0317 10:52:37.332995     893 libfabric_rail.cpp:1006] Receive posted successfully
I0317 10:52:37.332995     893 libfabric_rail.cpp:320] Allocate on Rail 0 allocated control request XFER_ID=147 buffer_size=8192
I0317 10:52:37.332996     893 libfabric_rail.cpp:997] Posting receive on endpoint=0xb18e820 buffer=0x7f6baa1a2010 size=8192 context=0xb14c9c8
I0317 10:52:37.332997     893 libfabric_rail.cpp:1006] Receive posted successfully
I0317 10:52:37.332997     893 libfabric_rail.cpp:320] Allocate on Rail 0 allocated control request XFER_ID=148 buffer_size=8192
I0317 10:52:37.332998     893 libfabric_rail.cpp:997] Posting receive on endpoint=0xb18e820 buffer=0x7f6baa1a0010 size=8192 context=0xb14c920
I0317 10:52:37.332999     893 libfabric_rail.cpp:1006] Receive posted successfully
I0317 10:52:37.333000     893 libfabric_rail.cpp:320] Allocate on Rail 0 allocated control request XFER_ID=149 buffer_size=8192
I0317 10:52:37.333000     893 libfabric_rail.cpp:997] Posting receive on endpoint=0xb18e820 buffer=0x7f6baa19e010 size=8192 context=0xb14c870
I0317 10:52:37.333001     893 libfabric_rail.cpp:1006] Receive posted successfully
I0317 10:52:37.333002     893 libfabric_rail.cpp:320] Allocate on Rail 0 allocated control request XFER_ID=150 buffer_size=8192
I0317 10:52:37.333002     893 libfabric_rail.cpp:997] Posting receive on endpoint=0xb18e820 buffer=0x7f6baa19c010 size=8192 context=0xb14c7c8
I0317 10:52:37.333003     893 libfabric_rail.cpp:1006] Receive posted successfully
I0317 10:52:37.333004     893 libfabric_rail.cpp:320] Allocate on Rail 0 allocated control request XFER_ID=151 buffer_size=8192
I0317 10:52:37.333004     893 libfabric_rail.cpp:997] Posting receive on endpoint=0xb18e820 buffer=0x7f6baa19a010 size=8192 context=0xb14c720
I0317 10:52:37.333005     893 libfabric_rail.cpp:1006] Receive posted successfully
I0317 10:52:37.333006     893 libfabric_rail.cpp:320] Allocate on Rail 0 allocated control request XFER_ID=152 buffer_size=8192
I0317 10:52:37.333007     893 libfabric_rail.cpp:997] Posting receive on endpoint=0xb18e820 buffer=0x7f6baa198010 size=8192 context=0xb14c670
I0317 10:52:37.333007     893 libfabric_rail.cpp:1006] Receive posted successfully
I0317 10:52:37.333008     893 libfabric_rail.cpp:320] Allocate on Rail 0 allocated control request XFER_ID=153 buffer_size=8192
I0317 10:52:37.333009     893 libfabric_rail.cpp:997] Posting receive on endpoint=0xb18e820 buffer=0x7f6baa196010 size=8192 context=0xb14c5c8
I0317 10:52:37.333009     893 libfabric_rail.cpp:1006] Receive posted successfully
I0317 10:52:37.333010     893 libfabric_rail.cpp:320] Allocate on Rail 0 allocated control request XFER_ID=154 buffer_size=8192
I0317 10:52:37.333011     893 libfabric_rail.cpp:997] Posting receive on endpoint=0xb18e820 buffer=0x7f6baa194010 size=8192 context=0xb14c520
I0317 10:52:37.333012     893 libfabric_rail.cpp:1006] Receive posted successfully
I0317 10:52:37.333012     893 libfabric_rail.cpp:320] Allocate on Rail 0 allocated control request XFER_ID=155 buffer_size=8192
I0317 10:52:37.333013     893 libfabric_rail.cpp:997] Posting receive on endpoint=0xb18e820 buffer=0x7f6baa192010 size=8192 context=0xb14c470
I0317 10:52:37.333014     893 libfabric_rail.cpp:1006] Receive posted successfully
I0317 10:52:37.333014     893 libfabric_rail.cpp:320] Allocate on Rail 0 allocated control request XFER_ID=156 buffer_size=8192
I0317 10:52:37.333015     893 libfabric_rail.cpp:997] Posting receive on endpoint=0xb18e820 buffer=0x7f6baa190010 size=8192 context=0xb14c3c8
I0317 10:52:37.333016     893 libfabric_rail.cpp:1006] Receive posted successfully
I0317 10:52:37.333016     893 libfabric_rail.cpp:320] Allocate on Rail 0 allocated control request XFER_ID=157 buffer_size=8192
I0317 10:52:37.333017     893 libfabric_rail.cpp:997] Posting receive on endpoint=0xb18e820 buffer=0x7f6baa18e010 size=8192 context=0xb14c320
I0317 10:52:37.333018     893 libfabric_rail.cpp:1006] Receive posted successfully
I0317 10:52:37.333019     893 libfabric_rail.cpp:320] Allocate on Rail 0 allocated control request XFER_ID=158 buffer_size=8192
I0317 10:52:37.333019     893 libfabric_rail.cpp:997] Posting receive on endpoint=0xb18e820 buffer=0x7f6baa18c010 size=8192 context=0xb14c270
I0317 10:52:37.333020     893 libfabric_rail.cpp:1006] Receive posted successfully
I0317 10:52:37.333021     893 libfabric_rail.cpp:320] Allocate on Rail 0 allocated control request XFER_ID=159 buffer_size=8192
I0317 10:52:37.333022     893 libfabric_rail.cpp:997] Posting receive on endpoint=0xb18e820 buffer=0x7f6baa18a010 size=8192 context=0xb14c1c8
I0317 10:52:37.333022     893 libfabric_rail.cpp:1006] Receive posted successfully
I0317 10:52:37.333023     893 libfabric_rail.cpp:320] Allocate on Rail 0 allocated control request XFER_ID=160 buffer_size=8192
I0317 10:52:37.333024     893 libfabric_rail.cpp:997] Posting receive on endpoint=0xb18e820 buffer=0x7f6baa188010 size=8192 context=0xb14c120
I0317 10:52:37.333024     893 libfabric_rail.cpp:1006] Receive posted successfully
I0317 10:52:37.333025     893 libfabric_rail.cpp:320] Allocate on Rail 0 allocated control request XFER_ID=161 buffer_size=8192
I0317 10:52:37.333026     893 libfabric_rail.cpp:997] Posting receive on endpoint=0xb18e820 buffer=0x7f6baa186010 size=8192 context=0xb14c070
I0317 10:52:37.333027     893 libfabric_rail.cpp:1006] Receive posted successfully
I0317 10:52:37.333027     893 libfabric_rail.cpp:320] Allocate on Rail 0 allocated control request XFER_ID=162 buffer_size=8192
I0317 10:52:37.333028     893 libfabric_rail.cpp:997] Posting receive on endpoint=0xb18e820 buffer=0x7f6baa184010 size=8192 context=0xb14bfc8
I0317 10:52:37.333029     893 libfabric_rail.cpp:1006] Receive posted successfully
I0317 10:52:37.333029     893 libfabric_rail.cpp:320] Allocate on Rail 0 allocated control request XFER_ID=163 buffer_size=8192
I0317 10:52:37.333030     893 libfabric_rail.cpp:997] Posting receive on endpoint=0xb18e820 buffer=0x7f6baa182010 size=8192 context=0xb14bf20
I0317 10:52:37.333031     893 libfabric_rail.cpp:1006] Receive posted successfully
I0317 10:52:37.333031     893 libfabric_rail.cpp:320] Allocate on Rail 0 allocated control request XFER_ID=164 buffer_size=8192
I0317 10:52:37.333032     893 libfabric_rail.cpp:997] Posting receive on endpoint=0xb18e820 buffer=0x7f6baa180010 size=8192 context=0xb14be70
I0317 10:52:37.333033     893 libfabric_rail.cpp:1006] Receive posted successfully
I0317 10:52:37.333033     893 libfabric_rail.cpp:320] Allocate on Rail 0 allocated control request XFER_ID=165 buffer_size=8192
I0317 10:52:37.333034     893 libfabric_rail.cpp:997] Posting receive on endpoint=0xb18e820 buffer=0x7f6baa17e010 size=8192 context=0xb14bdc8
I0317 10:52:37.333035     893 libfabric_rail.cpp:1006] Receive posted successfully
I0317 10:52:37.333036     893 libfabric_rail.cpp:320] Allocate on Rail 0 allocated control request XFER_ID=166 buffer_size=8192
I0317 10:52:37.333036     893 libfabric_rail.cpp:997] Posting receive on endpoint=0xb18e820 buffer=0x7f6baa17c010 size=8192 context=0xb14bd20
I0317 10:52:37.333037     893 libfabric_rail.cpp:1006] Receive posted successfully
I0317 10:52:37.333038     893 libfabric_rail.cpp:320] Allocate on Rail 0 allocated control request XFER_ID=167 buffer_size=8192
I0317 10:52:37.333038     893 libfabric_rail.cpp:997] Posting receive on endpoint=0xb18e820 buffer=0x7f6baa17a010 size=8192 context=0xb14bc70
I0317 10:52:37.333039     893 libfabric_rail.cpp:1006] Receive posted successfully
I0317 10:52:37.333040     893 libfabric_rail.cpp:320] Allocate on Rail 0 allocated control request XFER_ID=168 buffer_size=8192
I0317 10:52:37.333041     893 libfabric_rail.cpp:997] Posting receive on endpoint=0xb18e820 buffer=0x7f6baa178010 size=8192 context=0xb14bbc8
I0317 10:52:37.333042     893 libfabric_rail.cpp:1006] Receive posted successfully
I0317 10:52:37.333042     893 libfabric_rail.cpp:320] Allocate on Rail 0 allocated control request XFER_ID=169 buffer_size=8192
I0317 10:52:37.333043     893 libfabric_rail.cpp:997] Posting receive on endpoint=0xb18e820 buffer=0x7f6baa176010 size=8192 context=0xb14bb20
I0317 10:52:37.333044     893 libfabric_rail.cpp:1006] Receive posted successfully
I0317 10:52:37.333044     893 libfabric_rail.cpp:320] Allocate on Rail 0 allocated control request XFER_ID=170 buffer_size=8192
I0317 10:52:37.333045     893 libfabric_rail.cpp:997] Posting receive on endpoint=0xb18e820 buffer=0x7f6baa174010 size=8192 context=0xb14ba70
I0317 10:52:37.333046     893 libfabric_rail.cpp:1006] Receive posted successfully
I0317 10:52:37.333047     893 libfabric_rail.cpp:320] Allocate on Rail 0 allocated control request XFER_ID=171 buffer_size=8192
I0317 10:52:37.333047     893 libfabric_rail.cpp:997] Posting receive on endpoint=0xb18e820 buffer=0x7f6baa172010 size=8192 context=0xb14b9c8
I0317 10:52:37.333048     893 libfabric_rail.cpp:1006] Receive posted successfully
I0317 10:52:37.333049     893 libfabric_rail.cpp:320] Allocate on Rail 0 allocated control request XFER_ID=172 buffer_size=8192
I0317 10:52:37.333049     893 libfabric_rail.cpp:997] Posting receive on endpoint=0xb18e820 buffer=0x7f6baa170010 size=8192 context=0xb14b920
I0317 10:52:37.333050     893 libfabric_rail.cpp:1006] Receive posted successfully
I0317 10:52:37.333051     893 libfabric_rail.cpp:320] Allocate on Rail 0 allocated control request XFER_ID=173 buffer_size=8192
I0317 10:52:37.333051     893 libfabric_rail.cpp:997] Posting receive on endpoint=0xb18e820 buffer=0x7f6baa16e010 size=8192 context=0xb14b870
I0317 10:52:37.333052     893 libfabric_rail.cpp:1006] Receive posted successfully
I0317 10:52:37.333053     893 libfabric_rail.cpp:320] Allocate on Rail 0 allocated control request XFER_ID=174 buffer_size=8192
I0317 10:52:37.333054     893 libfabric_rail.cpp:997] Posting receive on endpoint=0xb18e820 buffer=0x7f6baa16c010 size=8192 context=0xb14b7c8
I0317 10:52:37.333054     893 libfabric_rail.cpp:1006] Receive posted successfully
I0317 10:52:37.333055     893 libfabric_rail.cpp:320] Allocate on Rail 0 allocated control request XFER_ID=175 buffer_size=8192
I0317 10:52:37.333056     893 libfabric_rail.cpp:997] Posting receive on endpoint=0xb18e820 buffer=0x7f6baa16a010 size=8192 context=0xb14b720
I0317 10:52:37.333056     893 libfabric_rail.cpp:1006] Receive posted successfully
I0317 10:52:37.333057     893 libfabric_rail.cpp:320] Allocate on Rail 0 allocated control request XFER_ID=176 buffer_size=8192
I0317 10:52:37.333058     893 libfabric_rail.cpp:997] Posting receive on endpoint=0xb18e820 buffer=0x7f6baa168010 size=8192 context=0xb14b670
I0317 10:52:37.333059     893 libfabric_rail.cpp:1006] Receive posted successfully
I0317 10:52:37.333059     893 libfabric_rail.cpp:320] Allocate on Rail 0 allocated control request XFER_ID=177 buffer_size=8192
I0317 10:52:37.333060     893 libfabric_rail.cpp:997] Posting receive on endpoint=0xb18e820 buffer=0x7f6baa166010 size=8192 context=0xb14b5c8
I0317 10:52:37.333061     893 libfabric_rail.cpp:1006] Receive posted successfully
I0317 10:52:37.333061     893 libfabric_rail.cpp:320] Allocate on Rail 0 allocated control request XFER_ID=178 buffer_size=8192
I0317 10:52:37.333062     893 libfabric_rail.cpp:997] Posting receive on endpoint=0xb18e820 buffer=0x7f6baa164010 size=8192 context=0xb14b520
I0317 10:52:37.333063     893 libfabric_rail.cpp:1006] Receive posted successfully
I0317 10:52:37.333063     893 libfabric_rail.cpp:320] Allocate on Rail 0 allocated control request XFER_ID=179 buffer_size=8192
I0317 10:52:37.333064     893 libfabric_rail.cpp:997] Posting receive on endpoint=0xb18e820 buffer=0x7f6baa162010 size=8192 context=0xb14b470
I0317 10:52:37.333065     893 libfabric_rail.cpp:1006] Receive posted successfully
I0317 10:52:37.333065     893 libfabric_rail.cpp:320] Allocate on Rail 0 allocated control request XFER_ID=180 buffer_size=8192
I0317 10:52:37.333066     893 libfabric_rail.cpp:997] Posting receive on endpoint=0xb18e820 buffer=0x7f6baa160010 size=8192 context=0xb14b3c8
I0317 10:52:37.333067     893 libfabric_rail.cpp:1006] Receive posted successfully
I0317 10:52:37.333068     893 libfabric_rail.cpp:320] Allocate on Rail 0 allocated control request XFER_ID=181 buffer_size=8192
I0317 10:52:37.333069     893 libfabric_rail.cpp:997] Posting receive on endpoint=0xb18e820 buffer=0x7f6baa15e010 size=8192 context=0xb14b320
I0317 10:52:37.333069     893 libfabric_rail.cpp:1006] Receive posted successfully
I0317 10:52:37.333070     893 libfabric_rail.cpp:320] Allocate on Rail 0 allocated control request XFER_ID=182 buffer_size=8192
I0317 10:52:37.333071     893 libfabric_rail.cpp:997] Posting receive on endpoint=0xb18e820 buffer=0x7f6baa15c010 size=8192 context=0xb14b270
I0317 10:52:37.333072     893 libfabric_rail.cpp:1006] Receive posted successfully
I0317 10:52:37.333072     893 libfabric_rail.cpp:320] Allocate on Rail 0 allocated control request XFER_ID=183 buffer_size=8192
I0317 10:52:37.333073     893 libfabric_rail.cpp:997] Posting receive on endpoint=0xb18e820 buffer=0x7f6baa15a010 size=8192 context=0xb14b1c8
I0317 10:52:37.333074     893 libfabric_rail.cpp:1006] Receive posted successfully
I0317 10:52:37.333074     893 libfabric_rail.cpp:320] Allocate on Rail 0 allocated control request XFER_ID=184 buffer_size=8192
I0317 10:52:37.333075     893 libfabric_rail.cpp:997] Posting receive on endpoint=0xb18e820 buffer=0x7f6baa158010 size=8192 context=0xb14b120
I0317 10:52:37.333076     893 libfabric_rail.cpp:1006] Receive posted successfully
I0317 10:52:37.333076     893 libfabric_rail.cpp:320] Allocate on Rail 0 allocated control request XFER_ID=185 buffer_size=8192
I0317 10:52:37.333077     893 libfabric_rail.cpp:997] Posting receive on endpoint=0xb18e820 buffer=0x7f6baa156010 size=8192 context=0xb14b070
I0317 10:52:37.333078     893 libfabric_rail.cpp:1006] Receive posted successfully
I0317 10:52:37.333078     893 libfabric_rail.cpp:320] Allocate on Rail 0 allocated control request XFER_ID=186 buffer_size=8192
I0317 10:52:37.333079     893 libfabric_rail.cpp:997] Posting receive on endpoint=0xb18e820 buffer=0x7f6baa154010 size=8192 context=0xb14afc8
I0317 10:52:37.333080     893 libfabric_rail.cpp:1006] Receive posted successfully
I0317 10:52:37.333080     893 libfabric_rail.cpp:320] Allocate on Rail 0 allocated control request XFER_ID=187 buffer_size=8192
I0317 10:52:37.333081     893 libfabric_rail.cpp:997] Posting receive on endpoint=0xb18e820 buffer=0x7f6baa152010 size=8192 context=0xb14af20
I0317 10:52:37.333082     893 libfabric_rail.cpp:1006] Receive posted successfully
I0317 10:52:37.333083     893 libfabric_rail.cpp:320] Allocate on Rail 0 allocated control request XFER_ID=188 buffer_size=8192
I0317 10:52:37.333083     893 libfabric_rail.cpp:997] Posting receive on endpoint=0xb18e820 buffer=0x7f6baa150010 size=8192 context=0xb14ae70
I0317 10:52:37.333084     893 libfabric_rail.cpp:1006] Receive posted successfully
I0317 10:52:37.333085     893 libfabric_rail.cpp:320] Allocate on Rail 0 allocated control request XFER_ID=189 buffer_size=8192
I0317 10:52:37.333085     893 libfabric_rail.cpp:997] Posting receive on endpoint=0xb18e820 buffer=0x7f6baa14e010 size=8192 context=0xb14adc8
I0317 10:52:37.333086     893 libfabric_rail.cpp:1006] Receive posted successfully
I0317 10:52:37.333087     893 libfabric_rail.cpp:320] Allocate on Rail 0 allocated control request XFER_ID=190 buffer_size=8192
I0317 10:52:37.333087     893 libfabric_rail.cpp:997] Posting receive on endpoint=0xb18e820 buffer=0x7f6baa14c010 size=8192 context=0xb14ad20
I0317 10:52:37.333088     893 libfabric_rail.cpp:1006] Receive posted successfully
I0317 10:52:37.333089     893 libfabric_rail.cpp:320] Allocate on Rail 0 allocated control request XFER_ID=191 buffer_size=8192
I0317 10:52:37.333089     893 libfabric_rail.cpp:997] Posting receive on endpoint=0xb18e820 buffer=0x7f6baa14a010 size=8192 context=0xb14ac70
I0317 10:52:37.333090     893 libfabric_rail.cpp:1006] Receive posted successfully
I0317 10:52:37.333091     893 libfabric_rail.cpp:320] Allocate on Rail 0 allocated control request XFER_ID=192 buffer_size=8192
I0317 10:52:37.333092     893 libfabric_rail.cpp:997] Posting receive on endpoint=0xb18e820 buffer=0x7f6baa148010 size=8192 context=0xb14abc8
I0317 10:52:37.333093     893 libfabric_rail.cpp:1006] Receive posted successfully
I0317 10:52:37.333094     893 libfabric_rail.cpp:320] Allocate on Rail 0 allocated control request XFER_ID=193 buffer_size=8192
I0317 10:52:37.333094     893 libfabric_rail.cpp:997] Posting receive on endpoint=0xb18e820 buffer=0x7f6baa146010 size=8192 context=0xb14ab20
I0317 10:52:37.333095     893 libfabric_rail.cpp:1006] Receive posted successfully
I0317 10:52:37.333096     893 libfabric_rail.cpp:320] Allocate on Rail 0 allocated control request XFER_ID=194 buffer_size=8192
I0317 10:52:37.333096     893 libfabric_rail.cpp:997] Posting receive on endpoint=0xb18e820 buffer=0x7f6baa144010 size=8192 context=0xb14aa70
I0317 10:52:37.333097     893 libfabric_rail.cpp:1006] Receive posted successfully
I0317 10:52:37.333098     893 libfabric_rail.cpp:320] Allocate on Rail 0 allocated control request XFER_ID=195 buffer_size=8192
I0317 10:52:37.333099     893 libfabric_rail.cpp:997] Posting receive on endpoint=0xb18e820 buffer=0x7f6baa142010 size=8192 context=0xb14a9c8
I0317 10:52:37.333099     893 libfabric_rail.cpp:1006] Receive posted successfully
I0317 10:52:37.333100     893 libfabric_rail.cpp:320] Allocate on Rail 0 allocated control request XFER_ID=196 buffer_size=8192
I0317 10:52:37.333101     893 libfabric_rail.cpp:997] Posting receive on endpoint=0xb18e820 buffer=0x7f6baa140010 size=8192 context=0xb14a920
I0317 10:52:37.333102     893 libfabric_rail.cpp:1006] Receive posted successfully
I0317 10:52:37.333102     893 libfabric_rail.cpp:320] Allocate on Rail 0 allocated control request XFER_ID=197 buffer_size=8192
I0317 10:52:37.333103     893 libfabric_rail.cpp:997] Posting receive on endpoint=0xb18e820 buffer=0x7f6baa13e010 size=8192 context=0xb14a870
I0317 10:52:37.333104     893 libfabric_rail.cpp:1006] Receive posted successfully
I0317 10:52:37.333104     893 libfabric_rail.cpp:320] Allocate on Rail 0 allocated control request XFER_ID=198 buffer_size=8192
I0317 10:52:37.333105     893 libfabric_rail.cpp:997] Posting receive on endpoint=0xb18e820 buffer=0x7f6baa13c010 size=8192 context=0xb14a7c8
I0317 10:52:37.333106     893 libfabric_rail.cpp:1006] Receive posted successfully
I0317 10:52:37.333106     893 libfabric_rail.cpp:320] Allocate on Rail 0 allocated control request XFER_ID=199 buffer_size=8192
I0317 10:52:37.333107     893 libfabric_rail.cpp:997] Posting receive on endpoint=0xb18e820 buffer=0x7f6baa13a010 size=8192 context=0xb14a720
I0317 10:52:37.333108     893 libfabric_rail.cpp:1006] Receive posted successfully
I0317 10:52:37.333108     893 libfabric_rail.cpp:320] Allocate on Rail 0 allocated control request XFER_ID=200 buffer_size=8192
I0317 10:52:37.333109     893 libfabric_rail.cpp:997] Posting receive on endpoint=0xb18e820 buffer=0x7f6baa138010 size=8192 context=0xb14a670
I0317 10:52:37.333110     893 libfabric_rail.cpp:1006] Receive posted successfully
I0317 10:52:37.333110     893 libfabric_rail.cpp:320] Allocate on Rail 0 allocated control request XFER_ID=201 buffer_size=8192
I0317 10:52:37.333111     893 libfabric_rail.cpp:997] Posting receive on endpoint=0xb18e820 buffer=0x7f6baa136010 size=8192 context=0xb14a5c8
I0317 10:52:37.333112     893 libfabric_rail.cpp:1006] Receive posted successfully
I0317 10:52:37.333112     893 libfabric_rail.cpp:320] Allocate on Rail 0 allocated control request XFER_ID=202 buffer_size=8192
I0317 10:52:37.333113     893 libfabric_rail.cpp:997] Posting receive on endpoint=0xb18e820 buffer=0x7f6baa134010 size=8192 context=0xb14a520
I0317 10:52:37.333114     893 libfabric_rail.cpp:1006] Receive posted successfully
I0317 10:52:37.333115     893 libfabric_rail.cpp:320] Allocate on Rail 0 allocated control request XFER_ID=203 buffer_size=8192
I0317 10:52:37.333115     893 libfabric_rail.cpp:997] Posting receive on endpoint=0xb18e820 buffer=0x7f6baa132010 size=8192 context=0xb14a470
I0317 10:52:37.333116     893 libfabric_rail.cpp:1006] Receive posted successfully
I0317 10:52:37.333117     893 libfabric_rail.cpp:320] Allocate on Rail 0 allocated control request XFER_ID=204 buffer_size=8192
I0317 10:52:37.333118     893 libfabric_rail.cpp:997] Posting receive on endpoint=0xb18e820 buffer=0x7f6baa130010 size=8192 context=0xb14a3c8
I0317 10:52:37.333119     893 libfabric_rail.cpp:1006] Receive posted successfully
I0317 10:52:37.333119     893 libfabric_rail.cpp:320] Allocate on Rail 0 allocated control request XFER_ID=205 buffer_size=8192
I0317 10:52:37.333120     893 libfabric_rail.cpp:997] Posting receive on endpoint=0xb18e820 buffer=0x7f6baa12e010 size=8192 context=0xb14a320
I0317 10:52:37.333123     893 libfabric_rail.cpp:1006] Receive posted successfully
I0317 10:52:37.333124     893 libfabric_rail.cpp:320] Allocate on Rail 0 allocated control request XFER_ID=206 buffer_size=8192
I0317 10:52:37.333125     893 libfabric_rail.cpp:997] Posting receive on endpoint=0xb18e820 buffer=0x7f6baa12c010 size=8192 context=0xb14a270
I0317 10:52:37.333125     893 libfabric_rail.cpp:1006] Receive posted successfully
I0317 10:52:37.333126     893 libfabric_rail.cpp:320] Allocate on Rail 0 allocated control request XFER_ID=207 buffer_size=8192
I0317 10:52:37.333127     893 libfabric_rail.cpp:997] Posting receive on endpoint=0xb18e820 buffer=0x7f6baa12a010 size=8192 context=0xb14a1c8
I0317 10:52:37.333128     893 libfabric_rail.cpp:1006] Receive posted successfully
I0317 10:52:37.333128     893 libfabric_rail.cpp:320] Allocate on Rail 0 allocated control request XFER_ID=208 buffer_size=8192
I0317 10:52:37.333129     893 libfabric_rail.cpp:997] Posting receive on endpoint=0xb18e820 buffer=0x7f6baa128010 size=8192 context=0xb14a120
I0317 10:52:37.333130     893 libfabric_rail.cpp:1006] Receive posted successfully
I0317 10:52:37.333130     893 libfabric_rail.cpp:320] Allocate on Rail 0 allocated control request XFER_ID=209 buffer_size=8192
I0317 10:52:37.333131     893 libfabric_rail.cpp:997] Posting receive on endpoint=0xb18e820 buffer=0x7f6baa126010 size=8192 context=0xb14a070
I0317 10:52:37.333132     893 libfabric_rail.cpp:1006] Receive posted successfully
I0317 10:52:37.333132     893 libfabric_rail.cpp:320] Allocate on Rail 0 allocated control request XFER_ID=210 buffer_size=8192
I0317 10:52:37.333133     893 libfabric_rail.cpp:997] Posting receive on endpoint=0xb18e820 buffer=0x7f6baa124010 size=8192 context=0xb149fc8
I0317 10:52:37.333134     893 libfabric_rail.cpp:1006] Receive posted successfully
I0317 10:52:37.333134     893 libfabric_rail.cpp:320] Allocate on Rail 0 allocated control request XFER_ID=211 buffer_size=8192
I0317 10:52:37.333135     893 libfabric_rail.cpp:997] Posting receive on endpoint=0xb18e820 buffer=0x7f6baa122010 size=8192 context=0xb149f20
I0317 10:52:37.333136     893 libfabric_rail.cpp:1006] Receive posted successfully
I0317 10:52:37.333137     893 libfabric_rail.cpp:320] Allocate on Rail 0 allocated control request XFER_ID=212 buffer_size=8192
I0317 10:52:37.333137     893 libfabric_rail.cpp:997] Posting receive on endpoint=0xb18e820 buffer=0x7f6baa120010 size=8192 context=0xb149e70
I0317 10:52:37.333138     893 libfabric_rail.cpp:1006] Receive posted successfully
I0317 10:52:37.333139     893 libfabric_rail.cpp:320] Allocate on Rail 0 allocated control request XFER_ID=213 buffer_size=8192
I0317 10:52:37.333139     893 libfabric_rail.cpp:997] Posting receive on endpoint=0xb18e820 buffer=0x7f6baa11e010 size=8192 context=0xb149dc8
I0317 10:52:37.333140     893 libfabric_rail.cpp:1006] Receive posted successfully
I0317 10:52:37.333141     893 libfabric_rail.cpp:320] Allocate on Rail 0 allocated control request XFER_ID=214 buffer_size=8192
I0317 10:52:37.333141     893 libfabric_rail.cpp:997] Posting receive on endpoint=0xb18e820 buffer=0x7f6baa11c010 size=8192 context=0xb149d20
I0317 10:52:37.333142     893 libfabric_rail.cpp:1006] Receive posted successfully
I0317 10:52:37.333143     893 libfabric_rail.cpp:320] Allocate on Rail 0 allocated control request XFER_ID=215 buffer_size=8192
I0317 10:52:37.333144     893 libfabric_rail.cpp:997] Posting receive on endpoint=0xb18e820 buffer=0x7f6baa11a010 size=8192 context=0xb149c70
I0317 10:52:37.333144     893 libfabric_rail.cpp:1006] Receive posted successfully
I0317 10:52:37.333145     893 libfabric_rail.cpp:320] Allocate on Rail 0 allocated control request XFER_ID=216 buffer_size=8192
I0317 10:52:37.333146     893 libfabric_rail.cpp:997] Posting receive on endpoint=0xb18e820 buffer=0x7f6baa118010 size=8192 context=0xb149bc8
I0317 10:52:37.333147     893 libfabric_rail.cpp:1006] Receive posted successfully
I0317 10:52:37.333147     893 libfabric_rail.cpp:320] Allocate on Rail 0 allocated control request XFER_ID=217 buffer_size=8192
I0317 10:52:37.333148     893 libfabric_rail.cpp:997] Posting receive on endpoint=0xb18e820 buffer=0x7f6baa116010 size=8192 context=0xb149b20
I0317 10:52:37.333149     893 libfabric_rail.cpp:1006] Receive posted successfully
I0317 10:52:37.333149     893 libfabric_rail.cpp:320] Allocate on Rail 0 allocated control request XFER_ID=218 buffer_size=8192
I0317 10:52:37.333150     893 libfabric_rail.cpp:997] Posting receive on endpoint=0xb18e820 buffer=0x7f6baa114010 size=8192 context=0xb149a70
I0317 10:52:37.333151     893 libfabric_rail.cpp:1006] Receive posted successfully
I0317 10:52:37.333151     893 libfabric_rail.cpp:320] Allocate on Rail 0 allocated control request XFER_ID=219 buffer_size=8192
I0317 10:52:37.333152     893 libfabric_rail.cpp:997] Posting receive on endpoint=0xb18e820 buffer=0x7f6baa112010 size=8192 context=0xb1499c8
I0317 10:52:37.333153     893 libfabric_rail.cpp:1006] Receive posted successfully
I0317 10:52:37.333153     893 libfabric_rail.cpp:320] Allocate on Rail 0 allocated control request XFER_ID=220 buffer_size=8192
I0317 10:52:37.333154     893 libfabric_rail.cpp:997] Posting receive on endpoint=0xb18e820 buffer=0x7f6baa110010 size=8192 context=0xb149920
I0317 10:52:37.333155     893 libfabric_rail.cpp:1006] Receive posted successfully
I0317 10:52:37.333155     893 libfabric_rail.cpp:320] Allocate on Rail 0 allocated control request XFER_ID=221 buffer_size=8192
I0317 10:52:37.333156     893 libfabric_rail.cpp:997] Posting receive on endpoint=0xb18e820 buffer=0x7f6baa10e010 size=8192 context=0xb149870
I0317 10:52:37.333157     893 libfabric_rail.cpp:1006] Receive posted successfully
I0317 10:52:37.333157     893 libfabric_rail.cpp:320] Allocate on Rail 0 allocated control request XFER_ID=222 buffer_size=8192
I0317 10:52:37.333158     893 libfabric_rail.cpp:997] Posting receive on endpoint=0xb18e820 buffer=0x7f6baa10c010 size=8192 context=0xb1497c8
I0317 10:52:37.333159     893 libfabric_rail.cpp:1006] Receive posted successfully
I0317 10:52:37.333160     893 libfabric_rail.cpp:320] Allocate on Rail 0 allocated control request XFER_ID=223 buffer_size=8192
I0317 10:52:37.333160     893 libfabric_rail.cpp:997] Posting receive on endpoint=0xb18e820 buffer=0x7f6baa10a010 size=8192 context=0xb149720
I0317 10:52:37.333161     893 libfabric_rail.cpp:1006] Receive posted successfully
I0317 10:52:37.333162     893 libfabric_rail.cpp:320] Allocate on Rail 0 allocated control request XFER_ID=224 buffer_size=8192
I0317 10:52:37.333162     893 libfabric_rail.cpp:997] Posting receive on endpoint=0xb18e820 buffer=0x7f6baa108010 size=8192 context=0xb149670
I0317 10:52:37.333163     893 libfabric_rail.cpp:1006] Receive posted successfully
I0317 10:52:37.333164     893 libfabric_rail.cpp:320] Allocate on Rail 0 allocated control request XFER_ID=225 buffer_size=8192
I0317 10:52:37.333164     893 libfabric_rail.cpp:997] Posting receive on endpoint=0xb18e820 buffer=0x7f6baa106010 size=8192 context=0xb1495c8
I0317 10:52:37.333165     893 libfabric_rail.cpp:1006] Receive posted successfully
I0317 10:52:37.333166     893 libfabric_rail.cpp:320] Allocate on Rail 0 allocated control request XFER_ID=226 buffer_size=8192
I0317 10:52:37.333166     893 libfabric_rail.cpp:997] Posting receive on endpoint=0xb18e820 buffer=0x7f6baa104010 size=8192 context=0xb149520
I0317 10:52:37.333167     893 libfabric_rail.cpp:1006] Receive posted successfully
I0317 10:52:37.333168     893 libfabric_rail.cpp:320] Allocate on Rail 0 allocated control request XFER_ID=227 buffer_size=8192
I0317 10:52:37.333169     893 libfabric_rail.cpp:997] Posting receive on endpoint=0xb18e820 buffer=0x7f6baa102010 size=8192 context=0xb149470
I0317 10:52:37.333170     893 libfabric_rail.cpp:1006] Receive posted successfully
I0317 10:52:37.333170     893 libfabric_rail.cpp:320] Allocate on Rail 0 allocated control request XFER_ID=228 buffer_size=8192
I0317 10:52:37.333171     893 libfabric_rail.cpp:997] Posting receive on endpoint=0xb18e820 buffer=0x7f6baa100010 size=8192 context=0xb1493c8
I0317 10:52:37.333172     893 libfabric_rail.cpp:1006] Receive posted successfully
I0317 10:52:37.333172     893 libfabric_rail.cpp:320] Allocate on Rail 0 allocated control request XFER_ID=229 buffer_size=8192
I0317 10:52:37.333173     893 libfabric_rail.cpp:997] Posting receive on endpoint=0xb18e820 buffer=0x7f6baa0fe010 size=8192 context=0xb149320
I0317 10:52:37.333174     893 libfabric_rail.cpp:1006] Receive posted successfully
I0317 10:52:37.333175     893 libfabric_rail.cpp:320] Allocate on Rail 0 allocated control request XFER_ID=230 buffer_size=8192
I0317 10:52:37.333175     893 libfabric_rail.cpp:997] Posting receive on endpoint=0xb18e820 buffer=0x7f6baa0fc010 size=8192 context=0xb149270
I0317 10:52:37.333176     893 libfabric_rail.cpp:1006] Receive posted successfully
I0317 10:52:37.333177     893 libfabric_rail.cpp:320] Allocate on Rail 0 allocated control request XFER_ID=231 buffer_size=8192
I0317 10:52:37.333177     893 libfabric_rail.cpp:997] Posting receive on endpoint=0xb18e820 buffer=0x7f6baa0fa010 size=8192 context=0xb1491c8
I0317 10:52:37.333178     893 libfabric_rail.cpp:1006] Receive posted successfully
I0317 10:52:37.333179     893 libfabric_rail.cpp:320] Allocate on Rail 0 allocated control request XFER_ID=232 buffer_size=8192
I0317 10:52:37.333179     893 libfabric_rail.cpp:997] Posting receive on endpoint=0xb18e820 buffer=0x7f6baa0f8010 size=8192 context=0xb149120
I0317 10:52:37.333180     893 libfabric_rail.cpp:1006] Receive posted successfully
I0317 10:52:37.333181     893 libfabric_rail.cpp:320] Allocate on Rail 0 allocated control request XFER_ID=233 buffer_size=8192
I0317 10:52:37.333182     893 libfabric_rail.cpp:997] Posting receive on endpoint=0xb18e820 buffer=0x7f6baa0f6010 size=8192 context=0xb149070
I0317 10:52:37.333182     893 libfabric_rail.cpp:1006] Receive posted successfully
I0317 10:52:37.333183     893 libfabric_rail.cpp:320] Allocate on Rail 0 allocated control request XFER_ID=234 buffer_size=8192
I0317 10:52:37.333184     893 libfabric_rail.cpp:997] Posting receive on endpoint=0xb18e820 buffer=0x7f6baa0f4010 size=8192 context=0xb148fc8
I0317 10:52:37.333184     893 libfabric_rail.cpp:1006] Receive posted successfully
I0317 10:52:37.333185     893 libfabric_rail.cpp:320] Allocate on Rail 0 allocated control request XFER_ID=235 buffer_size=8192
I0317 10:52:37.333186     893 libfabric_rail.cpp:997] Posting receive on endpoint=0xb18e820 buffer=0x7f6baa0f2010 size=8192 context=0xb148f20
I0317 10:52:37.333187     893 libfabric_rail.cpp:1006] Receive posted successfully
I0317 10:52:37.333187     893 libfabric_rail.cpp:320] Allocate on Rail 0 allocated control request XFER_ID=236 buffer_size=8192
I0317 10:52:37.333188     893 libfabric_rail.cpp:997] Posting receive on endpoint=0xb18e820 buffer=0x7f6baa0f0010 size=8192 context=0xb148e70
I0317 10:52:37.333189     893 libfabric_rail.cpp:1006] Receive posted successfully
I0317 10:52:37.333189     893 libfabric_rail.cpp:320] Allocate on Rail 0 allocated control request XFER_ID=237 buffer_size=8192
I0317 10:52:37.333190     893 libfabric_rail.cpp:997] Posting receive on endpoint=0xb18e820 buffer=0x7f6baa0ee010 size=8192 context=0xb148dc8
I0317 10:52:37.333191     893 libfabric_rail.cpp:1006] Receive posted successfully
I0317 10:52:37.333191     893 libfabric_rail.cpp:320] Allocate on Rail 0 allocated control request XFER_ID=238 buffer_size=8192
I0317 10:52:37.333192     893 libfabric_rail.cpp:997] Posting receive on endpoint=0xb18e820 buffer=0x7f6baa0ec010 size=8192 context=0xb148d20
I0317 10:52:37.333193     893 libfabric_rail.cpp:1006] Receive posted successfully
I0317 10:52:37.333194     893 libfabric_rail.cpp:320] Allocate on Rail 0 allocated control request XFER_ID=239 buffer_size=8192
I0317 10:52:37.333194     893 libfabric_rail.cpp:997] Posting receive on endpoint=0xb18e820 buffer=0x7f6baa0ea010 size=8192 context=0xb148c70
I0317 10:52:37.333195     893 libfabric_rail.cpp:1006] Receive posted successfully
I0317 10:52:37.333196     893 libfabric_rail.cpp:320] Allocate on Rail 0 allocated control request XFER_ID=240 buffer_size=8192
I0317 10:52:37.333197     893 libfabric_rail.cpp:997] Posting receive on endpoint=0xb18e820 buffer=0x7f6baa0e8010 size=8192 context=0xb148bc8
I0317 10:52:37.333197     893 libfabric_rail.cpp:1006] Receive posted successfully
I0317 10:52:37.333198     893 libfabric_rail.cpp:320] Allocate on Rail 0 allocated control request XFER_ID=241 buffer_size=8192
I0317 10:52:37.333199     893 libfabric_rail.cpp:997] Posting receive on endpoint=0xb18e820 buffer=0x7f6baa0e6010 size=8192 context=0xb148b20
I0317 10:52:37.333199     893 libfabric_rail.cpp:1006] Receive posted successfully
I0317 10:52:37.333200     893 libfabric_rail.cpp:320] Allocate on Rail 0 allocated control request XFER_ID=242 buffer_size=8192
I0317 10:52:37.333201     893 libfabric_rail.cpp:997] Posting receive on endpoint=0xb18e820 buffer=0x7f6baa0e4010 size=8192 context=0xb148a70
I0317 10:52:37.333202     893 libfabric_rail.cpp:1006] Receive posted successfully
I0317 10:52:37.333202     893 libfabric_rail.cpp:320] Allocate on Rail 0 allocated control request XFER_ID=243 buffer_size=8192
I0317 10:52:37.333203     893 libfabric_rail.cpp:997] Posting receive on endpoint=0xb18e820 buffer=0x7f6baa0e2010 size=8192 context=0xb1489c8
I0317 10:52:37.333204     893 libfabric_rail.cpp:1006] Receive posted successfully
I0317 10:52:37.333204     893 libfabric_rail.cpp:320] Allocate on Rail 0 allocated control request XFER_ID=244 buffer_size=8192
I0317 10:52:37.333205     893 libfabric_rail.cpp:997] Posting receive on endpoint=0xb18e820 buffer=0x7f6baa0e0010 size=8192 context=0xb148920
I0317 10:52:37.333206     893 libfabric_rail.cpp:1006] Receive posted successfully
I0317 10:52:37.333206     893 libfabric_rail.cpp:320] Allocate on Rail 0 allocated control request XFER_ID=245 buffer_size=8192
I0317 10:52:37.333207     893 libfabric_rail.cpp:997] Posting receive on endpoint=0xb18e820 buffer=0x7f6baa0de010 size=8192 context=0xb148870
I0317 10:52:37.333208     893 libfabric_rail.cpp:1006] Receive posted successfully
I0317 10:52:37.333208     893 libfabric_rail.cpp:320] Allocate on Rail 0 allocated control request XFER_ID=246 buffer_size=8192
I0317 10:52:37.333209     893 libfabric_rail.cpp:997] Posting receive on endpoint=0xb18e820 buffer=0x7f6baa0dc010 size=8192 context=0xb1487c8
I0317 10:52:37.333210     893 libfabric_rail.cpp:1006] Receive posted successfully
I0317 10:52:37.333211     893 libfabric_rail.cpp:320] Allocate on Rail 0 allocated control request XFER_ID=247 buffer_size=8192
I0317 10:52:37.333211     893 libfabric_rail.cpp:997] Posting receive on endpoint=0xb18e820 buffer=0x7f6baa0da010 size=8192 context=0xb148720
I0317 10:52:37.333212     893 libfabric_rail.cpp:1006] Receive posted successfully
I0317 10:52:37.333213     893 libfabric_rail.cpp:320] Allocate on Rail 0 allocated control request XFER_ID=248 buffer_size=8192
I0317 10:52:37.333213     893 libfabric_rail.cpp:997] Posting receive on endpoint=0xb18e820 buffer=0x7f6baa0d8010 size=8192 context=0xb148670
I0317 10:52:37.333214     893 libfabric_rail.cpp:1006] Receive posted successfully
I0317 10:52:37.333215     893 libfabric_rail.cpp:320] Allocate on Rail 0 allocated control request XFER_ID=249 buffer_size=8192
I0317 10:52:37.333215     893 libfabric_rail.cpp:997] Posting receive on endpoint=0xb18e820 buffer=0x7f6baa0d6010 size=8192 context=0xb1485c8
I0317 10:52:37.333216     893 libfabric_rail.cpp:1006] Receive posted successfully
I0317 10:52:37.333217     893 libfabric_rail.cpp:320] Allocate on Rail 0 allocated control request XFER_ID=250 buffer_size=8192
I0317 10:52:37.333218     893 libfabric_rail.cpp:997] Posting receive on endpoint=0xb18e820 buffer=0x7f6baa0d4010 size=8192 context=0xb148520
I0317 10:52:37.333219     893 libfabric_rail.cpp:1006] Receive posted successfully
I0317 10:52:37.333220     893 libfabric_rail.cpp:320] Allocate on Rail 0 allocated control request XFER_ID=251 buffer_size=8192
I0317 10:52:37.333220     893 libfabric_rail.cpp:997] Posting receive on endpoint=0xb18e820 buffer=0x7f6baa0d2010 size=8192 context=0xb148470
I0317 10:52:37.333221     893 libfabric_rail.cpp:1006] Receive posted successfully
I0317 10:52:37.333222     893 libfabric_rail.cpp:320] Allocate on Rail 0 allocated control request XFER_ID=252 buffer_size=8192
I0317 10:52:37.333222     893 libfabric_rail.cpp:997] Posting receive on endpoint=0xb18e820 buffer=0x7f6baa0d0010 size=8192 context=0xb1483c8
I0317 10:52:37.333223     893 libfabric_rail.cpp:1006] Receive posted successfully
I0317 10:52:37.333224     893 libfabric_rail.cpp:320] Allocate on Rail 0 allocated control request XFER_ID=253 buffer_size=8192
I0317 10:52:37.333224     893 libfabric_rail.cpp:997] Posting receive on endpoint=0xb18e820 buffer=0x7f6baa0ce010 size=8192 context=0xb148320
I0317 10:52:37.333225     893 libfabric_rail.cpp:1006] Receive posted successfully
I0317 10:52:37.333226     893 libfabric_rail.cpp:320] Allocate on Rail 0 allocated control request XFER_ID=254 buffer_size=8192
I0317 10:52:37.333226     893 libfabric_rail.cpp:997] Posting receive on endpoint=0xb18e820 buffer=0x7f6baa0cc010 size=8192 context=0xb148270
I0317 10:52:37.333227     893 libfabric_rail.cpp:1006] Receive posted successfully
I0317 10:52:37.333228     893 libfabric_rail.cpp:320] Allocate on Rail 0 allocated control request XFER_ID=255 buffer_size=8192
I0317 10:52:37.333229     893 libfabric_rail.cpp:997] Posting receive on endpoint=0xb18e820 buffer=0x7f6baa0ca010 size=8192 context=0xb1481c8
I0317 10:52:37.333229     893 libfabric_rail.cpp:1006] Receive posted successfully
I0317 10:52:37.333230     893 libfabric_rail.cpp:320] Allocate on Rail 0 allocated control request XFER_ID=256 buffer_size=8192
I0317 10:52:37.333231     893 libfabric_rail.cpp:997] Posting receive on endpoint=0xb18e820 buffer=0x7f6baa0c8010 size=8192 context=0xb148120
I0317 10:52:37.333231     893 libfabric_rail.cpp:1006] Receive posted successfully
I0317 10:52:37.333232     893 libfabric_rail.cpp:320] Allocate on Rail 0 allocated control request XFER_ID=257 buffer_size=8192
I0317 10:52:37.333233     893 libfabric_rail.cpp:997] Posting receive on endpoint=0xb18e820 buffer=0x7f6baa0c6010 size=8192 context=0xb148070
I0317 10:52:37.333234     893 libfabric_rail.cpp:1006] Receive posted successfully
I0317 10:52:37.333234     893 libfabric_rail.cpp:320] Allocate on Rail 0 allocated control request XFER_ID=258 buffer_size=8192
I0317 10:52:37.333235     893 libfabric_rail.cpp:997] Posting receive on endpoint=0xb18e820 buffer=0x7f6baa0c4010 size=8192 context=0xb147fc8
I0317 10:52:37.333236     893 libfabric_rail.cpp:1006] Receive posted successfully
I0317 10:52:37.333236     893 libfabric_rail.cpp:320] Allocate on Rail 0 allocated control request XFER_ID=259 buffer_size=8192
I0317 10:52:37.333237     893 libfabric_rail.cpp:997] Posting receive on endpoint=0xb18e820 buffer=0x7f6baa0c2010 size=8192 context=0xb147f20
I0317 10:52:37.333238     893 libfabric_rail.cpp:1006] Receive posted successfully
I0317 10:52:37.333238     893 libfabric_rail.cpp:320] Allocate on Rail 0 allocated control request XFER_ID=260 buffer_size=8192
I0317 10:52:37.333239     893 libfabric_rail.cpp:997] Posting receive on endpoint=0xb18e820 buffer=0x7f6baa0c0010 size=8192 context=0xb147e70
I0317 10:52:37.333240     893 libfabric_rail.cpp:1006] Receive posted successfully
I0317 10:52:37.333240     893 libfabric_rail.cpp:320] Allocate on Rail 0 allocated control request XFER_ID=261 buffer_size=8192
I0317 10:52:37.333241     893 libfabric_rail.cpp:997] Posting receive on endpoint=0xb18e820 buffer=0x7f6baa0be010 size=8192 context=0xb147dc8
I0317 10:52:37.333242     893 libfabric_rail.cpp:1006] Receive posted successfully
I0317 10:52:37.333243     893 libfabric_rail.cpp:320] Allocate on Rail 0 allocated control request XFER_ID=262 buffer_size=8192
I0317 10:52:37.333243     893 libfabric_rail.cpp:997] Posting receive on endpoint=0xb18e820 buffer=0x7f6baa0bc010 size=8192 context=0xb147d20
I0317 10:52:37.333244     893 libfabric_rail.cpp:1006] Receive posted successfully
I0317 10:52:37.333245     893 libfabric_rail.cpp:320] Allocate on Rail 0 allocated control request XFER_ID=263 buffer_size=8192
I0317 10:52:37.333245     893 libfabric_rail.cpp:997] Posting receive on endpoint=0xb18e820 buffer=0x7f6baa0ba010 size=8192 context=0xb147c70
I0317 10:52:37.333246     893 libfabric_rail.cpp:1006] Receive posted successfully
I0317 10:52:37.333247     893 libfabric_rail.cpp:320] Allocate on Rail 0 allocated control request XFER_ID=264 buffer_size=8192
I0317 10:52:37.333247     893 libfabric_rail.cpp:997] Posting receive on endpoint=0xb18e820 buffer=0x7f6baa0b8010 size=8192 context=0xb147bc8
I0317 10:52:37.333248     893 libfabric_rail.cpp:1006] Receive posted successfully
I0317 10:52:37.333249     893 libfabric_rail.cpp:320] Allocate on Rail 0 allocated control request XFER_ID=265 buffer_size=8192
I0317 10:52:37.333250     893 libfabric_rail.cpp:997] Posting receive on endpoint=0xb18e820 buffer=0x7f6baa0b6010 size=8192 context=0xb147b20
I0317 10:52:37.333250     893 libfabric_rail.cpp:1006] Receive posted successfully
I0317 10:52:37.333251     893 libfabric_rail.cpp:320] Allocate on Rail 0 allocated control request XFER_ID=266 buffer_size=8192
I0317 10:52:37.333252     893 libfabric_rail.cpp:997] Posting receive on endpoint=0xb18e820 buffer=0x7f6baa0b4010 size=8192 context=0xb147a70
I0317 10:52:37.333253     893 libfabric_rail.cpp:1006] Receive posted successfully
I0317 10:52:37.333253     893 libfabric_rail.cpp:320] Allocate on Rail 0 allocated control request XFER_ID=267 buffer_size=8192
I0317 10:52:37.333254     893 libfabric_rail.cpp:997] Posting receive on endpoint=0xb18e820 buffer=0x7f6baa0b2010 size=8192 context=0xb1479c8
I0317 10:52:37.333255     893 libfabric_rail.cpp:1006] Receive posted successfully
I0317 10:52:37.333255     893 libfabric_rail.cpp:320] Allocate on Rail 0 allocated control request XFER_ID=268 buffer_size=8192
I0317 10:52:37.333256     893 libfabric_rail.cpp:997] Posting receive on endpoint=0xb18e820 buffer=0x7f6baa0b0010 size=8192 context=0xb147920
I0317 10:52:37.333257     893 libfabric_rail.cpp:1006] Receive posted successfully
I0317 10:52:37.333257     893 libfabric_rail.cpp:320] Allocate on Rail 0 allocated control request XFER_ID=269 buffer_size=8192
I0317 10:52:37.333258     893 libfabric_rail.cpp:997] Posting receive on endpoint=0xb18e820 buffer=0x7f6baa0ae010 size=8192 context=0xb147870
I0317 10:52:37.333259     893 libfabric_rail.cpp:1006] Receive posted successfully
I0317 10:52:37.333259     893 libfabric_rail.cpp:320] Allocate on Rail 0 allocated control request XFER_ID=270 buffer_size=8192
I0317 10:52:37.333260     893 libfabric_rail.cpp:997] Posting receive on endpoint=0xb18e820 buffer=0x7f6baa0ac010 size=8192 context=0xb1477c8
I0317 10:52:37.333261     893 libfabric_rail.cpp:1006] Receive posted successfully
I0317 10:52:37.333262     893 libfabric_rail.cpp:320] Allocate on Rail 0 allocated control request XFER_ID=271 buffer_size=8192
I0317 10:52:37.333262     893 libfabric_rail.cpp:997] Posting receive on endpoint=0xb18e820 buffer=0x7f6baa0aa010 size=8192 context=0xb147720
I0317 10:52:37.333263     893 libfabric_rail.cpp:1006] Receive posted successfully
I0317 10:52:37.333264     893 libfabric_rail.cpp:320] Allocate on Rail 0 allocated control request XFER_ID=272 buffer_size=8192
I0317 10:52:37.333264     893 libfabric_rail.cpp:997] Posting receive on endpoint=0xb18e820 buffer=0x7f6baa0a8010 size=8192 context=0xb147670
I0317 10:52:37.333265     893 libfabric_rail.cpp:1006] Receive posted successfully
I0317 10:52:37.333266     893 libfabric_rail.cpp:320] Allocate on Rail 0 allocated control request XFER_ID=273 buffer_size=8192
I0317 10:52:37.333267     893 libfabric_rail.cpp:997] Posting receive on endpoint=0xb18e820 buffer=0x7f6baa0a6010 size=8192 context=0xb1475c8
I0317 10:52:37.333268     893 libfabric_rail.cpp:1006] Receive posted successfully
I0317 10:52:37.333268     893 libfabric_rail.cpp:320] Allocate on Rail 0 allocated control request XFER_ID=274 buffer_size=8192
I0317 10:52:37.333269     893 libfabric_rail.cpp:997] Posting receive on endpoint=0xb18e820 buffer=0x7f6baa0a4010 size=8192 context=0xb147520
I0317 10:52:37.333270     893 libfabric_rail.cpp:1006] Receive posted successfully
I0317 10:52:37.333270     893 libfabric_rail.cpp:320] Allocate on Rail 0 allocated control request XFER_ID=275 buffer_size=8192
I0317 10:52:37.333271     893 libfabric_rail.cpp:997] Posting receive on endpoint=0xb18e820 buffer=0x7f6baa0a2010 size=8192 context=0xb147470
I0317 10:52:37.333272     893 libfabric_rail.cpp:1006] Receive posted successfully
I0317 10:52:37.333272     893 libfabric_rail.cpp:320] Allocate on Rail 0 allocated control request XFER_ID=276 buffer_size=8192
I0317 10:52:37.333273     893 libfabric_rail.cpp:997] Posting receive on endpoint=0xb18e820 buffer=0x7f6baa0a0010 size=8192 context=0xb1473c8
I0317 10:52:37.333274     893 libfabric_rail.cpp:1006] Receive posted successfully
I0317 10:52:37.333275     893 libfabric_rail.cpp:320] Allocate on Rail 0 allocated control request XFER_ID=277 buffer_size=8192
I0317 10:52:37.333275     893 libfabric_rail.cpp:997] Posting receive on endpoint=0xb18e820 buffer=0x7f6baa09e010 size=8192 context=0xb147320
I0317 10:52:37.333276     893 libfabric_rail.cpp:1006] Receive posted successfully
I0317 10:52:37.333277     893 libfabric_rail.cpp:320] Allocate on Rail 0 allocated control request XFER_ID=278 buffer_size=8192
I0317 10:52:37.333277     893 libfabric_rail.cpp:997] Posting receive on endpoint=0xb18e820 buffer=0x7f6baa09c010 size=8192 context=0xb147270
I0317 10:52:37.333278     893 libfabric_rail.cpp:1006] Receive posted successfully
I0317 10:52:37.333279     893 libfabric_rail.cpp:320] Allocate on Rail 0 allocated control request XFER_ID=279 buffer_size=8192
I0317 10:52:37.333280     893 libfabric_rail.cpp:997] Posting receive on endpoint=0xb18e820 buffer=0x7f6baa09a010 size=8192 context=0xb1471c8
I0317 10:52:37.333280     893 libfabric_rail.cpp:1006] Receive posted successfully
I0317 10:52:37.333281     893 libfabric_rail.cpp:320] Allocate on Rail 0 allocated control request XFER_ID=280 buffer_size=8192
I0317 10:52:37.333282     893 libfabric_rail.cpp:997] Posting receive on endpoint=0xb18e820 buffer=0x7f6baa098010 size=8192 context=0xb147120
I0317 10:52:37.333282     893 libfabric_rail.cpp:1006] Receive posted successfully
I0317 10:52:37.333283     893 libfabric_rail.cpp:320] Allocate on Rail 0 allocated control request XFER_ID=281 buffer_size=8192
I0317 10:52:37.333284     893 libfabric_rail.cpp:997] Posting receive on endpoint=0xb18e820 buffer=0x7f6baa096010 size=8192 context=0xb147070
I0317 10:52:37.333285     893 libfabric_rail.cpp:1006] Receive posted successfully
I0317 10:52:37.333285     893 libfabric_rail.cpp:320] Allocate on Rail 0 allocated control request XFER_ID=282 buffer_size=8192
I0317 10:52:37.333286     893 libfabric_rail.cpp:997] Posting receive on endpoint=0xb18e820 buffer=0x7f6baa094010 size=8192 context=0xb146fc8
I0317 10:52:37.333287     893 libfabric_rail.cpp:1006] Receive posted successfully
I0317 10:52:37.333287     893 libfabric_rail.cpp:320] Allocate on Rail 0 allocated control request XFER_ID=283 buffer_size=8192
I0317 10:52:37.333288     893 libfabric_rail.cpp:997] Posting receive on endpoint=0xb18e820 buffer=0x7f6baa092010 size=8192 context=0xb146f20
I0317 10:52:37.333289     893 libfabric_rail.cpp:1006] Receive posted successfully
I0317 10:52:37.333289     893 libfabric_rail.cpp:320] Allocate on Rail 0 allocated control request XFER_ID=284 buffer_size=8192
I0317 10:52:37.333290     893 libfabric_rail.cpp:997] Posting receive on endpoint=0xb18e820 buffer=0x7f6baa090010 size=8192 context=0xb146e70
I0317 10:52:37.333292     893 libfabric_rail.cpp:1006] Receive posted successfully
I0317 10:52:37.333292     893 libfabric_rail.cpp:320] Allocate on Rail 0 allocated control request XFER_ID=285 buffer_size=8192
I0317 10:52:37.333293     893 libfabric_rail.cpp:997] Posting receive on endpoint=0xb18e820 buffer=0x7f6baa08e010 size=8192 context=0xb146dc8
I0317 10:52:37.333294     893 libfabric_rail.cpp:1006] Receive posted successfully
I0317 10:52:37.333294     893 libfabric_rail.cpp:320] Allocate on Rail 0 allocated control request XFER_ID=286 buffer_size=8192
I0317 10:52:37.333295     893 libfabric_rail.cpp:997] Posting receive on endpoint=0xb18e820 buffer=0x7f6baa08c010 size=8192 context=0xb146d20
I0317 10:52:37.333296     893 libfabric_rail.cpp:1006] Receive posted successfully
I0317 10:52:37.333296     893 libfabric_rail.cpp:320] Allocate on Rail 0 allocated control request XFER_ID=287 buffer_size=8192
I0317 10:52:37.333297     893 libfabric_rail.cpp:997] Posting receive on endpoint=0xb18e820 buffer=0x7f6baa08a010 size=8192 context=0xb146c70
I0317 10:52:37.333298     893 libfabric_rail.cpp:1006] Receive posted successfully
I0317 10:52:37.333298     893 libfabric_rail.cpp:320] Allocate on Rail 0 allocated control request XFER_ID=288 buffer_size=8192
I0317 10:52:37.333299     893 libfabric_rail.cpp:997] Posting receive on endpoint=0xb18e820 buffer=0x7f6baa088010 size=8192 context=0xb146bc8
I0317 10:52:37.333300     893 libfabric_rail.cpp:1006] Receive posted successfully
I0317 10:52:37.333300     893 libfabric_rail.cpp:320] Allocate on Rail 0 allocated control request XFER_ID=289 buffer_size=8192
I0317 10:52:37.333301     893 libfabric_rail.cpp:997] Posting receive on endpoint=0xb18e820 buffer=0x7f6baa086010 size=8192 context=0xb146b20
I0317 10:52:37.333302     893 libfabric_rail.cpp:1006] Receive posted successfully
I0317 10:52:37.333303     893 libfabric_rail.cpp:320] Allocate on Rail 0 allocated control request XFER_ID=290 buffer_size=8192
I0317 10:52:37.333303     893 libfabric_rail.cpp:997] Posting receive on endpoint=0xb18e820 buffer=0x7f6baa084010 size=8192 context=0xb146a70
I0317 10:52:37.333304     893 libfabric_rail.cpp:1006] Receive posted successfully
I0317 10:52:37.333305     893 libfabric_rail.cpp:320] Allocate on Rail 0 allocated control request XFER_ID=291 buffer_size=8192
I0317 10:52:37.333305     893 libfabric_rail.cpp:997] Posting receive on endpoint=0xb18e820 buffer=0x7f6baa082010 size=8192 context=0xb1469c8
I0317 10:52:37.333306     893 libfabric_rail.cpp:1006] Receive posted successfully
I0317 10:52:37.333307     893 libfabric_rail.cpp:320] Allocate on Rail 0 allocated control request XFER_ID=292 buffer_size=8192
I0317 10:52:37.333307     893 libfabric_rail.cpp:997] Posting receive on endpoint=0xb18e820 buffer=0x7f6baa080010 size=8192 context=0xb146920
I0317 10:52:37.333308     893 libfabric_rail.cpp:1006] Receive posted successfully
I0317 10:52:37.333309     893 libfabric_rail.cpp:320] Allocate on Rail 0 allocated control request XFER_ID=293 buffer_size=8192
I0317 10:52:37.333309     893 libfabric_rail.cpp:997] Posting receive on endpoint=0xb18e820 buffer=0x7f6baa07e010 size=8192 context=0xb146870
I0317 10:52:37.333310     893 libfabric_rail.cpp:1006] Receive posted successfully
I0317 10:52:37.333311     893 libfabric_rail.cpp:320] Allocate on Rail 0 allocated control request XFER_ID=294 buffer_size=8192
I0317 10:52:37.333312     893 libfabric_rail.cpp:997] Posting receive on endpoint=0xb18e820 buffer=0x7f6baa07c010 size=8192 context=0xb1467c8
I0317 10:52:37.333313     893 libfabric_rail.cpp:1006] Receive posted successfully
I0317 10:52:37.333313     893 libfabric_rail.cpp:320] Allocate on Rail 0 allocated control request XFER_ID=295 buffer_size=8192
I0317 10:52:37.333314     893 libfabric_rail.cpp:997] Posting receive on endpoint=0xb18e820 buffer=0x7f6baa07a010 size=8192 context=0xb146720
I0317 10:52:37.333315     893 libfabric_rail.cpp:1006] Receive posted successfully
I0317 10:52:37.333316     893 libfabric_rail.cpp:320] Allocate on Rail 0 allocated control request XFER_ID=296 buffer_size=8192
I0317 10:52:37.333316     893 libfabric_rail.cpp:997] Posting receive on endpoint=0xb18e820 buffer=0x7f6baa078010 size=8192 context=0xb146670
I0317 10:52:37.333317     893 libfabric_rail.cpp:1006] Receive posted successfully
I0317 10:52:37.333318     893 libfabric_rail.cpp:320] Allocate on Rail 0 allocated control request XFER_ID=297 buffer_size=8192
I0317 10:52:37.333318     893 libfabric_rail.cpp:997] Posting receive on endpoint=0xb18e820 buffer=0x7f6baa076010 size=8192 context=0xb1465c8
I0317 10:52:37.333319     893 libfabric_rail.cpp:1006] Receive posted successfully
I0317 10:52:37.333320     893 libfabric_rail.cpp:320] Allocate on Rail 0 allocated control request XFER_ID=298 buffer_size=8192
I0317 10:52:37.333321     893 libfabric_rail.cpp:997] Posting receive on endpoint=0xb18e820 buffer=0x7f6baa074010 size=8192 context=0xb146520
I0317 10:52:37.333321     893 libfabric_rail.cpp:1006] Receive posted successfully
I0317 10:52:37.333322     893 libfabric_rail.cpp:320] Allocate on Rail 0 allocated control request XFER_ID=299 buffer_size=8192
I0317 10:52:37.333323     893 libfabric_rail.cpp:997] Posting receive on endpoint=0xb18e820 buffer=0x7f6baa072010 size=8192 context=0xb146470
I0317 10:52:37.333323     893 libfabric_rail.cpp:1006] Receive posted successfully
I0317 10:52:37.333324     893 libfabric_rail.cpp:320] Allocate on Rail 0 allocated control request XFER_ID=300 buffer_size=8192
I0317 10:52:37.333325     893 libfabric_rail.cpp:997] Posting receive on endpoint=0xb18e820 buffer=0x7f6baa070010 size=8192 context=0xb1463c8
I0317 10:52:37.333326     893 libfabric_rail.cpp:1006] Receive posted successfully
I0317 10:52:37.333326     893 libfabric_rail.cpp:320] Allocate on Rail 0 allocated control request XFER_ID=301 buffer_size=8192
I0317 10:52:37.333327     893 libfabric_rail.cpp:997] Posting receive on endpoint=0xb18e820 buffer=0x7f6baa06e010 size=8192 context=0xb146320
I0317 10:52:37.333328     893 libfabric_rail.cpp:1006] Receive posted successfully
I0317 10:52:37.333328     893 libfabric_rail.cpp:320] Allocate on Rail 0 allocated control request XFER_ID=302 buffer_size=8192
I0317 10:52:37.333329     893 libfabric_rail.cpp:997] Posting receive on endpoint=0xb18e820 buffer=0x7f6baa06c010 size=8192 context=0xb146270
I0317 10:52:37.333330     893 libfabric_rail.cpp:1006] Receive posted successfully
I0317 10:52:37.333330     893 libfabric_rail.cpp:320] Allocate on Rail 0 allocated control request XFER_ID=303 buffer_size=8192
I0317 10:52:37.333331     893 libfabric_rail.cpp:997] Posting receive on endpoint=0xb18e820 buffer=0x7f6baa06a010 size=8192 context=0xb1461c8
I0317 10:52:37.333332     893 libfabric_rail.cpp:1006] Receive posted successfully
I0317 10:52:37.333332     893 libfabric_rail.cpp:320] Allocate on Rail 0 allocated control request XFER_ID=304 buffer_size=8192
I0317 10:52:37.333333     893 libfabric_rail.cpp:997] Posting receive on endpoint=0xb18e820 buffer=0x7f6baa068010 size=8192 context=0xb146120
I0317 10:52:37.333334     893 libfabric_rail.cpp:1006] Receive posted successfully
I0317 10:52:37.333334     893 libfabric_rail.cpp:320] Allocate on Rail 0 allocated control request XFER_ID=305 buffer_size=8192
I0317 10:52:37.333335     893 libfabric_rail.cpp:997] Posting receive on endpoint=0xb18e820 buffer=0x7f6baa066010 size=8192 context=0xb146070
I0317 10:52:37.333336     893 libfabric_rail.cpp:1006] Receive posted successfully
I0317 10:52:37.333337     893 libfabric_rail.cpp:320] Allocate on Rail 0 allocated control request XFER_ID=306 buffer_size=8192
I0317 10:52:37.333337     893 libfabric_rail.cpp:997] Posting receive on endpoint=0xb18e820 buffer=0x7f6baa064010 size=8192 context=0xb145fc8
I0317 10:52:37.333338     893 libfabric_rail.cpp:1006] Receive posted successfully
I0317 10:52:37.333339     893 libfabric_rail.cpp:320] Allocate on Rail 0 allocated control request XFER_ID=307 buffer_size=8192
I0317 10:52:37.333339     893 libfabric_rail.cpp:997] Posting receive on endpoint=0xb18e820 buffer=0x7f6baa062010 size=8192 context=0xb145f20
I0317 10:52:37.333341     893 libfabric_rail.cpp:1006] Receive posted successfully
I0317 10:52:37.333341     893 libfabric_rail.cpp:320] Allocate on Rail 0 allocated control request XFER_ID=308 buffer_size=8192
I0317 10:52:37.333342     893 libfabric_rail.cpp:997] Posting receive on endpoint=0xb18e820 buffer=0x7f6baa060010 size=8192 context=0xb145e70
I0317 10:52:37.333343     893 libfabric_rail.cpp:1006] Receive posted successfully
I0317 10:52:37.333343     893 libfabric_rail.cpp:320] Allocate on Rail 0 allocated control request XFER_ID=309 buffer_size=8192
I0317 10:52:37.333344     893 libfabric_rail.cpp:997] Posting receive on endpoint=0xb18e820 buffer=0x7f6baa05e010 size=8192 context=0xb145dc8
I0317 10:52:37.333345     893 libfabric_rail.cpp:1006] Receive posted successfully
I0317 10:52:37.333346     893 libfabric_rail.cpp:320] Allocate on Rail 0 allocated control request XFER_ID=310 buffer_size=8192
I0317 10:52:37.333346     893 libfabric_rail.cpp:997] Posting receive on endpoint=0xb18e820 buffer=0x7f6baa05c010 size=8192 context=0xb145d20
I0317 10:52:37.333347     893 libfabric_rail.cpp:1006] Receive posted successfully
I0317 10:52:37.333348     893 libfabric_rail.cpp:320] Allocate on Rail 0 allocated control request XFER_ID=311 buffer_size=8192
I0317 10:52:37.333348     893 libfabric_rail.cpp:997] Posting receive on endpoint=0xb18e820 buffer=0x7f6baa05a010 size=8192 context=0xb145c70
I0317 10:52:37.333349     893 libfabric_rail.cpp:1006] Receive posted successfully
I0317 10:52:37.333350     893 libfabric_rail.cpp:320] Allocate on Rail 0 allocated control request XFER_ID=312 buffer_size=8192
I0317 10:52:37.333350     893 libfabric_rail.cpp:997] Posting receive on endpoint=0xb18e820 buffer=0x7f6baa058010 size=8192 context=0xb145bc8
I0317 10:52:37.333351     893 libfabric_rail.cpp:1006] Receive posted successfully
I0317 10:52:37.333352     893 libfabric_rail.cpp:320] Allocate on Rail 0 allocated control request XFER_ID=313 buffer_size=8192
I0317 10:52:37.333352     893 libfabric_rail.cpp:997] Posting receive on endpoint=0xb18e820 buffer=0x7f6baa056010 size=8192 context=0xb145b20
I0317 10:52:37.333353     893 libfabric_rail.cpp:1006] Receive posted successfully
I0317 10:52:37.333354     893 libfabric_rail.cpp:320] Allocate on Rail 0 allocated control request XFER_ID=314 buffer_size=8192
I0317 10:52:37.333355     893 libfabric_rail.cpp:997] Posting receive on endpoint=0xb18e820 buffer=0x7f6baa054010 size=8192 context=0xb145a70
I0317 10:52:37.333355     893 libfabric_rail.cpp:1006] Receive posted successfully
I0317 10:52:37.333356     893 libfabric_rail.cpp:320] Allocate on Rail 0 allocated control request XFER_ID=315 buffer_size=8192
I0317 10:52:37.333357     893 libfabric_rail.cpp:997] Posting receive on endpoint=0xb18e820 buffer=0x7f6baa052010 size=8192 context=0xb1459c8
I0317 10:52:37.333357     893 libfabric_rail.cpp:1006] Receive posted successfully
I0317 10:52:37.333358     893 libfabric_rail.cpp:320] Allocate on Rail 0 allocated control request XFER_ID=316 buffer_size=8192
I0317 10:52:37.333359     893 libfabric_rail.cpp:997] Posting receive on endpoint=0xb18e820 buffer=0x7f6baa050010 size=8192 context=0xb145920
I0317 10:52:37.333360     893 libfabric_rail.cpp:1006] Receive posted successfully
I0317 10:52:37.333360     893 libfabric_rail.cpp:320] Allocate on Rail 0 allocated control request XFER_ID=317 buffer_size=8192
I0317 10:52:37.333361     893 libfabric_rail.cpp:997] Posting receive on endpoint=0xb18e820 buffer=0x7f6baa04e010 size=8192 context=0xb145870
I0317 10:52:37.333362     893 libfabric_rail.cpp:1006] Receive posted successfully
I0317 10:52:37.333362     893 libfabric_rail.cpp:320] Allocate on Rail 0 allocated control request XFER_ID=318 buffer_size=8192
I0317 10:52:37.333363     893 libfabric_rail.cpp:997] Posting receive on endpoint=0xb18e820 buffer=0x7f6baa04c010 size=8192 context=0xb1457c8
I0317 10:52:37.333364     893 libfabric_rail.cpp:1006] Receive posted successfully
I0317 10:52:37.333364     893 libfabric_rail.cpp:320] Allocate on Rail 0 allocated control request XFER_ID=319 buffer_size=8192
I0317 10:52:37.333365     893 libfabric_rail.cpp:997] Posting receive on endpoint=0xb18e820 buffer=0x7f6baa04a010 size=8192 context=0xb145720
I0317 10:52:37.333366     893 libfabric_rail.cpp:1006] Receive posted successfully
I0317 10:52:37.333366     893 libfabric_rail.cpp:320] Allocate on Rail 0 allocated control request XFER_ID=320 buffer_size=8192
I0317 10:52:37.333367     893 libfabric_rail.cpp:997] Posting receive on endpoint=0xb18e820 buffer=0x7f6baa048010 size=8192 context=0xb145670
I0317 10:52:37.333368     893 libfabric_rail.cpp:1006] Receive posted successfully
I0317 10:52:37.333369     893 libfabric_rail.cpp:320] Allocate on Rail 0 allocated control request XFER_ID=321 buffer_size=8192
I0317 10:52:37.333369     893 libfabric_rail.cpp:997] Posting receive on endpoint=0xb18e820 buffer=0x7f6baa046010 size=8192 context=0xb1455c8
I0317 10:52:37.333370     893 libfabric_rail.cpp:1006] Receive posted successfully
I0317 10:52:37.333371     893 libfabric_rail.cpp:320] Allocate on Rail 0 allocated control request XFER_ID=322 buffer_size=8192
I0317 10:52:37.333371     893 libfabric_rail.cpp:997] Posting receive on endpoint=0xb18e820 buffer=0x7f6baa044010 size=8192 context=0xb145520
I0317 10:52:37.333372     893 libfabric_rail.cpp:1006] Receive posted successfully
I0317 10:52:37.333373     893 libfabric_rail.cpp:320] Allocate on Rail 0 allocated control request XFER_ID=323 buffer_size=8192
I0317 10:52:37.333373     893 libfabric_rail.cpp:997] Posting receive on endpoint=0xb18e820 buffer=0x7f6baa042010 size=8192 context=0xb145470
I0317 10:52:37.333374     893 libfabric_rail.cpp:1006] Receive posted successfully
I0317 10:52:37.333375     893 libfabric_rail.cpp:320] Allocate on Rail 0 allocated control request XFER_ID=324 buffer_size=8192
I0317 10:52:37.333376     893 libfabric_rail.cpp:997] Posting receive on endpoint=0xb18e820 buffer=0x7f6baa040010 size=8192 context=0xb1453c8
I0317 10:52:37.333376     893 libfabric_rail.cpp:1006] Receive posted successfully
I0317 10:52:37.333377     893 libfabric_rail.cpp:320] Allocate on Rail 0 allocated control request XFER_ID=325 buffer_size=8192
I0317 10:52:37.333378     893 libfabric_rail.cpp:997] Posting receive on endpoint=0xb18e820 buffer=0x7f6baa03e010 size=8192 context=0xb145320
I0317 10:52:37.333378     893 libfabric_rail.cpp:1006] Receive posted successfully
I0317 10:52:37.333379     893 libfabric_rail.cpp:320] Allocate on Rail 0 allocated control request XFER_ID=326 buffer_size=8192
I0317 10:52:37.333380     893 libfabric_rail.cpp:997] Posting receive on endpoint=0xb18e820 buffer=0x7f6baa03c010 size=8192 context=0xb145270
I0317 10:52:37.333381     893 libfabric_rail.cpp:1006] Receive posted successfully
I0317 10:52:37.333381     893 libfabric_rail.cpp:320] Allocate on Rail 0 allocated control request XFER_ID=327 buffer_size=8192
I0317 10:52:37.333382     893 libfabric_rail.cpp:997] Posting receive on endpoint=0xb18e820 buffer=0x7f6baa03a010 size=8192 context=0xb1451c8
I0317 10:52:37.333383     893 libfabric_rail.cpp:1006] Receive posted successfully
I0317 10:52:37.333383     893 libfabric_rail.cpp:320] Allocate on Rail 0 allocated control request XFER_ID=328 buffer_size=8192
I0317 10:52:37.333384     893 libfabric_rail.cpp:997] Posting receive on endpoint=0xb18e820 buffer=0x7f6baa038010 size=8192 context=0xb145120
I0317 10:52:37.333385     893 libfabric_rail.cpp:1006] Receive posted successfully
I0317 10:52:37.333385     893 libfabric_rail.cpp:320] Allocate on Rail 0 allocated control request XFER_ID=329 buffer_size=8192
I0317 10:52:37.333386     893 libfabric_rail.cpp:997] Posting receive on endpoint=0xb18e820 buffer=0x7f6baa036010 size=8192 context=0xb145070
I0317 10:52:37.333387     893 libfabric_rail.cpp:1006] Receive posted successfully
I0317 10:52:37.333387     893 libfabric_rail.cpp:320] Allocate on Rail 0 allocated control request XFER_ID=330 buffer_size=8192
I0317 10:52:37.333388     893 libfabric_rail.cpp:997] Posting receive on endpoint=0xb18e820 buffer=0x7f6baa034010 size=8192 context=0xb144fc8
I0317 10:52:37.333389     893 libfabric_rail.cpp:1006] Receive posted successfully
I0317 10:52:37.333390     893 libfabric_rail.cpp:320] Allocate on Rail 0 allocated control request XFER_ID=331 buffer_size=8192
I0317 10:52:37.333390     893 libfabric_rail.cpp:997] Posting receive on endpoint=0xb18e820 buffer=0x7f6baa032010 size=8192 context=0xb144f20
I0317 10:52:37.333391     893 libfabric_rail.cpp:1006] Receive posted successfully
I0317 10:52:37.333392     893 libfabric_rail.cpp:320] Allocate on Rail 0 allocated control request XFER_ID=332 buffer_size=8192
I0317 10:52:37.333393     893 libfabric_rail.cpp:997] Posting receive on endpoint=0xb18e820 buffer=0x7f6baa030010 size=8192 context=0xb144e70
I0317 10:52:37.333393     893 libfabric_rail.cpp:1006] Receive posted successfully
I0317 10:52:37.333394     893 libfabric_rail.cpp:320] Allocate on Rail 0 allocated control request XFER_ID=333 buffer_size=8192
I0317 10:52:37.333395     893 libfabric_rail.cpp:997] Posting receive on endpoint=0xb18e820 buffer=0x7f6baa02e010 size=8192 context=0xb144dc8
I0317 10:52:37.333395     893 libfabric_rail.cpp:1006] Receive posted successfully
I0317 10:52:37.333396     893 libfabric_rail.cpp:320] Allocate on Rail 0 allocated control request XFER_ID=334 buffer_size=8192
I0317 10:52:37.333397     893 libfabric_rail.cpp:997] Posting receive on endpoint=0xb18e820 buffer=0x7f6baa02c010 size=8192 context=0xb144d20
I0317 10:52:37.333398     893 libfabric_rail.cpp:1006] Receive posted successfully
I0317 10:52:37.333398     893 libfabric_rail.cpp:320] Allocate on Rail 0 allocated control request XFER_ID=335 buffer_size=8192
I0317 10:52:37.333399     893 libfabric_rail.cpp:997] Posting receive on endpoint=0xb18e820 buffer=0x7f6baa02a010 size=8192 context=0xb144c70
I0317 10:52:37.333400     893 libfabric_rail.cpp:1006] Receive posted successfully
I0317 10:52:37.333400     893 libfabric_rail.cpp:320] Allocate on Rail 0 allocated control request XFER_ID=336 buffer_size=8192
I0317 10:52:37.333401     893 libfabric_rail.cpp:997] Posting receive on endpoint=0xb18e820 buffer=0x7f6baa028010 size=8192 context=0xb144bc8
I0317 10:52:37.333402     893 libfabric_rail.cpp:1006] Receive posted successfully
I0317 10:52:37.333402     893 libfabric_rail.cpp:320] Allocate on Rail 0 allocated control request XFER_ID=337 buffer_size=8192
I0317 10:52:37.333403     893 libfabric_rail.cpp:997] Posting receive on endpoint=0xb18e820 buffer=0x7f6baa026010 size=8192 context=0xb144b20
I0317 10:52:37.333404     893 libfabric_rail.cpp:1006] Receive posted successfully
I0317 10:52:37.333404     893 libfabric_rail.cpp:320] Allocate on Rail 0 allocated control request XFER_ID=338 buffer_size=8192
I0317 10:52:37.333405     893 libfabric_rail.cpp:997] Posting receive on endpoint=0xb18e820 buffer=0x7f6baa024010 size=8192 context=0xb144a70
I0317 10:52:37.333406     893 libfabric_rail.cpp:1006] Receive posted successfully
I0317 10:52:37.333406     893 libfabric_rail.cpp:320] Allocate on Rail 0 allocated control request XFER_ID=339 buffer_size=8192
I0317 10:52:37.333407     893 libfabric_rail.cpp:997] Posting receive on endpoint=0xb18e820 buffer=0x7f6baa022010 size=8192 context=0xb1449c8
I0317 10:52:37.333408     893 libfabric_rail.cpp:1006] Receive posted successfully
I0317 10:52:37.333409     893 libfabric_rail.cpp:320] Allocate on Rail 0 allocated control request XFER_ID=340 buffer_size=8192
I0317 10:52:37.333409     893 libfabric_rail.cpp:997] Posting receive on endpoint=0xb18e820 buffer=0x7f6baa020010 size=8192 context=0xb144920
I0317 10:52:37.333410     893 libfabric_rail.cpp:1006] Receive posted successfully
I0317 10:52:37.333411     893 libfabric_rail.cpp:320] Allocate on Rail 0 allocated control request XFER_ID=341 buffer_size=8192
I0317 10:52:37.333411     893 libfabric_rail.cpp:997] Posting receive on endpoint=0xb18e820 buffer=0x7f6baa01e010 size=8192 context=0xb144870
I0317 10:52:37.333412     893 libfabric_rail.cpp:1006] Receive posted successfully
I0317 10:52:37.333413     893 libfabric_rail.cpp:320] Allocate on Rail 0 allocated control request XFER_ID=342 buffer_size=8192
I0317 10:52:37.333414     893 libfabric_rail.cpp:997] Posting receive on endpoint=0xb18e820 buffer=0x7f6baa01c010 size=8192 context=0xb1447c8
I0317 10:52:37.333415     893 libfabric_rail.cpp:1006] Receive posted successfully
I0317 10:52:37.333415     893 libfabric_rail.cpp:320] Allocate on Rail 0 allocated control request XFER_ID=343 buffer_size=8192
I0317 10:52:37.333416     893 libfabric_rail.cpp:997] Posting receive on endpoint=0xb18e820 buffer=0x7f6baa01a010 size=8192 context=0xb144720
I0317 10:52:37.333417     893 libfabric_rail.cpp:1006] Receive posted successfully
I0317 10:52:37.333417     893 libfabric_rail.cpp:320] Allocate on Rail 0 allocated control request XFER_ID=344 buffer_size=8192
I0317 10:52:37.333418     893 libfabric_rail.cpp:997] Posting receive on endpoint=0xb18e820 buffer=0x7f6baa018010 size=8192 context=0xb144670
I0317 10:52:37.333419     893 libfabric_rail.cpp:1006] Receive posted successfully
I0317 10:52:37.333420     893 libfabric_rail.cpp:320] Allocate on Rail 0 allocated control request XFER_ID=345 buffer_size=8192
I0317 10:52:37.333420     893 libfabric_rail.cpp:997] Posting receive on endpoint=0xb18e820 buffer=0x7f6baa016010 size=8192 context=0xb1445c8
I0317 10:52:37.333421     893 libfabric_rail.cpp:1006] Receive posted successfully
I0317 10:52:37.333422     893 libfabric_rail.cpp:320] Allocate on Rail 0 allocated control request XFER_ID=346 buffer_size=8192
I0317 10:52:37.333422     893 libfabric_rail.cpp:997] Posting receive on endpoint=0xb18e820 buffer=0x7f6baa014010 size=8192 context=0xb144520
I0317 10:52:37.333423     893 libfabric_rail.cpp:1006] Receive posted successfully
I0317 10:52:37.333424     893 libfabric_rail.cpp:320] Allocate on Rail 0 allocated control request XFER_ID=347 buffer_size=8192
I0317 10:52:37.333424     893 libfabric_rail.cpp:997] Posting receive on endpoint=0xb18e820 buffer=0x7f6baa012010 size=8192 context=0xb144470
I0317 10:52:37.333425     893 libfabric_rail.cpp:1006] Receive posted successfully
I0317 10:52:37.333426     893 libfabric_rail.cpp:320] Allocate on Rail 0 allocated control request XFER_ID=348 buffer_size=8192
I0317 10:52:37.333427     893 libfabric_rail.cpp:997] Posting receive on endpoint=0xb18e820 buffer=0x7f6baa010010 size=8192 context=0xb1443c8
I0317 10:52:37.333427     893 libfabric_rail.cpp:1006] Receive posted successfully
I0317 10:52:37.333428     893 libfabric_rail.cpp:320] Allocate on Rail 0 allocated control request XFER_ID=349 buffer_size=8192
I0317 10:52:37.333429     893 libfabric_rail.cpp:997] Posting receive on endpoint=0xb18e820 buffer=0x7f6baa00e010 size=8192 context=0xb144320
I0317 10:52:37.333430     893 libfabric_rail.cpp:1006] Receive posted successfully
I0317 10:52:37.333430     893 libfabric_rail.cpp:320] Allocate on Rail 0 allocated control request XFER_ID=350 buffer_size=8192
I0317 10:52:37.333431     893 libfabric_rail.cpp:997] Posting receive on endpoint=0xb18e820 buffer=0x7f6baa00c010 size=8192 context=0xb144270
I0317 10:52:37.333432     893 libfabric_rail.cpp:1006] Receive posted successfully
I0317 10:52:37.333432     893 libfabric_rail.cpp:320] Allocate on Rail 0 allocated control request XFER_ID=351 buffer_size=8192
I0317 10:52:37.333433     893 libfabric_rail.cpp:997] Posting receive on endpoint=0xb18e820 buffer=0x7f6baa00a010 size=8192 context=0xb1441c8
I0317 10:52:37.333434     893 libfabric_rail.cpp:1006] Receive posted successfully
I0317 10:52:37.333434     893 libfabric_rail.cpp:320] Allocate on Rail 0 allocated control request XFER_ID=352 buffer_size=8192
I0317 10:52:37.333435     893 libfabric_rail.cpp:997] Posting receive on endpoint=0xb18e820 buffer=0x7f6baa008010 size=8192 context=0xb144120
I0317 10:52:37.333436     893 libfabric_rail.cpp:1006] Receive posted successfully
I0317 10:52:37.333436     893 libfabric_rail.cpp:320] Allocate on Rail 0 allocated control request XFER_ID=353 buffer_size=8192
I0317 10:52:37.333437     893 libfabric_rail.cpp:997] Posting receive on endpoint=0xb18e820 buffer=0x7f6baa006010 size=8192 context=0xb144070
I0317 10:52:37.333466     893 libfabric_rail.cpp:1006] Receive posted successfully
I0317 10:52:37.333466     893 libfabric_rail.cpp:320] Allocate on Rail 0 allocated control request XFER_ID=354 buffer_size=8192
I0317 10:52:37.333467     893 libfabric_rail.cpp:997] Posting receive on endpoint=0xb18e820 buffer=0x7f6baa004010 size=8192 context=0xb143fc8
I0317 10:52:37.333468     893 libfabric_rail.cpp:1006] Receive posted successfully
I0317 10:52:37.333469     893 libfabric_rail.cpp:320] Allocate on Rail 0 allocated control request XFER_ID=355 buffer_size=8192
I0317 10:52:37.333469     893 libfabric_rail.cpp:997] Posting receive on endpoint=0xb18e820 buffer=0x7f6baa002010 size=8192 context=0xb143f20
I0317 10:52:37.333470     893 libfabric_rail.cpp:1006] Receive posted successfully
I0317 10:52:37.333471     893 libfabric_rail.cpp:320] Allocate on Rail 0 allocated control request XFER_ID=356 buffer_size=8192
I0317 10:52:37.333471     893 libfabric_rail.cpp:997] Posting receive on endpoint=0xb18e820 buffer=0x7f6baa000010 size=8192 context=0xb143e70
I0317 10:52:37.333472     893 libfabric_rail.cpp:1006] Receive posted successfully
I0317 10:52:37.333473     893 libfabric_rail.cpp:320] Allocate on Rail 0 allocated control request XFER_ID=357 buffer_size=8192
I0317 10:52:37.333473     893 libfabric_rail.cpp:997] Posting receive on endpoint=0xb18e820 buffer=0x7f6ba9ffe010 size=8192 context=0xb143dc8
I0317 10:52:37.333474     893 libfabric_rail.cpp:1006] Receive posted successfully
I0317 10:52:37.333475     893 libfabric_rail.cpp:320] Allocate on Rail 0 allocated control request XFER_ID=358 buffer_size=8192
I0317 10:52:37.333476     893 libfabric_rail.cpp:997] Posting receive on endpoint=0xb18e820 buffer=0x7f6ba9ffc010 size=8192 context=0xb143d20
I0317 10:52:37.333476     893 libfabric_rail.cpp:1006] Receive posted successfully
I0317 10:52:37.333477     893 libfabric_rail.cpp:320] Allocate on Rail 0 allocated control request XFER_ID=359 buffer_size=8192
I0317 10:52:37.333478     893 libfabric_rail.cpp:997] Posting receive on endpoint=0xb18e820 buffer=0x7f6ba9ffa010 size=8192 context=0xb143c70
I0317 10:52:37.333479     893 libfabric_rail.cpp:1006] Receive posted successfully
I0317 10:52:37.333479     893 libfabric_rail.cpp:320] Allocate on Rail 0 allocated control request XFER_ID=360 buffer_size=8192
I0317 10:52:37.333480     893 libfabric_rail.cpp:997] Posting receive on endpoint=0xb18e820 buffer=0x7f6ba9ff8010 size=8192 context=0xb143bc8
I0317 10:52:37.333481     893 libfabric_rail.cpp:1006] Receive posted successfully
I0317 10:52:37.333481     893 libfabric_rail.cpp:320] Allocate on Rail 0 allocated control request XFER_ID=361 buffer_size=8192
I0317 10:52:37.333482     893 libfabric_rail.cpp:997] Posting receive on endpoint=0xb18e820 buffer=0x7f6ba9ff6010 size=8192 context=0xb143b20
I0317 10:52:37.333483     893 libfabric_rail.cpp:1006] Receive posted successfully
I0317 10:52:37.333483     893 libfabric_rail.cpp:320] Allocate on Rail 0 allocated control request XFER_ID=362 buffer_size=8192
I0317 10:52:37.333484     893 libfabric_rail.cpp:997] Posting receive on endpoint=0xb18e820 buffer=0x7f6ba9ff4010 size=8192 context=0xb143a70
I0317 10:52:37.333485     893 libfabric_rail.cpp:1006] Receive posted successfully
I0317 10:52:37.333485     893 libfabric_rail.cpp:320] Allocate on Rail 0 allocated control request XFER_ID=363 buffer_size=8192
I0317 10:52:37.333486     893 libfabric_rail.cpp:997] Posting receive on endpoint=0xb18e820 buffer=0x7f6ba9ff2010 size=8192 context=0xb1439c8
I0317 10:52:37.333487     893 libfabric_rail.cpp:1006] Receive posted successfully
I0317 10:52:37.333487     893 libfabric_rail.cpp:320] Allocate on Rail 0 allocated control request XFER_ID=364 buffer_size=8192
I0317 10:52:37.333488     893 libfabric_rail.cpp:997] Posting receive on endpoint=0xb18e820 buffer=0x7f6ba9ff0010 size=8192 context=0xb143920
I0317 10:52:37.333489     893 libfabric_rail.cpp:1006] Receive posted successfully
I0317 10:52:37.333490     893 libfabric_rail.cpp:320] Allocate on Rail 0 allocated control request XFER_ID=365 buffer_size=8192
I0317 10:52:37.333491     893 libfabric_rail.cpp:997] Posting receive on endpoint=0xb18e820 buffer=0x7f6ba9fee010 size=8192 context=0xb143870
I0317 10:52:37.333491     893 libfabric_rail.cpp:1006] Receive posted successfully
I0317 10:52:37.333492     893 libfabric_rail.cpp:320] Allocate on Rail 0 allocated control request XFER_ID=366 buffer_size=8192
I0317 10:52:37.333493     893 libfabric_rail.cpp:997] Posting receive on endpoint=0xb18e820 buffer=0x7f6ba9fec010 size=8192 context=0xb1437c8
I0317 10:52:37.333494     893 libfabric_rail.cpp:1006] Receive posted successfully
I0317 10:52:37.333494     893 libfabric_rail.cpp:320] Allocate on Rail 0 allocated control request XFER_ID=367 buffer_size=8192
I0317 10:52:37.333495     893 libfabric_rail.cpp:997] Posting receive on endpoint=0xb18e820 buffer=0x7f6ba9fea010 size=8192 context=0xb143720
I0317 10:52:37.333496     893 libfabric_rail.cpp:1006] Receive posted successfully
I0317 10:52:37.333496     893 libfabric_rail.cpp:320] Allocate on Rail 0 allocated control request XFER_ID=368 buffer_size=8192
I0317 10:52:37.333497     893 libfabric_rail.cpp:997] Posting receive on endpoint=0xb18e820 buffer=0x7f6ba9fe8010 size=8192 context=0xb143670
I0317 10:52:37.333498     893 libfabric_rail.cpp:1006] Receive posted successfully
I0317 10:52:37.333498     893 libfabric_rail.cpp:320] Allocate on Rail 0 allocated control request XFER_ID=369 buffer_size=8192
I0317 10:52:37.333499     893 libfabric_rail.cpp:997] Posting receive on endpoint=0xb18e820 buffer=0x7f6ba9fe6010 size=8192 context=0xb1435c8
I0317 10:52:37.333500     893 libfabric_rail.cpp:1006] Receive posted successfully
I0317 10:52:37.333500     893 libfabric_rail.cpp:320] Allocate on Rail 0 allocated control request XFER_ID=370 buffer_size=8192
I0317 10:52:37.333501     893 libfabric_rail.cpp:997] Posting receive on endpoint=0xb18e820 buffer=0x7f6ba9fe4010 size=8192 context=0xb143520
I0317 10:52:37.333502     893 libfabric_rail.cpp:1006] Receive posted successfully
I0317 10:52:37.333503     893 libfabric_rail.cpp:320] Allocate on Rail 0 allocated control request XFER_ID=371 buffer_size=8192
I0317 10:52:37.333503     893 libfabric_rail.cpp:997] Posting receive on endpoint=0xb18e820 buffer=0x7f6ba9fe2010 size=8192 context=0xb143470
I0317 10:52:37.333504     893 libfabric_rail.cpp:1006] Receive posted successfully
I0317 10:52:37.333505     893 libfabric_rail.cpp:320] Allocate on Rail 0 allocated control request XFER_ID=372 buffer_size=8192
I0317 10:52:37.333505     893 libfabric_rail.cpp:997] Posting receive on endpoint=0xb18e820 buffer=0x7f6ba9fe0010 size=8192 context=0xb1433c8
I0317 10:52:37.333506     893 libfabric_rail.cpp:1006] Receive posted successfully
I0317 10:52:37.333507     893 libfabric_rail.cpp:320] Allocate on Rail 0 allocated control request XFER_ID=373 buffer_size=8192
I0317 10:52:37.333507     893 libfabric_rail.cpp:997] Posting receive on endpoint=0xb18e820 buffer=0x7f6ba9fde010 size=8192 context=0xb143320
I0317 10:52:37.333508     893 libfabric_rail.cpp:1006] Receive posted successfully
I0317 10:52:37.333509     893 libfabric_rail.cpp:320] Allocate on Rail 0 allocated control request XFER_ID=374 buffer_size=8192
I0317 10:52:37.333509     893 libfabric_rail.cpp:997] Posting receive on endpoint=0xb18e820 buffer=0x7f6ba9fdc010 size=8192 context=0xb143270
I0317 10:52:37.333510     893 libfabric_rail.cpp:1006] Receive posted successfully
I0317 10:52:37.333511     893 libfabric_rail.cpp:320] Allocate on Rail 0 allocated control request XFER_ID=375 buffer_size=8192
I0317 10:52:37.333512     893 libfabric_rail.cpp:997] Posting receive on endpoint=0xb18e820 buffer=0x7f6ba9fda010 size=8192 context=0xb1431c8
I0317 10:52:37.333513     893 libfabric_rail.cpp:1006] Receive posted successfully
I0317 10:52:37.333513     893 libfabric_rail.cpp:320] Allocate on Rail 0 allocated control request XFER_ID=376 buffer_size=8192
I0317 10:52:37.333514     893 libfabric_rail.cpp:997] Posting receive on endpoint=0xb18e820 buffer=0x7f6ba9fd8010 size=8192 context=0xb143120
I0317 10:52:37.333560     893 libfabric_rail.cpp:1006] Receive posted successfully
I0317 10:52:37.333561     893 libfabric_rail.cpp:320] Allocate on Rail 0 allocated control request XFER_ID=377 buffer_size=8192
I0317 10:52:37.333561     893 libfabric_rail.cpp:997] Posting receive on endpoint=0xb18e820 buffer=0x7f6ba9fd6010 size=8192 context=0xb143070
I0317 10:52:37.333562     893 libfabric_rail.cpp:1006] Receive posted successfully
I0317 10:52:37.333563     893 libfabric_rail.cpp:320] Allocate on Rail 0 allocated control request XFER_ID=378 buffer_size=8192
I0317 10:52:37.333563     893 libfabric_rail.cpp:997] Posting receive on endpoint=0xb18e820 buffer=0x7f6ba9fd4010 size=8192 context=0xb142fc8
I0317 10:52:37.333564     893 libfabric_rail.cpp:1006] Receive posted successfully
I0317 10:52:37.333565     893 libfabric_rail.cpp:320] Allocate on Rail 0 allocated control request XFER_ID=379 buffer_size=8192
I0317 10:52:37.333566     893 libfabric_rail.cpp:997] Posting receive on endpoint=0xb18e820 buffer=0x7f6ba9fd2010 size=8192 context=0xb142f20
I0317 10:52:37.333566     893 libfabric_rail.cpp:1006] Receive posted successfully
I0317 10:52:37.333567     893 libfabric_rail.cpp:320] Allocate on Rail 0 allocated control request XFER_ID=380 buffer_size=8192
I0317 10:52:37.333568     893 libfabric_rail.cpp:997] Posting receive on endpoint=0xb18e820 buffer=0x7f6ba9fd0010 size=8192 context=0xb142e70
I0317 10:52:37.333569     893 libfabric_rail.cpp:1006] Receive posted successfully
I0317 10:52:37.333569     893 libfabric_rail.cpp:320] Allocate on Rail 0 allocated control request XFER_ID=381 buffer_size=8192
I0317 10:52:37.333570     893 libfabric_rail.cpp:997] Posting receive on endpoint=0xb18e820 buffer=0x7f6ba9fce010 size=8192 context=0xb142dc8
I0317 10:52:37.333571     893 libfabric_rail.cpp:1006] Receive posted successfully
I0317 10:52:37.333571     893 libfabric_rail.cpp:320] Allocate on Rail 0 allocated control request XFER_ID=382 buffer_size=8192
I0317 10:52:37.333572     893 libfabric_rail.cpp:997] Posting receive on endpoint=0xb18e820 buffer=0x7f6ba9fcc010 size=8192 context=0xb142d20
I0317 10:52:37.333573     893 libfabric_rail.cpp:1006] Receive posted successfully
I0317 10:52:37.333573     893 libfabric_rail.cpp:320] Allocate on Rail 0 allocated control request XFER_ID=383 buffer_size=8192
I0317 10:52:37.333574     893 libfabric_rail.cpp:997] Posting receive on endpoint=0xb18e820 buffer=0x7f6ba9fca010 size=8192 context=0xb142c70
I0317 10:52:37.333575     893 libfabric_rail.cpp:1006] Receive posted successfully
I0317 10:52:37.333576     893 libfabric_rail.cpp:320] Allocate on Rail 0 allocated control request XFER_ID=384 buffer_size=8192
I0317 10:52:37.333576     893 libfabric_rail.cpp:997] Posting receive on endpoint=0xb18e820 buffer=0x7f6ba9fc8010 size=8192 context=0xb142bc8
I0317 10:52:37.333577     893 libfabric_rail.cpp:1006] Receive posted successfully
I0317 10:52:37.333578     893 libfabric_rail.cpp:320] Allocate on Rail 0 allocated control request XFER_ID=385 buffer_size=8192
I0317 10:52:37.333578     893 libfabric_rail.cpp:997] Posting receive on endpoint=0xb18e820 buffer=0x7f6ba9fc6010 size=8192 context=0xb142b20
I0317 10:52:37.333579     893 libfabric_rail.cpp:1006] Receive posted successfully
I0317 10:52:37.333580     893 libfabric_rail.cpp:320] Allocate on Rail 0 allocated control request XFER_ID=386 buffer_size=8192
I0317 10:52:37.333580     893 libfabric_rail.cpp:997] Posting receive on endpoint=0xb18e820 buffer=0x7f6ba9fc4010 size=8192 context=0xb142a70
I0317 10:52:37.333581     893 libfabric_rail.cpp:1006] Receive posted successfully
I0317 10:52:37.333582     893 libfabric_rail.cpp:320] Allocate on Rail 0 allocated control request XFER_ID=387 buffer_size=8192
I0317 10:52:37.333583     893 libfabric_rail.cpp:997] Posting receive on endpoint=0xb18e820 buffer=0x7f6ba9fc2010 size=8192 context=0xb1429c8
I0317 10:52:37.333583     893 libfabric_rail.cpp:1006] Receive posted successfully
I0317 10:52:37.333584     893 libfabric_rail.cpp:320] Allocate on Rail 0 allocated control request XFER_ID=388 buffer_size=8192
I0317 10:52:37.333585     893 libfabric_rail.cpp:997] Posting receive on endpoint=0xb18e820 buffer=0x7f6ba9fc0010 size=8192 context=0xb142920
I0317 10:52:37.333586     893 libfabric_rail.cpp:1006] Receive posted successfully
I0317 10:52:37.333586     893 libfabric_rail.cpp:320] Allocate on Rail 0 allocated control request XFER_ID=389 buffer_size=8192
I0317 10:52:37.333587     893 libfabric_rail.cpp:997] Posting receive on endpoint=0xb18e820 buffer=0x7f6ba9fbe010 size=8192 context=0xb142870
I0317 10:52:37.333588     893 libfabric_rail.cpp:1006] Receive posted successfully
I0317 10:52:37.333589     893 libfabric_rail.cpp:320] Allocate on Rail 0 allocated control request XFER_ID=390 buffer_size=8192
I0317 10:52:37.333589     893 libfabric_rail.cpp:997] Posting receive on endpoint=0xb18e820 buffer=0x7f6ba9fbc010 size=8192 context=0xb1427c8
I0317 10:52:37.333590     893 libfabric_rail.cpp:1006] Receive posted successfully
I0317 10:52:37.333591     893 libfabric_rail.cpp:320] Allocate on Rail 0 allocated control request XFER_ID=391 buffer_size=8192
I0317 10:52:37.333591     893 libfabric_rail.cpp:997] Posting receive on endpoint=0xb18e820 buffer=0x7f6ba9fba010 size=8192 context=0xb142720
I0317 10:52:37.333592     893 libfabric_rail.cpp:1006] Receive posted successfully
I0317 10:52:37.333593     893 libfabric_rail.cpp:320] Allocate on Rail 0 allocated control request XFER_ID=392 buffer_size=8192
I0317 10:52:37.333593     893 libfabric_rail.cpp:997] Posting receive on endpoint=0xb18e820 buffer=0x7f6ba9fb8010 size=8192 context=0xb142670
I0317 10:52:37.333594     893 libfabric_rail.cpp:1006] Receive posted successfully
I0317 10:52:37.333595     893 libfabric_rail.cpp:320] Allocate on Rail 0 allocated control request XFER_ID=393 buffer_size=8192
I0317 10:52:37.333596     893 libfabric_rail.cpp:997] Posting receive on endpoint=0xb18e820 buffer=0x7f6ba9fb6010 size=8192 context=0xb1425c8
I0317 10:52:37.333596     893 libfabric_rail.cpp:1006] Receive posted successfully
I0317 10:52:37.333597     893 libfabric_rail.cpp:320] Allocate on Rail 0 allocated control request XFER_ID=394 buffer_size=8192
I0317 10:52:37.333598     893 libfabric_rail.cpp:997] Posting receive on endpoint=0xb18e820 buffer=0x7f6ba9fb4010 size=8192 context=0xb142520
I0317 10:52:37.333598     893 libfabric_rail.cpp:1006] Receive posted successfully
I0317 10:52:37.333599     893 libfabric_rail.cpp:320] Allocate on Rail 0 allocated control request XFER_ID=395 buffer_size=8192
I0317 10:52:37.333600     893 libfabric_rail.cpp:997] Posting receive on endpoint=0xb18e820 buffer=0x7f6ba9fb2010 size=8192 context=0xb142470
I0317 10:52:37.333601     893 libfabric_rail.cpp:1006] Receive posted successfully
I0317 10:52:37.333601     893 libfabric_rail.cpp:320] Allocate on Rail 0 allocated control request XFER_ID=396 buffer_size=8192
I0317 10:52:37.333602     893 libfabric_rail.cpp:997] Posting receive on endpoint=0xb18e820 buffer=0x7f6ba9fb0010 size=8192 context=0xb1423c8
I0317 10:52:37.333603     893 libfabric_rail.cpp:1006] Receive posted successfully
I0317 10:52:37.333603     893 libfabric_rail.cpp:320] Allocate on Rail 0 allocated control request XFER_ID=397 buffer_size=8192
I0317 10:52:37.333604     893 libfabric_rail.cpp:997] Posting receive on endpoint=0xb18e820 buffer=0x7f6ba9fae010 size=8192 context=0xb142320
I0317 10:52:37.333605     893 libfabric_rail.cpp:1006] Receive posted successfully
I0317 10:52:37.333605     893 libfabric_rail.cpp:320] Allocate on Rail 0 allocated control request XFER_ID=398 buffer_size=8192
I0317 10:52:37.333606     893 libfabric_rail.cpp:997] Posting receive on endpoint=0xb18e820 buffer=0x7f6ba9fac010 size=8192 context=0xb142270
I0317 10:52:37.333607     893 libfabric_rail.cpp:1006] Receive posted successfully
I0317 10:52:37.333607     893 libfabric_rail.cpp:320] Allocate on Rail 0 allocated control request XFER_ID=399 buffer_size=8192
I0317 10:52:37.333608     893 libfabric_rail.cpp:997] Posting receive on endpoint=0xb18e820 buffer=0x7f6ba9faa010 size=8192 context=0xb1421c8
I0317 10:52:37.333685     893 libfabric_rail.cpp:1006] Receive posted successfully
I0317 10:52:37.333685     893 libfabric_rail.cpp:320] Allocate on Rail 0 allocated control request XFER_ID=400 buffer_size=8192
I0317 10:52:37.333686     893 libfabric_rail.cpp:997] Posting receive on endpoint=0xb18e820 buffer=0x7f6ba9fa8010 size=8192 context=0xb142120
I0317 10:52:37.333687     893 libfabric_rail.cpp:1006] Receive posted successfully
I0317 10:52:37.333687     893 libfabric_rail.cpp:320] Allocate on Rail 0 allocated control request XFER_ID=401 buffer_size=8192
I0317 10:52:37.333688     893 libfabric_rail.cpp:997] Posting receive on endpoint=0xb18e820 buffer=0x7f6ba9fa6010 size=8192 context=0xb142070
I0317 10:52:37.333689     893 libfabric_rail.cpp:1006] Receive posted successfully
I0317 10:52:37.333689     893 libfabric_rail.cpp:320] Allocate on Rail 0 allocated control request XFER_ID=402 buffer_size=8192
I0317 10:52:37.333690     893 libfabric_rail.cpp:997] Posting receive on endpoint=0xb18e820 buffer=0x7f6ba9fa4010 size=8192 context=0xb141fc8
I0317 10:52:37.333691     893 libfabric_rail.cpp:1006] Receive posted successfully
I0317 10:52:37.333691     893 libfabric_rail.cpp:320] Allocate on Rail 0 allocated control request XFER_ID=403 buffer_size=8192
I0317 10:52:37.333692     893 libfabric_rail.cpp:997] Posting receive on endpoint=0xb18e820 buffer=0x7f6ba9fa2010 size=8192 context=0xb141f20
I0317 10:52:37.333693     893 libfabric_rail.cpp:1006] Receive posted successfully
I0317 10:52:37.333694     893 libfabric_rail.cpp:320] Allocate on Rail 0 allocated control request XFER_ID=404 buffer_size=8192
I0317 10:52:37.333694     893 libfabric_rail.cpp:997] Posting receive on endpoint=0xb18e820 buffer=0x7f6ba9fa0010 size=8192 context=0xb141e70
I0317 10:52:37.333695     893 libfabric_rail.cpp:1006] Receive posted successfully
I0317 10:52:37.333696     893 libfabric_rail.cpp:320] Allocate on Rail 0 allocated control request XFER_ID=405 buffer_size=8192
I0317 10:52:37.333696     893 libfabric_rail.cpp:997] Posting receive on endpoint=0xb18e820 buffer=0x7f6ba9f9e010 size=8192 context=0xb141dc8
I0317 10:52:37.333697     893 libfabric_rail.cpp:1006] Receive posted successfully
I0317 10:52:37.333698     893 libfabric_rail.cpp:320] Allocate on Rail 0 allocated control request XFER_ID=406 buffer_size=8192
I0317 10:52:37.333699     893 libfabric_rail.cpp:997] Posting receive on endpoint=0xb18e820 buffer=0x7f6ba9f9c010 size=8192 context=0xb141d20
I0317 10:52:37.333699     893 libfabric_rail.cpp:1006] Receive posted successfully
I0317 10:52:37.333700     893 libfabric_rail.cpp:320] Allocate on Rail 0 allocated control request XFER_ID=407 buffer_size=8192
I0317 10:52:37.333701     893 libfabric_rail.cpp:997] Posting receive on endpoint=0xb18e820 buffer=0x7f6ba9f9a010 size=8192 context=0xb141c70
I0317 10:52:37.333702     893 libfabric_rail.cpp:1006] Receive posted successfully
I0317 10:52:37.333702     893 libfabric_rail.cpp:320] Allocate on Rail 0 allocated control request XFER_ID=408 buffer_size=8192
I0317 10:52:37.333703     893 libfabric_rail.cpp:997] Posting receive on endpoint=0xb18e820 buffer=0x7f6ba9f98010 size=8192 context=0xb141bc8
I0317 10:52:37.333704     893 libfabric_rail.cpp:1006] Receive posted successfully
I0317 10:52:37.333704     893 libfabric_rail.cpp:320] Allocate on Rail 0 allocated control request XFER_ID=409 buffer_size=8192
I0317 10:52:37.333705     893 libfabric_rail.cpp:997] Posting receive on endpoint=0xb18e820 buffer=0x7f6ba9f96010 size=8192 context=0xb141b20
I0317 10:52:37.333706     893 libfabric_rail.cpp:1006] Receive posted successfully
I0317 10:52:37.333706     893 libfabric_rail.cpp:320] Allocate on Rail 0 allocated control request XFER_ID=410 buffer_size=8192
I0317 10:52:37.333707     893 libfabric_rail.cpp:997] Posting receive on endpoint=0xb18e820 buffer=0x7f6ba9f94010 size=8192 context=0xb141a70
I0317 10:52:37.333708     893 libfabric_rail.cpp:1006] Receive posted successfully
I0317 10:52:37.333709     893 libfabric_rail.cpp:320] Allocate on Rail 0 allocated control request XFER_ID=411 buffer_size=8192
I0317 10:52:37.333709     893 libfabric_rail.cpp:997] Posting receive on endpoint=0xb18e820 buffer=0x7f6ba9f92010 size=8192 context=0xb1419c8
I0317 10:52:37.333710     893 libfabric_rail.cpp:1006] Receive posted successfully
I0317 10:52:37.333711     893 libfabric_rail.cpp:320] Allocate on Rail 0 allocated control request XFER_ID=412 buffer_size=8192
I0317 10:52:37.333712     893 libfabric_rail.cpp:997] Posting receive on endpoint=0xb18e820 buffer=0x7f6ba9f90010 size=8192 context=0xb141920
I0317 10:52:37.333712     893 libfabric_rail.cpp:1006] Receive posted successfully
I0317 10:52:37.333713     893 libfabric_rail.cpp:320] Allocate on Rail 0 allocated control request XFER_ID=413 buffer_size=8192
I0317 10:52:37.333714     893 libfabric_rail.cpp:997] Posting receive on endpoint=0xb18e820 buffer=0x7f6ba9f8e010 size=8192 context=0xb141870
I0317 10:52:37.333714     893 libfabric_rail.cpp:1006] Receive posted successfully
I0317 10:52:37.333715     893 libfabric_rail.cpp:320] Allocate on Rail 0 allocated control request XFER_ID=414 buffer_size=8192
I0317 10:52:37.333716     893 libfabric_rail.cpp:997] Posting receive on endpoint=0xb18e820 buffer=0x7f6ba9f8c010 size=8192 context=0xb1417c8
I0317 10:52:37.333717     893 libfabric_rail.cpp:1006] Receive posted successfully
I0317 10:52:37.333717     893 libfabric_rail.cpp:320] Allocate on Rail 0 allocated control request XFER_ID=415 buffer_size=8192
I0317 10:52:37.333718     893 libfabric_rail.cpp:997] Posting receive on endpoint=0xb18e820 buffer=0x7f6ba9f8a010 size=8192 context=0xb141720
I0317 10:52:37.333719     893 libfabric_rail.cpp:1006] Receive posted successfully
I0317 10:52:37.333719     893 libfabric_rail.cpp:320] Allocate on Rail 0 allocated control request XFER_ID=416 buffer_size=8192
I0317 10:52:37.333720     893 libfabric_rail.cpp:997] Posting receive on endpoint=0xb18e820 buffer=0x7f6ba9f88010 size=8192 context=0xb141670
I0317 10:52:37.333721     893 libfabric_rail.cpp:1006] Receive posted successfully
I0317 10:52:37.333721     893 libfabric_rail.cpp:320] Allocate on Rail 0 allocated control request XFER_ID=417 buffer_size=8192
I0317 10:52:37.333722     893 libfabric_rail.cpp:997] Posting receive on endpoint=0xb18e820 buffer=0x7f6ba9f86010 size=8192 context=0xb1415c8
I0317 10:52:37.333723     893 libfabric_rail.cpp:1006] Receive posted successfully
I0317 10:52:37.333724     893 libfabric_rail.cpp:320] Allocate on Rail 0 allocated control request XFER_ID=418 buffer_size=8192
I0317 10:52:37.333724     893 libfabric_rail.cpp:997] Posting receive on endpoint=0xb18e820 buffer=0x7f6ba9f84010 size=8192 context=0xb141520
I0317 10:52:37.333725     893 libfabric_rail.cpp:1006] Receive posted successfully
I0317 10:52:37.333726     893 libfabric_rail.cpp:320] Allocate on Rail 0 allocated control request XFER_ID=419 buffer_size=8192
I0317 10:52:37.333726     893 libfabric_rail.cpp:997] Posting receive on endpoint=0xb18e820 buffer=0x7f6ba9f82010 size=8192 context=0xb141470
I0317 10:52:37.333727     893 libfabric_rail.cpp:1006] Receive posted successfully
I0317 10:52:37.333728     893 libfabric_rail.cpp:320] Allocate on Rail 0 allocated control request XFER_ID=420 buffer_size=8192
I0317 10:52:37.333729     893 libfabric_rail.cpp:997] Posting receive on endpoint=0xb18e820 buffer=0x7f6ba9f80010 size=8192 context=0xb1413c8
I0317 10:52:37.333729     893 libfabric_rail.cpp:1006] Receive posted successfully
I0317 10:52:37.333730     893 libfabric_rail.cpp:320] Allocate on Rail 0 allocated control request XFER_ID=421 buffer_size=8192
I0317 10:52:37.333731     893 libfabric_rail.cpp:997] Posting receive on endpoint=0xb18e820 buffer=0x7f6ba9f7e010 size=8192 context=0xb141320
I0317 10:52:37.333731     893 libfabric_rail.cpp:1006] Receive posted successfully
I0317 10:52:37.333732     893 libfabric_rail.cpp:320] Allocate on Rail 0 allocated control request XFER_ID=422 buffer_size=8192
I0317 10:52:37.333733     893 libfabric_rail.cpp:997] Posting receive on endpoint=0xb18e820 buffer=0x7f6ba9f7c010 size=8192 context=0xb141270
I0317 10:52:37.333777     893 libfabric_rail.cpp:1006] Receive posted successfully
I0317 10:52:37.333778     893 libfabric_rail.cpp:320] Allocate on Rail 0 allocated control request XFER_ID=423 buffer_size=8192
I0317 10:52:37.333779     893 libfabric_rail.cpp:997] Posting receive on endpoint=0xb18e820 buffer=0x7f6ba9f7a010 size=8192 context=0xb1411c8
I0317 10:52:37.333780     893 libfabric_rail.cpp:1006] Receive posted successfully
I0317 10:52:37.333780     893 libfabric_rail.cpp:320] Allocate on Rail 0 allocated control request XFER_ID=424 buffer_size=8192
I0317 10:52:37.333781     893 libfabric_rail.cpp:997] Posting receive on endpoint=0xb18e820 buffer=0x7f6ba9f78010 size=8192 context=0xb141120
I0317 10:52:37.333782     893 libfabric_rail.cpp:1006] Receive posted successfully
I0317 10:52:37.333782     893 libfabric_rail.cpp:320] Allocate on Rail 0 allocated control request XFER_ID=425 buffer_size=8192
I0317 10:52:37.333783     893 libfabric_rail.cpp:997] Posting receive on endpoint=0xb18e820 buffer=0x7f6ba9f76010 size=8192 context=0xb141070
I0317 10:52:37.333784     893 libfabric_rail.cpp:1006] Receive posted successfully
I0317 10:52:37.333784     893 libfabric_rail.cpp:320] Allocate on Rail 0 allocated control request XFER_ID=426 buffer_size=8192
I0317 10:52:37.333785     893 libfabric_rail.cpp:997] Posting receive on endpoint=0xb18e820 buffer=0x7f6ba9f74010 size=8192 context=0xb140fc8
I0317 10:52:37.333786     893 libfabric_rail.cpp:1006] Receive posted successfully
I0317 10:52:37.333787     893 libfabric_rail.cpp:320] Allocate on Rail 0 allocated control request XFER_ID=427 buffer_size=8192
I0317 10:52:37.333787     893 libfabric_rail.cpp:997] Posting receive on endpoint=0xb18e820 buffer=0x7f6ba9f72010 size=8192 context=0xb140f20
I0317 10:52:37.333788     893 libfabric_rail.cpp:1006] Receive posted successfully
I0317 10:52:37.333789     893 libfabric_rail.cpp:320] Allocate on Rail 0 allocated control request XFER_ID=428 buffer_size=8192
I0317 10:52:37.333789     893 libfabric_rail.cpp:997] Posting receive on endpoint=0xb18e820 buffer=0x7f6ba9f70010 size=8192 context=0xb140e70
I0317 10:52:37.333790     893 libfabric_rail.cpp:1006] Receive posted successfully
I0317 10:52:37.333791     893 libfabric_rail.cpp:320] Allocate on Rail 0 allocated control request XFER_ID=429 buffer_size=8192
I0317 10:52:37.333791     893 libfabric_rail.cpp:997] Posting receive on endpoint=0xb18e820 buffer=0x7f6ba9f6e010 size=8192 context=0xb140dc8
I0317 10:52:37.333792     893 libfabric_rail.cpp:1006] Receive posted successfully
I0317 10:52:37.333793     893 libfabric_rail.cpp:320] Allocate on Rail 0 allocated control request XFER_ID=430 buffer_size=8192
I0317 10:52:37.333794     893 libfabric_rail.cpp:997] Posting receive on endpoint=0xb18e820 buffer=0x7f6ba9f6c010 size=8192 context=0xb140d20
I0317 10:52:37.333794     893 libfabric_rail.cpp:1006] Receive posted successfully
I0317 10:52:37.333795     893 libfabric_rail.cpp:320] Allocate on Rail 0 allocated control request XFER_ID=431 buffer_size=8192
I0317 10:52:37.333796     893 libfabric_rail.cpp:997] Posting receive on endpoint=0xb18e820 buffer=0x7f6ba9f6a010 size=8192 context=0xb140c70
I0317 10:52:37.333796     893 libfabric_rail.cpp:1006] Receive posted successfully
I0317 10:52:37.333797     893 libfabric_rail.cpp:320] Allocate on Rail 0 allocated control request XFER_ID=432 buffer_size=8192
I0317 10:52:37.333798     893 libfabric_rail.cpp:997] Posting receive on endpoint=0xb18e820 buffer=0x7f6ba9f68010 size=8192 context=0xb140bc8
I0317 10:52:37.333799     893 libfabric_rail.cpp:1006] Receive posted successfully
I0317 10:52:37.333799     893 libfabric_rail.cpp:320] Allocate on Rail 0 allocated control request XFER_ID=433 buffer_size=8192
I0317 10:52:37.333800     893 libfabric_rail.cpp:997] Posting receive on endpoint=0xb18e820 buffer=0x7f6ba9f66010 size=8192 context=0xb140b20
I0317 10:52:37.333801     893 libfabric_rail.cpp:1006] Receive posted successfully
I0317 10:52:37.333802     893 libfabric_rail.cpp:320] Allocate on Rail 0 allocated control request XFER_ID=434 buffer_size=8192
I0317 10:52:37.333803     893 libfabric_rail.cpp:997] Posting receive on endpoint=0xb18e820 buffer=0x7f6ba9f64010 size=8192 context=0xb140a70
I0317 10:52:37.333803     893 libfabric_rail.cpp:1006] Receive posted successfully
I0317 10:52:37.333804     893 libfabric_rail.cpp:320] Allocate on Rail 0 allocated control request XFER_ID=435 buffer_size=8192
I0317 10:52:37.333805     893 libfabric_rail.cpp:997] Posting receive on endpoint=0xb18e820 buffer=0x7f6ba9f62010 size=8192 context=0xb1409c8
I0317 10:52:37.333805     893 libfabric_rail.cpp:1006] Receive posted successfully
I0317 10:52:37.333806     893 libfabric_rail.cpp:320] Allocate on Rail 0 allocated control request XFER_ID=436 buffer_size=8192
I0317 10:52:37.333807     893 libfabric_rail.cpp:997] Posting receive on endpoint=0xb18e820 buffer=0x7f6ba9f60010 size=8192 context=0xb140920
I0317 10:52:37.333808     893 libfabric_rail.cpp:1006] Receive posted successfully
I0317 10:52:37.333808     893 libfabric_rail.cpp:320] Allocate on Rail 0 allocated control request XFER_ID=437 buffer_size=8192
I0317 10:52:37.333809     893 libfabric_rail.cpp:997] Posting receive on endpoint=0xb18e820 buffer=0x7f6ba9f5e010 size=8192 context=0xb140870
I0317 10:52:37.333810     893 libfabric_rail.cpp:1006] Receive posted successfully
I0317 10:52:37.333810     893 libfabric_rail.cpp:320] Allocate on Rail 0 allocated control request XFER_ID=438 buffer_size=8192
I0317 10:52:37.333811     893 libfabric_rail.cpp:997] Posting receive on endpoint=0xb18e820 buffer=0x7f6ba9f5c010 size=8192 context=0xb1407c8
I0317 10:52:37.333812     893 libfabric_rail.cpp:1006] Receive posted successfully
I0317 10:52:37.333812     893 libfabric_rail.cpp:320] Allocate on Rail 0 allocated control request XFER_ID=439 buffer_size=8192
I0317 10:52:37.333813     893 libfabric_rail.cpp:997] Posting receive on endpoint=0xb18e820 buffer=0x7f6ba9f5a010 size=8192 context=0xb140720
I0317 10:52:37.333814     893 libfabric_rail.cpp:1006] Receive posted successfully
I0317 10:52:37.333814     893 libfabric_rail.cpp:320] Allocate on Rail 0 allocated control request XFER_ID=440 buffer_size=8192
I0317 10:52:37.333815     893 libfabric_rail.cpp:997] Posting receive on endpoint=0xb18e820 buffer=0x7f6ba9f58010 size=8192 context=0xb140670
I0317 10:52:37.333816     893 libfabric_rail.cpp:1006] Receive posted successfully
I0317 10:52:37.333817     893 libfabric_rail.cpp:320] Allocate on Rail 0 allocated control request XFER_ID=441 buffer_size=8192
I0317 10:52:37.333817     893 libfabric_rail.cpp:997] Posting receive on endpoint=0xb18e820 buffer=0x7f6ba9f56010 size=8192 context=0xb1405c8
I0317 10:52:37.333818     893 libfabric_rail.cpp:1006] Receive posted successfully
I0317 10:52:37.333819     893 libfabric_rail.cpp:320] Allocate on Rail 0 allocated control request XFER_ID=442 buffer_size=8192
I0317 10:52:37.333819     893 libfabric_rail.cpp:997] Posting receive on endpoint=0xb18e820 buffer=0x7f6ba9f54010 size=8192 context=0xb140520
I0317 10:52:37.333820     893 libfabric_rail.cpp:1006] Receive posted successfully
I0317 10:52:37.333821     893 libfabric_rail.cpp:320] Allocate on Rail 0 allocated control request XFER_ID=443 buffer_size=8192
I0317 10:52:37.333821     893 libfabric_rail.cpp:997] Posting receive on endpoint=0xb18e820 buffer=0x7f6ba9f52010 size=8192 context=0xb140470
I0317 10:52:37.333822     893 libfabric_rail.cpp:1006] Receive posted successfully
I0317 10:52:37.333823     893 libfabric_rail.cpp:320] Allocate on Rail 0 allocated control request XFER_ID=444 buffer_size=8192
I0317 10:52:37.333823     893 libfabric_rail.cpp:997] Posting receive on endpoint=0xb18e820 buffer=0x7f6ba9f50010 size=8192 context=0xb1403c8
I0317 10:52:37.333824     893 libfabric_rail.cpp:1006] Receive posted successfully
I0317 10:52:37.333825     893 libfabric_rail.cpp:320] Allocate on Rail 0 allocated control request XFER_ID=445 buffer_size=8192
I0317 10:52:37.333826     893 libfabric_rail.cpp:997] Posting receive on endpoint=0xb18e820 buffer=0x7f6ba9f4e010 size=8192 context=0xb140320
I0317 10:52:37.333890     893 libfabric_rail.cpp:1006] Receive posted successfully
I0317 10:52:37.333891     893 libfabric_rail.cpp:320] Allocate on Rail 0 allocated control request XFER_ID=446 buffer_size=8192
I0317 10:52:37.333892     893 libfabric_rail.cpp:997] Posting receive on endpoint=0xb18e820 buffer=0x7f6ba9f4c010 size=8192 context=0xb140270
I0317 10:52:37.333893     893 libfabric_rail.cpp:1006] Receive posted successfully
I0317 10:52:37.333893     893 libfabric_rail.cpp:320] Allocate on Rail 0 allocated control request XFER_ID=447 buffer_size=8192
I0317 10:52:37.333894     893 libfabric_rail.cpp:997] Posting receive on endpoint=0xb18e820 buffer=0x7f6ba9f4a010 size=8192 context=0xb1401c8
I0317 10:52:37.333895     893 libfabric_rail.cpp:1006] Receive posted successfully
I0317 10:52:37.333895     893 libfabric_rail.cpp:320] Allocate on Rail 0 allocated control request XFER_ID=448 buffer_size=8192
I0317 10:52:37.333896     893 libfabric_rail.cpp:997] Posting receive on endpoint=0xb18e820 buffer=0x7f6ba9f48010 size=8192 context=0xb140120
I0317 10:52:37.333897     893 libfabric_rail.cpp:1006] Receive posted successfully
I0317 10:52:37.333898     893 libfabric_rail.cpp:320] Allocate on Rail 0 allocated control request XFER_ID=449 buffer_size=8192
I0317 10:52:37.333898     893 libfabric_rail.cpp:997] Posting receive on endpoint=0xb18e820 buffer=0x7f6ba9f46010 size=8192 context=0xb140070
I0317 10:52:37.333899     893 libfabric_rail.cpp:1006] Receive posted successfully
I0317 10:52:37.333900     893 libfabric_rail.cpp:320] Allocate on Rail 0 allocated control request XFER_ID=450 buffer_size=8192
I0317 10:52:37.333900     893 libfabric_rail.cpp:997] Posting receive on endpoint=0xb18e820 buffer=0x7f6ba9f44010 size=8192 context=0xb13ffc8
I0317 10:52:37.333901     893 libfabric_rail.cpp:1006] Receive posted successfully
I0317 10:52:37.333902     893 libfabric_rail.cpp:320] Allocate on Rail 0 allocated control request XFER_ID=451 buffer_size=8192
I0317 10:52:37.333902     893 libfabric_rail.cpp:997] Posting receive on endpoint=0xb18e820 buffer=0x7f6ba9f42010 size=8192 context=0xb13ff20
I0317 10:52:37.333903     893 libfabric_rail.cpp:1006] Receive posted successfully
I0317 10:52:37.333904     893 libfabric_rail.cpp:320] Allocate on Rail 0 allocated control request XFER_ID=452 buffer_size=8192
I0317 10:52:37.333905     893 libfabric_rail.cpp:997] Posting receive on endpoint=0xb18e820 buffer=0x7f6ba9f40010 size=8192 context=0xb13fe70
I0317 10:52:37.333905     893 libfabric_rail.cpp:1006] Receive posted successfully
I0317 10:52:37.333906     893 libfabric_rail.cpp:320] Allocate on Rail 0 allocated control request XFER_ID=453 buffer_size=8192
I0317 10:52:37.333907     893 libfabric_rail.cpp:997] Posting receive on endpoint=0xb18e820 buffer=0x7f6ba9f3e010 size=8192 context=0xb13fdc8
I0317 10:52:37.333908     893 libfabric_rail.cpp:1006] Receive posted successfully
I0317 10:52:37.333908     893 libfabric_rail.cpp:320] Allocate on Rail 0 allocated control request XFER_ID=454 buffer_size=8192
I0317 10:52:37.333909     893 libfabric_rail.cpp:997] Posting receive on endpoint=0xb18e820 buffer=0x7f6ba9f3c010 size=8192 context=0xb13fd20
I0317 10:52:37.333910     893 libfabric_rail.cpp:1006] Receive posted successfully
I0317 10:52:37.333910     893 libfabric_rail.cpp:320] Allocate on Rail 0 allocated control request XFER_ID=455 buffer_size=8192
I0317 10:52:37.333911     893 libfabric_rail.cpp:997] Posting receive on endpoint=0xb18e820 buffer=0x7f6ba9f3a010 size=8192 context=0xb13fc70
I0317 10:52:37.333912     893 libfabric_rail.cpp:1006] Receive posted successfully
I0317 10:52:37.333913     893 libfabric_rail.cpp:320] Allocate on Rail 0 allocated control request XFER_ID=456 buffer_size=8192
I0317 10:52:37.333913     893 libfabric_rail.cpp:997] Posting receive on endpoint=0xb18e820 buffer=0x7f6ba9f38010 size=8192 context=0xb13fbc8
I0317 10:52:37.333914     893 libfabric_rail.cpp:1006] Receive posted successfully
I0317 10:52:37.333915     893 libfabric_rail.cpp:320] Allocate on Rail 0 allocated control request XFER_ID=457 buffer_size=8192
I0317 10:52:37.333916     893 libfabric_rail.cpp:997] Posting receive on endpoint=0xb18e820 buffer=0x7f6ba9f36010 size=8192 context=0xb13fb20
I0317 10:52:37.333917     893 libfabric_rail.cpp:1006] Receive posted successfully
I0317 10:52:37.333917     893 libfabric_rail.cpp:320] Allocate on Rail 0 allocated control request XFER_ID=458 buffer_size=8192
I0317 10:52:37.333918     893 libfabric_rail.cpp:997] Posting receive on endpoint=0xb18e820 buffer=0x7f6ba9f34010 size=8192 context=0xb13fa70
I0317 10:52:37.333919     893 libfabric_rail.cpp:1006] Receive posted successfully
I0317 10:52:37.333919     893 libfabric_rail.cpp:320] Allocate on Rail 0 allocated control request XFER_ID=459 buffer_size=8192
I0317 10:52:37.333920     893 libfabric_rail.cpp:997] Posting receive on endpoint=0xb18e820 buffer=0x7f6ba9f32010 size=8192 context=0xb13f9c8
I0317 10:52:37.333921     893 libfabric_rail.cpp:1006] Receive posted successfully
I0317 10:52:37.333922     893 libfabric_rail.cpp:320] Allocate on Rail 0 allocated control request XFER_ID=460 buffer_size=8192
I0317 10:52:37.333922     893 libfabric_rail.cpp:997] Posting receive on endpoint=0xb18e820 buffer=0x7f6ba9f30010 size=8192 context=0xb13f920
I0317 10:52:37.333923     893 libfabric_rail.cpp:1006] Receive posted successfully
I0317 10:52:37.333924     893 libfabric_rail.cpp:320] Allocate on Rail 0 allocated control request XFER_ID=461 buffer_size=8192
I0317 10:52:37.333924     893 libfabric_rail.cpp:997] Posting receive on endpoint=0xb18e820 buffer=0x7f6ba9f2e010 size=8192 context=0xb13f870
I0317 10:52:37.333925     893 libfabric_rail.cpp:1006] Receive posted successfully
I0317 10:52:37.333926     893 libfabric_rail.cpp:320] Allocate on Rail 0 allocated control request XFER_ID=462 buffer_size=8192
I0317 10:52:37.333926     893 libfabric_rail.cpp:997] Posting receive on endpoint=0xb18e820 buffer=0x7f6ba9f2c010 size=8192 context=0xb13f7c8
I0317 10:52:37.333927     893 libfabric_rail.cpp:1006] Receive posted successfully
I0317 10:52:37.333928     893 libfabric_rail.cpp:320] Allocate on Rail 0 allocated control request XFER_ID=463 buffer_size=8192
I0317 10:52:37.333929     893 libfabric_rail.cpp:997] Posting receive on endpoint=0xb18e820 buffer=0x7f6ba9f2a010 size=8192 context=0xb13f720
I0317 10:52:37.333929     893 libfabric_rail.cpp:1006] Receive posted successfully
I0317 10:52:37.333930     893 libfabric_rail.cpp:320] Allocate on Rail 0 allocated control request XFER_ID=464 buffer_size=8192
I0317 10:52:37.333931     893 libfabric_rail.cpp:997] Posting receive on endpoint=0xb18e820 buffer=0x7f6ba9f28010 size=8192 context=0xb13f670
I0317 10:52:37.333931     893 libfabric_rail.cpp:1006] Receive posted successfully
I0317 10:52:37.333932     893 libfabric_rail.cpp:320] Allocate on Rail 0 allocated control request XFER_ID=465 buffer_size=8192
I0317 10:52:37.333933     893 libfabric_rail.cpp:997] Posting receive on endpoint=0xb18e820 buffer=0x7f6ba9f26010 size=8192 context=0xb13f5c8
I0317 10:52:37.333934     893 libfabric_rail.cpp:1006] Receive posted successfully
I0317 10:52:37.333934     893 libfabric_rail.cpp:320] Allocate on Rail 0 allocated control request XFER_ID=466 buffer_size=8192
I0317 10:52:37.333935     893 libfabric_rail.cpp:997] Posting receive on endpoint=0xb18e820 buffer=0x7f6ba9f24010 size=8192 context=0xb13f520
I0317 10:52:37.333936     893 libfabric_rail.cpp:1006] Receive posted successfully
I0317 10:52:37.333936     893 libfabric_rail.cpp:320] Allocate on Rail 0 allocated control request XFER_ID=467 buffer_size=8192
I0317 10:52:37.333937     893 libfabric_rail.cpp:997] Posting receive on endpoint=0xb18e820 buffer=0x7f6ba9f22010 size=8192 context=0xb13f470
I0317 10:52:37.333938     893 libfabric_rail.cpp:1006] Receive posted successfully
I0317 10:52:37.333938     893 libfabric_rail.cpp:320] Allocate on Rail 0 allocated control request XFER_ID=468 buffer_size=8192
I0317 10:52:37.333939     893 libfabric_rail.cpp:997] Posting receive on endpoint=0xb18e820 buffer=0x7f6ba9f20010 size=8192 context=0xb13f3c8
I0317 10:52:37.333982     893 libfabric_rail.cpp:1006] Receive posted successfully
I0317 10:52:37.333983     893 libfabric_rail.cpp:320] Allocate on Rail 0 allocated control request XFER_ID=469 buffer_size=8192
I0317 10:52:37.333983     893 libfabric_rail.cpp:997] Posting receive on endpoint=0xb18e820 buffer=0x7f6ba9f1e010 size=8192 context=0xb13f320
I0317 10:52:37.333984     893 libfabric_rail.cpp:1006] Receive posted successfully
I0317 10:52:37.333985     893 libfabric_rail.cpp:320] Allocate on Rail 0 allocated control request XFER_ID=470 buffer_size=8192
I0317 10:52:37.333985     893 libfabric_rail.cpp:997] Posting receive on endpoint=0xb18e820 buffer=0x7f6ba9f1c010 size=8192 context=0xb13f270
I0317 10:52:37.333986     893 libfabric_rail.cpp:1006] Receive posted successfully
I0317 10:52:37.333987     893 libfabric_rail.cpp:320] Allocate on Rail 0 allocated control request XFER_ID=471 buffer_size=8192
I0317 10:52:37.333987     893 libfabric_rail.cpp:997] Posting receive on endpoint=0xb18e820 buffer=0x7f6ba9f1a010 size=8192 context=0xb13f1c8
I0317 10:52:37.333988     893 libfabric_rail.cpp:1006] Receive posted successfully
I0317 10:52:37.333989     893 libfabric_rail.cpp:320] Allocate on Rail 0 allocated control request XFER_ID=472 buffer_size=8192
I0317 10:52:37.333990     893 libfabric_rail.cpp:997] Posting receive on endpoint=0xb18e820 buffer=0x7f6ba9f18010 size=8192 context=0xb13f120
I0317 10:52:37.333990     893 libfabric_rail.cpp:1006] Receive posted successfully
I0317 10:52:37.333991     893 libfabric_rail.cpp:320] Allocate on Rail 0 allocated control request XFER_ID=473 buffer_size=8192
I0317 10:52:37.333992     893 libfabric_rail.cpp:997] Posting receive on endpoint=0xb18e820 buffer=0x7f6ba9f16010 size=8192 context=0xb13f070
I0317 10:52:37.333992     893 libfabric_rail.cpp:1006] Receive posted successfully
I0317 10:52:37.333993     893 libfabric_rail.cpp:320] Allocate on Rail 0 allocated control request XFER_ID=474 buffer_size=8192
I0317 10:52:37.333994     893 libfabric_rail.cpp:997] Posting receive on endpoint=0xb18e820 buffer=0x7f6ba9f14010 size=8192 context=0xb13efc8
I0317 10:52:37.333995     893 libfabric_rail.cpp:1006] Receive posted successfully
I0317 10:52:37.333995     893 libfabric_rail.cpp:320] Allocate on Rail 0 allocated control request XFER_ID=475 buffer_size=8192
I0317 10:52:37.333996     893 libfabric_rail.cpp:997] Posting receive on endpoint=0xb18e820 buffer=0x7f6ba9f12010 size=8192 context=0xb13ef20
I0317 10:52:37.333997     893 libfabric_rail.cpp:1006] Receive posted successfully
I0317 10:52:37.333997     893 libfabric_rail.cpp:320] Allocate on Rail 0 allocated control request XFER_ID=476 buffer_size=8192
I0317 10:52:37.333998     893 libfabric_rail.cpp:997] Posting receive on endpoint=0xb18e820 buffer=0x7f6ba9f10010 size=8192 context=0xb13ee70
I0317 10:52:37.333999     893 libfabric_rail.cpp:1006] Receive posted successfully
I0317 10:52:37.333999     893 libfabric_rail.cpp:320] Allocate on Rail 0 allocated control request XFER_ID=477 buffer_size=8192
I0317 10:52:37.334000     893 libfabric_rail.cpp:997] Posting receive on endpoint=0xb18e820 buffer=0x7f6ba9f0e010 size=8192 context=0xb13edc8
I0317 10:52:37.334001     893 libfabric_rail.cpp:1006] Receive posted successfully
I0317 10:52:37.334002     893 libfabric_rail.cpp:320] Allocate on Rail 0 allocated control request XFER_ID=478 buffer_size=8192
I0317 10:52:37.334002     893 libfabric_rail.cpp:997] Posting receive on endpoint=0xb18e820 buffer=0x7f6ba9f0c010 size=8192 context=0xb13ed20
I0317 10:52:37.334003     893 libfabric_rail.cpp:1006] Receive posted successfully
I0317 10:52:37.334004     893 libfabric_rail.cpp:320] Allocate on Rail 0 allocated control request XFER_ID=479 buffer_size=8192
I0317 10:52:37.334004     893 libfabric_rail.cpp:997] Posting receive on endpoint=0xb18e820 buffer=0x7f6ba9f0a010 size=8192 context=0xb13ec70
I0317 10:52:37.334005     893 libfabric_rail.cpp:1006] Receive posted successfully
I0317 10:52:37.334006     893 libfabric_rail.cpp:320] Allocate on Rail 0 allocated control request XFER_ID=480 buffer_size=8192
I0317 10:52:37.334007     893 libfabric_rail.cpp:997] Posting receive on endpoint=0xb18e820 buffer=0x7f6ba9f08010 size=8192 context=0xb13ebc8
I0317 10:52:37.334008     893 libfabric_rail.cpp:1006] Receive posted successfully
I0317 10:52:37.334008     893 libfabric_rail.cpp:320] Allocate on Rail 0 allocated control request XFER_ID=481 buffer_size=8192
I0317 10:52:37.334009     893 libfabric_rail.cpp:997] Posting receive on endpoint=0xb18e820 buffer=0x7f6ba9f06010 size=8192 context=0xb13eb20
I0317 10:52:37.334010     893 libfabric_rail.cpp:1006] Receive posted successfully
I0317 10:52:37.334010     893 libfabric_rail.cpp:320] Allocate on Rail 0 allocated control request XFER_ID=482 buffer_size=8192
I0317 10:52:37.334011     893 libfabric_rail.cpp:997] Posting receive on endpoint=0xb18e820 buffer=0x7f6ba9f04010 size=8192 context=0xb13ea70
I0317 10:52:37.334012     893 libfabric_rail.cpp:1006] Receive posted successfully
I0317 10:52:37.334012     893 libfabric_rail.cpp:320] Allocate on Rail 0 allocated control request XFER_ID=483 buffer_size=8192
I0317 10:52:37.334013     893 libfabric_rail.cpp:997] Posting receive on endpoint=0xb18e820 buffer=0x7f6ba9f02010 size=8192 context=0xb13e9c8
I0317 10:52:37.334014     893 libfabric_rail.cpp:1006] Receive posted successfully
I0317 10:52:37.334015     893 libfabric_rail.cpp:320] Allocate on Rail 0 allocated control request XFER_ID=484 buffer_size=8192
I0317 10:52:37.334015     893 libfabric_rail.cpp:997] Posting receive on endpoint=0xb18e820 buffer=0x7f6ba9f00010 size=8192 context=0xb13e920
I0317 10:52:37.334016     893 libfabric_rail.cpp:1006] Receive posted successfully
I0317 10:52:37.334017     893 libfabric_rail.cpp:320] Allocate on Rail 0 allocated control request XFER_ID=485 buffer_size=8192
I0317 10:52:37.334017     893 libfabric_rail.cpp:997] Posting receive on endpoint=0xb18e820 buffer=0x7f6ba9efe010 size=8192 context=0xb13e870
I0317 10:52:37.334018     893 libfabric_rail.cpp:1006] Receive posted successfully
I0317 10:52:37.334019     893 libfabric_rail.cpp:320] Allocate on Rail 0 allocated control request XFER_ID=486 buffer_size=8192
I0317 10:52:37.334019     893 libfabric_rail.cpp:997] Posting receive on endpoint=0xb18e820 buffer=0x7f6ba9efc010 size=8192 context=0xb13e7c8
I0317 10:52:37.334020     893 libfabric_rail.cpp:1006] Receive posted successfully
I0317 10:52:37.334021     893 libfabric_rail.cpp:320] Allocate on Rail 0 allocated control request XFER_ID=487 buffer_size=8192
I0317 10:52:37.334022     893 libfabric_rail.cpp:997] Posting receive on endpoint=0xb18e820 buffer=0x7f6ba9efa010 size=8192 context=0xb13e720
I0317 10:52:37.334022     893 libfabric_rail.cpp:1006] Receive posted successfully
I0317 10:52:37.334023     893 libfabric_rail.cpp:320] Allocate on Rail 0 allocated control request XFER_ID=488 buffer_size=8192
I0317 10:52:37.334024     893 libfabric_rail.cpp:997] Posting receive on endpoint=0xb18e820 buffer=0x7f6ba9ef8010 size=8192 context=0xb13e670
I0317 10:52:37.334025     893 libfabric_rail.cpp:1006] Receive posted successfully
I0317 10:52:37.334025     893 libfabric_rail.cpp:320] Allocate on Rail 0 allocated control request XFER_ID=489 buffer_size=8192
I0317 10:52:37.334026     893 libfabric_rail.cpp:997] Posting receive on endpoint=0xb18e820 buffer=0x7f6ba9ef6010 size=8192 context=0xb13e5c8
I0317 10:52:37.334027     893 libfabric_rail.cpp:1006] Receive posted successfully
I0317 10:52:37.334027     893 libfabric_rail.cpp:320] Allocate on Rail 0 allocated control request XFER_ID=490 buffer_size=8192
I0317 10:52:37.334028     893 libfabric_rail.cpp:997] Posting receive on endpoint=0xb18e820 buffer=0x7f6ba9ef4010 size=8192 context=0xb13e520
I0317 10:52:37.334029     893 libfabric_rail.cpp:1006] Receive posted successfully
I0317 10:52:37.334029     893 libfabric_rail.cpp:320] Allocate on Rail 0 allocated control request XFER_ID=491 buffer_size=8192
I0317 10:52:37.334030     893 libfabric_rail.cpp:997] Posting receive on endpoint=0xb18e820 buffer=0x7f6ba9ef2010 size=8192 context=0xb13e470
I0317 10:52:37.334097     893 libfabric_rail.cpp:1006] Receive posted successfully
I0317 10:52:37.334097     893 libfabric_rail.cpp:320] Allocate on Rail 0 allocated control request XFER_ID=492 buffer_size=8192
I0317 10:52:37.334098     893 libfabric_rail.cpp:997] Posting receive on endpoint=0xb18e820 buffer=0x7f6ba9ef0010 size=8192 context=0xb13e3c8
I0317 10:52:37.334099     893 libfabric_rail.cpp:1006] Receive posted successfully
I0317 10:52:37.334099     893 libfabric_rail.cpp:320] Allocate on Rail 0 allocated control request XFER_ID=493 buffer_size=8192
I0317 10:52:37.334100     893 libfabric_rail.cpp:997] Posting receive on endpoint=0xb18e820 buffer=0x7f6ba9eee010 size=8192 context=0xb13e320
I0317 10:52:37.334101     893 libfabric_rail.cpp:1006] Receive posted successfully
I0317 10:52:37.334101     893 libfabric_rail.cpp:320] Allocate on Rail 0 allocated control request XFER_ID=494 buffer_size=8192
I0317 10:52:37.334102     893 libfabric_rail.cpp:997] Posting receive on endpoint=0xb18e820 buffer=0x7f6ba9eec010 size=8192 context=0xb13e270
I0317 10:52:37.334103     893 libfabric_rail.cpp:1006] Receive posted successfully
I0317 10:52:37.334103     893 libfabric_rail.cpp:320] Allocate on Rail 0 allocated control request XFER_ID=495 buffer_size=8192
I0317 10:52:37.334104     893 libfabric_rail.cpp:997] Posting receive on endpoint=0xb18e820 buffer=0x7f6ba9eea010 size=8192 context=0xb13e1c8
I0317 10:52:37.334105     893 libfabric_rail.cpp:1006] Receive posted successfully
I0317 10:52:37.334106     893 libfabric_rail.cpp:320] Allocate on Rail 0 allocated control request XFER_ID=496 buffer_size=8192
I0317 10:52:37.334106     893 libfabric_rail.cpp:997] Posting receive on endpoint=0xb18e820 buffer=0x7f6ba9ee8010 size=8192 context=0xb13e120
I0317 10:52:37.334107     893 libfabric_rail.cpp:1006] Receive posted successfully
I0317 10:52:37.334108     893 libfabric_rail.cpp:320] Allocate on Rail 0 allocated control request XFER_ID=497 buffer_size=8192
I0317 10:52:37.334108     893 libfabric_rail.cpp:997] Posting receive on endpoint=0xb18e820 buffer=0x7f6ba9ee6010 size=8192 context=0xb13e070
I0317 10:52:37.334109     893 libfabric_rail.cpp:1006] Receive posted successfully
I0317 10:52:37.334110     893 libfabric_rail.cpp:320] Allocate on Rail 0 allocated control request XFER_ID=498 buffer_size=8192
I0317 10:52:37.334110     893 libfabric_rail.cpp:997] Posting receive on endpoint=0xb18e820 buffer=0x7f6ba9ee4010 size=8192 context=0xb13dfc8
I0317 10:52:37.334111     893 libfabric_rail.cpp:1006] Receive posted successfully
I0317 10:52:37.334112     893 libfabric_rail.cpp:320] Allocate on Rail 0 allocated control request XFER_ID=499 buffer_size=8192
I0317 10:52:37.334113     893 libfabric_rail.cpp:997] Posting receive on endpoint=0xb18e820 buffer=0x7f6ba9ee2010 size=8192 context=0xb13df20
I0317 10:52:37.334113     893 libfabric_rail.cpp:1006] Receive posted successfully
I0317 10:52:37.334114     893 libfabric_rail.cpp:320] Allocate on Rail 0 allocated control request XFER_ID=500 buffer_size=8192
I0317 10:52:37.334115     893 libfabric_rail.cpp:997] Posting receive on endpoint=0xb18e820 buffer=0x7f6ba9ee0010 size=8192 context=0xb13de70
I0317 10:52:37.334116     893 libfabric_rail.cpp:1006] Receive posted successfully
I0317 10:52:37.334116     893 libfabric_rail.cpp:320] Allocate on Rail 0 allocated control request XFER_ID=501 buffer_size=8192
I0317 10:52:37.334117     893 libfabric_rail.cpp:997] Posting receive on endpoint=0xb18e820 buffer=0x7f6ba9ede010 size=8192 context=0xb13ddc8
I0317 10:52:37.334118     893 libfabric_rail.cpp:1006] Receive posted successfully
I0317 10:52:37.334118     893 libfabric_rail.cpp:320] Allocate on Rail 0 allocated control request XFER_ID=502 buffer_size=8192
I0317 10:52:37.334119     893 libfabric_rail.cpp:997] Posting receive on endpoint=0xb18e820 buffer=0x7f6ba9edc010 size=8192 context=0xb13dd20
I0317 10:52:37.334120     893 libfabric_rail.cpp:1006] Receive posted successfully
I0317 10:52:37.334121     893 libfabric_rail.cpp:320] Allocate on Rail 0 allocated control request XFER_ID=503 buffer_size=8192
I0317 10:52:37.334121     893 libfabric_rail.cpp:997] Posting receive on endpoint=0xb18e820 buffer=0x7f6ba9eda010 size=8192 context=0xb13dc70
I0317 10:52:37.334122     893 libfabric_rail.cpp:1006] Receive posted successfully
I0317 10:52:37.334123     893 libfabric_rail.cpp:320] Allocate on Rail 0 allocated control request XFER_ID=504 buffer_size=8192
I0317 10:52:37.334124     893 libfabric_rail.cpp:997] Posting receive on endpoint=0xb18e820 buffer=0x7f6ba9ed8010 size=8192 context=0xb13dbc8
I0317 10:52:37.334124     893 libfabric_rail.cpp:1006] Receive posted successfully
I0317 10:52:37.334125     893 libfabric_rail.cpp:320] Allocate on Rail 0 allocated control request XFER_ID=505 buffer_size=8192
I0317 10:52:37.334126     893 libfabric_rail.cpp:997] Posting receive on endpoint=0xb18e820 buffer=0x7f6ba9ed6010 size=8192 context=0xb13db20
I0317 10:52:37.334126     893 libfabric_rail.cpp:1006] Receive posted successfully
I0317 10:52:37.334127     893 libfabric_rail.cpp:320] Allocate on Rail 0 allocated control request XFER_ID=506 buffer_size=8192
I0317 10:52:37.334128     893 libfabric_rail.cpp:997] Posting receive on endpoint=0xb18e820 buffer=0x7f6ba9ed4010 size=8192 context=0xb13da70
I0317 10:52:37.334129     893 libfabric_rail.cpp:1006] Receive posted successfully
I0317 10:52:37.334129     893 libfabric_rail.cpp:320] Allocate on Rail 0 allocated control request XFER_ID=507 buffer_size=8192
I0317 10:52:37.334130     893 libfabric_rail.cpp:997] Posting receive on endpoint=0xb18e820 buffer=0x7f6ba9ed2010 size=8192 context=0xb13d9c8
I0317 10:52:37.334131     893 libfabric_rail.cpp:1006] Receive posted successfully
I0317 10:52:37.334131     893 libfabric_rail.cpp:320] Allocate on Rail 0 allocated control request XFER_ID=508 buffer_size=8192
I0317 10:52:37.334132     893 libfabric_rail.cpp:997] Posting receive on endpoint=0xb18e820 buffer=0x7f6ba9ed0010 size=8192 context=0xb13d920
I0317 10:52:37.334133     893 libfabric_rail.cpp:1006] Receive posted successfully
I0317 10:52:37.334133     893 libfabric_rail.cpp:320] Allocate on Rail 0 allocated control request XFER_ID=509 buffer_size=8192
I0317 10:52:37.334134     893 libfabric_rail.cpp:997] Posting receive on endpoint=0xb18e820 buffer=0x7f6ba9ece010 size=8192 context=0xb13d870
I0317 10:52:37.334135     893 libfabric_rail.cpp:1006] Receive posted successfully
I0317 10:52:37.334135     893 libfabric_rail.cpp:320] Allocate on Rail 0 allocated control request XFER_ID=510 buffer_size=8192
I0317 10:52:37.334136     893 libfabric_rail.cpp:997] Posting receive on endpoint=0xb18e820 buffer=0x7f6ba9ecc010 size=8192 context=0xb13d7c8
I0317 10:52:37.334137     893 libfabric_rail.cpp:1006] Receive posted successfully
I0317 10:52:37.334138     893 libfabric_rail.cpp:320] Allocate on Rail 0 allocated control request XFER_ID=511 buffer_size=8192
I0317 10:52:37.334138     893 libfabric_rail.cpp:997] Posting receive on endpoint=0xb18e820 buffer=0x7f6ba9eca010 size=8192 context=0xb13d720
I0317 10:52:37.334139     893 libfabric_rail.cpp:1006] Receive posted successfully
I0317 10:52:37.334140     893 libfabric_rail.cpp:320] Allocate on Rail 0 allocated control request XFER_ID=512 buffer_size=8192
I0317 10:52:37.334140     893 libfabric_rail.cpp:997] Posting receive on endpoint=0xb18e820 buffer=0x7f6ba9ec8010 size=8192 context=0xb13d670
I0317 10:52:37.334141     893 libfabric_rail.cpp:1006] Receive posted successfully
I0317 10:52:37.334142     893 libfabric_rail.cpp:320] Allocate on Rail 0 allocated control request XFER_ID=513 buffer_size=8192
I0317 10:52:37.334143     893 libfabric_rail.cpp:997] Posting receive on endpoint=0xb18e820 buffer=0x7f6ba9ec6010 size=8192 context=0xb13d5c8
I0317 10:52:37.334144     893 libfabric_rail.cpp:1006] Receive posted successfully
I0317 10:52:37.334144     893 libfabric_rail.cpp:320] Allocate on Rail 0 allocated control request XFER_ID=514 buffer_size=8192
I0317 10:52:37.334145     893 libfabric_rail.cpp:997] Posting receive on endpoint=0xb18e820 buffer=0x7f6ba9ec4010 size=8192 context=0xb13d520
I0317 10:52:37.334213     893 libfabric_rail.cpp:1006] Receive posted successfully
I0317 10:52:37.334213     893 libfabric_rail.cpp:320] Allocate on Rail 0 allocated control request XFER_ID=515 buffer_size=8192
I0317 10:52:37.334214     893 libfabric_rail.cpp:997] Posting receive on endpoint=0xb18e820 buffer=0x7f6ba9ec2010 size=8192 context=0xb13d470
I0317 10:52:37.334215     893 libfabric_rail.cpp:1006] Receive posted successfully
I0317 10:52:37.334216     893 libfabric_rail.cpp:320] Allocate on Rail 0 allocated control request XFER_ID=516 buffer_size=8192
I0317 10:52:37.334216     893 libfabric_rail.cpp:997] Posting receive on endpoint=0xb18e820 buffer=0x7f6ba9ec0010 size=8192 context=0xb13d3c8
I0317 10:52:37.334217     893 libfabric_rail.cpp:1006] Receive posted successfully
I0317 10:52:37.334218     893 libfabric_rail.cpp:320] Allocate on Rail 0 allocated control request XFER_ID=517 buffer_size=8192
I0317 10:52:37.334218     893 libfabric_rail.cpp:997] Posting receive on endpoint=0xb18e820 buffer=0x7f6ba9ebe010 size=8192 context=0xb13d320
I0317 10:52:37.334219     893 libfabric_rail.cpp:1006] Receive posted successfully
I0317 10:52:37.334220     893 libfabric_rail.cpp:320] Allocate on Rail 0 allocated control request XFER_ID=518 buffer_size=8192
I0317 10:52:37.334221     893 libfabric_rail.cpp:997] Posting receive on endpoint=0xb18e820 buffer=0x7f6ba9ebc010 size=8192 context=0xb13d270
I0317 10:52:37.334221     893 libfabric_rail.cpp:1006] Receive posted successfully
I0317 10:52:37.334222     893 libfabric_rail.cpp:320] Allocate on Rail 0 allocated control request XFER_ID=519 buffer_size=8192
I0317 10:52:37.334223     893 libfabric_rail.cpp:997] Posting receive on endpoint=0xb18e820 buffer=0x7f6ba9eba010 size=8192 context=0xb13d1c8
I0317 10:52:37.334223     893 libfabric_rail.cpp:1006] Receive posted successfully
I0317 10:52:37.334224     893 libfabric_rail.cpp:320] Allocate on Rail 0 allocated control request XFER_ID=520 buffer_size=8192
I0317 10:52:37.334225     893 libfabric_rail.cpp:997] Posting receive on endpoint=0xb18e820 buffer=0x7f6ba9eb8010 size=8192 context=0xb13d120
I0317 10:52:37.334226     893 libfabric_rail.cpp:1006] Receive posted successfully
I0317 10:52:37.334226     893 libfabric_rail.cpp:320] Allocate on Rail 0 allocated control request XFER_ID=521 buffer_size=8192
I0317 10:52:37.334227     893 libfabric_rail.cpp:997] Posting receive on endpoint=0xb18e820 buffer=0x7f6ba9eb6010 size=8192 context=0xb13d070
I0317 10:52:37.334228     893 libfabric_rail.cpp:1006] Receive posted successfully
I0317 10:52:37.334228     893 libfabric_rail.cpp:320] Allocate on Rail 0 allocated control request XFER_ID=522 buffer_size=8192
I0317 10:52:37.334229     893 libfabric_rail.cpp:997] Posting receive on endpoint=0xb18e820 buffer=0x7f6ba9eb4010 size=8192 context=0xb13cfc8
I0317 10:52:37.334230     893 libfabric_rail.cpp:1006] Receive posted successfully
I0317 10:52:37.334231     893 libfabric_rail.cpp:320] Allocate on Rail 0 allocated control request XFER_ID=523 buffer_size=8192
I0317 10:52:37.334231     893 libfabric_rail.cpp:997] Posting receive on endpoint=0xb18e820 buffer=0x7f6ba9eb2010 size=8192 context=0xb13cf20
I0317 10:52:37.334232     893 libfabric_rail.cpp:1006] Receive posted successfully
I0317 10:52:37.334233     893 libfabric_rail.cpp:320] Allocate on Rail 0 allocated control request XFER_ID=524 buffer_size=8192
I0317 10:52:37.334233     893 libfabric_rail.cpp:997] Posting receive on endpoint=0xb18e820 buffer=0x7f6ba9eb0010 size=8192 context=0xb13ce70
I0317 10:52:37.334234     893 libfabric_rail.cpp:1006] Receive posted successfully
I0317 10:52:37.334235     893 libfabric_rail.cpp:320] Allocate on Rail 0 allocated control request XFER_ID=525 buffer_size=8192
I0317 10:52:37.334235     893 libfabric_rail.cpp:997] Posting receive on endpoint=0xb18e820 buffer=0x7f6ba9eae010 size=8192 context=0xb13cdc8
I0317 10:52:37.334236     893 libfabric_rail.cpp:1006] Receive posted successfully
I0317 10:52:37.334237     893 libfabric_rail.cpp:320] Allocate on Rail 0 allocated control request XFER_ID=526 buffer_size=8192
I0317 10:52:37.334238     893 libfabric_rail.cpp:997] Posting receive on endpoint=0xb18e820 buffer=0x7f6ba9eac010 size=8192 context=0xb13cd20
I0317 10:52:37.334239     893 libfabric_rail.cpp:1006] Receive posted successfully
I0317 10:52:37.334239     893 libfabric_rail.cpp:320] Allocate on Rail 0 allocated control request XFER_ID=527 buffer_size=8192
I0317 10:52:37.334240     893 libfabric_rail.cpp:997] Posting receive on endpoint=0xb18e820 buffer=0x7f6ba9eaa010 size=8192 context=0xb13cc70
I0317 10:52:37.334241     893 libfabric_rail.cpp:1006] Receive posted successfully
I0317 10:52:37.334242     893 libfabric_rail.cpp:320] Allocate on Rail 0 allocated control request XFER_ID=528 buffer_size=8192
I0317 10:52:37.334242     893 libfabric_rail.cpp:997] Posting receive on endpoint=0xb18e820 buffer=0x7f6ba9ea8010 size=8192 context=0xb13cbc8
I0317 10:52:37.334243     893 libfabric_rail.cpp:1006] Receive posted successfully
I0317 10:52:37.334244     893 libfabric_rail.cpp:320] Allocate on Rail 0 allocated control request XFER_ID=529 buffer_size=8192
I0317 10:52:37.334244     893 libfabric_rail.cpp:997] Posting receive on endpoint=0xb18e820 buffer=0x7f6ba9ea6010 size=8192 context=0xb13cb20
I0317 10:52:37.334245     893 libfabric_rail.cpp:1006] Receive posted successfully
I0317 10:52:37.334246     893 libfabric_rail.cpp:320] Allocate on Rail 0 allocated control request XFER_ID=530 buffer_size=8192
I0317 10:52:37.334246     893 libfabric_rail.cpp:997] Posting receive on endpoint=0xb18e820 buffer=0x7f6ba9ea4010 size=8192 context=0xb13ca70
I0317 10:52:37.334247     893 libfabric_rail.cpp:1006] Receive posted successfully
I0317 10:52:37.334248     893 libfabric_rail.cpp:320] Allocate on Rail 0 allocated control request XFER_ID=531 buffer_size=8192
I0317 10:52:37.334249     893 libfabric_rail.cpp:997] Posting receive on endpoint=0xb18e820 buffer=0x7f6ba9ea2010 size=8192 context=0xb13c9c8
I0317 10:52:37.334249     893 libfabric_rail.cpp:1006] Receive posted successfully
I0317 10:52:37.334250     893 libfabric_rail.cpp:320] Allocate on Rail 0 allocated control request XFER_ID=532 buffer_size=8192
I0317 10:52:37.334251     893 libfabric_rail.cpp:997] Posting receive on endpoint=0xb18e820 buffer=0x7f6ba9ea0010 size=8192 context=0xb13c920
I0317 10:52:37.334252     893 libfabric_rail.cpp:1006] Receive posted successfully
I0317 10:52:37.334252     893 libfabric_rail.cpp:320] Allocate on Rail 0 allocated control request XFER_ID=533 buffer_size=8192
I0317 10:52:37.334253     893 libfabric_rail.cpp:997] Posting receive on endpoint=0xb18e820 buffer=0x7f6ba9e9e010 size=8192 context=0xb13c870
I0317 10:52:37.334254     893 libfabric_rail.cpp:1006] Receive posted successfully
I0317 10:52:37.334254     893 libfabric_rail.cpp:320] Allocate on Rail 0 allocated control request XFER_ID=534 buffer_size=8192
I0317 10:52:37.334255     893 libfabric_rail.cpp:997] Posting receive on endpoint=0xb18e820 buffer=0x7f6ba9e9c010 size=8192 context=0xb13c7c8
I0317 10:52:37.334256     893 libfabric_rail.cpp:1006] Receive posted successfully
I0317 10:52:37.334256     893 libfabric_rail.cpp:320] Allocate on Rail 0 allocated control request XFER_ID=535 buffer_size=8192
I0317 10:52:37.334257     893 libfabric_rail.cpp:997] Posting receive on endpoint=0xb18e820 buffer=0x7f6ba9e9a010 size=8192 context=0xb13c720
I0317 10:52:37.334258     893 libfabric_rail.cpp:1006] Receive posted successfully
I0317 10:52:37.334258     893 libfabric_rail.cpp:320] Allocate on Rail 0 allocated control request XFER_ID=536 buffer_size=8192
I0317 10:52:37.334259     893 libfabric_rail.cpp:997] Posting receive on endpoint=0xb18e820 buffer=0x7f6ba9e98010 size=8192 context=0xb13c670
I0317 10:52:37.334260     893 libfabric_rail.cpp:1006] Receive posted successfully
I0317 10:52:37.334261     893 libfabric_rail.cpp:320] Allocate on Rail 0 allocated control request XFER_ID=537 buffer_size=8192
I0317 10:52:37.334261     893 libfabric_rail.cpp:997] Posting receive on endpoint=0xb18e820 buffer=0x7f6ba9e96010 size=8192 context=0xb13c5c8
I0317 10:52:37.334320     893 libfabric_rail.cpp:1006] Receive posted successfully
I0317 10:52:37.334320     893 libfabric_rail.cpp:320] Allocate on Rail 0 allocated control request XFER_ID=538 buffer_size=8192
I0317 10:52:37.334321     893 libfabric_rail.cpp:997] Posting receive on endpoint=0xb18e820 buffer=0x7f6ba9e94010 size=8192 context=0xb13c520
I0317 10:52:37.334322     893 libfabric_rail.cpp:1006] Receive posted successfully
I0317 10:52:37.334322     893 libfabric_rail.cpp:320] Allocate on Rail 0 allocated control request XFER_ID=539 buffer_size=8192
I0317 10:52:37.334323     893 libfabric_rail.cpp:997] Posting receive on endpoint=0xb18e820 buffer=0x7f6ba9e92010 size=8192 context=0xb13c470
I0317 10:52:37.334324     893 libfabric_rail.cpp:1006] Receive posted successfully
I0317 10:52:37.334324     893 libfabric_rail.cpp:320] Allocate on Rail 0 allocated control request XFER_ID=540 buffer_size=8192
I0317 10:52:37.334325     893 libfabric_rail.cpp:997] Posting receive on endpoint=0xb18e820 buffer=0x7f6ba9e90010 size=8192 context=0xb13c3c8
I0317 10:52:37.334326     893 libfabric_rail.cpp:1006] Receive posted successfully
I0317 10:52:37.334326     893 libfabric_rail.cpp:320] Allocate on Rail 0 allocated control request XFER_ID=541 buffer_size=8192
I0317 10:52:37.334327     893 libfabric_rail.cpp:997] Posting receive on endpoint=0xb18e820 buffer=0x7f6ba9e8e010 size=8192 context=0xb13c320
I0317 10:52:37.334328     893 libfabric_rail.cpp:1006] Receive posted successfully
I0317 10:52:37.334329     893 libfabric_rail.cpp:320] Allocate on Rail 0 allocated control request XFER_ID=542 buffer_size=8192
I0317 10:52:37.334329     893 libfabric_rail.cpp:997] Posting receive on endpoint=0xb18e820 buffer=0x7f6ba9e8c010 size=8192 context=0xb13c270
I0317 10:52:37.334330     893 libfabric_rail.cpp:1006] Receive posted successfully
I0317 10:52:37.334331     893 libfabric_rail.cpp:320] Allocate on Rail 0 allocated control request XFER_ID=543 buffer_size=8192
I0317 10:52:37.334331     893 libfabric_rail.cpp:997] Posting receive on endpoint=0xb18e820 buffer=0x7f6ba9e8a010 size=8192 context=0xb13c1c8
I0317 10:52:37.334332     893 libfabric_rail.cpp:1006] Receive posted successfully
I0317 10:52:37.334333     893 libfabric_rail.cpp:320] Allocate on Rail 0 allocated control request XFER_ID=544 buffer_size=8192
I0317 10:52:37.334334     893 libfabric_rail.cpp:997] Posting receive on endpoint=0xb18e820 buffer=0x7f6ba9e88010 size=8192 context=0xb13c120
I0317 10:52:37.334334     893 libfabric_rail.cpp:1006] Receive posted successfully
I0317 10:52:37.334335     893 libfabric_rail.cpp:320] Allocate on Rail 0 allocated control request XFER_ID=545 buffer_size=8192
I0317 10:52:37.334336     893 libfabric_rail.cpp:997] Posting receive on endpoint=0xb18e820 buffer=0x7f6ba9e86010 size=8192 context=0xb13c070
I0317 10:52:37.334337     893 libfabric_rail.cpp:1006] Receive posted successfully
I0317 10:52:37.334337     893 libfabric_rail.cpp:320] Allocate on Rail 0 allocated control request XFER_ID=546 buffer_size=8192
I0317 10:52:37.334338     893 libfabric_rail.cpp:997] Posting receive on endpoint=0xb18e820 buffer=0x7f6ba9e84010 size=8192 context=0xb13bfc8
I0317 10:52:37.334339     893 libfabric_rail.cpp:1006] Receive posted successfully
I0317 10:52:37.334339     893 libfabric_rail.cpp:320] Allocate on Rail 0 allocated control request XFER_ID=547 buffer_size=8192
I0317 10:52:37.334340     893 libfabric_rail.cpp:997] Posting receive on endpoint=0xb18e820 buffer=0x7f6ba9e82010 size=8192 context=0xb13bf20
I0317 10:52:37.334341     893 libfabric_rail.cpp:1006] Receive posted successfully
I0317 10:52:37.334341     893 libfabric_rail.cpp:320] Allocate on Rail 0 allocated control request XFER_ID=548 buffer_size=8192
I0317 10:52:37.334342     893 libfabric_rail.cpp:997] Posting receive on endpoint=0xb18e820 buffer=0x7f6ba9e80010 size=8192 context=0xb13be70
I0317 10:52:37.334343     893 libfabric_rail.cpp:1006] Receive posted successfully
I0317 10:52:37.334344     893 libfabric_rail.cpp:320] Allocate on Rail 0 allocated control request XFER_ID=549 buffer_size=8192
I0317 10:52:37.334345     893 libfabric_rail.cpp:997] Posting receive on endpoint=0xb18e820 buffer=0x7f6ba9e7e010 size=8192 context=0xb13bdc8
I0317 10:52:37.334345     893 libfabric_rail.cpp:1006] Receive posted successfully
I0317 10:52:37.334346     893 libfabric_rail.cpp:320] Allocate on Rail 0 allocated control request XFER_ID=550 buffer_size=8192
I0317 10:52:37.334347     893 libfabric_rail.cpp:997] Posting receive on endpoint=0xb18e820 buffer=0x7f6ba9e7c010 size=8192 context=0xb13bd20
I0317 10:52:37.334348     893 libfabric_rail.cpp:1006] Receive posted successfully
I0317 10:52:37.334348     893 libfabric_rail.cpp:320] Allocate on Rail 0 allocated control request XFER_ID=551 buffer_size=8192
I0317 10:52:37.334349     893 libfabric_rail.cpp:997] Posting receive on endpoint=0xb18e820 buffer=0x7f6ba9e7a010 size=8192 context=0xb13bc70
I0317 10:52:37.334350     893 libfabric_rail.cpp:1006] Receive posted successfully
I0317 10:52:37.334350     893 libfabric_rail.cpp:320] Allocate on Rail 0 allocated control request XFER_ID=552 buffer_size=8192
I0317 10:52:37.334351     893 libfabric_rail.cpp:997] Posting receive on endpoint=0xb18e820 buffer=0x7f6ba9e78010 size=8192 context=0xb13bbc8
I0317 10:52:37.334352     893 libfabric_rail.cpp:1006] Receive posted successfully
I0317 10:52:37.334352     893 libfabric_rail.cpp:320] Allocate on Rail 0 allocated control request XFER_ID=553 buffer_size=8192
I0317 10:52:37.334353     893 libfabric_rail.cpp:997] Posting receive on endpoint=0xb18e820 buffer=0x7f6ba9e76010 size=8192 context=0xb13bb20
I0317 10:52:37.334354     893 libfabric_rail.cpp:1006] Receive posted successfully
I0317 10:52:37.334354     893 libfabric_rail.cpp:320] Allocate on Rail 0 allocated control request XFER_ID=554 buffer_size=8192
I0317 10:52:37.334355     893 libfabric_rail.cpp:997] Posting receive on endpoint=0xb18e820 buffer=0x7f6ba9e74010 size=8192 context=0xb13ba70
I0317 10:52:37.334356     893 libfabric_rail.cpp:1006] Receive posted successfully
I0317 10:52:37.334356     893 libfabric_rail.cpp:320] Allocate on Rail 0 allocated control request XFER_ID=555 buffer_size=8192
I0317 10:52:37.334357     893 libfabric_rail.cpp:997] Posting receive on endpoint=0xb18e820 buffer=0x7f6ba9e72010 size=8192 context=0xb13b9c8
I0317 10:52:37.334358     893 libfabric_rail.cpp:1006] Receive posted successfully
I0317 10:52:37.334359     893 libfabric_rail.cpp:320] Allocate on Rail 0 allocated control request XFER_ID=556 buffer_size=8192
I0317 10:52:37.334359     893 libfabric_rail.cpp:997] Posting receive on endpoint=0xb18e820 buffer=0x7f6ba9e70010 size=8192 context=0xb13b920
I0317 10:52:37.334360     893 libfabric_rail.cpp:1006] Receive posted successfully
I0317 10:52:37.334361     893 libfabric_rail.cpp:320] Allocate on Rail 0 allocated control request XFER_ID=557 buffer_size=8192
I0317 10:52:37.334361     893 libfabric_rail.cpp:997] Posting receive on endpoint=0xb18e820 buffer=0x7f6ba9e6e010 size=8192 context=0xb13b870
I0317 10:52:37.334362     893 libfabric_rail.cpp:1006] Receive posted successfully
I0317 10:52:37.334363     893 libfabric_rail.cpp:320] Allocate on Rail 0 allocated control request XFER_ID=558 buffer_size=8192
I0317 10:52:37.334363     893 libfabric_rail.cpp:997] Posting receive on endpoint=0xb18e820 buffer=0x7f6ba9e6c010 size=8192 context=0xb13b7c8
I0317 10:52:37.334364     893 libfabric_rail.cpp:1006] Receive posted successfully
I0317 10:52:37.334365     893 libfabric_rail.cpp:320] Allocate on Rail 0 allocated control request XFER_ID=559 buffer_size=8192
I0317 10:52:37.334366     893 libfabric_rail.cpp:997] Posting receive on endpoint=0xb18e820 buffer=0x7f6ba9e6a010 size=8192 context=0xb13b720
I0317 10:52:37.334366     893 libfabric_rail.cpp:1006] Receive posted successfully
I0317 10:52:37.334367     893 libfabric_rail.cpp:320] Allocate on Rail 0 allocated control request XFER_ID=560 buffer_size=8192
I0317 10:52:37.334368     893 libfabric_rail.cpp:997] Posting receive on endpoint=0xb18e820 buffer=0x7f6ba9e68010 size=8192 context=0xb13b670
I0317 10:52:37.334425     893 libfabric_rail.cpp:1006] Receive posted successfully
I0317 10:52:37.334425     893 libfabric_rail.cpp:320] Allocate on Rail 0 allocated control request XFER_ID=561 buffer_size=8192
I0317 10:52:37.334426     893 libfabric_rail.cpp:997] Posting receive on endpoint=0xb18e820 buffer=0x7f6ba9e66010 size=8192 context=0xb13b5c8
I0317 10:52:37.334427     893 libfabric_rail.cpp:1006] Receive posted successfully
I0317 10:52:37.334428     893 libfabric_rail.cpp:320] Allocate on Rail 0 allocated control request XFER_ID=562 buffer_size=8192
I0317 10:52:37.334428     893 libfabric_rail.cpp:997] Posting receive on endpoint=0xb18e820 buffer=0x7f6ba9e64010 size=8192 context=0xb13b520
I0317 10:52:37.334429     893 libfabric_rail.cpp:1006] Receive posted successfully
I0317 10:52:37.334430     893 libfabric_rail.cpp:320] Allocate on Rail 0 allocated control request XFER_ID=563 buffer_size=8192
I0317 10:52:37.334430     893 libfabric_rail.cpp:997] Posting receive on endpoint=0xb18e820 buffer=0x7f6ba9e62010 size=8192 context=0xb13b470
I0317 10:52:37.334431     893 libfabric_rail.cpp:1006] Receive posted successfully
I0317 10:52:37.334432     893 libfabric_rail.cpp:320] Allocate on Rail 0 allocated control request XFER_ID=564 buffer_size=8192
I0317 10:52:37.334432     893 libfabric_rail.cpp:997] Posting receive on endpoint=0xb18e820 buffer=0x7f6ba9e60010 size=8192 context=0xb13b3c8
I0317 10:52:37.334433     893 libfabric_rail.cpp:1006] Receive posted successfully
I0317 10:52:37.334434     893 libfabric_rail.cpp:320] Allocate on Rail 0 allocated control request XFER_ID=565 buffer_size=8192
I0317 10:52:37.334435     893 libfabric_rail.cpp:997] Posting receive on endpoint=0xb18e820 buffer=0x7f6ba9e5e010 size=8192 context=0xb13b320
I0317 10:52:37.334435     893 libfabric_rail.cpp:1006] Receive posted successfully
I0317 10:52:37.334436     893 libfabric_rail.cpp:320] Allocate on Rail 0 allocated control request XFER_ID=566 buffer_size=8192
I0317 10:52:37.334437     893 libfabric_rail.cpp:997] Posting receive on endpoint=0xb18e820 buffer=0x7f6ba9e5c010 size=8192 context=0xb13b270
I0317 10:52:37.334438     893 libfabric_rail.cpp:1006] Receive posted successfully
I0317 10:52:37.334438     893 libfabric_rail.cpp:320] Allocate on Rail 0 allocated control request XFER_ID=567 buffer_size=8192
I0317 10:52:37.334439     893 libfabric_rail.cpp:997] Posting receive on endpoint=0xb18e820 buffer=0x7f6ba9e5a010 size=8192 context=0xb13b1c8
I0317 10:52:37.334440     893 libfabric_rail.cpp:1006] Receive posted successfully
I0317 10:52:37.334440     893 libfabric_rail.cpp:320] Allocate on Rail 0 allocated control request XFER_ID=568 buffer_size=8192
I0317 10:52:37.334441     893 libfabric_rail.cpp:997] Posting receive on endpoint=0xb18e820 buffer=0x7f6ba9e58010 size=8192 context=0xb13b120
I0317 10:52:37.334442     893 libfabric_rail.cpp:1006] Receive posted successfully
I0317 10:52:37.334442     893 libfabric_rail.cpp:320] Allocate on Rail 0 allocated control request XFER_ID=569 buffer_size=8192
I0317 10:52:37.334443     893 libfabric_rail.cpp:997] Posting receive on endpoint=0xb18e820 buffer=0x7f6ba9e56010 size=8192 context=0xb13b070
I0317 10:52:37.334444     893 libfabric_rail.cpp:1006] Receive posted successfully
I0317 10:52:37.334444     893 libfabric_rail.cpp:320] Allocate on Rail 0 allocated control request XFER_ID=570 buffer_size=8192
I0317 10:52:37.334445     893 libfabric_rail.cpp:997] Posting receive on endpoint=0xb18e820 buffer=0x7f6ba9e54010 size=8192 context=0xb13afc8
I0317 10:52:37.334446     893 libfabric_rail.cpp:1006] Receive posted successfully
I0317 10:52:37.334446     893 libfabric_rail.cpp:320] Allocate on Rail 0 allocated control request XFER_ID=571 buffer_size=8192
I0317 10:52:37.334447     893 libfabric_rail.cpp:997] Posting receive on endpoint=0xb18e820 buffer=0x7f6ba9e52010 size=8192 context=0xb13af20
I0317 10:52:37.334448     893 libfabric_rail.cpp:1006] Receive posted successfully
I0317 10:52:37.334449     893 libfabric_rail.cpp:320] Allocate on Rail 0 allocated control request XFER_ID=572 buffer_size=8192
I0317 10:52:37.334450     893 libfabric_rail.cpp:997] Posting receive on endpoint=0xb18e820 buffer=0x7f6ba9e50010 size=8192 context=0xb13ae70
I0317 10:52:37.334451     893 libfabric_rail.cpp:1006] Receive posted successfully
I0317 10:52:37.334451     893 libfabric_rail.cpp:320] Allocate on Rail 0 allocated control request XFER_ID=573 buffer_size=8192
I0317 10:52:37.334452     893 libfabric_rail.cpp:997] Posting receive on endpoint=0xb18e820 buffer=0x7f6ba9e4e010 size=8192 context=0xb13adc8
I0317 10:52:37.334453     893 libfabric_rail.cpp:1006] Receive posted successfully
I0317 10:52:37.334453     893 libfabric_rail.cpp:320] Allocate on Rail 0 allocated control request XFER_ID=574 buffer_size=8192
I0317 10:52:37.334454     893 libfabric_rail.cpp:997] Posting receive on endpoint=0xb18e820 buffer=0x7f6ba9e4c010 size=8192 context=0xb13ad20
I0317 10:52:37.334455     893 libfabric_rail.cpp:1006] Receive posted successfully
I0317 10:52:37.334455     893 libfabric_rail.cpp:320] Allocate on Rail 0 allocated control request XFER_ID=575 buffer_size=8192
I0317 10:52:37.334456     893 libfabric_rail.cpp:997] Posting receive on endpoint=0xb18e820 buffer=0x7f6ba9e4a010 size=8192 context=0xb13ac70
I0317 10:52:37.334457     893 libfabric_rail.cpp:1006] Receive posted successfully
I0317 10:52:37.334457     893 libfabric_rail.cpp:320] Allocate on Rail 0 allocated control request XFER_ID=576 buffer_size=8192
I0317 10:52:37.334458     893 libfabric_rail.cpp:997] Posting receive on endpoint=0xb18e820 buffer=0x7f6ba9e48010 size=8192 context=0xb13abc8
I0317 10:52:37.334459     893 libfabric_rail.cpp:1006] Receive posted successfully
I0317 10:52:37.334459     893 libfabric_rail.cpp:320] Allocate on Rail 0 allocated control request XFER_ID=577 buffer_size=8192
I0317 10:52:37.334460     893 libfabric_rail.cpp:997] Posting receive on endpoint=0xb18e820 buffer=0x7f6ba9e46010 size=8192 context=0xb13ab20
I0317 10:52:37.334461     893 libfabric_rail.cpp:1006] Receive posted successfully
I0317 10:52:37.334462     893 libfabric_rail.cpp:320] Allocate on Rail 0 allocated control request XFER_ID=578 buffer_size=8192
I0317 10:52:37.334462     893 libfabric_rail.cpp:997] Posting receive on endpoint=0xb18e820 buffer=0x7f6ba9e44010 size=8192 context=0xb13aa70
I0317 10:52:37.334463     893 libfabric_rail.cpp:1006] Receive posted successfully
I0317 10:52:37.334464     893 libfabric_rail.cpp:320] Allocate on Rail 0 allocated control request XFER_ID=579 buffer_size=8192
I0317 10:52:37.334464     893 libfabric_rail.cpp:997] Posting receive on endpoint=0xb18e820 buffer=0x7f6ba9e42010 size=8192 context=0xb13a9c8
I0317 10:52:37.334465     893 libfabric_rail.cpp:1006] Receive posted successfully
I0317 10:52:37.334466     893 libfabric_rail.cpp:320] Allocate on Rail 0 allocated control request XFER_ID=580 buffer_size=8192
I0317 10:52:37.334466     893 libfabric_rail.cpp:997] Posting receive on endpoint=0xb18e820 buffer=0x7f6ba9e40010 size=8192 context=0xb13a920
I0317 10:52:37.334467     893 libfabric_rail.cpp:1006] Receive posted successfully
I0317 10:52:37.334468     893 libfabric_rail.cpp:320] Allocate on Rail 0 allocated control request XFER_ID=581 buffer_size=8192
I0317 10:52:37.334468     893 libfabric_rail.cpp:997] Posting receive on endpoint=0xb18e820 buffer=0x7f6ba9e3e010 size=8192 context=0xb13a870
I0317 10:52:37.334469     893 libfabric_rail.cpp:1006] Receive posted successfully
I0317 10:52:37.334470     893 libfabric_rail.cpp:320] Allocate on Rail 0 allocated control request XFER_ID=582 buffer_size=8192
I0317 10:52:37.334471     893 libfabric_rail.cpp:997] Posting receive on endpoint=0xb18e820 buffer=0x7f6ba9e3c010 size=8192 context=0xb13a7c8
I0317 10:52:37.334471     893 libfabric_rail.cpp:1006] Receive posted successfully
I0317 10:52:37.334472     893 libfabric_rail.cpp:320] Allocate on Rail 0 allocated control request XFER_ID=583 buffer_size=8192
I0317 10:52:37.334473     893 libfabric_rail.cpp:997] Posting receive on endpoint=0xb18e820 buffer=0x7f6ba9e3a010 size=8192 context=0xb13a720
I0317 10:52:37.334528     893 libfabric_rail.cpp:1006] Receive posted successfully
I0317 10:52:37.334529     893 libfabric_rail.cpp:320] Allocate on Rail 0 allocated control request XFER_ID=584 buffer_size=8192
I0317 10:52:37.334530     893 libfabric_rail.cpp:997] Posting receive on endpoint=0xb18e820 buffer=0x7f6ba9e38010 size=8192 context=0xb13a670
I0317 10:52:37.334531     893 libfabric_rail.cpp:1006] Receive posted successfully
I0317 10:52:37.334531     893 libfabric_rail.cpp:320] Allocate on Rail 0 allocated control request XFER_ID=585 buffer_size=8192
I0317 10:52:37.334532     893 libfabric_rail.cpp:997] Posting receive on endpoint=0xb18e820 buffer=0x7f6ba9e36010 size=8192 context=0xb13a5c8
I0317 10:52:37.334533     893 libfabric_rail.cpp:1006] Receive posted successfully
I0317 10:52:37.334533     893 libfabric_rail.cpp:320] Allocate on Rail 0 allocated control request XFER_ID=586 buffer_size=8192
I0317 10:52:37.334534     893 libfabric_rail.cpp:997] Posting receive on endpoint=0xb18e820 buffer=0x7f6ba9e34010 size=8192 context=0xb13a520
I0317 10:52:37.334535     893 libfabric_rail.cpp:1006] Receive posted successfully
I0317 10:52:37.334535     893 libfabric_rail.cpp:320] Allocate on Rail 0 allocated control request XFER_ID=587 buffer_size=8192
I0317 10:52:37.334536     893 libfabric_rail.cpp:997] Posting receive on endpoint=0xb18e820 buffer=0x7f6ba9e32010 size=8192 context=0xb13a470
I0317 10:52:37.334537     893 libfabric_rail.cpp:1006] Receive posted successfully
I0317 10:52:37.334538     893 libfabric_rail.cpp:320] Allocate on Rail 0 allocated control request XFER_ID=588 buffer_size=8192
I0317 10:52:37.334538     893 libfabric_rail.cpp:997] Posting receive on endpoint=0xb18e820 buffer=0x7f6ba9e30010 size=8192 context=0xb13a3c8
I0317 10:52:37.334539     893 libfabric_rail.cpp:1006] Receive posted successfully
I0317 10:52:37.334540     893 libfabric_rail.cpp:320] Allocate on Rail 0 allocated control request XFER_ID=589 buffer_size=8192
I0317 10:52:37.334540     893 libfabric_rail.cpp:997] Posting receive on endpoint=0xb18e820 buffer=0x7f6ba9e2e010 size=8192 context=0xb13a320
I0317 10:52:37.334541     893 libfabric_rail.cpp:1006] Receive posted successfully
I0317 10:52:37.334542     893 libfabric_rail.cpp:320] Allocate on Rail 0 allocated control request XFER_ID=590 buffer_size=8192
I0317 10:52:37.334542     893 libfabric_rail.cpp:997] Posting receive on endpoint=0xb18e820 buffer=0x7f6ba9e2c010 size=8192 context=0xb13a270
I0317 10:52:37.334543     893 libfabric_rail.cpp:1006] Receive posted successfully
I0317 10:52:37.334544     893 libfabric_rail.cpp:320] Allocate on Rail 0 allocated control request XFER_ID=591 buffer_size=8192
I0317 10:52:37.334544     893 libfabric_rail.cpp:997] Posting receive on endpoint=0xb18e820 buffer=0x7f6ba9e2a010 size=8192 context=0xb13a1c8
I0317 10:52:37.334545     893 libfabric_rail.cpp:1006] Receive posted successfully
I0317 10:52:37.334546     893 libfabric_rail.cpp:320] Allocate on Rail 0 allocated control request XFER_ID=592 buffer_size=8192
I0317 10:52:37.334547     893 libfabric_rail.cpp:997] Posting receive on endpoint=0xb18e820 buffer=0x7f6ba9e28010 size=8192 context=0xb13a120
I0317 10:52:37.334547     893 libfabric_rail.cpp:1006] Receive posted successfully
I0317 10:52:37.334548     893 libfabric_rail.cpp:320] Allocate on Rail 0 allocated control request XFER_ID=593 buffer_size=8192
I0317 10:52:37.334549     893 libfabric_rail.cpp:997] Posting receive on endpoint=0xb18e820 buffer=0x7f6ba9e26010 size=8192 context=0xb13a070
I0317 10:52:37.334550     893 libfabric_rail.cpp:1006] Receive posted successfully
I0317 10:52:37.334550     893 libfabric_rail.cpp:320] Allocate on Rail 0 allocated control request XFER_ID=594 buffer_size=8192
I0317 10:52:37.334551     893 libfabric_rail.cpp:997] Posting receive on endpoint=0xb18e820 buffer=0x7f6ba9e24010 size=8192 context=0xb139fc8
I0317 10:52:37.334552     893 libfabric_rail.cpp:1006] Receive posted successfully
I0317 10:52:37.334553     893 libfabric_rail.cpp:320] Allocate on Rail 0 allocated control request XFER_ID=595 buffer_size=8192
I0317 10:52:37.334553     893 libfabric_rail.cpp:997] Posting receive on endpoint=0xb18e820 buffer=0x7f6ba9e22010 size=8192 context=0xb139f20
I0317 10:52:37.334554     893 libfabric_rail.cpp:1006] Receive posted successfully
I0317 10:52:37.334555     893 libfabric_rail.cpp:320] Allocate on Rail 0 allocated control request XFER_ID=596 buffer_size=8192
I0317 10:52:37.334555     893 libfabric_rail.cpp:997] Posting receive on endpoint=0xb18e820 buffer=0x7f6ba9e20010 size=8192 context=0xb139e70
I0317 10:52:37.334556     893 libfabric_rail.cpp:1006] Receive posted successfully
I0317 10:52:37.334557     893 libfabric_rail.cpp:320] Allocate on Rail 0 allocated control request XFER_ID=597 buffer_size=8192
I0317 10:52:37.334557     893 libfabric_rail.cpp:997] Posting receive on endpoint=0xb18e820 buffer=0x7f6ba9e1e010 size=8192 context=0xb139dc8
I0317 10:52:37.334558     893 libfabric_rail.cpp:1006] Receive posted successfully
I0317 10:52:37.334559     893 libfabric_rail.cpp:320] Allocate on Rail 0 allocated control request XFER_ID=598 buffer_size=8192
I0317 10:52:37.334560     893 libfabric_rail.cpp:997] Posting receive on endpoint=0xb18e820 buffer=0x7f6ba9e1c010 size=8192 context=0xb139d20
I0317 10:52:37.334560     893 libfabric_rail.cpp:1006] Receive posted successfully
I0317 10:52:37.334561     893 libfabric_rail.cpp:320] Allocate on Rail 0 allocated control request XFER_ID=599 buffer_size=8192
I0317 10:52:37.334562     893 libfabric_rail.cpp:997] Posting receive on endpoint=0xb18e820 buffer=0x7f6ba9e1a010 size=8192 context=0xb139c70
I0317 10:52:37.334562     893 libfabric_rail.cpp:1006] Receive posted successfully
I0317 10:52:37.334563     893 libfabric_rail.cpp:320] Allocate on Rail 0 allocated control request XFER_ID=600 buffer_size=8192
I0317 10:52:37.334564     893 libfabric_rail.cpp:997] Posting receive on endpoint=0xb18e820 buffer=0x7f6ba9e18010 size=8192 context=0xb139bc8
I0317 10:52:37.334565     893 libfabric_rail.cpp:1006] Receive posted successfully
I0317 10:52:37.334565     893 libfabric_rail.cpp:320] Allocate on Rail 0 allocated control request XFER_ID=601 buffer_size=8192
I0317 10:52:37.334566     893 libfabric_rail.cpp:997] Posting receive on endpoint=0xb18e820 buffer=0x7f6ba9e16010 size=8192 context=0xb139b20
I0317 10:52:37.334567     893 libfabric_rail.cpp:1006] Receive posted successfully
I0317 10:52:37.334567     893 libfabric_rail.cpp:320] Allocate on Rail 0 allocated control request XFER_ID=602 buffer_size=8192
I0317 10:52:37.334568     893 libfabric_rail.cpp:997] Posting receive on endpoint=0xb18e820 buffer=0x7f6ba9e14010 size=8192 context=0xb139a70
I0317 10:52:37.334569     893 libfabric_rail.cpp:1006] Receive posted successfully
I0317 10:52:37.334569     893 libfabric_rail.cpp:320] Allocate on Rail 0 allocated control request XFER_ID=603 buffer_size=8192
I0317 10:52:37.334570     893 libfabric_rail.cpp:997] Posting receive on endpoint=0xb18e820 buffer=0x7f6ba9e12010 size=8192 context=0xb1399c8
I0317 10:52:37.334571     893 libfabric_rail.cpp:1006] Receive posted successfully
I0317 10:52:37.334571     893 libfabric_rail.cpp:320] Allocate on Rail 0 allocated control request XFER_ID=604 buffer_size=8192
I0317 10:52:37.334572     893 libfabric_rail.cpp:997] Posting receive on endpoint=0xb18e820 buffer=0x7f6ba9e10010 size=8192 context=0xb139920
I0317 10:52:37.334573     893 libfabric_rail.cpp:1006] Receive posted successfully
I0317 10:52:37.334573     893 libfabric_rail.cpp:320] Allocate on Rail 0 allocated control request XFER_ID=605 buffer_size=8192
I0317 10:52:37.334574     893 libfabric_rail.cpp:997] Posting receive on endpoint=0xb18e820 buffer=0x7f6ba9e0e010 size=8192 context=0xb139870
I0317 10:52:37.334575     893 libfabric_rail.cpp:1006] Receive posted successfully
I0317 10:52:37.334576     893 libfabric_rail.cpp:320] Allocate on Rail 0 allocated control request XFER_ID=606 buffer_size=8192
I0317 10:52:37.334576     893 libfabric_rail.cpp:997] Posting receive on endpoint=0xb18e820 buffer=0x7f6ba9e0c010 size=8192 context=0xb1397c8
I0317 10:52:37.334641     893 libfabric_rail.cpp:1006] Receive posted successfully
I0317 10:52:37.334642     893 libfabric_rail.cpp:320] Allocate on Rail 0 allocated control request XFER_ID=607 buffer_size=8192
I0317 10:52:37.334642     893 libfabric_rail.cpp:997] Posting receive on endpoint=0xb18e820 buffer=0x7f6ba9e0a010 size=8192 context=0xb139720
I0317 10:52:37.334643     893 libfabric_rail.cpp:1006] Receive posted successfully
I0317 10:52:37.334644     893 libfabric_rail.cpp:320] Allocate on Rail 0 allocated control request XFER_ID=608 buffer_size=8192
I0317 10:52:37.334645     893 libfabric_rail.cpp:997] Posting receive on endpoint=0xb18e820 buffer=0x7f6ba9e08010 size=8192 context=0xb139670
I0317 10:52:37.334645     893 libfabric_rail.cpp:1006] Receive posted successfully
I0317 10:52:37.334646     893 libfabric_rail.cpp:320] Allocate on Rail 0 allocated control request XFER_ID=609 buffer_size=8192
I0317 10:52:37.334647     893 libfabric_rail.cpp:997] Posting receive on endpoint=0xb18e820 buffer=0x7f6ba9e06010 size=8192 context=0xb1395c8
I0317 10:52:37.334648     893 libfabric_rail.cpp:1006] Receive posted successfully
I0317 10:52:37.334648     893 libfabric_rail.cpp:320] Allocate on Rail 0 allocated control request XFER_ID=610 buffer_size=8192
I0317 10:52:37.334649     893 libfabric_rail.cpp:997] Posting receive on endpoint=0xb18e820 buffer=0x7f6ba9e04010 size=8192 context=0xb139520
I0317 10:52:37.334650     893 libfabric_rail.cpp:1006] Receive posted successfully
I0317 10:52:37.334650     893 libfabric_rail.cpp:320] Allocate on Rail 0 allocated control request XFER_ID=611 buffer_size=8192
I0317 10:52:37.334651     893 libfabric_rail.cpp:997] Posting receive on endpoint=0xb18e820 buffer=0x7f6ba9e02010 size=8192 context=0xb139470
I0317 10:52:37.334652     893 libfabric_rail.cpp:1006] Receive posted successfully
I0317 10:52:37.334652     893 libfabric_rail.cpp:320] Allocate on Rail 0 allocated control request XFER_ID=612 buffer_size=8192
I0317 10:52:37.334653     893 libfabric_rail.cpp:997] Posting receive on endpoint=0xb18e820 buffer=0x7f6ba9e00010 size=8192 context=0xb1393c8
I0317 10:52:37.334654     893 libfabric_rail.cpp:1006] Receive posted successfully
I0317 10:52:37.334654     893 libfabric_rail.cpp:320] Allocate on Rail 0 allocated control request XFER_ID=613 buffer_size=8192
I0317 10:52:37.334655     893 libfabric_rail.cpp:997] Posting receive on endpoint=0xb18e820 buffer=0x7f6ba9dfe010 size=8192 context=0xb139320
I0317 10:52:37.334656     893 libfabric_rail.cpp:1006] Receive posted successfully
I0317 10:52:37.334657     893 libfabric_rail.cpp:320] Allocate on Rail 0 allocated control request XFER_ID=614 buffer_size=8192
I0317 10:52:37.334657     893 libfabric_rail.cpp:997] Posting receive on endpoint=0xb18e820 buffer=0x7f6ba9dfc010 size=8192 context=0xb139270
I0317 10:52:37.334658     893 libfabric_rail.cpp:1006] Receive posted successfully
I0317 10:52:37.334659     893 libfabric_rail.cpp:320] Allocate on Rail 0 allocated control request XFER_ID=615 buffer_size=8192
I0317 10:52:37.334659     893 libfabric_rail.cpp:997] Posting receive on endpoint=0xb18e820 buffer=0x7f6ba9dfa010 size=8192 context=0xb1391c8
I0317 10:52:37.334660     893 libfabric_rail.cpp:1006] Receive posted successfully
I0317 10:52:37.334661     893 libfabric_rail.cpp:320] Allocate on Rail 0 allocated control request XFER_ID=616 buffer_size=8192
I0317 10:52:37.334661     893 libfabric_rail.cpp:997] Posting receive on endpoint=0xb18e820 buffer=0x7f6ba9df8010 size=8192 context=0xb139120
I0317 10:52:37.334662     893 libfabric_rail.cpp:1006] Receive posted successfully
I0317 10:52:37.334663     893 libfabric_rail.cpp:320] Allocate on Rail 0 allocated control request XFER_ID=617 buffer_size=8192
I0317 10:52:37.334663     893 libfabric_rail.cpp:997] Posting receive on endpoint=0xb18e820 buffer=0x7f6ba9df6010 size=8192 context=0xb139070
I0317 10:52:37.334664     893 libfabric_rail.cpp:1006] Receive posted successfully
I0317 10:52:37.334665     893 libfabric_rail.cpp:320] Allocate on Rail 0 allocated control request XFER_ID=618 buffer_size=8192
I0317 10:52:37.334666     893 libfabric_rail.cpp:997] Posting receive on endpoint=0xb18e820 buffer=0x7f6ba9df4010 size=8192 context=0xb138fc8
I0317 10:52:37.334667     893 libfabric_rail.cpp:1006] Receive posted successfully
I0317 10:52:37.334667     893 libfabric_rail.cpp:320] Allocate on Rail 0 allocated control request XFER_ID=619 buffer_size=8192
I0317 10:52:37.334668     893 libfabric_rail.cpp:997] Posting receive on endpoint=0xb18e820 buffer=0x7f6ba9df2010 size=8192 context=0xb138f20
I0317 10:52:37.334669     893 libfabric_rail.cpp:1006] Receive posted successfully
I0317 10:52:37.334669     893 libfabric_rail.cpp:320] Allocate on Rail 0 allocated control request XFER_ID=620 buffer_size=8192
I0317 10:52:37.334670     893 libfabric_rail.cpp:997] Posting receive on endpoint=0xb18e820 buffer=0x7f6ba9df0010 size=8192 context=0xb138e70
I0317 10:52:37.334671     893 libfabric_rail.cpp:1006] Receive posted successfully
I0317 10:52:37.334672     893 libfabric_rail.cpp:320] Allocate on Rail 0 allocated control request XFER_ID=621 buffer_size=8192
I0317 10:52:37.334672     893 libfabric_rail.cpp:997] Posting receive on endpoint=0xb18e820 buffer=0x7f6ba9dee010 size=8192 context=0xb138dc8
I0317 10:52:37.334673     893 libfabric_rail.cpp:1006] Receive posted successfully
I0317 10:52:37.334674     893 libfabric_rail.cpp:320] Allocate on Rail 0 allocated control request XFER_ID=622 buffer_size=8192
I0317 10:52:37.334674     893 libfabric_rail.cpp:997] Posting receive on endpoint=0xb18e820 buffer=0x7f6ba9dec010 size=8192 context=0xb138d20
I0317 10:52:37.334675     893 libfabric_rail.cpp:1006] Receive posted successfully
I0317 10:52:37.334676     893 libfabric_rail.cpp:320] Allocate on Rail 0 allocated control request XFER_ID=623 buffer_size=8192
I0317 10:52:37.334676     893 libfabric_rail.cpp:997] Posting receive on endpoint=0xb18e820 buffer=0x7f6ba9dea010 size=8192 context=0xb138c70
I0317 10:52:37.334677     893 libfabric_rail.cpp:1006] Receive posted successfully
I0317 10:52:37.334678     893 libfabric_rail.cpp:320] Allocate on Rail 0 allocated control request XFER_ID=624 buffer_size=8192
I0317 10:52:37.334679     893 libfabric_rail.cpp:997] Posting receive on endpoint=0xb18e820 buffer=0x7f6ba9de8010 size=8192 context=0xb138bc8
I0317 10:52:37.334679     893 libfabric_rail.cpp:1006] Receive posted successfully
I0317 10:52:37.334680     893 libfabric_rail.cpp:320] Allocate on Rail 0 allocated control request XFER_ID=625 buffer_size=8192
I0317 10:52:37.334681     893 libfabric_rail.cpp:997] Posting receive on endpoint=0xb18e820 buffer=0x7f6ba9de6010 size=8192 context=0xb138b20
I0317 10:52:37.334681     893 libfabric_rail.cpp:1006] Receive posted successfully
I0317 10:52:37.334682     893 libfabric_rail.cpp:320] Allocate on Rail 0 allocated control request XFER_ID=626 buffer_size=8192
I0317 10:52:37.334683     893 libfabric_rail.cpp:997] Posting receive on endpoint=0xb18e820 buffer=0x7f6ba9de4010 size=8192 context=0xb138a70
I0317 10:52:37.334684     893 libfabric_rail.cpp:1006] Receive posted successfully
I0317 10:52:37.334684     893 libfabric_rail.cpp:320] Allocate on Rail 0 allocated control request XFER_ID=627 buffer_size=8192
I0317 10:52:37.334685     893 libfabric_rail.cpp:997] Posting receive on endpoint=0xb18e820 buffer=0x7f6ba9de2010 size=8192 context=0xb1389c8
I0317 10:52:37.334686     893 libfabric_rail.cpp:1006] Receive posted successfully
I0317 10:52:37.334686     893 libfabric_rail.cpp:320] Allocate on Rail 0 allocated control request XFER_ID=628 buffer_size=8192
I0317 10:52:37.334687     893 libfabric_rail.cpp:997] Posting receive on endpoint=0xb18e820 buffer=0x7f6ba9de0010 size=8192 context=0xb138920
I0317 10:52:37.334688     893 libfabric_rail.cpp:1006] Receive posted successfully
I0317 10:52:37.334688     893 libfabric_rail.cpp:320] Allocate on Rail 0 allocated control request XFER_ID=629 buffer_size=8192
I0317 10:52:37.334689     893 libfabric_rail.cpp:997] Posting receive on endpoint=0xb18e820 buffer=0x7f6ba9dde010 size=8192 context=0xb138870
I0317 10:52:37.334738     893 libfabric_rail.cpp:1006] Receive posted successfully
I0317 10:52:37.334739     893 libfabric_rail.cpp:320] Allocate on Rail 0 allocated control request XFER_ID=630 buffer_size=8192
I0317 10:52:37.334739     893 libfabric_rail.cpp:997] Posting receive on endpoint=0xb18e820 buffer=0x7f6ba9ddc010 size=8192 context=0xb1387c8
I0317 10:52:37.334740     893 libfabric_rail.cpp:1006] Receive posted successfully
I0317 10:52:37.334741     893 libfabric_rail.cpp:320] Allocate on Rail 0 allocated control request XFER_ID=631 buffer_size=8192
I0317 10:52:37.334741     893 libfabric_rail.cpp:997] Posting receive on endpoint=0xb18e820 buffer=0x7f6ba9dda010 size=8192 context=0xb138720
I0317 10:52:37.334742     893 libfabric_rail.cpp:1006] Receive posted successfully
I0317 10:52:37.334743     893 libfabric_rail.cpp:320] Allocate on Rail 0 allocated control request XFER_ID=632 buffer_size=8192
I0317 10:52:37.334743     893 libfabric_rail.cpp:997] Posting receive on endpoint=0xb18e820 buffer=0x7f6ba9dd8010 size=8192 context=0xb138670
I0317 10:52:37.334744     893 libfabric_rail.cpp:1006] Receive posted successfully
I0317 10:52:37.334745     893 libfabric_rail.cpp:320] Allocate on Rail 0 allocated control request XFER_ID=633 buffer_size=8192
I0317 10:52:37.334746     893 libfabric_rail.cpp:997] Posting receive on endpoint=0xb18e820 buffer=0x7f6ba9dd6010 size=8192 context=0xb1385c8
I0317 10:52:37.334747     893 libfabric_rail.cpp:1006] Receive posted successfully
I0317 10:52:37.334747     893 libfabric_rail.cpp:320] Allocate on Rail 0 allocated control request XFER_ID=634 buffer_size=8192
I0317 10:52:37.334748     893 libfabric_rail.cpp:997] Posting receive on endpoint=0xb18e820 buffer=0x7f6ba9dd4010 size=8192 context=0xb138520
I0317 10:52:37.334749     893 libfabric_rail.cpp:1006] Receive posted successfully
I0317 10:52:37.334749     893 libfabric_rail.cpp:320] Allocate on Rail 0 allocated control request XFER_ID=635 buffer_size=8192
I0317 10:52:37.334750     893 libfabric_rail.cpp:997] Posting receive on endpoint=0xb18e820 buffer=0x7f6ba9dd2010 size=8192 context=0xb138470
I0317 10:52:37.334751     893 libfabric_rail.cpp:1006] Receive posted successfully
I0317 10:52:37.334751     893 libfabric_rail.cpp:320] Allocate on Rail 0 allocated control request XFER_ID=636 buffer_size=8192
I0317 10:52:37.334752     893 libfabric_rail.cpp:997] Posting receive on endpoint=0xb18e820 buffer=0x7f6ba9dd0010 size=8192 context=0xb1383c8
I0317 10:52:37.334753     893 libfabric_rail.cpp:1006] Receive posted successfully
I0317 10:52:37.334753     893 libfabric_rail.cpp:320] Allocate on Rail 0 allocated control request XFER_ID=637 buffer_size=8192
I0317 10:52:37.334754     893 libfabric_rail.cpp:997] Posting receive on endpoint=0xb18e820 buffer=0x7f6ba9dce010 size=8192 context=0xb138320
I0317 10:52:37.334755     893 libfabric_rail.cpp:1006] Receive posted successfully
I0317 10:52:37.334756     893 libfabric_rail.cpp:320] Allocate on Rail 0 allocated control request XFER_ID=638 buffer_size=8192
I0317 10:52:37.334756     893 libfabric_rail.cpp:997] Posting receive on endpoint=0xb18e820 buffer=0x7f6ba9dcc010 size=8192 context=0xb138270
I0317 10:52:37.334757     893 libfabric_rail.cpp:1006] Receive posted successfully
I0317 10:52:37.334758     893 libfabric_rail.cpp:320] Allocate on Rail 0 allocated control request XFER_ID=639 buffer_size=8192
I0317 10:52:37.334758     893 libfabric_rail.cpp:997] Posting receive on endpoint=0xb18e820 buffer=0x7f6ba9dca010 size=8192 context=0xb1381c8
I0317 10:52:37.334759     893 libfabric_rail.cpp:1006] Receive posted successfully
I0317 10:52:37.334760     893 libfabric_rail.cpp:320] Allocate on Rail 0 allocated control request XFER_ID=640 buffer_size=8192
I0317 10:52:37.334760     893 libfabric_rail.cpp:997] Posting receive on endpoint=0xb18e820 buffer=0x7f6ba9dc8010 size=8192 context=0xb138120
I0317 10:52:37.334761     893 libfabric_rail.cpp:1006] Receive posted successfully
I0317 10:52:37.334762     893 libfabric_rail.cpp:320] Allocate on Rail 0 allocated control request XFER_ID=641 buffer_size=8192
I0317 10:52:37.334763     893 libfabric_rail.cpp:997] Posting receive on endpoint=0xb18e820 buffer=0x7f6ba9dc6010 size=8192 context=0xb138070
I0317 10:52:37.334764     893 libfabric_rail.cpp:1006] Receive posted successfully
I0317 10:52:37.334764     893 libfabric_rail.cpp:320] Allocate on Rail 0 allocated control request XFER_ID=642 buffer_size=8192
I0317 10:52:37.334765     893 libfabric_rail.cpp:997] Posting receive on endpoint=0xb18e820 buffer=0x7f6ba9dc4010 size=8192 context=0xb137fc8
I0317 10:52:37.334766     893 libfabric_rail.cpp:1006] Receive posted successfully
I0317 10:52:37.334766     893 libfabric_rail.cpp:320] Allocate on Rail 0 allocated control request XFER_ID=643 buffer_size=8192
I0317 10:52:37.334767     893 libfabric_rail.cpp:997] Posting receive on endpoint=0xb18e820 buffer=0x7f6ba9dc2010 size=8192 context=0xb137f20
I0317 10:52:37.334768     893 libfabric_rail.cpp:1006] Receive posted successfully
I0317 10:52:37.334768     893 libfabric_rail.cpp:320] Allocate on Rail 0 allocated control request XFER_ID=644 buffer_size=8192
I0317 10:52:37.334769     893 libfabric_rail.cpp:997] Posting receive on endpoint=0xb18e820 buffer=0x7f6ba9dc0010 size=8192 context=0xb137e70
I0317 10:52:37.334770     893 libfabric_rail.cpp:1006] Receive posted successfully
I0317 10:52:37.334771     893 libfabric_rail.cpp:320] Allocate on Rail 0 allocated control request XFER_ID=645 buffer_size=8192
I0317 10:52:37.334771     893 libfabric_rail.cpp:997] Posting receive on endpoint=0xb18e820 buffer=0x7f6ba9dbe010 size=8192 context=0xb137dc8
I0317 10:52:37.334772     893 libfabric_rail.cpp:1006] Receive posted successfully
I0317 10:52:37.334773     893 libfabric_rail.cpp:320] Allocate on Rail 0 allocated control request XFER_ID=646 buffer_size=8192
I0317 10:52:37.334773     893 libfabric_rail.cpp:997] Posting receive on endpoint=0xb18e820 buffer=0x7f6ba9dbc010 size=8192 context=0xb137d20
I0317 10:52:37.334774     893 libfabric_rail.cpp:1006] Receive posted successfully
I0317 10:52:37.334775     893 libfabric_rail.cpp:320] Allocate on Rail 0 allocated control request XFER_ID=647 buffer_size=8192
I0317 10:52:37.334775     893 libfabric_rail.cpp:997] Posting receive on endpoint=0xb18e820 buffer=0x7f6ba9dba010 size=8192 context=0xb137c70
I0317 10:52:37.334776     893 libfabric_rail.cpp:1006] Receive posted successfully
I0317 10:52:37.334777     893 libfabric_rail.cpp:320] Allocate on Rail 0 allocated control request XFER_ID=648 buffer_size=8192
I0317 10:52:37.334777     893 libfabric_rail.cpp:997] Posting receive on endpoint=0xb18e820 buffer=0x7f6ba9db8010 size=8192 context=0xb137bc8
I0317 10:52:37.334778     893 libfabric_rail.cpp:1006] Receive posted successfully
I0317 10:52:37.334779     893 libfabric_rail.cpp:320] Allocate on Rail 0 allocated control request XFER_ID=649 buffer_size=8192
I0317 10:52:37.334780     893 libfabric_rail.cpp:997] Posting receive on endpoint=0xb18e820 buffer=0x7f6ba9db6010 size=8192 context=0xb137b20
I0317 10:52:37.334780     893 libfabric_rail.cpp:1006] Receive posted successfully
I0317 10:52:37.334781     893 libfabric_rail.cpp:320] Allocate on Rail 0 allocated control request XFER_ID=650 buffer_size=8192
I0317 10:52:37.334782     893 libfabric_rail.cpp:997] Posting receive on endpoint=0xb18e820 buffer=0x7f6ba9db4010 size=8192 context=0xb137a70
I0317 10:52:37.334782     893 libfabric_rail.cpp:1006] Receive posted successfully
I0317 10:52:37.334783     893 libfabric_rail.cpp:320] Allocate on Rail 0 allocated control request XFER_ID=651 buffer_size=8192
I0317 10:52:37.334784     893 libfabric_rail.cpp:997] Posting receive on endpoint=0xb18e820 buffer=0x7f6ba9db2010 size=8192 context=0xb1379c8
I0317 10:52:37.334785     893 libfabric_rail.cpp:1006] Receive posted successfully
I0317 10:52:37.334785     893 libfabric_rail.cpp:320] Allocate on Rail 0 allocated control request XFER_ID=652 buffer_size=8192
I0317 10:52:37.334786     893 libfabric_rail.cpp:997] Posting receive on endpoint=0xb18e820 buffer=0x7f6ba9db0010 size=8192 context=0xb137920
I0317 10:52:37.334863     893 libfabric_rail.cpp:1006] Receive posted successfully
I0317 10:52:37.334863     893 libfabric_rail.cpp:320] Allocate on Rail 0 allocated control request XFER_ID=653 buffer_size=8192
I0317 10:52:37.334864     893 libfabric_rail.cpp:997] Posting receive on endpoint=0xb18e820 buffer=0x7f6ba9dae010 size=8192 context=0xb137870
I0317 10:52:37.334865     893 libfabric_rail.cpp:1006] Receive posted successfully
I0317 10:52:37.334865     893 libfabric_rail.cpp:320] Allocate on Rail 0 allocated control request XFER_ID=654 buffer_size=8192
I0317 10:52:37.334866     893 libfabric_rail.cpp:997] Posting receive on endpoint=0xb18e820 buffer=0x7f6ba9dac010 size=8192 context=0xb1377c8
I0317 10:52:37.334867     893 libfabric_rail.cpp:1006] Receive posted successfully
I0317 10:52:37.334867     893 libfabric_rail.cpp:320] Allocate on Rail 0 allocated control request XFER_ID=655 buffer_size=8192
I0317 10:52:37.334868     893 libfabric_rail.cpp:997] Posting receive on endpoint=0xb18e820 buffer=0x7f6ba9daa010 size=8192 context=0xb137720
I0317 10:52:37.334869     893 libfabric_rail.cpp:1006] Receive posted successfully
I0317 10:52:37.334870     893 libfabric_rail.cpp:320] Allocate on Rail 0 allocated control request XFER_ID=656 buffer_size=8192
I0317 10:52:37.334870     893 libfabric_rail.cpp:997] Posting receive on endpoint=0xb18e820 buffer=0x7f6ba9da8010 size=8192 context=0xb137670
I0317 10:52:37.334871     893 libfabric_rail.cpp:1006] Receive posted successfully
I0317 10:52:37.334872     893 libfabric_rail.cpp:320] Allocate on Rail 0 allocated control request XFER_ID=657 buffer_size=8192
I0317 10:52:37.334872     893 libfabric_rail.cpp:997] Posting receive on endpoint=0xb18e820 buffer=0x7f6ba9da6010 size=8192 context=0xb1375c8
I0317 10:52:37.334873     893 libfabric_rail.cpp:1006] Receive posted successfully
I0317 10:52:37.334874     893 libfabric_rail.cpp:320] Allocate on Rail 0 allocated control request XFER_ID=658 buffer_size=8192
I0317 10:52:37.334874     893 libfabric_rail.cpp:997] Posting receive on endpoint=0xb18e820 buffer=0x7f6ba9da4010 size=8192 context=0xb137520
I0317 10:52:37.334875     893 libfabric_rail.cpp:1006] Receive posted successfully
I0317 10:52:37.334876     893 libfabric_rail.cpp:320] Allocate on Rail 0 allocated control request XFER_ID=659 buffer_size=8192
I0317 10:52:37.334877     893 libfabric_rail.cpp:997] Posting receive on endpoint=0xb18e820 buffer=0x7f6ba9da2010 size=8192 context=0xb137470
I0317 10:52:37.334877     893 libfabric_rail.cpp:1006] Receive posted successfully
I0317 10:52:37.334878     893 libfabric_rail.cpp:320] Allocate on Rail 0 allocated control request XFER_ID=660 buffer_size=8192
I0317 10:52:37.334879     893 libfabric_rail.cpp:997] Posting receive on endpoint=0xb18e820 buffer=0x7f6ba9da0010 size=8192 context=0xb1373c8
I0317 10:52:37.334879     893 libfabric_rail.cpp:1006] Receive posted successfully
I0317 10:52:37.334880     893 libfabric_rail.cpp:320] Allocate on Rail 0 allocated control request XFER_ID=661 buffer_size=8192
I0317 10:52:37.334881     893 libfabric_rail.cpp:997] Posting receive on endpoint=0xb18e820 buffer=0x7f6ba9d9e010 size=8192 context=0xb137320
I0317 10:52:37.334882     893 libfabric_rail.cpp:1006] Receive posted successfully
I0317 10:52:37.334882     893 libfabric_rail.cpp:320] Allocate on Rail 0 allocated control request XFER_ID=662 buffer_size=8192
I0317 10:52:37.334883     893 libfabric_rail.cpp:997] Posting receive on endpoint=0xb18e820 buffer=0x7f6ba9d9c010 size=8192 context=0xb137270
I0317 10:52:37.334884     893 libfabric_rail.cpp:1006] Receive posted successfully
I0317 10:52:37.334884     893 libfabric_rail.cpp:320] Allocate on Rail 0 allocated control request XFER_ID=663 buffer_size=8192
I0317 10:52:37.334885     893 libfabric_rail.cpp:997] Posting receive on endpoint=0xb18e820 buffer=0x7f6ba9d9a010 size=8192 context=0xb1371c8
I0317 10:52:37.334886     893 libfabric_rail.cpp:1006] Receive posted successfully
I0317 10:52:37.334887     893 libfabric_rail.cpp:320] Allocate on Rail 0 allocated control request XFER_ID=664 buffer_size=8192
I0317 10:52:37.334887     893 libfabric_rail.cpp:997] Posting receive on endpoint=0xb18e820 buffer=0x7f6ba9d98010 size=8192 context=0xb137120
I0317 10:52:37.334888     893 libfabric_rail.cpp:1006] Receive posted successfully
I0317 10:52:37.334889     893 libfabric_rail.cpp:320] Allocate on Rail 0 allocated control request XFER_ID=665 buffer_size=8192
I0317 10:52:37.334890     893 libfabric_rail.cpp:997] Posting receive on endpoint=0xb18e820 buffer=0x7f6ba9d96010 size=8192 context=0xb137070
I0317 10:52:37.334890     893 libfabric_rail.cpp:1006] Receive posted successfully
I0317 10:52:37.334891     893 libfabric_rail.cpp:320] Allocate on Rail 0 allocated control request XFER_ID=666 buffer_size=8192
I0317 10:52:37.334892     893 libfabric_rail.cpp:997] Posting receive on endpoint=0xb18e820 buffer=0x7f6ba9d94010 size=8192 context=0xb136fc8
I0317 10:52:37.334893     893 libfabric_rail.cpp:1006] Receive posted successfully
I0317 10:52:37.334893     893 libfabric_rail.cpp:320] Allocate on Rail 0 allocated control request XFER_ID=667 buffer_size=8192
I0317 10:52:37.334894     893 libfabric_rail.cpp:997] Posting receive on endpoint=0xb18e820 buffer=0x7f6ba9d92010 size=8192 context=0xb136f20
I0317 10:52:37.334895     893 libfabric_rail.cpp:1006] Receive posted successfully
I0317 10:52:37.334895     893 libfabric_rail.cpp:320] Allocate on Rail 0 allocated control request XFER_ID=668 buffer_size=8192
I0317 10:52:37.334896     893 libfabric_rail.cpp:997] Posting receive on endpoint=0xb18e820 buffer=0x7f6ba9d90010 size=8192 context=0xb136e70
I0317 10:52:37.334897     893 libfabric_rail.cpp:1006] Receive posted successfully
I0317 10:52:37.334897     893 libfabric_rail.cpp:320] Allocate on Rail 0 allocated control request XFER_ID=669 buffer_size=8192
I0317 10:52:37.334898     893 libfabric_rail.cpp:997] Posting receive on endpoint=0xb18e820 buffer=0x7f6ba9d8e010 size=8192 context=0xb136dc8
I0317 10:52:37.334899     893 libfabric_rail.cpp:1006] Receive posted successfully
I0317 10:52:37.334899     893 libfabric_rail.cpp:320] Allocate on Rail 0 allocated control request XFER_ID=670 buffer_size=8192
I0317 10:52:37.334900     893 libfabric_rail.cpp:997] Posting receive on endpoint=0xb18e820 buffer=0x7f6ba9d8c010 size=8192 context=0xb136d20
I0317 10:52:37.334901     893 libfabric_rail.cpp:1006] Receive posted successfully
I0317 10:52:37.334902     893 libfabric_rail.cpp:320] Allocate on Rail 0 allocated control request XFER_ID=671 buffer_size=8192
I0317 10:52:37.334902     893 libfabric_rail.cpp:997] Posting receive on endpoint=0xb18e820 buffer=0x7f6ba9d8a010 size=8192 context=0xb136c70
I0317 10:52:37.334903     893 libfabric_rail.cpp:1006] Receive posted successfully
I0317 10:52:37.334904     893 libfabric_rail.cpp:320] Allocate on Rail 0 allocated control request XFER_ID=672 buffer_size=8192
I0317 10:52:37.334904     893 libfabric_rail.cpp:997] Posting receive on endpoint=0xb18e820 buffer=0x7f6ba9d88010 size=8192 context=0xb136bc8
I0317 10:52:37.334905     893 libfabric_rail.cpp:1006] Receive posted successfully
I0317 10:52:37.334906     893 libfabric_rail.cpp:320] Allocate on Rail 0 allocated control request XFER_ID=673 buffer_size=8192
I0317 10:52:37.334906     893 libfabric_rail.cpp:997] Posting receive on endpoint=0xb18e820 buffer=0x7f6ba9d86010 size=8192 context=0xb136b20
I0317 10:52:37.334907     893 libfabric_rail.cpp:1006] Receive posted successfully
I0317 10:52:37.334908     893 libfabric_rail.cpp:320] Allocate on Rail 0 allocated control request XFER_ID=674 buffer_size=8192
I0317 10:52:37.334909     893 libfabric_rail.cpp:997] Posting receive on endpoint=0xb18e820 buffer=0x7f6ba9d84010 size=8192 context=0xb136a70
I0317 10:52:37.334909     893 libfabric_rail.cpp:1006] Receive posted successfully
I0317 10:52:37.334910     893 libfabric_rail.cpp:320] Allocate on Rail 0 allocated control request XFER_ID=675 buffer_size=8192
I0317 10:52:37.334911     893 libfabric_rail.cpp:997] Posting receive on endpoint=0xb18e820 buffer=0x7f6ba9d82010 size=8192 context=0xb1369c8
I0317 10:52:37.334959     893 libfabric_rail.cpp:1006] Receive posted successfully
I0317 10:52:37.334960     893 libfabric_rail.cpp:320] Allocate on Rail 0 allocated control request XFER_ID=676 buffer_size=8192
I0317 10:52:37.334961     893 libfabric_rail.cpp:997] Posting receive on endpoint=0xb18e820 buffer=0x7f6ba9d80010 size=8192 context=0xb136920
I0317 10:52:37.334962     893 libfabric_rail.cpp:1006] Receive posted successfully
I0317 10:52:37.334962     893 libfabric_rail.cpp:320] Allocate on Rail 0 allocated control request XFER_ID=677 buffer_size=8192
I0317 10:52:37.334963     893 libfabric_rail.cpp:997] Posting receive on endpoint=0xb18e820 buffer=0x7f6ba9d7e010 size=8192 context=0xb136870
I0317 10:52:37.334964     893 libfabric_rail.cpp:1006] Receive posted successfully
I0317 10:52:37.334964     893 libfabric_rail.cpp:320] Allocate on Rail 0 allocated control request XFER_ID=678 buffer_size=8192
I0317 10:52:37.334965     893 libfabric_rail.cpp:997] Posting receive on endpoint=0xb18e820 buffer=0x7f6ba9d7c010 size=8192 context=0xb1367c8
I0317 10:52:37.334966     893 libfabric_rail.cpp:1006] Receive posted successfully
I0317 10:52:37.334966     893 libfabric_rail.cpp:320] Allocate on Rail 0 allocated control request XFER_ID=679 buffer_size=8192
I0317 10:52:37.334967     893 libfabric_rail.cpp:997] Posting receive on endpoint=0xb18e820 buffer=0x7f6ba9d7a010 size=8192 context=0xb136720
I0317 10:52:37.334968     893 libfabric_rail.cpp:1006] Receive posted successfully
I0317 10:52:37.334968     893 libfabric_rail.cpp:320] Allocate on Rail 0 allocated control request XFER_ID=680 buffer_size=8192
I0317 10:52:37.334969     893 libfabric_rail.cpp:997] Posting receive on endpoint=0xb18e820 buffer=0x7f6ba9d78010 size=8192 context=0xb136670
I0317 10:52:37.334970     893 libfabric_rail.cpp:1006] Receive posted successfully
I0317 10:52:37.334971     893 libfabric_rail.cpp:320] Allocate on Rail 0 allocated control request XFER_ID=681 buffer_size=8192
I0317 10:52:37.334971     893 libfabric_rail.cpp:997] Posting receive on endpoint=0xb18e820 buffer=0x7f6ba9d76010 size=8192 context=0xb1365c8
I0317 10:52:37.334972     893 libfabric_rail.cpp:1006] Receive posted successfully
I0317 10:52:37.334973     893 libfabric_rail.cpp:320] Allocate on Rail 0 allocated control request XFER_ID=682 buffer_size=8192
I0317 10:52:37.334973     893 libfabric_rail.cpp:997] Posting receive on endpoint=0xb18e820 buffer=0x7f6ba9d74010 size=8192 context=0xb136520
I0317 10:52:37.334974     893 libfabric_rail.cpp:1006] Receive posted successfully
I0317 10:52:37.334975     893 libfabric_rail.cpp:320] Allocate on Rail 0 allocated control request XFER_ID=683 buffer_size=8192
I0317 10:52:37.334975     893 libfabric_rail.cpp:997] Posting receive on endpoint=0xb18e820 buffer=0x7f6ba9d72010 size=8192 context=0xb136470
I0317 10:52:37.334976     893 libfabric_rail.cpp:1006] Receive posted successfully
I0317 10:52:37.334977     893 libfabric_rail.cpp:320] Allocate on Rail 0 allocated control request XFER_ID=684 buffer_size=8192
I0317 10:52:37.334978     893 libfabric_rail.cpp:997] Posting receive on endpoint=0xb18e820 buffer=0x7f6ba9d70010 size=8192 context=0xb1363c8
I0317 10:52:37.334978     893 libfabric_rail.cpp:1006] Receive posted successfully
I0317 10:52:37.334979     893 libfabric_rail.cpp:320] Allocate on Rail 0 allocated control request XFER_ID=685 buffer_size=8192
I0317 10:52:37.334980     893 libfabric_rail.cpp:997] Posting receive on endpoint=0xb18e820 buffer=0x7f6ba9d6e010 size=8192 context=0xb136320
I0317 10:52:37.334980     893 libfabric_rail.cpp:1006] Receive posted successfully
I0317 10:52:37.334981     893 libfabric_rail.cpp:320] Allocate on Rail 0 allocated control request XFER_ID=686 buffer_size=8192
I0317 10:52:37.334982     893 libfabric_rail.cpp:997] Posting receive on endpoint=0xb18e820 buffer=0x7f6ba9d6c010 size=8192 context=0xb136270
I0317 10:52:37.334983     893 libfabric_rail.cpp:1006] Receive posted successfully
I0317 10:52:37.334984     893 libfabric_rail.cpp:320] Allocate on Rail 0 allocated control request XFER_ID=687 buffer_size=8192
I0317 10:52:37.334984     893 libfabric_rail.cpp:997] Posting receive on endpoint=0xb18e820 buffer=0x7f6ba9d6a010 size=8192 context=0xb1361c8
I0317 10:52:37.334985     893 libfabric_rail.cpp:1006] Receive posted successfully
I0317 10:52:37.334986     893 libfabric_rail.cpp:320] Allocate on Rail 0 allocated control request XFER_ID=688 buffer_size=8192
I0317 10:52:37.334986     893 libfabric_rail.cpp:997] Posting receive on endpoint=0xb18e820 buffer=0x7f6ba9d68010 size=8192 context=0xb136120
I0317 10:52:37.334987     893 libfabric_rail.cpp:1006] Receive posted successfully
I0317 10:52:37.334988     893 libfabric_rail.cpp:320] Allocate on Rail 0 allocated control request XFER_ID=689 buffer_size=8192
I0317 10:52:37.334988     893 libfabric_rail.cpp:997] Posting receive on endpoint=0xb18e820 buffer=0x7f6ba9d66010 size=8192 context=0xb136070
I0317 10:52:37.334989     893 libfabric_rail.cpp:1006] Receive posted successfully
I0317 10:52:37.334990     893 libfabric_rail.cpp:320] Allocate on Rail 0 allocated control request XFER_ID=690 buffer_size=8192
I0317 10:52:37.334991     893 libfabric_rail.cpp:997] Posting receive on endpoint=0xb18e820 buffer=0x7f6ba9d64010 size=8192 context=0xb135fc8
I0317 10:52:37.334991     893 libfabric_rail.cpp:1006] Receive posted successfully
I0317 10:52:37.334992     893 libfabric_rail.cpp:320] Allocate on Rail 0 allocated control request XFER_ID=691 buffer_size=8192
I0317 10:52:37.334993     893 libfabric_rail.cpp:997] Posting receive on endpoint=0xb18e820 buffer=0x7f6ba9d62010 size=8192 context=0xb135f20
I0317 10:52:37.334993     893 libfabric_rail.cpp:1006] Receive posted successfully
I0317 10:52:37.334994     893 libfabric_rail.cpp:320] Allocate on Rail 0 allocated control request XFER_ID=692 buffer_size=8192
I0317 10:52:37.334995     893 libfabric_rail.cpp:997] Posting receive on endpoint=0xb18e820 buffer=0x7f6ba9d60010 size=8192 context=0xb135e70
I0317 10:52:37.334996     893 libfabric_rail.cpp:1006] Receive posted successfully
I0317 10:52:37.334996     893 libfabric_rail.cpp:320] Allocate on Rail 0 allocated control request XFER_ID=693 buffer_size=8192
I0317 10:52:37.334997     893 libfabric_rail.cpp:997] Posting receive on endpoint=0xb18e820 buffer=0x7f6ba9d5e010 size=8192 context=0xb135dc8
I0317 10:52:37.334998     893 libfabric_rail.cpp:1006] Receive posted successfully
I0317 10:52:37.334998     893 libfabric_rail.cpp:320] Allocate on Rail 0 allocated control request XFER_ID=694 buffer_size=8192
I0317 10:52:37.334999     893 libfabric_rail.cpp:997] Posting receive on endpoint=0xb18e820 buffer=0x7f6ba9d5c010 size=8192 context=0xb135d20
I0317 10:52:37.335000     893 libfabric_rail.cpp:1006] Receive posted successfully
I0317 10:52:37.335000     893 libfabric_rail.cpp:320] Allocate on Rail 0 allocated control request XFER_ID=695 buffer_size=8192
I0317 10:52:37.335001     893 libfabric_rail.cpp:997] Posting receive on endpoint=0xb18e820 buffer=0x7f6ba9d5a010 size=8192 context=0xb135c70
I0317 10:52:37.335002     893 libfabric_rail.cpp:1006] Receive posted successfully
I0317 10:52:37.335002     893 libfabric_rail.cpp:320] Allocate on Rail 0 allocated control request XFER_ID=696 buffer_size=8192
I0317 10:52:37.335003     893 libfabric_rail.cpp:997] Posting receive on endpoint=0xb18e820 buffer=0x7f6ba9d58010 size=8192 context=0xb135bc8
I0317 10:52:37.335004     893 libfabric_rail.cpp:1006] Receive posted successfully
I0317 10:52:37.335004     893 libfabric_rail.cpp:320] Allocate on Rail 0 allocated control request XFER_ID=697 buffer_size=8192
I0317 10:52:37.335005     893 libfabric_rail.cpp:997] Posting receive on endpoint=0xb18e820 buffer=0x7f6ba9d56010 size=8192 context=0xb135b20
I0317 10:52:37.335006     893 libfabric_rail.cpp:1006] Receive posted successfully
I0317 10:52:37.335007     893 libfabric_rail.cpp:320] Allocate on Rail 0 allocated control request XFER_ID=698 buffer_size=8192
I0317 10:52:37.335007     893 libfabric_rail.cpp:997] Posting receive on endpoint=0xb18e820 buffer=0x7f6ba9d54010 size=8192 context=0xb135a70
I0317 10:52:37.335067     893 libfabric_rail.cpp:1006] Receive posted successfully
I0317 10:52:37.335067     893 libfabric_rail.cpp:320] Allocate on Rail 0 allocated control request XFER_ID=699 buffer_size=8192
I0317 10:52:37.335068     893 libfabric_rail.cpp:997] Posting receive on endpoint=0xb18e820 buffer=0x7f6ba9d52010 size=8192 context=0xb1359c8
I0317 10:52:37.335069     893 libfabric_rail.cpp:1006] Receive posted successfully
I0317 10:52:37.335069     893 libfabric_rail.cpp:320] Allocate on Rail 0 allocated control request XFER_ID=700 buffer_size=8192
I0317 10:52:37.335070     893 libfabric_rail.cpp:997] Posting receive on endpoint=0xb18e820 buffer=0x7f6ba9d50010 size=8192 context=0xb135920
I0317 10:52:37.335071     893 libfabric_rail.cpp:1006] Receive posted successfully
I0317 10:52:37.335072     893 libfabric_rail.cpp:320] Allocate on Rail 0 allocated control request XFER_ID=701 buffer_size=8192
I0317 10:52:37.335072     893 libfabric_rail.cpp:997] Posting receive on endpoint=0xb18e820 buffer=0x7f6ba9d4e010 size=8192 context=0xb135870
I0317 10:52:37.335073     893 libfabric_rail.cpp:1006] Receive posted successfully
I0317 10:52:37.335074     893 libfabric_rail.cpp:320] Allocate on Rail 0 allocated control request XFER_ID=702 buffer_size=8192
I0317 10:52:37.335074     893 libfabric_rail.cpp:997] Posting receive on endpoint=0xb18e820 buffer=0x7f6ba9d4c010 size=8192 context=0xb1357c8
I0317 10:52:37.335075     893 libfabric_rail.cpp:1006] Receive posted successfully
I0317 10:52:37.335076     893 libfabric_rail.cpp:320] Allocate on Rail 0 allocated control request XFER_ID=703 buffer_size=8192
I0317 10:52:37.335077     893 libfabric_rail.cpp:997] Posting receive on endpoint=0xb18e820 buffer=0x7f6ba9d4a010 size=8192 context=0xb135720
I0317 10:52:37.335077     893 libfabric_rail.cpp:1006] Receive posted successfully
I0317 10:52:37.335078     893 libfabric_rail.cpp:320] Allocate on Rail 0 allocated control request XFER_ID=704 buffer_size=8192
I0317 10:52:37.335079     893 libfabric_rail.cpp:997] Posting receive on endpoint=0xb18e820 buffer=0x7f6ba9d48010 size=8192 context=0xb135670
I0317 10:52:37.335079     893 libfabric_rail.cpp:1006] Receive posted successfully
I0317 10:52:37.335080     893 libfabric_rail.cpp:320] Allocate on Rail 0 allocated control request XFER_ID=705 buffer_size=8192
I0317 10:52:37.335081     893 libfabric_rail.cpp:997] Posting receive on endpoint=0xb18e820 buffer=0x7f6ba9d46010 size=8192 context=0xb1355c8
I0317 10:52:37.335082     893 libfabric_rail.cpp:1006] Receive posted successfully
I0317 10:52:37.335082     893 libfabric_rail.cpp:320] Allocate on Rail 0 allocated control request XFER_ID=706 buffer_size=8192
I0317 10:52:37.335083     893 libfabric_rail.cpp:997] Posting receive on endpoint=0xb18e820 buffer=0x7f6ba9d44010 size=8192 context=0xb135520
I0317 10:52:37.335084     893 libfabric_rail.cpp:1006] Receive posted successfully
I0317 10:52:37.335087     893 libfabric_rail.cpp:320] Allocate on Rail 0 allocated control request XFER_ID=707 buffer_size=8192
I0317 10:52:37.335088     893 libfabric_rail.cpp:997] Posting receive on endpoint=0xb18e820 buffer=0x7f6ba9d42010 size=8192 context=0xb135470
I0317 10:52:37.335089     893 libfabric_rail.cpp:1006] Receive posted successfully
I0317 10:52:37.335089     893 libfabric_rail.cpp:320] Allocate on Rail 0 allocated control request XFER_ID=708 buffer_size=8192
I0317 10:52:37.335090     893 libfabric_rail.cpp:997] Posting receive on endpoint=0xb18e820 buffer=0x7f6ba9d40010 size=8192 context=0xb1353c8
I0317 10:52:37.335091     893 libfabric_rail.cpp:1006] Receive posted successfully
I0317 10:52:37.335091     893 libfabric_rail.cpp:320] Allocate on Rail 0 allocated control request XFER_ID=709 buffer_size=8192
I0317 10:52:37.335092     893 libfabric_rail.cpp:997] Posting receive on endpoint=0xb18e820 buffer=0x7f6ba9d3e010 size=8192 context=0xb135320
I0317 10:52:37.335093     893 libfabric_rail.cpp:1006] Receive posted successfully
I0317 10:52:37.335094     893 libfabric_rail.cpp:320] Allocate on Rail 0 allocated control request XFER_ID=710 buffer_size=8192
I0317 10:52:37.335094     893 libfabric_rail.cpp:997] Posting receive on endpoint=0xb18e820 buffer=0x7f6ba9d3c010 size=8192 context=0xb135270
I0317 10:52:37.335095     893 libfabric_rail.cpp:1006] Receive posted successfully
I0317 10:52:37.335096     893 libfabric_rail.cpp:320] Allocate on Rail 0 allocated control request XFER_ID=711 buffer_size=8192
I0317 10:52:37.335097     893 libfabric_rail.cpp:997] Posting receive on endpoint=0xb18e820 buffer=0x7f6ba9d3a010 size=8192 context=0xb1351c8
I0317 10:52:37.335097     893 libfabric_rail.cpp:1006] Receive posted successfully
I0317 10:52:37.335098     893 libfabric_rail.cpp:320] Allocate on Rail 0 allocated control request XFER_ID=712 buffer_size=8192
I0317 10:52:37.335099     893 libfabric_rail.cpp:997] Posting receive on endpoint=0xb18e820 buffer=0x7f6ba9d38010 size=8192 context=0xb135120
I0317 10:52:37.335100     893 libfabric_rail.cpp:1006] Receive posted successfully
I0317 10:52:37.335100     893 libfabric_rail.cpp:320] Allocate on Rail 0 allocated control request XFER_ID=713 buffer_size=8192
I0317 10:52:37.335101     893 libfabric_rail.cpp:997] Posting receive on endpoint=0xb18e820 buffer=0x7f6ba9d36010 size=8192 context=0xb135070
I0317 10:52:37.335102     893 libfabric_rail.cpp:1006] Receive posted successfully
I0317 10:52:37.335102     893 libfabric_rail.cpp:320] Allocate on Rail 0 allocated control request XFER_ID=714 buffer_size=8192
I0317 10:52:37.335103     893 libfabric_rail.cpp:997] Posting receive on endpoint=0xb18e820 buffer=0x7f6ba9d34010 size=8192 context=0xb134fc8
I0317 10:52:37.335104     893 libfabric_rail.cpp:1006] Receive posted successfully
I0317 10:52:37.335104     893 libfabric_rail.cpp:320] Allocate on Rail 0 allocated control request XFER_ID=715 buffer_size=8192
I0317 10:52:37.335105     893 libfabric_rail.cpp:997] Posting receive on endpoint=0xb18e820 buffer=0x7f6ba9d32010 size=8192 context=0xb134f20
I0317 10:52:37.335106     893 libfabric_rail.cpp:1006] Receive posted successfully
I0317 10:52:37.335106     893 libfabric_rail.cpp:320] Allocate on Rail 0 allocated control request XFER_ID=716 buffer_size=8192
I0317 10:52:37.335107     893 libfabric_rail.cpp:997] Posting receive on endpoint=0xb18e820 buffer=0x7f6ba9d30010 size=8192 context=0xb134e70
I0317 10:52:37.335108     893 libfabric_rail.cpp:1006] Receive posted successfully
I0317 10:52:37.335109     893 libfabric_rail.cpp:320] Allocate on Rail 0 allocated control request XFER_ID=717 buffer_size=8192
I0317 10:52:37.335109     893 libfabric_rail.cpp:997] Posting receive on endpoint=0xb18e820 buffer=0x7f6ba9d2e010 size=8192 context=0xb134dc8
I0317 10:52:37.335110     893 libfabric_rail.cpp:1006] Receive posted successfully
I0317 10:52:37.335111     893 libfabric_rail.cpp:320] Allocate on Rail 0 allocated control request XFER_ID=718 buffer_size=8192
I0317 10:52:37.335111     893 libfabric_rail.cpp:997] Posting receive on endpoint=0xb18e820 buffer=0x7f6ba9d2c010 size=8192 context=0xb134d20
I0317 10:52:37.335112     893 libfabric_rail.cpp:1006] Receive posted successfully
I0317 10:52:37.335113     893 libfabric_rail.cpp:320] Allocate on Rail 0 allocated control request XFER_ID=719 buffer_size=8192
I0317 10:52:37.335113     893 libfabric_rail.cpp:997] Posting receive on endpoint=0xb18e820 buffer=0x7f6ba9d2a010 size=8192 context=0xb134c70
I0317 10:52:37.335114     893 libfabric_rail.cpp:1006] Receive posted successfully
I0317 10:52:37.335115     893 libfabric_rail.cpp:320] Allocate on Rail 0 allocated control request XFER_ID=720 buffer_size=8192
I0317 10:52:37.335116     893 libfabric_rail.cpp:997] Posting receive on endpoint=0xb18e820 buffer=0x7f6ba9d28010 size=8192 context=0xb134bc8
I0317 10:52:37.335116     893 libfabric_rail.cpp:1006] Receive posted successfully
I0317 10:52:37.335117     893 libfabric_rail.cpp:320] Allocate on Rail 0 allocated control request XFER_ID=721 buffer_size=8192
I0317 10:52:37.335118     893 libfabric_rail.cpp:997] Posting receive on endpoint=0xb18e820 buffer=0x7f6ba9d26010 size=8192 context=0xb134b20
I0317 10:52:37.335176     893 libfabric_rail.cpp:1006] Receive posted successfully
I0317 10:52:37.335177     893 libfabric_rail.cpp:320] Allocate on Rail 0 allocated control request XFER_ID=722 buffer_size=8192
I0317 10:52:37.335177     893 libfabric_rail.cpp:997] Posting receive on endpoint=0xb18e820 buffer=0x7f6ba9d24010 size=8192 context=0xb134a70
I0317 10:52:37.335178     893 libfabric_rail.cpp:1006] Receive posted successfully
I0317 10:52:37.335179     893 libfabric_rail.cpp:320] Allocate on Rail 0 allocated control request XFER_ID=723 buffer_size=8192
I0317 10:52:37.335180     893 libfabric_rail.cpp:997] Posting receive on endpoint=0xb18e820 buffer=0x7f6ba9d22010 size=8192 context=0xb1349c8
I0317 10:52:37.335181     893 libfabric_rail.cpp:1006] Receive posted successfully
I0317 10:52:37.335181     893 libfabric_rail.cpp:320] Allocate on Rail 0 allocated control request XFER_ID=724 buffer_size=8192
I0317 10:52:37.335182     893 libfabric_rail.cpp:997] Posting receive on endpoint=0xb18e820 buffer=0x7f6ba9d20010 size=8192 context=0xb134920
I0317 10:52:37.335183     893 libfabric_rail.cpp:1006] Receive posted successfully
I0317 10:52:37.335183     893 libfabric_rail.cpp:320] Allocate on Rail 0 allocated control request XFER_ID=725 buffer_size=8192
I0317 10:52:37.335184     893 libfabric_rail.cpp:997] Posting receive on endpoint=0xb18e820 buffer=0x7f6ba9d1e010 size=8192 context=0xb134870
I0317 10:52:37.335185     893 libfabric_rail.cpp:1006] Receive posted successfully
I0317 10:52:37.335185     893 libfabric_rail.cpp:320] Allocate on Rail 0 allocated control request XFER_ID=726 buffer_size=8192
I0317 10:52:37.335186     893 libfabric_rail.cpp:997] Posting receive on endpoint=0xb18e820 buffer=0x7f6ba9d1c010 size=8192 context=0xb1347c8
I0317 10:52:37.335187     893 libfabric_rail.cpp:1006] Receive posted successfully
I0317 10:52:37.335187     893 libfabric_rail.cpp:320] Allocate on Rail 0 allocated control request XFER_ID=727 buffer_size=8192
I0317 10:52:37.335188     893 libfabric_rail.cpp:997] Posting receive on endpoint=0xb18e820 buffer=0x7f6ba9d1a010 size=8192 context=0xb134720
I0317 10:52:37.335189     893 libfabric_rail.cpp:1006] Receive posted successfully
I0317 10:52:37.335190     893 libfabric_rail.cpp:320] Allocate on Rail 0 allocated control request XFER_ID=728 buffer_size=8192
I0317 10:52:37.335190     893 libfabric_rail.cpp:997] Posting receive on endpoint=0xb18e820 buffer=0x7f6ba9d18010 size=8192 context=0xb134670
I0317 10:52:37.335191     893 libfabric_rail.cpp:1006] Receive posted successfully
I0317 10:52:37.335192     893 libfabric_rail.cpp:320] Allocate on Rail 0 allocated control request XFER_ID=729 buffer_size=8192
I0317 10:52:37.335192     893 libfabric_rail.cpp:997] Posting receive on endpoint=0xb18e820 buffer=0x7f6ba9d16010 size=8192 context=0xb1345c8
I0317 10:52:37.335193     893 libfabric_rail.cpp:1006] Receive posted successfully
I0317 10:52:37.335194     893 libfabric_rail.cpp:320] Allocate on Rail 0 allocated control request XFER_ID=730 buffer_size=8192
I0317 10:52:37.335194     893 libfabric_rail.cpp:997] Posting receive on endpoint=0xb18e820 buffer=0x7f6ba9d14010 size=8192 context=0xb134520
I0317 10:52:37.335195     893 libfabric_rail.cpp:1006] Receive posted successfully
I0317 10:52:37.335196     893 libfabric_rail.cpp:320] Allocate on Rail 0 allocated control request XFER_ID=731 buffer_size=8192
I0317 10:52:37.335197     893 libfabric_rail.cpp:997] Posting receive on endpoint=0xb18e820 buffer=0x7f6ba9d12010 size=8192 context=0xb134470
I0317 10:52:37.335198     893 libfabric_rail.cpp:1006] Receive posted successfully
I0317 10:52:37.335198     893 libfabric_rail.cpp:320] Allocate on Rail 0 allocated control request XFER_ID=732 buffer_size=8192
I0317 10:52:37.335199     893 libfabric_rail.cpp:997] Posting receive on endpoint=0xb18e820 buffer=0x7f6ba9d10010 size=8192 context=0xb1343c8
I0317 10:52:37.335200     893 libfabric_rail.cpp:1006] Receive posted successfully
I0317 10:52:37.335201     893 libfabric_rail.cpp:320] Allocate on Rail 0 allocated control request XFER_ID=733 buffer_size=8192
I0317 10:52:37.335201     893 libfabric_rail.cpp:997] Posting receive on endpoint=0xb18e820 buffer=0x7f6ba9d0e010 size=8192 context=0xb134320
I0317 10:52:37.335202     893 libfabric_rail.cpp:1006] Receive posted successfully
I0317 10:52:37.335203     893 libfabric_rail.cpp:320] Allocate on Rail 0 allocated control request XFER_ID=734 buffer_size=8192
I0317 10:52:37.335203     893 libfabric_rail.cpp:997] Posting receive on endpoint=0xb18e820 buffer=0x7f6ba9d0c010 size=8192 context=0xb134270
I0317 10:52:37.335204     893 libfabric_rail.cpp:1006] Receive posted successfully
I0317 10:52:37.335205     893 libfabric_rail.cpp:320] Allocate on Rail 0 allocated control request XFER_ID=735 buffer_size=8192
I0317 10:52:37.335206     893 libfabric_rail.cpp:997] Posting receive on endpoint=0xb18e820 buffer=0x7f6ba9d0a010 size=8192 context=0xb1341c8
I0317 10:52:37.335206     893 libfabric_rail.cpp:1006] Receive posted successfully
I0317 10:52:37.335207     893 libfabric_rail.cpp:320] Allocate on Rail 0 allocated control request XFER_ID=736 buffer_size=8192
I0317 10:52:37.335208     893 libfabric_rail.cpp:997] Posting receive on endpoint=0xb18e820 buffer=0x7f6ba9d08010 size=8192 context=0xb134120
I0317 10:52:37.335208     893 libfabric_rail.cpp:1006] Receive posted successfully
I0317 10:52:37.335209     893 libfabric_rail.cpp:320] Allocate on Rail 0 allocated control request XFER_ID=737 buffer_size=8192
I0317 10:52:37.335210     893 libfabric_rail.cpp:997] Posting receive on endpoint=0xb18e820 buffer=0x7f6ba9d06010 size=8192 context=0xb134070
I0317 10:52:37.335211     893 libfabric_rail.cpp:1006] Receive posted successfully
I0317 10:52:37.335211     893 libfabric_rail.cpp:320] Allocate on Rail 0 allocated control request XFER_ID=738 buffer_size=8192
I0317 10:52:37.335212     893 libfabric_rail.cpp:997] Posting receive on endpoint=0xb18e820 buffer=0x7f6ba9d04010 size=8192 context=0xb133fc8
I0317 10:52:37.335213     893 libfabric_rail.cpp:1006] Receive posted successfully
I0317 10:52:37.335213     893 libfabric_rail.cpp:320] Allocate on Rail 0 allocated control request XFER_ID=739 buffer_size=8192
I0317 10:52:37.335214     893 libfabric_rail.cpp:997] Posting receive on endpoint=0xb18e820 buffer=0x7f6ba9d02010 size=8192 context=0xb133f20
I0317 10:52:37.335215     893 libfabric_rail.cpp:1006] Receive posted successfully
I0317 10:52:37.335215     893 libfabric_rail.cpp:320] Allocate on Rail 0 allocated control request XFER_ID=740 buffer_size=8192
I0317 10:52:37.335216     893 libfabric_rail.cpp:997] Posting receive on endpoint=0xb18e820 buffer=0x7f6ba9d00010 size=8192 context=0xb133e70
I0317 10:52:37.335217     893 libfabric_rail.cpp:1006] Receive posted successfully
I0317 10:52:37.335218     893 libfabric_rail.cpp:320] Allocate on Rail 0 allocated control request XFER_ID=741 buffer_size=8192
I0317 10:52:37.335218     893 libfabric_rail.cpp:997] Posting receive on endpoint=0xb18e820 buffer=0x7f6ba9cfe010 size=8192 context=0xb133dc8
I0317 10:52:37.335219     893 libfabric_rail.cpp:1006] Receive posted successfully
I0317 10:52:37.335220     893 libfabric_rail.cpp:320] Allocate on Rail 0 allocated control request XFER_ID=742 buffer_size=8192
I0317 10:52:37.335220     893 libfabric_rail.cpp:997] Posting receive on endpoint=0xb18e820 buffer=0x7f6ba9cfc010 size=8192 context=0xb133d20
I0317 10:52:37.335221     893 libfabric_rail.cpp:1006] Receive posted successfully
I0317 10:52:37.335222     893 libfabric_rail.cpp:320] Allocate on Rail 0 allocated control request XFER_ID=743 buffer_size=8192
I0317 10:52:37.335222     893 libfabric_rail.cpp:997] Posting receive on endpoint=0xb18e820 buffer=0x7f6ba9cfa010 size=8192 context=0xb133c70
I0317 10:52:37.335223     893 libfabric_rail.cpp:1006] Receive posted successfully
I0317 10:52:37.335224     893 libfabric_rail.cpp:320] Allocate on Rail 0 allocated control request XFER_ID=744 buffer_size=8192
I0317 10:52:37.335225     893 libfabric_rail.cpp:997] Posting receive on endpoint=0xb18e820 buffer=0x7f6ba9cf8010 size=8192 context=0xb133bc8
I0317 10:52:37.335280     893 libfabric_rail.cpp:1006] Receive posted successfully
I0317 10:52:37.335281     893 libfabric_rail.cpp:320] Allocate on Rail 0 allocated control request XFER_ID=745 buffer_size=8192
I0317 10:52:37.335281     893 libfabric_rail.cpp:997] Posting receive on endpoint=0xb18e820 buffer=0x7f6ba9cf6010 size=8192 context=0xb133b20
I0317 10:52:37.335282     893 libfabric_rail.cpp:1006] Receive posted successfully
I0317 10:52:37.335283     893 libfabric_rail.cpp:320] Allocate on Rail 0 allocated control request XFER_ID=746 buffer_size=8192
I0317 10:52:37.335284     893 libfabric_rail.cpp:997] Posting receive on endpoint=0xb18e820 buffer=0x7f6ba9cf4010 size=8192 context=0xb133a70
I0317 10:52:37.335284     893 libfabric_rail.cpp:1006] Receive posted successfully
I0317 10:52:37.335285     893 libfabric_rail.cpp:320] Allocate on Rail 0 allocated control request XFER_ID=747 buffer_size=8192
I0317 10:52:37.335286     893 libfabric_rail.cpp:997] Posting receive on endpoint=0xb18e820 buffer=0x7f6ba9cf2010 size=8192 context=0xb1339c8
I0317 10:52:37.335286     893 libfabric_rail.cpp:1006] Receive posted successfully
I0317 10:52:37.335287     893 libfabric_rail.cpp:320] Allocate on Rail 0 allocated control request XFER_ID=748 buffer_size=8192
I0317 10:52:37.335288     893 libfabric_rail.cpp:997] Posting receive on endpoint=0xb18e820 buffer=0x7f6ba9cf0010 size=8192 context=0xb133920
I0317 10:52:37.335289     893 libfabric_rail.cpp:1006] Receive posted successfully
I0317 10:52:37.335289     893 libfabric_rail.cpp:320] Allocate on Rail 0 allocated control request XFER_ID=749 buffer_size=8192
I0317 10:52:37.335290     893 libfabric_rail.cpp:997] Posting receive on endpoint=0xb18e820 buffer=0x7f6ba9cee010 size=8192 context=0xb133870
I0317 10:52:37.335291     893 libfabric_rail.cpp:1006] Receive posted successfully
I0317 10:52:37.335291     893 libfabric_rail.cpp:320] Allocate on Rail 0 allocated control request XFER_ID=750 buffer_size=8192
I0317 10:52:37.335292     893 libfabric_rail.cpp:997] Posting receive on endpoint=0xb18e820 buffer=0x7f6ba9cec010 size=8192 context=0xb1337c8
I0317 10:52:37.335293     893 libfabric_rail.cpp:1006] Receive posted successfully
I0317 10:52:37.335293     893 libfabric_rail.cpp:320] Allocate on Rail 0 allocated control request XFER_ID=751 buffer_size=8192
I0317 10:52:37.335294     893 libfabric_rail.cpp:997] Posting receive on endpoint=0xb18e820 buffer=0x7f6ba9cea010 size=8192 context=0xb133720
I0317 10:52:37.335295     893 libfabric_rail.cpp:1006] Receive posted successfully
I0317 10:52:37.335295     893 libfabric_rail.cpp:320] Allocate on Rail 0 allocated control request XFER_ID=752 buffer_size=8192
I0317 10:52:37.335296     893 libfabric_rail.cpp:997] Posting receive on endpoint=0xb18e820 buffer=0x7f6ba9ce8010 size=8192 context=0xb133670
I0317 10:52:37.335297     893 libfabric_rail.cpp:1006] Receive posted successfully
I0317 10:52:37.335298     893 libfabric_rail.cpp:320] Allocate on Rail 0 allocated control request XFER_ID=753 buffer_size=8192
I0317 10:52:37.335298     893 libfabric_rail.cpp:997] Posting receive on endpoint=0xb18e820 buffer=0x7f6ba9ce6010 size=8192 context=0xb1335c8
I0317 10:52:37.335299     893 libfabric_rail.cpp:1006] Receive posted successfully
I0317 10:52:37.335300     893 libfabric_rail.cpp:320] Allocate on Rail 0 allocated control request XFER_ID=754 buffer_size=8192
I0317 10:52:37.335300     893 libfabric_rail.cpp:997] Posting receive on endpoint=0xb18e820 buffer=0x7f6ba9ce4010 size=8192 context=0xb133520
I0317 10:52:37.335301     893 libfabric_rail.cpp:1006] Receive posted successfully
I0317 10:52:37.335302     893 libfabric_rail.cpp:320] Allocate on Rail 0 allocated control request XFER_ID=755 buffer_size=8192
I0317 10:52:37.335302     893 libfabric_rail.cpp:997] Posting receive on endpoint=0xb18e820 buffer=0x7f6ba9ce2010 size=8192 context=0xb133470
I0317 10:52:37.335303     893 libfabric_rail.cpp:1006] Receive posted successfully
I0317 10:52:37.335304     893 libfabric_rail.cpp:320] Allocate on Rail 0 allocated control request XFER_ID=756 buffer_size=8192
I0317 10:52:37.335305     893 libfabric_rail.cpp:997] Posting receive on endpoint=0xb18e820 buffer=0x7f6ba9ce0010 size=8192 context=0xb1333c8
I0317 10:52:37.335306     893 libfabric_rail.cpp:1006] Receive posted successfully
I0317 10:52:37.335306     893 libfabric_rail.cpp:320] Allocate on Rail 0 allocated control request XFER_ID=757 buffer_size=8192
I0317 10:52:37.335307     893 libfabric_rail.cpp:997] Posting receive on endpoint=0xb18e820 buffer=0x7f6ba9cde010 size=8192 context=0xb133320
I0317 10:52:37.335308     893 libfabric_rail.cpp:1006] Receive posted successfully
I0317 10:52:37.335309     893 libfabric_rail.cpp:320] Allocate on Rail 0 allocated control request XFER_ID=758 buffer_size=8192
I0317 10:52:37.335309     893 libfabric_rail.cpp:997] Posting receive on endpoint=0xb18e820 buffer=0x7f6ba9cdc010 size=8192 context=0xb133270
I0317 10:52:37.335310     893 libfabric_rail.cpp:1006] Receive posted successfully
I0317 10:52:37.335311     893 libfabric_rail.cpp:320] Allocate on Rail 0 allocated control request XFER_ID=759 buffer_size=8192
I0317 10:52:37.335311     893 libfabric_rail.cpp:997] Posting receive on endpoint=0xb18e820 buffer=0x7f6ba9cda010 size=8192 context=0xb1331c8
I0317 10:52:37.335312     893 libfabric_rail.cpp:1006] Receive posted successfully
I0317 10:52:37.335313     893 libfabric_rail.cpp:320] Allocate on Rail 0 allocated control request XFER_ID=760 buffer_size=8192
I0317 10:52:37.335313     893 libfabric_rail.cpp:997] Posting receive on endpoint=0xb18e820 buffer=0x7f6ba9cd8010 size=8192 context=0xb133120
I0317 10:52:37.335314     893 libfabric_rail.cpp:1006] Receive posted successfully
I0317 10:52:37.335315     893 libfabric_rail.cpp:320] Allocate on Rail 0 allocated control request XFER_ID=761 buffer_size=8192
I0317 10:52:37.335316     893 libfabric_rail.cpp:997] Posting receive on endpoint=0xb18e820 buffer=0x7f6ba9cd6010 size=8192 context=0xb133070
I0317 10:52:37.335316     893 libfabric_rail.cpp:1006] Receive posted successfully
I0317 10:52:37.335317     893 libfabric_rail.cpp:320] Allocate on Rail 0 allocated control request XFER_ID=762 buffer_size=8192
I0317 10:52:37.335318     893 libfabric_rail.cpp:997] Posting receive on endpoint=0xb18e820 buffer=0x7f6ba9cd4010 size=8192 context=0xb132fc8
I0317 10:52:37.335318     893 libfabric_rail.cpp:1006] Receive posted successfully
I0317 10:52:37.335319     893 libfabric_rail.cpp:320] Allocate on Rail 0 allocated control request XFER_ID=763 buffer_size=8192
I0317 10:52:37.335320     893 libfabric_rail.cpp:997] Posting receive on endpoint=0xb18e820 buffer=0x7f6ba9cd2010 size=8192 context=0xb132f20
I0317 10:52:37.335321     893 libfabric_rail.cpp:1006] Receive posted successfully
I0317 10:52:37.335321     893 libfabric_rail.cpp:320] Allocate on Rail 0 allocated control request XFER_ID=764 buffer_size=8192
I0317 10:52:37.335322     893 libfabric_rail.cpp:997] Posting receive on endpoint=0xb18e820 buffer=0x7f6ba9cd0010 size=8192 context=0xb132e70
I0317 10:52:37.335323     893 libfabric_rail.cpp:1006] Receive posted successfully
I0317 10:52:37.335323     893 libfabric_rail.cpp:320] Allocate on Rail 0 allocated control request XFER_ID=765 buffer_size=8192
I0317 10:52:37.335324     893 libfabric_rail.cpp:997] Posting receive on endpoint=0xb18e820 buffer=0x7f6ba9cce010 size=8192 context=0xb132dc8
I0317 10:52:37.335325     893 libfabric_rail.cpp:1006] Receive posted successfully
I0317 10:52:37.335325     893 libfabric_rail.cpp:320] Allocate on Rail 0 allocated control request XFER_ID=766 buffer_size=8192
I0317 10:52:37.335326     893 libfabric_rail.cpp:997] Posting receive on endpoint=0xb18e820 buffer=0x7f6ba9ccc010 size=8192 context=0xb132d20
I0317 10:52:37.335327     893 libfabric_rail.cpp:1006] Receive posted successfully
I0317 10:52:37.335327     893 libfabric_rail.cpp:320] Allocate on Rail 0 allocated control request XFER_ID=767 buffer_size=8192
I0317 10:52:37.335328     893 libfabric_rail.cpp:997] Posting receive on endpoint=0xb18e820 buffer=0x7f6ba9cca010 size=8192 context=0xb132c70
I0317 10:52:37.335393     893 libfabric_rail.cpp:1006] Receive posted successfully
I0317 10:52:37.335394     893 libfabric_rail.cpp:320] Allocate on Rail 0 allocated control request XFER_ID=768 buffer_size=8192
I0317 10:52:37.335395     893 libfabric_rail.cpp:997] Posting receive on endpoint=0xb18e820 buffer=0x7f6ba9cc8010 size=8192 context=0xb132bc8
I0317 10:52:37.335395     893 libfabric_rail.cpp:1006] Receive posted successfully
I0317 10:52:37.335396     893 libfabric_rail.cpp:320] Allocate on Rail 0 allocated control request XFER_ID=769 buffer_size=8192
I0317 10:52:37.335397     893 libfabric_rail.cpp:997] Posting receive on endpoint=0xb18e820 buffer=0x7f6ba9cc6010 size=8192 context=0xb132b20
I0317 10:52:37.335398     893 libfabric_rail.cpp:1006] Receive posted successfully
I0317 10:52:37.335398     893 libfabric_rail.cpp:320] Allocate on Rail 0 allocated control request XFER_ID=770 buffer_size=8192
I0317 10:52:37.335399     893 libfabric_rail.cpp:997] Posting receive on endpoint=0xb18e820 buffer=0x7f6ba9cc4010 size=8192 context=0xb132a70
I0317 10:52:37.335407     893 libfabric_rail.cpp:1006] Receive posted successfully
I0317 10:52:37.335408     893 libfabric_rail.cpp:320] Allocate on Rail 0 allocated control request XFER_ID=771 buffer_size=8192
I0317 10:52:37.335409     893 libfabric_rail.cpp:997] Posting receive on endpoint=0xb18e820 buffer=0x7f6ba9cc2010 size=8192 context=0xb1329c8
I0317 10:52:37.335410     893 libfabric_rail.cpp:1006] Receive posted successfully
I0317 10:52:37.335410     893 libfabric_rail.cpp:320] Allocate on Rail 0 allocated control request XFER_ID=772 buffer_size=8192
I0317 10:52:37.335411     893 libfabric_rail.cpp:997] Posting receive on endpoint=0xb18e820 buffer=0x7f6ba9cc0010 size=8192 context=0xb132920
I0317 10:52:37.335412     893 libfabric_rail.cpp:1006] Receive posted successfully
I0317 10:52:37.335412     893 libfabric_rail.cpp:320] Allocate on Rail 0 allocated control request XFER_ID=773 buffer_size=8192
I0317 10:52:37.335413     893 libfabric_rail.cpp:997] Posting receive on endpoint=0xb18e820 buffer=0x7f6ba9cbe010 size=8192 context=0xb132870
I0317 10:52:37.335414     893 libfabric_rail.cpp:1006] Receive posted successfully
I0317 10:52:37.335414     893 libfabric_rail.cpp:320] Allocate on Rail 0 allocated control request XFER_ID=774 buffer_size=8192
I0317 10:52:37.335415     893 libfabric_rail.cpp:997] Posting receive on endpoint=0xb18e820 buffer=0x7f6ba9cbc010 size=8192 context=0xb1327c8
I0317 10:52:37.335416     893 libfabric_rail.cpp:1006] Receive posted successfully
I0317 10:52:37.335416     893 libfabric_rail.cpp:320] Allocate on Rail 0 allocated control request XFER_ID=775 buffer_size=8192
I0317 10:52:37.335417     893 libfabric_rail.cpp:997] Posting receive on endpoint=0xb18e820 buffer=0x7f6ba9cba010 size=8192 context=0xb132720
I0317 10:52:37.335418     893 libfabric_rail.cpp:1006] Receive posted successfully
I0317 10:52:37.335419     893 libfabric_rail.cpp:320] Allocate on Rail 0 allocated control request XFER_ID=776 buffer_size=8192
I0317 10:52:37.335419     893 libfabric_rail.cpp:997] Posting receive on endpoint=0xb18e820 buffer=0x7f6ba9cb8010 size=8192 context=0xb132670
I0317 10:52:37.335420     893 libfabric_rail.cpp:1006] Receive posted successfully
I0317 10:52:37.335421     893 libfabric_rail.cpp:320] Allocate on Rail 0 allocated control request XFER_ID=777 buffer_size=8192
I0317 10:52:37.335421     893 libfabric_rail.cpp:997] Posting receive on endpoint=0xb18e820 buffer=0x7f6ba9cb6010 size=8192 context=0xb1325c8
I0317 10:52:37.335422     893 libfabric_rail.cpp:1006] Receive posted successfully
I0317 10:52:37.335423     893 libfabric_rail.cpp:320] Allocate on Rail 0 allocated control request XFER_ID=778 buffer_size=8192
I0317 10:52:37.335424     893 libfabric_rail.cpp:997] Posting receive on endpoint=0xb18e820 buffer=0x7f6ba9cb4010 size=8192 context=0xb132520
I0317 10:52:37.335424     893 libfabric_rail.cpp:1006] Receive posted successfully
I0317 10:52:37.335425     893 libfabric_rail.cpp:320] Allocate on Rail 0 allocated control request XFER_ID=779 buffer_size=8192
I0317 10:52:37.335426     893 libfabric_rail.cpp:997] Posting receive on endpoint=0xb18e820 buffer=0x7f6ba9cb2010 size=8192 context=0xb132470
I0317 10:52:37.335427     893 libfabric_rail.cpp:1006] Receive posted successfully
I0317 10:52:37.335427     893 libfabric_rail.cpp:320] Allocate on Rail 0 allocated control request XFER_ID=780 buffer_size=8192
I0317 10:52:37.335428     893 libfabric_rail.cpp:997] Posting receive on endpoint=0xb18e820 buffer=0x7f6ba9cb0010 size=8192 context=0xb1323c8
I0317 10:52:37.335429     893 libfabric_rail.cpp:1006] Receive posted successfully
I0317 10:52:37.335430     893 libfabric_rail.cpp:320] Allocate on Rail 0 allocated control request XFER_ID=781 buffer_size=8192
I0317 10:52:37.335430     893 libfabric_rail.cpp:997] Posting receive on endpoint=0xb18e820 buffer=0x7f6ba9cae010 size=8192 context=0xb132320
I0317 10:52:37.335431     893 libfabric_rail.cpp:1006] Receive posted successfully
I0317 10:52:37.335432     893 libfabric_rail.cpp:320] Allocate on Rail 0 allocated control request XFER_ID=782 buffer_size=8192
I0317 10:52:37.335432     893 libfabric_rail.cpp:997] Posting receive on endpoint=0xb18e820 buffer=0x7f6ba9cac010 size=8192 context=0xb132270
I0317 10:52:37.335433     893 libfabric_rail.cpp:1006] Receive posted successfully
I0317 10:52:37.335434     893 libfabric_rail.cpp:320] Allocate on Rail 0 allocated control request XFER_ID=783 buffer_size=8192
I0317 10:52:37.335435     893 libfabric_rail.cpp:997] Posting receive on endpoint=0xb18e820 buffer=0x7f6ba9caa010 size=8192 context=0xb1321c8
I0317 10:52:37.335435     893 libfabric_rail.cpp:1006] Receive posted successfully
I0317 10:52:37.335436     893 libfabric_rail.cpp:320] Allocate on Rail 0 allocated control request XFER_ID=784 buffer_size=8192
I0317 10:52:37.335437     893 libfabric_rail.cpp:997] Posting receive on endpoint=0xb18e820 buffer=0x7f6ba9ca8010 size=8192 context=0xb132120
I0317 10:52:37.335437     893 libfabric_rail.cpp:1006] Receive posted successfully
I0317 10:52:37.335438     893 libfabric_rail.cpp:320] Allocate on Rail 0 allocated control request XFER_ID=785 buffer_size=8192
I0317 10:52:37.335439     893 libfabric_rail.cpp:997] Posting receive on endpoint=0xb18e820 buffer=0x7f6ba9ca6010 size=8192 context=0xb132070
I0317 10:52:37.335440     893 libfabric_rail.cpp:1006] Receive posted successfully
I0317 10:52:37.335440     893 libfabric_rail.cpp:320] Allocate on Rail 0 allocated control request XFER_ID=786 buffer_size=8192
I0317 10:52:37.335441     893 libfabric_rail.cpp:997] Posting receive on endpoint=0xb18e820 buffer=0x7f6ba9ca4010 size=8192 context=0xb131fc8
I0317 10:52:37.335442     893 libfabric_rail.cpp:1006] Receive posted successfully
I0317 10:52:37.335442     893 libfabric_rail.cpp:320] Allocate on Rail 0 allocated control request XFER_ID=787 buffer_size=8192
I0317 10:52:37.335443     893 libfabric_rail.cpp:997] Posting receive on endpoint=0xb18e820 buffer=0x7f6ba9ca2010 size=8192 context=0xb131f20
I0317 10:52:37.335444     893 libfabric_rail.cpp:1006] Receive posted successfully
I0317 10:52:37.335444     893 libfabric_rail.cpp:320] Allocate on Rail 0 allocated control request XFER_ID=788 buffer_size=8192
I0317 10:52:37.335445     893 libfabric_rail.cpp:997] Posting receive on endpoint=0xb18e820 buffer=0x7f6ba9ca0010 size=8192 context=0xb131e70
I0317 10:52:37.335446     893 libfabric_rail.cpp:1006] Receive posted successfully
I0317 10:52:37.335446     893 libfabric_rail.cpp:320] Allocate on Rail 0 allocated control request XFER_ID=789 buffer_size=8192
I0317 10:52:37.335447     893 libfabric_rail.cpp:997] Posting receive on endpoint=0xb18e820 buffer=0x7f6ba9c9e010 size=8192 context=0xb131dc8
I0317 10:52:37.335448     893 libfabric_rail.cpp:1006] Receive posted successfully
I0317 10:52:37.335448     893 libfabric_rail.cpp:320] Allocate on Rail 0 allocated control request XFER_ID=790 buffer_size=8192
I0317 10:52:37.335449     893 libfabric_rail.cpp:997] Posting receive on endpoint=0xb18e820 buffer=0x7f6ba9c9c010 size=8192 context=0xb131d20
I0317 10:52:37.335510     893 libfabric_rail.cpp:1006] Receive posted successfully
I0317 10:52:37.335511     893 libfabric_rail.cpp:320] Allocate on Rail 0 allocated control request XFER_ID=791 buffer_size=8192
I0317 10:52:37.335511     893 libfabric_rail.cpp:997] Posting receive on endpoint=0xb18e820 buffer=0x7f6ba9c9a010 size=8192 context=0xb131c70
I0317 10:52:37.335512     893 libfabric_rail.cpp:1006] Receive posted successfully
I0317 10:52:37.335513     893 libfabric_rail.cpp:320] Allocate on Rail 0 allocated control request XFER_ID=792 buffer_size=8192
I0317 10:52:37.335513     893 libfabric_rail.cpp:997] Posting receive on endpoint=0xb18e820 buffer=0x7f6ba9c98010 size=8192 context=0xb131bc8
I0317 10:52:37.335514     893 libfabric_rail.cpp:1006] Receive posted successfully
I0317 10:52:37.335515     893 libfabric_rail.cpp:320] Allocate on Rail 0 allocated control request XFER_ID=793 buffer_size=8192
I0317 10:52:37.335515     893 libfabric_rail.cpp:997] Posting receive on endpoint=0xb18e820 buffer=0x7f6ba9c96010 size=8192 context=0xb131b20
I0317 10:52:37.335516     893 libfabric_rail.cpp:1006] Receive posted successfully
I0317 10:52:37.335517     893 libfabric_rail.cpp:320] Allocate on Rail 0 allocated control request XFER_ID=794 buffer_size=8192
I0317 10:52:37.335518     893 libfabric_rail.cpp:997] Posting receive on endpoint=0xb18e820 buffer=0x7f6ba9c94010 size=8192 context=0xb131a70
I0317 10:52:37.335518     893 libfabric_rail.cpp:1006] Receive posted successfully
I0317 10:52:37.335519     893 libfabric_rail.cpp:320] Allocate on Rail 0 allocated control request XFER_ID=795 buffer_size=8192
I0317 10:52:37.335520     893 libfabric_rail.cpp:997] Posting receive on endpoint=0xb18e820 buffer=0x7f6ba9c92010 size=8192 context=0xb1319c8
I0317 10:52:37.335521     893 libfabric_rail.cpp:1006] Receive posted successfully
I0317 10:52:37.335521     893 libfabric_rail.cpp:320] Allocate on Rail 0 allocated control request XFER_ID=796 buffer_size=8192
I0317 10:52:37.335522     893 libfabric_rail.cpp:997] Posting receive on endpoint=0xb18e820 buffer=0x7f6ba9c90010 size=8192 context=0xb131920
I0317 10:52:37.335523     893 libfabric_rail.cpp:1006] Receive posted successfully
I0317 10:52:37.335523     893 libfabric_rail.cpp:320] Allocate on Rail 0 allocated control request XFER_ID=797 buffer_size=8192
I0317 10:52:37.335524     893 libfabric_rail.cpp:997] Posting receive on endpoint=0xb18e820 buffer=0x7f6ba9c8e010 size=8192 context=0xb131870
I0317 10:52:37.335525     893 libfabric_rail.cpp:1006] Receive posted successfully
I0317 10:52:37.335525     893 libfabric_rail.cpp:320] Allocate on Rail 0 allocated control request XFER_ID=798 buffer_size=8192
I0317 10:52:37.335526     893 libfabric_rail.cpp:997] Posting receive on endpoint=0xb18e820 buffer=0x7f6ba9c8c010 size=8192 context=0xb1317c8
I0317 10:52:37.335527     893 libfabric_rail.cpp:1006] Receive posted successfully
I0317 10:52:37.335527     893 libfabric_rail.cpp:320] Allocate on Rail 0 allocated control request XFER_ID=799 buffer_size=8192
I0317 10:52:37.335528     893 libfabric_rail.cpp:997] Posting receive on endpoint=0xb18e820 buffer=0x7f6ba9c8a010 size=8192 context=0xb131720
I0317 10:52:37.335529     893 libfabric_rail.cpp:1006] Receive posted successfully
I0317 10:52:37.335529     893 libfabric_rail.cpp:320] Allocate on Rail 0 allocated control request XFER_ID=800 buffer_size=8192
I0317 10:52:37.335530     893 libfabric_rail.cpp:997] Posting receive on endpoint=0xb18e820 buffer=0x7f6ba9c88010 size=8192 context=0xb131670
I0317 10:52:37.335531     893 libfabric_rail.cpp:1006] Receive posted successfully
I0317 10:52:37.335532     893 libfabric_rail.cpp:320] Allocate on Rail 0 allocated control request XFER_ID=801 buffer_size=8192
I0317 10:52:37.335532     893 libfabric_rail.cpp:997] Posting receive on endpoint=0xb18e820 buffer=0x7f6ba9c86010 size=8192 context=0xb1315c8
I0317 10:52:37.335533     893 libfabric_rail.cpp:1006] Receive posted successfully
I0317 10:52:37.335548     893 libfabric_rail.cpp:320] Allocate on Rail 0 allocated control request XFER_ID=802 buffer_size=8192
I0317 10:52:37.335549     893 libfabric_rail.cpp:997] Posting receive on endpoint=0xb18e820 buffer=0x7f6ba9c84010 size=8192 context=0xb131520
I0317 10:52:37.335550     893 libfabric_rail.cpp:1006] Receive posted successfully
I0317 10:52:37.335550     893 libfabric_rail.cpp:320] Allocate on Rail 0 allocated control request XFER_ID=803 buffer_size=8192
I0317 10:52:37.335551     893 libfabric_rail.cpp:997] Posting receive on endpoint=0xb18e820 buffer=0x7f6ba9c82010 size=8192 context=0xb131470
I0317 10:52:37.335552     893 libfabric_rail.cpp:1006] Receive posted successfully
I0317 10:52:37.335552     893 libfabric_rail.cpp:320] Allocate on Rail 0 allocated control request XFER_ID=804 buffer_size=8192
I0317 10:52:37.335553     893 libfabric_rail.cpp:997] Posting receive on endpoint=0xb18e820 buffer=0x7f6ba9c80010 size=8192 context=0xb1313c8
I0317 10:52:37.335554     893 libfabric_rail.cpp:1006] Receive posted successfully
I0317 10:52:37.335555     893 libfabric_rail.cpp:320] Allocate on Rail 0 allocated control request XFER_ID=805 buffer_size=8192
I0317 10:52:37.335555     893 libfabric_rail.cpp:997] Posting receive on endpoint=0xb18e820 buffer=0x7f6ba9c7e010 size=8192 context=0xb131320
I0317 10:52:37.335556     893 libfabric_rail.cpp:1006] Receive posted successfully
I0317 10:52:37.335557     893 libfabric_rail.cpp:320] Allocate on Rail 0 allocated control request XFER_ID=806 buffer_size=8192
I0317 10:52:37.335557     893 libfabric_rail.cpp:997] Posting receive on endpoint=0xb18e820 buffer=0x7f6ba9c7c010 size=8192 context=0xb131270
I0317 10:52:37.335561     893 libfabric_rail.cpp:1006] Receive posted successfully
I0317 10:52:37.335561     893 libfabric_rail.cpp:320] Allocate on Rail 0 allocated control request XFER_ID=807 buffer_size=8192
I0317 10:52:37.335562     893 libfabric_rail.cpp:997] Posting receive on endpoint=0xb18e820 buffer=0x7f6ba9c7a010 size=8192 context=0xb1311c8
I0317 10:52:37.335563     893 libfabric_rail.cpp:1006] Receive posted successfully
I0317 10:52:37.335563     893 libfabric_rail.cpp:320] Allocate on Rail 0 allocated control request XFER_ID=808 buffer_size=8192
I0317 10:52:37.335564     893 libfabric_rail.cpp:997] Posting receive on endpoint=0xb18e820 buffer=0x7f6ba9c78010 size=8192 context=0xb131120
I0317 10:52:37.335565     893 libfabric_rail.cpp:1006] Receive posted successfully
I0317 10:52:37.335565     893 libfabric_rail.cpp:320] Allocate on Rail 0 allocated control request XFER_ID=809 buffer_size=8192
I0317 10:52:37.335566     893 libfabric_rail.cpp:997] Posting receive on endpoint=0xb18e820 buffer=0x7f6ba9c76010 size=8192 context=0xb131070
I0317 10:52:37.335567     893 libfabric_rail.cpp:1006] Receive posted successfully
I0317 10:52:37.335567     893 libfabric_rail.cpp:320] Allocate on Rail 0 allocated control request XFER_ID=810 buffer_size=8192
I0317 10:52:37.335568     893 libfabric_rail.cpp:997] Posting receive on endpoint=0xb18e820 buffer=0x7f6ba9c74010 size=8192 context=0xb130fc8
I0317 10:52:37.335569     893 libfabric_rail.cpp:1006] Receive posted successfully
I0317 10:52:37.335570     893 libfabric_rail.cpp:320] Allocate on Rail 0 allocated control request XFER_ID=811 buffer_size=8192
I0317 10:52:37.335570     893 libfabric_rail.cpp:997] Posting receive on endpoint=0xb18e820 buffer=0x7f6ba9c72010 size=8192 context=0xb130f20
I0317 10:52:37.335571     893 libfabric_rail.cpp:1006] Receive posted successfully
I0317 10:52:37.335572     893 libfabric_rail.cpp:320] Allocate on Rail 0 allocated control request XFER_ID=812 buffer_size=8192
I0317 10:52:37.335572     893 libfabric_rail.cpp:997] Posting receive on endpoint=0xb18e820 buffer=0x7f6ba9c70010 size=8192 context=0xb130e70
I0317 10:52:37.335573     893 libfabric_rail.cpp:1006] Receive posted successfully
I0317 10:52:37.335574     893 libfabric_rail.cpp:320] Allocate on Rail 0 allocated control request XFER_ID=813 buffer_size=8192
I0317 10:52:37.335574     893 libfabric_rail.cpp:997] Posting receive on endpoint=0xb18e820 buffer=0x7f6ba9c6e010 size=8192 context=0xb130dc8
I0317 10:52:37.335624     893 libfabric_rail.cpp:1006] Receive posted successfully
I0317 10:52:37.335625     893 libfabric_rail.cpp:320] Allocate on Rail 0 allocated control request XFER_ID=814 buffer_size=8192
I0317 10:52:37.335625     893 libfabric_rail.cpp:997] Posting receive on endpoint=0xb18e820 buffer=0x7f6ba9c6c010 size=8192 context=0xb130d20
I0317 10:52:37.335626     893 libfabric_rail.cpp:1006] Receive posted successfully
I0317 10:52:37.335627     893 libfabric_rail.cpp:320] Allocate on Rail 0 allocated control request XFER_ID=815 buffer_size=8192
I0317 10:52:37.335628     893 libfabric_rail.cpp:997] Posting receive on endpoint=0xb18e820 buffer=0x7f6ba9c6a010 size=8192 context=0xb130c70
I0317 10:52:37.335628     893 libfabric_rail.cpp:1006] Receive posted successfully
I0317 10:52:37.335629     893 libfabric_rail.cpp:320] Allocate on Rail 0 allocated control request XFER_ID=816 buffer_size=8192
I0317 10:52:37.335630     893 libfabric_rail.cpp:997] Posting receive on endpoint=0xb18e820 buffer=0x7f6ba9c68010 size=8192 context=0xb130bc8
I0317 10:52:37.335631     893 libfabric_rail.cpp:1006] Receive posted successfully
I0317 10:52:37.335631     893 libfabric_rail.cpp:320] Allocate on Rail 0 allocated control request XFER_ID=817 buffer_size=8192
I0317 10:52:37.335632     893 libfabric_rail.cpp:997] Posting receive on endpoint=0xb18e820 buffer=0x7f6ba9c66010 size=8192 context=0xb130b20
I0317 10:52:37.335633     893 libfabric_rail.cpp:1006] Receive posted successfully
I0317 10:52:37.335633     893 libfabric_rail.cpp:320] Allocate on Rail 0 allocated control request XFER_ID=818 buffer_size=8192
I0317 10:52:37.335634     893 libfabric_rail.cpp:997] Posting receive on endpoint=0xb18e820 buffer=0x7f6ba9c64010 size=8192 context=0xb130a70
I0317 10:52:37.335635     893 libfabric_rail.cpp:1006] Receive posted successfully
I0317 10:52:37.335635     893 libfabric_rail.cpp:320] Allocate on Rail 0 allocated control request XFER_ID=819 buffer_size=8192
I0317 10:52:37.335636     893 libfabric_rail.cpp:997] Posting receive on endpoint=0xb18e820 buffer=0x7f6ba9c62010 size=8192 context=0xb1309c8
I0317 10:52:37.335637     893 libfabric_rail.cpp:1006] Receive posted successfully
I0317 10:52:37.335637     893 libfabric_rail.cpp:320] Allocate on Rail 0 allocated control request XFER_ID=820 buffer_size=8192
I0317 10:52:37.335638     893 libfabric_rail.cpp:997] Posting receive on endpoint=0xb18e820 buffer=0x7f6ba9c60010 size=8192 context=0xb130920
I0317 10:52:37.335639     893 libfabric_rail.cpp:1006] Receive posted successfully
I0317 10:52:37.335640     893 libfabric_rail.cpp:320] Allocate on Rail 0 allocated control request XFER_ID=821 buffer_size=8192
I0317 10:52:37.335640     893 libfabric_rail.cpp:997] Posting receive on endpoint=0xb18e820 buffer=0x7f6ba9c5e010 size=8192 context=0xb130870
I0317 10:52:37.335641     893 libfabric_rail.cpp:1006] Receive posted successfully
I0317 10:52:37.335642     893 libfabric_rail.cpp:320] Allocate on Rail 0 allocated control request XFER_ID=822 buffer_size=8192
I0317 10:52:37.335642     893 libfabric_rail.cpp:997] Posting receive on endpoint=0xb18e820 buffer=0x7f6ba9c5c010 size=8192 context=0xb1307c8
I0317 10:52:37.335643     893 libfabric_rail.cpp:1006] Receive posted successfully
I0317 10:52:37.335644     893 libfabric_rail.cpp:320] Allocate on Rail 0 allocated control request XFER_ID=823 buffer_size=8192
I0317 10:52:37.335644     893 libfabric_rail.cpp:997] Posting receive on endpoint=0xb18e820 buffer=0x7f6ba9c5a010 size=8192 context=0xb130720
I0317 10:52:37.335645     893 libfabric_rail.cpp:1006] Receive posted successfully
I0317 10:52:37.335646     893 libfabric_rail.cpp:320] Allocate on Rail 0 allocated control request XFER_ID=824 buffer_size=8192
I0317 10:52:37.335647     893 libfabric_rail.cpp:997] Posting receive on endpoint=0xb18e820 buffer=0x7f6ba9c58010 size=8192 context=0xb130670
I0317 10:52:37.335647     893 libfabric_rail.cpp:1006] Receive posted successfully
I0317 10:52:37.335649     893 libfabric_rail.cpp:320] Allocate on Rail 0 allocated control request XFER_ID=825 buffer_size=8192
I0317 10:52:37.335649     893 libfabric_rail.cpp:997] Posting receive on endpoint=0xb18e820 buffer=0x7f6ba9c56010 size=8192 context=0xb1305c8
I0317 10:52:37.335650     893 libfabric_rail.cpp:1006] Receive posted successfully
I0317 10:52:37.335651     893 libfabric_rail.cpp:320] Allocate on Rail 0 allocated control request XFER_ID=826 buffer_size=8192
I0317 10:52:37.335652     893 libfabric_rail.cpp:997] Posting receive on endpoint=0xb18e820 buffer=0x7f6ba9c54010 size=8192 context=0xb130520
I0317 10:52:37.335652     893 libfabric_rail.cpp:1006] Receive posted successfully
I0317 10:52:37.335653     893 libfabric_rail.cpp:320] Allocate on Rail 0 allocated control request XFER_ID=827 buffer_size=8192
I0317 10:52:37.335654     893 libfabric_rail.cpp:997] Posting receive on endpoint=0xb18e820 buffer=0x7f6ba9c52010 size=8192 context=0xb130470
I0317 10:52:37.335654     893 libfabric_rail.cpp:1006] Receive posted successfully
I0317 10:52:37.335655     893 libfabric_rail.cpp:320] Allocate on Rail 0 allocated control request XFER_ID=828 buffer_size=8192
I0317 10:52:37.335656     893 libfabric_rail.cpp:997] Posting receive on endpoint=0xb18e820 buffer=0x7f6ba9c50010 size=8192 context=0xb1303c8
I0317 10:52:37.335657     893 libfabric_rail.cpp:1006] Receive posted successfully
I0317 10:52:37.335657     893 libfabric_rail.cpp:320] Allocate on Rail 0 allocated control request XFER_ID=829 buffer_size=8192
I0317 10:52:37.335658     893 libfabric_rail.cpp:997] Posting receive on endpoint=0xb18e820 buffer=0x7f6ba9c4e010 size=8192 context=0xb130320
I0317 10:52:37.335659     893 libfabric_rail.cpp:1006] Receive posted successfully
I0317 10:52:37.335659     893 libfabric_rail.cpp:320] Allocate on Rail 0 allocated control request XFER_ID=830 buffer_size=8192
I0317 10:52:37.335660     893 libfabric_rail.cpp:997] Posting receive on endpoint=0xb18e820 buffer=0x7f6ba9c4c010 size=8192 context=0xb130270
I0317 10:52:37.335661     893 libfabric_rail.cpp:1006] Receive posted successfully
I0317 10:52:37.335661     893 libfabric_rail.cpp:320] Allocate on Rail 0 allocated control request XFER_ID=831 buffer_size=8192
I0317 10:52:37.335662     893 libfabric_rail.cpp:997] Posting receive on endpoint=0xb18e820 buffer=0x7f6ba9c4a010 size=8192 context=0xb1301c8
I0317 10:52:37.335663     893 libfabric_rail.cpp:1006] Receive posted successfully
I0317 10:52:37.335663     893 libfabric_rail.cpp:320] Allocate on Rail 0 allocated control request XFER_ID=832 buffer_size=8192
I0317 10:52:37.335664     893 libfabric_rail.cpp:997] Posting receive on endpoint=0xb18e820 buffer=0x7f6ba9c48010 size=8192 context=0xb130120
I0317 10:52:37.335665     893 libfabric_rail.cpp:1006] Receive posted successfully
I0317 10:52:37.335666     893 libfabric_rail.cpp:320] Allocate on Rail 0 allocated control request XFER_ID=833 buffer_size=8192
I0317 10:52:37.335667     893 libfabric_rail.cpp:997] Posting receive on endpoint=0xb18e820 buffer=0x7f6ba9c46010 size=8192 context=0xb130070
I0317 10:52:37.335667     893 libfabric_rail.cpp:1006] Receive posted successfully
I0317 10:52:37.335668     893 libfabric_rail.cpp:320] Allocate on Rail 0 allocated control request XFER_ID=834 buffer_size=8192
I0317 10:52:37.335669     893 libfabric_rail.cpp:997] Posting receive on endpoint=0xb18e820 buffer=0x7f6ba9c44010 size=8192 context=0xb12ffc8
I0317 10:52:37.335669     893 libfabric_rail.cpp:1006] Receive posted successfully
I0317 10:52:37.335670     893 libfabric_rail.cpp:320] Allocate on Rail 0 allocated control request XFER_ID=835 buffer_size=8192
I0317 10:52:37.335671     893 libfabric_rail.cpp:997] Posting receive on endpoint=0xb18e820 buffer=0x7f6ba9c42010 size=8192 context=0xb12ff20
I0317 10:52:37.335672     893 libfabric_rail.cpp:1006] Receive posted successfully
I0317 10:52:37.335672     893 libfabric_rail.cpp:320] Allocate on Rail 0 allocated control request XFER_ID=836 buffer_size=8192
I0317 10:52:37.335673     893 libfabric_rail.cpp:997] Posting receive on endpoint=0xb18e820 buffer=0x7f6ba9c40010 size=8192 context=0xb12fe70
I0317 10:52:37.335731     893 libfabric_rail.cpp:1006] Receive posted successfully
I0317 10:52:37.335732     893 libfabric_rail.cpp:320] Allocate on Rail 0 allocated control request XFER_ID=837 buffer_size=8192
I0317 10:52:37.335732     893 libfabric_rail.cpp:997] Posting receive on endpoint=0xb18e820 buffer=0x7f6ba9c3e010 size=8192 context=0xb12fdc8
I0317 10:52:37.335733     893 libfabric_rail.cpp:1006] Receive posted successfully
I0317 10:52:37.335734     893 libfabric_rail.cpp:320] Allocate on Rail 0 allocated control request XFER_ID=838 buffer_size=8192
I0317 10:52:37.335735     893 libfabric_rail.cpp:997] Posting receive on endpoint=0xb18e820 buffer=0x7f6ba9c3c010 size=8192 context=0xb12fd20
I0317 10:52:37.335735     893 libfabric_rail.cpp:1006] Receive posted successfully
I0317 10:52:37.335736     893 libfabric_rail.cpp:320] Allocate on Rail 0 allocated control request XFER_ID=839 buffer_size=8192
I0317 10:52:37.335737     893 libfabric_rail.cpp:997] Posting receive on endpoint=0xb18e820 buffer=0x7f6ba9c3a010 size=8192 context=0xb12fc70
I0317 10:52:37.335738     893 libfabric_rail.cpp:1006] Receive posted successfully
I0317 10:52:37.335738     893 libfabric_rail.cpp:320] Allocate on Rail 0 allocated control request XFER_ID=840 buffer_size=8192
I0317 10:52:37.335739     893 libfabric_rail.cpp:997] Posting receive on endpoint=0xb18e820 buffer=0x7f6ba9c38010 size=8192 context=0xb12fbc8
I0317 10:52:37.335740     893 libfabric_rail.cpp:1006] Receive posted successfully
I0317 10:52:37.335740     893 libfabric_rail.cpp:320] Allocate on Rail 0 allocated control request XFER_ID=841 buffer_size=8192
I0317 10:52:37.335741     893 libfabric_rail.cpp:997] Posting receive on endpoint=0xb18e820 buffer=0x7f6ba9c36010 size=8192 context=0xb12fb20
I0317 10:52:37.335742     893 libfabric_rail.cpp:1006] Receive posted successfully
I0317 10:52:37.335742     893 libfabric_rail.cpp:320] Allocate on Rail 0 allocated control request XFER_ID=842 buffer_size=8192
I0317 10:52:37.335743     893 libfabric_rail.cpp:997] Posting receive on endpoint=0xb18e820 buffer=0x7f6ba9c34010 size=8192 context=0xb12fa70
I0317 10:52:37.335744     893 libfabric_rail.cpp:1006] Receive posted successfully
I0317 10:52:37.335744     893 libfabric_rail.cpp:320] Allocate on Rail 0 allocated control request XFER_ID=843 buffer_size=8192
I0317 10:52:37.335745     893 libfabric_rail.cpp:997] Posting receive on endpoint=0xb18e820 buffer=0x7f6ba9c32010 size=8192 context=0xb12f9c8
I0317 10:52:37.335746     893 libfabric_rail.cpp:1006] Receive posted successfully
I0317 10:52:37.335746     893 libfabric_rail.cpp:320] Allocate on Rail 0 allocated control request XFER_ID=844 buffer_size=8192
I0317 10:52:37.335747     893 libfabric_rail.cpp:997] Posting receive on endpoint=0xb18e820 buffer=0x7f6ba9c30010 size=8192 context=0xb12f920
I0317 10:52:37.335748     893 libfabric_rail.cpp:1006] Receive posted successfully
I0317 10:52:37.335749     893 libfabric_rail.cpp:320] Allocate on Rail 0 allocated control request XFER_ID=845 buffer_size=8192
I0317 10:52:37.335749     893 libfabric_rail.cpp:997] Posting receive on endpoint=0xb18e820 buffer=0x7f6ba9c2e010 size=8192 context=0xb12f870
I0317 10:52:37.335750     893 libfabric_rail.cpp:1006] Receive posted successfully
I0317 10:52:37.335751     893 libfabric_rail.cpp:320] Allocate on Rail 0 allocated control request XFER_ID=846 buffer_size=8192
I0317 10:52:37.335751     893 libfabric_rail.cpp:997] Posting receive on endpoint=0xb18e820 buffer=0x7f6ba9c2c010 size=8192 context=0xb12f7c8
I0317 10:52:37.335752     893 libfabric_rail.cpp:1006] Receive posted successfully
I0317 10:52:37.335753     893 libfabric_rail.cpp:320] Allocate on Rail 0 allocated control request XFER_ID=847 buffer_size=8192
I0317 10:52:37.335753     893 libfabric_rail.cpp:997] Posting receive on endpoint=0xb18e820 buffer=0x7f6ba9c2a010 size=8192 context=0xb12f720
I0317 10:52:37.335754     893 libfabric_rail.cpp:1006] Receive posted successfully
I0317 10:52:37.335755     893 libfabric_rail.cpp:320] Allocate on Rail 0 allocated control request XFER_ID=848 buffer_size=8192
I0317 10:52:37.335756     893 libfabric_rail.cpp:997] Posting receive on endpoint=0xb18e820 buffer=0x7f6ba9c28010 size=8192 context=0xb12f670
I0317 10:52:37.335757     893 libfabric_rail.cpp:1006] Receive posted successfully
I0317 10:52:37.335757     893 libfabric_rail.cpp:320] Allocate on Rail 0 allocated control request XFER_ID=849 buffer_size=8192
I0317 10:52:37.335758     893 libfabric_rail.cpp:997] Posting receive on endpoint=0xb18e820 buffer=0x7f6ba9c26010 size=8192 context=0xb12f5c8
I0317 10:52:37.335759     893 libfabric_rail.cpp:1006] Receive posted successfully
I0317 10:52:37.335760     893 libfabric_rail.cpp:320] Allocate on Rail 0 allocated control request XFER_ID=850 buffer_size=8192
I0317 10:52:37.335760     893 libfabric_rail.cpp:997] Posting receive on endpoint=0xb18e820 buffer=0x7f6ba9c24010 size=8192 context=0xb12f520
I0317 10:52:37.335761     893 libfabric_rail.cpp:1006] Receive posted successfully
I0317 10:52:37.335762     893 libfabric_rail.cpp:320] Allocate on Rail 0 allocated control request XFER_ID=851 buffer_size=8192
I0317 10:52:37.335762     893 libfabric_rail.cpp:997] Posting receive on endpoint=0xb18e820 buffer=0x7f6ba9c22010 size=8192 context=0xb12f470
I0317 10:52:37.335763     893 libfabric_rail.cpp:1006] Receive posted successfully
I0317 10:52:37.335764     893 libfabric_rail.cpp:320] Allocate on Rail 0 allocated control request XFER_ID=852 buffer_size=8192
I0317 10:52:37.335764     893 libfabric_rail.cpp:997] Posting receive on endpoint=0xb18e820 buffer=0x7f6ba9c20010 size=8192 context=0xb12f3c8
I0317 10:52:37.335765     893 libfabric_rail.cpp:1006] Receive posted successfully
I0317 10:52:37.335766     893 libfabric_rail.cpp:320] Allocate on Rail 0 allocated control request XFER_ID=853 buffer_size=8192
I0317 10:52:37.335767     893 libfabric_rail.cpp:997] Posting receive on endpoint=0xb18e820 buffer=0x7f6ba9c1e010 size=8192 context=0xb12f320
I0317 10:52:37.335767     893 libfabric_rail.cpp:1006] Receive posted successfully
I0317 10:52:37.335768     893 libfabric_rail.cpp:320] Allocate on Rail 0 allocated control request XFER_ID=854 buffer_size=8192
I0317 10:52:37.335769     893 libfabric_rail.cpp:997] Posting receive on endpoint=0xb18e820 buffer=0x7f6ba9c1c010 size=8192 context=0xb12f270
I0317 10:52:37.335769     893 libfabric_rail.cpp:1006] Receive posted successfully
I0317 10:52:37.335770     893 libfabric_rail.cpp:320] Allocate on Rail 0 allocated control request XFER_ID=855 buffer_size=8192
I0317 10:52:37.335771     893 libfabric_rail.cpp:997] Posting receive on endpoint=0xb18e820 buffer=0x7f6ba9c1a010 size=8192 context=0xb12f1c8
I0317 10:52:37.335772     893 libfabric_rail.cpp:1006] Receive posted successfully
I0317 10:52:37.335772     893 libfabric_rail.cpp:320] Allocate on Rail 0 allocated control request XFER_ID=856 buffer_size=8192
I0317 10:52:37.335773     893 libfabric_rail.cpp:997] Posting receive on endpoint=0xb18e820 buffer=0x7f6ba9c18010 size=8192 context=0xb12f120
I0317 10:52:37.335774     893 libfabric_rail.cpp:1006] Receive posted successfully
I0317 10:52:37.335774     893 libfabric_rail.cpp:320] Allocate on Rail 0 allocated control request XFER_ID=857 buffer_size=8192
I0317 10:52:37.335775     893 libfabric_rail.cpp:997] Posting receive on endpoint=0xb18e820 buffer=0x7f6ba9c16010 size=8192 context=0xb12f070
I0317 10:52:37.335776     893 libfabric_rail.cpp:1006] Receive posted successfully
I0317 10:52:37.335776     893 libfabric_rail.cpp:320] Allocate on Rail 0 allocated control request XFER_ID=858 buffer_size=8192
I0317 10:52:37.335777     893 libfabric_rail.cpp:997] Posting receive on endpoint=0xb18e820 buffer=0x7f6ba9c14010 size=8192 context=0xb12efc8
I0317 10:52:37.335778     893 libfabric_rail.cpp:1006] Receive posted successfully
I0317 10:52:37.335778     893 libfabric_rail.cpp:320] Allocate on Rail 0 allocated control request XFER_ID=859 buffer_size=8192
I0317 10:52:37.335779     893 libfabric_rail.cpp:997] Posting receive on endpoint=0xb18e820 buffer=0x7f6ba9c12010 size=8192 context=0xb12ef20
I0317 10:52:37.335830     893 libfabric_rail.cpp:1006] Receive posted successfully
I0317 10:52:37.335831     893 libfabric_rail.cpp:320] Allocate on Rail 0 allocated control request XFER_ID=860 buffer_size=8192
I0317 10:52:37.335832     893 libfabric_rail.cpp:997] Posting receive on endpoint=0xb18e820 buffer=0x7f6ba9c10010 size=8192 context=0xb12ee70
I0317 10:52:37.335833     893 libfabric_rail.cpp:1006] Receive posted successfully
I0317 10:52:37.335833     893 libfabric_rail.cpp:320] Allocate on Rail 0 allocated control request XFER_ID=861 buffer_size=8192
I0317 10:52:37.335834     893 libfabric_rail.cpp:997] Posting receive on endpoint=0xb18e820 buffer=0x7f6ba9c0e010 size=8192 context=0xb12edc8
I0317 10:52:37.335835     893 libfabric_rail.cpp:1006] Receive posted successfully
I0317 10:52:37.335835     893 libfabric_rail.cpp:320] Allocate on Rail 0 allocated control request XFER_ID=862 buffer_size=8192
I0317 10:52:37.335836     893 libfabric_rail.cpp:997] Posting receive on endpoint=0xb18e820 buffer=0x7f6ba9c0c010 size=8192 context=0xb12ed20
I0317 10:52:37.335837     893 libfabric_rail.cpp:1006] Receive posted successfully
I0317 10:52:37.335837     893 libfabric_rail.cpp:320] Allocate on Rail 0 allocated control request XFER_ID=863 buffer_size=8192
I0317 10:52:37.335838     893 libfabric_rail.cpp:997] Posting receive on endpoint=0xb18e820 buffer=0x7f6ba9c0a010 size=8192 context=0xb12ec70
I0317 10:52:37.335839     893 libfabric_rail.cpp:1006] Receive posted successfully
I0317 10:52:37.335840     893 libfabric_rail.cpp:320] Allocate on Rail 0 allocated control request XFER_ID=864 buffer_size=8192
I0317 10:52:37.335840     893 libfabric_rail.cpp:997] Posting receive on endpoint=0xb18e820 buffer=0x7f6ba9c08010 size=8192 context=0xb12ebc8
I0317 10:52:37.335841     893 libfabric_rail.cpp:1006] Receive posted successfully
I0317 10:52:37.335842     893 libfabric_rail.cpp:320] Allocate on Rail 0 allocated control request XFER_ID=865 buffer_size=8192
I0317 10:52:37.335842     893 libfabric_rail.cpp:997] Posting receive on endpoint=0xb18e820 buffer=0x7f6ba9c06010 size=8192 context=0xb12eb20
I0317 10:52:37.335843     893 libfabric_rail.cpp:1006] Receive posted successfully
I0317 10:52:37.335844     893 libfabric_rail.cpp:320] Allocate on Rail 0 allocated control request XFER_ID=866 buffer_size=8192
I0317 10:52:37.335844     893 libfabric_rail.cpp:997] Posting receive on endpoint=0xb18e820 buffer=0x7f6ba9c04010 size=8192 context=0xb12ea70
I0317 10:52:37.335845     893 libfabric_rail.cpp:1006] Receive posted successfully
I0317 10:52:37.335846     893 libfabric_rail.cpp:320] Allocate on Rail 0 allocated control request XFER_ID=867 buffer_size=8192
I0317 10:52:37.335847     893 libfabric_rail.cpp:997] Posting receive on endpoint=0xb18e820 buffer=0x7f6ba9c02010 size=8192 context=0xb12e9c8
I0317 10:52:37.335847     893 libfabric_rail.cpp:1006] Receive posted successfully
I0317 10:52:37.335848     893 libfabric_rail.cpp:320] Allocate on Rail 0 allocated control request XFER_ID=868 buffer_size=8192
I0317 10:52:37.335849     893 libfabric_rail.cpp:997] Posting receive on endpoint=0xb18e820 buffer=0x7f6ba9c00010 size=8192 context=0xb12e920
I0317 10:52:37.335849     893 libfabric_rail.cpp:1006] Receive posted successfully
I0317 10:52:37.335850     893 libfabric_rail.cpp:320] Allocate on Rail 0 allocated control request XFER_ID=869 buffer_size=8192
I0317 10:52:37.335851     893 libfabric_rail.cpp:997] Posting receive on endpoint=0xb18e820 buffer=0x7f6ba9bfe010 size=8192 context=0xb12e870
I0317 10:52:37.335852     893 libfabric_rail.cpp:1006] Receive posted successfully
I0317 10:52:37.335852     893 libfabric_rail.cpp:320] Allocate on Rail 0 allocated control request XFER_ID=870 buffer_size=8192
I0317 10:52:37.335853     893 libfabric_rail.cpp:997] Posting receive on endpoint=0xb18e820 buffer=0x7f6ba9bfc010 size=8192 context=0xb12e7c8
I0317 10:52:37.335854     893 libfabric_rail.cpp:1006] Receive posted successfully
I0317 10:52:37.335855     893 libfabric_rail.cpp:320] Allocate on Rail 0 allocated control request XFER_ID=871 buffer_size=8192
I0317 10:52:37.335855     893 libfabric_rail.cpp:997] Posting receive on endpoint=0xb18e820 buffer=0x7f6ba9bfa010 size=8192 context=0xb12e720
I0317 10:52:37.335856     893 libfabric_rail.cpp:1006] Receive posted successfully
I0317 10:52:37.335857     893 libfabric_rail.cpp:320] Allocate on Rail 0 allocated control request XFER_ID=872 buffer_size=8192
I0317 10:52:37.335857     893 libfabric_rail.cpp:997] Posting receive on endpoint=0xb18e820 buffer=0x7f6ba9bf8010 size=8192 context=0xb12e670
I0317 10:52:37.335858     893 libfabric_rail.cpp:1006] Receive posted successfully
I0317 10:52:37.335859     893 libfabric_rail.cpp:320] Allocate on Rail 0 allocated control request XFER_ID=873 buffer_size=8192
I0317 10:52:37.335859     893 libfabric_rail.cpp:997] Posting receive on endpoint=0xb18e820 buffer=0x7f6ba9bf6010 size=8192 context=0xb12e5c8
I0317 10:52:37.335860     893 libfabric_rail.cpp:1006] Receive posted successfully
I0317 10:52:37.335861     893 libfabric_rail.cpp:320] Allocate on Rail 0 allocated control request XFER_ID=874 buffer_size=8192
I0317 10:52:37.335862     893 libfabric_rail.cpp:997] Posting receive on endpoint=0xb18e820 buffer=0x7f6ba9bf4010 size=8192 context=0xb12e520
I0317 10:52:37.335862     893 libfabric_rail.cpp:1006] Receive posted successfully
I0317 10:52:37.335863     893 libfabric_rail.cpp:320] Allocate on Rail 0 allocated control request XFER_ID=875 buffer_size=8192
I0317 10:52:37.335864     893 libfabric_rail.cpp:997] Posting receive on endpoint=0xb18e820 buffer=0x7f6ba9bf2010 size=8192 context=0xb12e470
I0317 10:52:37.335864     893 libfabric_rail.cpp:1006] Receive posted successfully
I0317 10:52:37.335865     893 libfabric_rail.cpp:320] Allocate on Rail 0 allocated control request XFER_ID=876 buffer_size=8192
I0317 10:52:37.335866     893 libfabric_rail.cpp:997] Posting receive on endpoint=0xb18e820 buffer=0x7f6ba9bf0010 size=8192 context=0xb12e3c8
I0317 10:52:37.335867     893 libfabric_rail.cpp:1006] Receive posted successfully
I0317 10:52:37.335867     893 libfabric_rail.cpp:320] Allocate on Rail 0 allocated control request XFER_ID=877 buffer_size=8192
I0317 10:52:37.335868     893 libfabric_rail.cpp:997] Posting receive on endpoint=0xb18e820 buffer=0x7f6ba9bee010 size=8192 context=0xb12e320
I0317 10:52:37.335869     893 libfabric_rail.cpp:1006] Receive posted successfully
I0317 10:52:37.335869     893 libfabric_rail.cpp:320] Allocate on Rail 0 allocated control request XFER_ID=878 buffer_size=8192
I0317 10:52:37.335870     893 libfabric_rail.cpp:997] Posting receive on endpoint=0xb18e820 buffer=0x7f6ba9bec010 size=8192 context=0xb12e270
I0317 10:52:37.335871     893 libfabric_rail.cpp:1006] Receive posted successfully
I0317 10:52:37.335871     893 libfabric_rail.cpp:320] Allocate on Rail 0 allocated control request XFER_ID=879 buffer_size=8192
I0317 10:52:37.335872     893 libfabric_rail.cpp:997] Posting receive on endpoint=0xb18e820 buffer=0x7f6ba9bea010 size=8192 context=0xb12e1c8
I0317 10:52:37.335873     893 libfabric_rail.cpp:1006] Receive posted successfully
I0317 10:52:37.335873     893 libfabric_rail.cpp:320] Allocate on Rail 0 allocated control request XFER_ID=880 buffer_size=8192
I0317 10:52:37.335874     893 libfabric_rail.cpp:997] Posting receive on endpoint=0xb18e820 buffer=0x7f6ba9be8010 size=8192 context=0xb12e120
I0317 10:52:37.335875     893 libfabric_rail.cpp:1006] Receive posted successfully
I0317 10:52:37.335876     893 libfabric_rail.cpp:320] Allocate on Rail 0 allocated control request XFER_ID=881 buffer_size=8192
I0317 10:52:37.335876     893 libfabric_rail.cpp:997] Posting receive on endpoint=0xb18e820 buffer=0x7f6ba9be6010 size=8192 context=0xb12e070
I0317 10:52:37.335877     893 libfabric_rail.cpp:1006] Receive posted successfully
I0317 10:52:37.335878     893 libfabric_rail.cpp:320] Allocate on Rail 0 allocated control request XFER_ID=882 buffer_size=8192
I0317 10:52:37.335878     893 libfabric_rail.cpp:997] Posting receive on endpoint=0xb18e820 buffer=0x7f6ba9be4010 size=8192 context=0xb12dfc8
I0317 10:52:37.335946     893 libfabric_rail.cpp:1006] Receive posted successfully
I0317 10:52:37.335946     893 libfabric_rail.cpp:320] Allocate on Rail 0 allocated control request XFER_ID=883 buffer_size=8192
I0317 10:52:37.335947     893 libfabric_rail.cpp:997] Posting receive on endpoint=0xb18e820 buffer=0x7f6ba9be2010 size=8192 context=0xb12df20
I0317 10:52:37.335948     893 libfabric_rail.cpp:1006] Receive posted successfully
I0317 10:52:37.335948     893 libfabric_rail.cpp:320] Allocate on Rail 0 allocated control request XFER_ID=884 buffer_size=8192
I0317 10:52:37.335949     893 libfabric_rail.cpp:997] Posting receive on endpoint=0xb18e820 buffer=0x7f6ba9be0010 size=8192 context=0xb12de70
I0317 10:52:37.335950     893 libfabric_rail.cpp:1006] Receive posted successfully
I0317 10:52:37.335950     893 libfabric_rail.cpp:320] Allocate on Rail 0 allocated control request XFER_ID=885 buffer_size=8192
I0317 10:52:37.335951     893 libfabric_rail.cpp:997] Posting receive on endpoint=0xb18e820 buffer=0x7f6ba9bde010 size=8192 context=0xb12ddc8
I0317 10:52:37.335952     893 libfabric_rail.cpp:1006] Receive posted successfully
I0317 10:52:37.335953     893 libfabric_rail.cpp:320] Allocate on Rail 0 allocated control request XFER_ID=886 buffer_size=8192
I0317 10:52:37.335953     893 libfabric_rail.cpp:997] Posting receive on endpoint=0xb18e820 buffer=0x7f6ba9bdc010 size=8192 context=0xb12dd20
I0317 10:52:37.335954     893 libfabric_rail.cpp:1006] Receive posted successfully
I0317 10:52:37.335955     893 libfabric_rail.cpp:320] Allocate on Rail 0 allocated control request XFER_ID=887 buffer_size=8192
I0317 10:52:37.335955     893 libfabric_rail.cpp:997] Posting receive on endpoint=0xb18e820 buffer=0x7f6ba9bda010 size=8192 context=0xb12dc70
I0317 10:52:37.335956     893 libfabric_rail.cpp:1006] Receive posted successfully
I0317 10:52:37.335957     893 libfabric_rail.cpp:320] Allocate on Rail 0 allocated control request XFER_ID=888 buffer_size=8192
I0317 10:52:37.335957     893 libfabric_rail.cpp:997] Posting receive on endpoint=0xb18e820 buffer=0x7f6ba9bd8010 size=8192 context=0xb12dbc8
I0317 10:52:37.335958     893 libfabric_rail.cpp:1006] Receive posted successfully
I0317 10:52:37.335959     893 libfabric_rail.cpp:320] Allocate on Rail 0 allocated control request XFER_ID=889 buffer_size=8192
I0317 10:52:37.335960     893 libfabric_rail.cpp:997] Posting receive on endpoint=0xb18e820 buffer=0x7f6ba9bd6010 size=8192 context=0xb12db20
I0317 10:52:37.335960     893 libfabric_rail.cpp:1006] Receive posted successfully
I0317 10:52:37.335961     893 libfabric_rail.cpp:320] Allocate on Rail 0 allocated control request XFER_ID=890 buffer_size=8192
I0317 10:52:37.335962     893 libfabric_rail.cpp:997] Posting receive on endpoint=0xb18e820 buffer=0x7f6ba9bd4010 size=8192 context=0xb12da70
I0317 10:52:37.335963     893 libfabric_rail.cpp:1006] Receive posted successfully
I0317 10:52:37.335963     893 libfabric_rail.cpp:320] Allocate on Rail 0 allocated control request XFER_ID=891 buffer_size=8192
I0317 10:52:37.335964     893 libfabric_rail.cpp:997] Posting receive on endpoint=0xb18e820 buffer=0x7f6ba9bd2010 size=8192 context=0xb12d9c8
I0317 10:52:37.335965     893 libfabric_rail.cpp:1006] Receive posted successfully
I0317 10:52:37.335965     893 libfabric_rail.cpp:320] Allocate on Rail 0 allocated control request XFER_ID=892 buffer_size=8192
I0317 10:52:37.335966     893 libfabric_rail.cpp:997] Posting receive on endpoint=0xb18e820 buffer=0x7f6ba9bd0010 size=8192 context=0xb12d920
I0317 10:52:37.335967     893 libfabric_rail.cpp:1006] Receive posted successfully
I0317 10:52:37.335967     893 libfabric_rail.cpp:320] Allocate on Rail 0 allocated control request XFER_ID=893 buffer_size=8192
I0317 10:52:37.335968     893 libfabric_rail.cpp:997] Posting receive on endpoint=0xb18e820 buffer=0x7f6ba9bce010 size=8192 context=0xb12d870
I0317 10:52:37.335969     893 libfabric_rail.cpp:1006] Receive posted successfully
I0317 10:52:37.335970     893 libfabric_rail.cpp:320] Allocate on Rail 0 allocated control request XFER_ID=894 buffer_size=8192
I0317 10:52:37.335970     893 libfabric_rail.cpp:997] Posting receive on endpoint=0xb18e820 buffer=0x7f6ba9bcc010 size=8192 context=0xb12d7c8
I0317 10:52:37.335971     893 libfabric_rail.cpp:1006] Receive posted successfully
I0317 10:52:37.335972     893 libfabric_rail.cpp:320] Allocate on Rail 0 allocated control request XFER_ID=895 buffer_size=8192
I0317 10:52:37.335973     893 libfabric_rail.cpp:997] Posting receive on endpoint=0xb18e820 buffer=0x7f6ba9bca010 size=8192 context=0xb12d720
I0317 10:52:37.335973     893 libfabric_rail.cpp:1006] Receive posted successfully
I0317 10:52:37.335974     893 libfabric_rail.cpp:320] Allocate on Rail 0 allocated control request XFER_ID=896 buffer_size=8192
I0317 10:52:37.335975     893 libfabric_rail.cpp:997] Posting receive on endpoint=0xb18e820 buffer=0x7f6ba9bc8010 size=8192 context=0xb12d670
I0317 10:52:37.335976     893 libfabric_rail.cpp:1006] Receive posted successfully
I0317 10:52:37.335976     893 libfabric_rail.cpp:320] Allocate on Rail 0 allocated control request XFER_ID=897 buffer_size=8192
I0317 10:52:37.335977     893 libfabric_rail.cpp:997] Posting receive on endpoint=0xb18e820 buffer=0x7f6ba9bc6010 size=8192 context=0xb12d5c8
I0317 10:52:37.335978     893 libfabric_rail.cpp:1006] Receive posted successfully
I0317 10:52:37.335978     893 libfabric_rail.cpp:320] Allocate on Rail 0 allocated control request XFER_ID=898 buffer_size=8192
I0317 10:52:37.335979     893 libfabric_rail.cpp:997] Posting receive on endpoint=0xb18e820 buffer=0x7f6ba9bc4010 size=8192 context=0xb12d520
I0317 10:52:37.335980     893 libfabric_rail.cpp:1006] Receive posted successfully
I0317 10:52:37.335980     893 libfabric_rail.cpp:320] Allocate on Rail 0 allocated control request XFER_ID=899 buffer_size=8192
I0317 10:52:37.335981     893 libfabric_rail.cpp:997] Posting receive on endpoint=0xb18e820 buffer=0x7f6ba9bc2010 size=8192 context=0xb12d470
I0317 10:52:37.335982     893 libfabric_rail.cpp:1006] Receive posted successfully
I0317 10:52:37.335983     893 libfabric_rail.cpp:320] Allocate on Rail 0 allocated control request XFER_ID=900 buffer_size=8192
I0317 10:52:37.335983     893 libfabric_rail.cpp:997] Posting receive on endpoint=0xb18e820 buffer=0x7f6ba9bc0010 size=8192 context=0xb12d3c8
I0317 10:52:37.335984     893 libfabric_rail.cpp:1006] Receive posted successfully
I0317 10:52:37.335985     893 libfabric_rail.cpp:320] Allocate on Rail 0 allocated control request XFER_ID=901 buffer_size=8192
I0317 10:52:37.335985     893 libfabric_rail.cpp:997] Posting receive on endpoint=0xb18e820 buffer=0x7f6ba9bbe010 size=8192 context=0xb12d320
I0317 10:52:37.335986     893 libfabric_rail.cpp:1006] Receive posted successfully
I0317 10:52:37.335987     893 libfabric_rail.cpp:320] Allocate on Rail 0 allocated control request XFER_ID=902 buffer_size=8192
I0317 10:52:37.335987     893 libfabric_rail.cpp:997] Posting receive on endpoint=0xb18e820 buffer=0x7f6ba9bbc010 size=8192 context=0xb12d270
I0317 10:52:37.335988     893 libfabric_rail.cpp:1006] Receive posted successfully
I0317 10:52:37.335989     893 libfabric_rail.cpp:320] Allocate on Rail 0 allocated control request XFER_ID=903 buffer_size=8192
I0317 10:52:37.335990     893 libfabric_rail.cpp:997] Posting receive on endpoint=0xb18e820 buffer=0x7f6ba9bba010 size=8192 context=0xb12d1c8
I0317 10:52:37.335990     893 libfabric_rail.cpp:1006] Receive posted successfully
I0317 10:52:37.335991     893 libfabric_rail.cpp:320] Allocate on Rail 0 allocated control request XFER_ID=904 buffer_size=8192
I0317 10:52:37.335992     893 libfabric_rail.cpp:997] Posting receive on endpoint=0xb18e820 buffer=0x7f6ba9bb8010 size=8192 context=0xb12d120
I0317 10:52:37.335992     893 libfabric_rail.cpp:1006] Receive posted successfully
I0317 10:52:37.335993     893 libfabric_rail.cpp:320] Allocate on Rail 0 allocated control request XFER_ID=905 buffer_size=8192
I0317 10:52:37.335994     893 libfabric_rail.cpp:997] Posting receive on endpoint=0xb18e820 buffer=0x7f6ba9bb6010 size=8192 context=0xb12d070
I0317 10:52:37.336045     893 libfabric_rail.cpp:1006] Receive posted successfully
I0317 10:52:37.336046     893 libfabric_rail.cpp:320] Allocate on Rail 0 allocated control request XFER_ID=906 buffer_size=8192
I0317 10:52:37.336046     893 libfabric_rail.cpp:997] Posting receive on endpoint=0xb18e820 buffer=0x7f6ba9bb4010 size=8192 context=0xb12cfc8
I0317 10:52:37.336047     893 libfabric_rail.cpp:1006] Receive posted successfully
I0317 10:52:37.336048     893 libfabric_rail.cpp:320] Allocate on Rail 0 allocated control request XFER_ID=907 buffer_size=8192
I0317 10:52:37.336048     893 libfabric_rail.cpp:997] Posting receive on endpoint=0xb18e820 buffer=0x7f6ba9bb2010 size=8192 context=0xb12cf20
I0317 10:52:37.336049     893 libfabric_rail.cpp:1006] Receive posted successfully
I0317 10:52:37.336050     893 libfabric_rail.cpp:320] Allocate on Rail 0 allocated control request XFER_ID=908 buffer_size=8192
I0317 10:52:37.336051     893 libfabric_rail.cpp:997] Posting receive on endpoint=0xb18e820 buffer=0x7f6ba9bb0010 size=8192 context=0xb12ce70
I0317 10:52:37.336051     893 libfabric_rail.cpp:1006] Receive posted successfully
I0317 10:52:37.336052     893 libfabric_rail.cpp:320] Allocate on Rail 0 allocated control request XFER_ID=909 buffer_size=8192
I0317 10:52:37.336053     893 libfabric_rail.cpp:997] Posting receive on endpoint=0xb18e820 buffer=0x7f6ba9bae010 size=8192 context=0xb12cdc8
I0317 10:52:37.336053     893 libfabric_rail.cpp:1006] Receive posted successfully
I0317 10:52:37.336054     893 libfabric_rail.cpp:320] Allocate on Rail 0 allocated control request XFER_ID=910 buffer_size=8192
I0317 10:52:37.336055     893 libfabric_rail.cpp:997] Posting receive on endpoint=0xb18e820 buffer=0x7f6ba9bac010 size=8192 context=0xb12cd20
I0317 10:52:37.336056     893 libfabric_rail.cpp:1006] Receive posted successfully
I0317 10:52:37.336056     893 libfabric_rail.cpp:320] Allocate on Rail 0 allocated control request XFER_ID=911 buffer_size=8192
I0317 10:52:37.336057     893 libfabric_rail.cpp:997] Posting receive on endpoint=0xb18e820 buffer=0x7f6ba9baa010 size=8192 context=0xb12cc70
I0317 10:52:37.336058     893 libfabric_rail.cpp:1006] Receive posted successfully
I0317 10:52:37.336058     893 libfabric_rail.cpp:320] Allocate on Rail 0 allocated control request XFER_ID=912 buffer_size=8192
I0317 10:52:37.336059     893 libfabric_rail.cpp:997] Posting receive on endpoint=0xb18e820 buffer=0x7f6ba9ba8010 size=8192 context=0xb12cbc8
I0317 10:52:37.336060     893 libfabric_rail.cpp:1006] Receive posted successfully
I0317 10:52:37.336060     893 libfabric_rail.cpp:320] Allocate on Rail 0 allocated control request XFER_ID=913 buffer_size=8192
I0317 10:52:37.336061     893 libfabric_rail.cpp:997] Posting receive on endpoint=0xb18e820 buffer=0x7f6ba9ba6010 size=8192 context=0xb12cb20
I0317 10:52:37.336062     893 libfabric_rail.cpp:1006] Receive posted successfully
I0317 10:52:37.336063     893 libfabric_rail.cpp:320] Allocate on Rail 0 allocated control request XFER_ID=914 buffer_size=8192
I0317 10:52:37.336063     893 libfabric_rail.cpp:997] Posting receive on endpoint=0xb18e820 buffer=0x7f6ba9ba4010 size=8192 context=0xb12ca70
I0317 10:52:37.336064     893 libfabric_rail.cpp:1006] Receive posted successfully
I0317 10:52:37.336065     893 libfabric_rail.cpp:320] Allocate on Rail 0 allocated control request XFER_ID=915 buffer_size=8192
I0317 10:52:37.336065     893 libfabric_rail.cpp:997] Posting receive on endpoint=0xb18e820 buffer=0x7f6ba9ba2010 size=8192 context=0xb12c9c8
I0317 10:52:37.336066     893 libfabric_rail.cpp:1006] Receive posted successfully
I0317 10:52:37.336067     893 libfabric_rail.cpp:320] Allocate on Rail 0 allocated control request XFER_ID=916 buffer_size=8192
I0317 10:52:37.336067     893 libfabric_rail.cpp:997] Posting receive on endpoint=0xb18e820 buffer=0x7f6ba9ba0010 size=8192 context=0xb12c920
I0317 10:52:37.336068     893 libfabric_rail.cpp:1006] Receive posted successfully
I0317 10:52:37.336069     893 libfabric_rail.cpp:320] Allocate on Rail 0 allocated control request XFER_ID=917 buffer_size=8192
I0317 10:52:37.336070     893 libfabric_rail.cpp:997] Posting receive on endpoint=0xb18e820 buffer=0x7f6ba9b9e010 size=8192 context=0xb12c870
I0317 10:52:37.336071     893 libfabric_rail.cpp:1006] Receive posted successfully
I0317 10:52:37.336071     893 libfabric_rail.cpp:320] Allocate on Rail 0 allocated control request XFER_ID=918 buffer_size=8192
I0317 10:52:37.336072     893 libfabric_rail.cpp:997] Posting receive on endpoint=0xb18e820 buffer=0x7f6ba9b9c010 size=8192 context=0xb12c7c8
I0317 10:52:37.336073     893 libfabric_rail.cpp:1006] Receive posted successfully
I0317 10:52:37.336073     893 libfabric_rail.cpp:320] Allocate on Rail 0 allocated control request XFER_ID=919 buffer_size=8192
I0317 10:52:37.336074     893 libfabric_rail.cpp:997] Posting receive on endpoint=0xb18e820 buffer=0x7f6ba9b9a010 size=8192 context=0xb12c720
I0317 10:52:37.336075     893 libfabric_rail.cpp:1006] Receive posted successfully
I0317 10:52:37.336075     893 libfabric_rail.cpp:320] Allocate on Rail 0 allocated control request XFER_ID=920 buffer_size=8192
I0317 10:52:37.336076     893 libfabric_rail.cpp:997] Posting receive on endpoint=0xb18e820 buffer=0x7f6ba9b98010 size=8192 context=0xb12c670
I0317 10:52:37.336077     893 libfabric_rail.cpp:1006] Receive posted successfully
I0317 10:52:37.336078     893 libfabric_rail.cpp:320] Allocate on Rail 0 allocated control request XFER_ID=921 buffer_size=8192
I0317 10:52:37.336078     893 libfabric_rail.cpp:997] Posting receive on endpoint=0xb18e820 buffer=0x7f6ba9b96010 size=8192 context=0xb12c5c8
I0317 10:52:37.336079     893 libfabric_rail.cpp:1006] Receive posted successfully
I0317 10:52:37.336080     893 libfabric_rail.cpp:320] Allocate on Rail 0 allocated control request XFER_ID=922 buffer_size=8192
I0317 10:52:37.336080     893 libfabric_rail.cpp:997] Posting receive on endpoint=0xb18e820 buffer=0x7f6ba9b94010 size=8192 context=0xb12c520
I0317 10:52:37.336081     893 libfabric_rail.cpp:1006] Receive posted successfully
I0317 10:52:37.336082     893 libfabric_rail.cpp:320] Allocate on Rail 0 allocated control request XFER_ID=923 buffer_size=8192
I0317 10:52:37.336082     893 libfabric_rail.cpp:997] Posting receive on endpoint=0xb18e820 buffer=0x7f6ba9b92010 size=8192 context=0xb12c470
I0317 10:52:37.336083     893 libfabric_rail.cpp:1006] Receive posted successfully
I0317 10:52:37.336084     893 libfabric_rail.cpp:320] Allocate on Rail 0 allocated control request XFER_ID=924 buffer_size=8192
I0317 10:52:37.336085     893 libfabric_rail.cpp:997] Posting receive on endpoint=0xb18e820 buffer=0x7f6ba9b90010 size=8192 context=0xb12c3c8
I0317 10:52:37.336085     893 libfabric_rail.cpp:1006] Receive posted successfully
I0317 10:52:37.336086     893 libfabric_rail.cpp:320] Allocate on Rail 0 allocated control request XFER_ID=925 buffer_size=8192
I0317 10:52:37.336087     893 libfabric_rail.cpp:997] Posting receive on endpoint=0xb18e820 buffer=0x7f6ba9b8e010 size=8192 context=0xb12c320
I0317 10:52:37.336087     893 libfabric_rail.cpp:1006] Receive posted successfully
I0317 10:52:37.336088     893 libfabric_rail.cpp:320] Allocate on Rail 0 allocated control request XFER_ID=926 buffer_size=8192
I0317 10:52:37.336089     893 libfabric_rail.cpp:997] Posting receive on endpoint=0xb18e820 buffer=0x7f6ba9b8c010 size=8192 context=0xb12c270
I0317 10:52:37.336090     893 libfabric_rail.cpp:1006] Receive posted successfully
I0317 10:52:37.336090     893 libfabric_rail.cpp:320] Allocate on Rail 0 allocated control request XFER_ID=927 buffer_size=8192
I0317 10:52:37.336091     893 libfabric_rail.cpp:997] Posting receive on endpoint=0xb18e820 buffer=0x7f6ba9b8a010 size=8192 context=0xb12c1c8
I0317 10:52:37.336092     893 libfabric_rail.cpp:1006] Receive posted successfully
I0317 10:52:37.336098     893 libfabric_rail.cpp:320] Allocate on Rail 0 allocated control request XFER_ID=928 buffer_size=8192
I0317 10:52:37.336099     893 libfabric_rail.cpp:997] Posting receive on endpoint=0xb18e820 buffer=0x7f6ba9b88010 size=8192 context=0xb12c120
I0317 10:52:37.336156     893 libfabric_rail.cpp:1006] Receive posted successfully
I0317 10:52:37.336157     893 libfabric_rail.cpp:320] Allocate on Rail 0 allocated control request XFER_ID=929 buffer_size=8192
I0317 10:52:37.336157     893 libfabric_rail.cpp:997] Posting receive on endpoint=0xb18e820 buffer=0x7f6ba9b86010 size=8192 context=0xb12c070
I0317 10:52:37.336158     893 libfabric_rail.cpp:1006] Receive posted successfully
I0317 10:52:37.336159     893 libfabric_rail.cpp:320] Allocate on Rail 0 allocated control request XFER_ID=930 buffer_size=8192
I0317 10:52:37.336160     893 libfabric_rail.cpp:997] Posting receive on endpoint=0xb18e820 buffer=0x7f6ba9b84010 size=8192 context=0xb12bfc8
I0317 10:52:37.336160     893 libfabric_rail.cpp:1006] Receive posted successfully
I0317 10:52:37.336161     893 libfabric_rail.cpp:320] Allocate on Rail 0 allocated control request XFER_ID=931 buffer_size=8192
I0317 10:52:37.336162     893 libfabric_rail.cpp:997] Posting receive on endpoint=0xb18e820 buffer=0x7f6ba9b82010 size=8192 context=0xb12bf20
I0317 10:52:37.336163     893 libfabric_rail.cpp:1006] Receive posted successfully
I0317 10:52:37.336163     893 libfabric_rail.cpp:320] Allocate on Rail 0 allocated control request XFER_ID=932 buffer_size=8192
I0317 10:52:37.336164     893 libfabric_rail.cpp:997] Posting receive on endpoint=0xb18e820 buffer=0x7f6ba9b80010 size=8192 context=0xb12be70
I0317 10:52:37.336165     893 libfabric_rail.cpp:1006] Receive posted successfully
I0317 10:52:37.336165     893 libfabric_rail.cpp:320] Allocate on Rail 0 allocated control request XFER_ID=933 buffer_size=8192
I0317 10:52:37.336166     893 libfabric_rail.cpp:997] Posting receive on endpoint=0xb18e820 buffer=0x7f6ba9b7e010 size=8192 context=0xb12bdc8
I0317 10:52:37.336167     893 libfabric_rail.cpp:1006] Receive posted successfully
I0317 10:52:37.336167     893 libfabric_rail.cpp:320] Allocate on Rail 0 allocated control request XFER_ID=934 buffer_size=8192
I0317 10:52:37.336168     893 libfabric_rail.cpp:997] Posting receive on endpoint=0xb18e820 buffer=0x7f6ba9b7c010 size=8192 context=0xb12bd20
I0317 10:52:37.336169     893 libfabric_rail.cpp:1006] Receive posted successfully
I0317 10:52:37.336170     893 libfabric_rail.cpp:320] Allocate on Rail 0 allocated control request XFER_ID=935 buffer_size=8192
I0317 10:52:37.336170     893 libfabric_rail.cpp:997] Posting receive on endpoint=0xb18e820 buffer=0x7f6ba9b7a010 size=8192 context=0xb12bc70
I0317 10:52:37.336171     893 libfabric_rail.cpp:1006] Receive posted successfully
I0317 10:52:37.336172     893 libfabric_rail.cpp:320] Allocate on Rail 0 allocated control request XFER_ID=936 buffer_size=8192
I0317 10:52:37.336172     893 libfabric_rail.cpp:997] Posting receive on endpoint=0xb18e820 buffer=0x7f6ba9b78010 size=8192 context=0xb12bbc8
I0317 10:52:37.336173     893 libfabric_rail.cpp:1006] Receive posted successfully
I0317 10:52:37.336174     893 libfabric_rail.cpp:320] Allocate on Rail 0 allocated control request XFER_ID=937 buffer_size=8192
I0317 10:52:37.336174     893 libfabric_rail.cpp:997] Posting receive on endpoint=0xb18e820 buffer=0x7f6ba9b76010 size=8192 context=0xb12bb20
I0317 10:52:37.336175     893 libfabric_rail.cpp:1006] Receive posted successfully
I0317 10:52:37.336176     893 libfabric_rail.cpp:320] Allocate on Rail 0 allocated control request XFER_ID=938 buffer_size=8192
I0317 10:52:37.336177     893 libfabric_rail.cpp:997] Posting receive on endpoint=0xb18e820 buffer=0x7f6ba9b74010 size=8192 context=0xb12ba70
I0317 10:52:37.336177     893 libfabric_rail.cpp:1006] Receive posted successfully
I0317 10:52:37.336178     893 libfabric_rail.cpp:320] Allocate on Rail 0 allocated control request XFER_ID=939 buffer_size=8192
I0317 10:52:37.336179     893 libfabric_rail.cpp:997] Posting receive on endpoint=0xb18e820 buffer=0x7f6ba9b72010 size=8192 context=0xb12b9c8
I0317 10:52:37.336180     893 libfabric_rail.cpp:1006] Receive posted successfully
I0317 10:52:37.336181     893 libfabric_rail.cpp:320] Allocate on Rail 0 allocated control request XFER_ID=940 buffer_size=8192
I0317 10:52:37.336181     893 libfabric_rail.cpp:997] Posting receive on endpoint=0xb18e820 buffer=0x7f6ba9b70010 size=8192 context=0xb12b920
I0317 10:52:37.336182     893 libfabric_rail.cpp:1006] Receive posted successfully
I0317 10:52:37.336183     893 libfabric_rail.cpp:320] Allocate on Rail 0 allocated control request XFER_ID=941 buffer_size=8192
I0317 10:52:37.336183     893 libfabric_rail.cpp:997] Posting receive on endpoint=0xb18e820 buffer=0x7f6ba9b6e010 size=8192 context=0xb12b870
I0317 10:52:37.336184     893 libfabric_rail.cpp:1006] Receive posted successfully
I0317 10:52:37.336185     893 libfabric_rail.cpp:320] Allocate on Rail 0 allocated control request XFER_ID=942 buffer_size=8192
I0317 10:52:37.336185     893 libfabric_rail.cpp:997] Posting receive on endpoint=0xb18e820 buffer=0x7f6ba9b6c010 size=8192 context=0xb12b7c8
I0317 10:52:37.336186     893 libfabric_rail.cpp:1006] Receive posted successfully
I0317 10:52:37.336187     893 libfabric_rail.cpp:320] Allocate on Rail 0 allocated control request XFER_ID=943 buffer_size=8192
I0317 10:52:37.336188     893 libfabric_rail.cpp:997] Posting receive on endpoint=0xb18e820 buffer=0x7f6ba9b6a010 size=8192 context=0xb12b720
I0317 10:52:37.336188     893 libfabric_rail.cpp:1006] Receive posted successfully
I0317 10:52:37.336189     893 libfabric_rail.cpp:320] Allocate on Rail 0 allocated control request XFER_ID=944 buffer_size=8192
I0317 10:52:37.336190     893 libfabric_rail.cpp:997] Posting receive on endpoint=0xb18e820 buffer=0x7f6ba9b68010 size=8192 context=0xb12b670
I0317 10:52:37.336191     893 libfabric_rail.cpp:1006] Receive posted successfully
I0317 10:52:37.336191     893 libfabric_rail.cpp:320] Allocate on Rail 0 allocated control request XFER_ID=945 buffer_size=8192
I0317 10:52:37.336192     893 libfabric_rail.cpp:997] Posting receive on endpoint=0xb18e820 buffer=0x7f6ba9b66010 size=8192 context=0xb12b5c8
I0317 10:52:37.336193     893 libfabric_rail.cpp:1006] Receive posted successfully
I0317 10:52:37.336193     893 libfabric_rail.cpp:320] Allocate on Rail 0 allocated control request XFER_ID=946 buffer_size=8192
I0317 10:52:37.336194     893 libfabric_rail.cpp:997] Posting receive on endpoint=0xb18e820 buffer=0x7f6ba9b64010 size=8192 context=0xb12b520
I0317 10:52:37.336195     893 libfabric_rail.cpp:1006] Receive posted successfully
I0317 10:52:37.336195     893 libfabric_rail.cpp:320] Allocate on Rail 0 allocated control request XFER_ID=947 buffer_size=8192
I0317 10:52:37.336196     893 libfabric_rail.cpp:997] Posting receive on endpoint=0xb18e820 buffer=0x7f6ba9b62010 size=8192 context=0xb12b470
I0317 10:52:37.336197     893 libfabric_rail.cpp:1006] Receive posted successfully
I0317 10:52:37.336197     893 libfabric_rail.cpp:320] Allocate on Rail 0 allocated control request XFER_ID=948 buffer_size=8192
I0317 10:52:37.336198     893 libfabric_rail.cpp:997] Posting receive on endpoint=0xb18e820 buffer=0x7f6ba9b60010 size=8192 context=0xb12b3c8
I0317 10:52:37.336199     893 libfabric_rail.cpp:1006] Receive posted successfully
I0317 10:52:37.336200     893 libfabric_rail.cpp:320] Allocate on Rail 0 allocated control request XFER_ID=949 buffer_size=8192
I0317 10:52:37.336200     893 libfabric_rail.cpp:997] Posting receive on endpoint=0xb18e820 buffer=0x7f6ba9b5e010 size=8192 context=0xb12b320
I0317 10:52:37.336201     893 libfabric_rail.cpp:1006] Receive posted successfully
I0317 10:52:37.336202     893 libfabric_rail.cpp:320] Allocate on Rail 0 allocated control request XFER_ID=950 buffer_size=8192
I0317 10:52:37.336202     893 libfabric_rail.cpp:997] Posting receive on endpoint=0xb18e820 buffer=0x7f6ba9b5c010 size=8192 context=0xb12b270
I0317 10:52:37.336203     893 libfabric_rail.cpp:1006] Receive posted successfully
I0317 10:52:37.336204     893 libfabric_rail.cpp:320] Allocate on Rail 0 allocated control request XFER_ID=951 buffer_size=8192
I0317 10:52:37.336204     893 libfabric_rail.cpp:997] Posting receive on endpoint=0xb18e820 buffer=0x7f6ba9b5a010 size=8192 context=0xb12b1c8
I0317 10:52:37.336265     893 libfabric_rail.cpp:1006] Receive posted successfully
I0317 10:52:37.336265     893 libfabric_rail.cpp:320] Allocate on Rail 0 allocated control request XFER_ID=952 buffer_size=8192
I0317 10:52:37.336266     893 libfabric_rail.cpp:997] Posting receive on endpoint=0xb18e820 buffer=0x7f6ba9b58010 size=8192 context=0xb12b120
I0317 10:52:37.336267     893 libfabric_rail.cpp:1006] Receive posted successfully
I0317 10:52:37.336268     893 libfabric_rail.cpp:320] Allocate on Rail 0 allocated control request XFER_ID=953 buffer_size=8192
I0317 10:52:37.336268     893 libfabric_rail.cpp:997] Posting receive on endpoint=0xb18e820 buffer=0x7f6ba9b56010 size=8192 context=0xb12b070
I0317 10:52:37.336269     893 libfabric_rail.cpp:1006] Receive posted successfully
I0317 10:52:37.336270     893 libfabric_rail.cpp:320] Allocate on Rail 0 allocated control request XFER_ID=954 buffer_size=8192
I0317 10:52:37.336270     893 libfabric_rail.cpp:997] Posting receive on endpoint=0xb18e820 buffer=0x7f6ba9b54010 size=8192 context=0xb12afc8
I0317 10:52:37.336271     893 libfabric_rail.cpp:1006] Receive posted successfully
I0317 10:52:37.336272     893 libfabric_rail.cpp:320] Allocate on Rail 0 allocated control request XFER_ID=955 buffer_size=8192
I0317 10:52:37.336272     893 libfabric_rail.cpp:997] Posting receive on endpoint=0xb18e820 buffer=0x7f6ba9b52010 size=8192 context=0xb12af20
I0317 10:52:37.336273     893 libfabric_rail.cpp:1006] Receive posted successfully
I0317 10:52:37.336274     893 libfabric_rail.cpp:320] Allocate on Rail 0 allocated control request XFER_ID=956 buffer_size=8192
I0317 10:52:37.336275     893 libfabric_rail.cpp:997] Posting receive on endpoint=0xb18e820 buffer=0x7f6ba9b50010 size=8192 context=0xb12ae70
I0317 10:52:37.336275     893 libfabric_rail.cpp:1006] Receive posted successfully
I0317 10:52:37.336276     893 libfabric_rail.cpp:320] Allocate on Rail 0 allocated control request XFER_ID=957 buffer_size=8192
I0317 10:52:37.336277     893 libfabric_rail.cpp:997] Posting receive on endpoint=0xb18e820 buffer=0x7f6ba9b4e010 size=8192 context=0xb12adc8
I0317 10:52:37.336277     893 libfabric_rail.cpp:1006] Receive posted successfully
I0317 10:52:37.336278     893 libfabric_rail.cpp:320] Allocate on Rail 0 allocated control request XFER_ID=958 buffer_size=8192
I0317 10:52:37.336279     893 libfabric_rail.cpp:997] Posting receive on endpoint=0xb18e820 buffer=0x7f6ba9b4c010 size=8192 context=0xb12ad20
I0317 10:52:37.336280     893 libfabric_rail.cpp:1006] Receive posted successfully
I0317 10:52:37.336280     893 libfabric_rail.cpp:320] Allocate on Rail 0 allocated control request XFER_ID=959 buffer_size=8192
I0317 10:52:37.336281     893 libfabric_rail.cpp:997] Posting receive on endpoint=0xb18e820 buffer=0x7f6ba9b4a010 size=8192 context=0xb12ac70
I0317 10:52:37.336282     893 libfabric_rail.cpp:1006] Receive posted successfully
I0317 10:52:37.336282     893 libfabric_rail.cpp:320] Allocate on Rail 0 allocated control request XFER_ID=960 buffer_size=8192
I0317 10:52:37.336283     893 libfabric_rail.cpp:997] Posting receive on endpoint=0xb18e820 buffer=0x7f6ba9b48010 size=8192 context=0xb12abc8
I0317 10:52:37.336284     893 libfabric_rail.cpp:1006] Receive posted successfully
I0317 10:52:37.336284     893 libfabric_rail.cpp:320] Allocate on Rail 0 allocated control request XFER_ID=961 buffer_size=8192
I0317 10:52:37.336285     893 libfabric_rail.cpp:997] Posting receive on endpoint=0xb18e820 buffer=0x7f6ba9b46010 size=8192 context=0xb12ab20
I0317 10:52:37.336286     893 libfabric_rail.cpp:1006] Receive posted successfully
I0317 10:52:37.336287     893 libfabric_rail.cpp:320] Allocate on Rail 0 allocated control request XFER_ID=962 buffer_size=8192
I0317 10:52:37.336287     893 libfabric_rail.cpp:997] Posting receive on endpoint=0xb18e820 buffer=0x7f6ba9b44010 size=8192 context=0xb12aa70
I0317 10:52:37.336288     893 libfabric_rail.cpp:1006] Receive posted successfully
I0317 10:52:37.336289     893 libfabric_rail.cpp:320] Allocate on Rail 0 allocated control request XFER_ID=963 buffer_size=8192
I0317 10:52:37.336290     893 libfabric_rail.cpp:997] Posting receive on endpoint=0xb18e820 buffer=0x7f6ba9b42010 size=8192 context=0xb12a9c8
I0317 10:52:37.336291     893 libfabric_rail.cpp:1006] Receive posted successfully
I0317 10:52:37.336291     893 libfabric_rail.cpp:320] Allocate on Rail 0 allocated control request XFER_ID=964 buffer_size=8192
I0317 10:52:37.336292     893 libfabric_rail.cpp:997] Posting receive on endpoint=0xb18e820 buffer=0x7f6ba9b40010 size=8192 context=0xb12a920
I0317 10:52:37.336293     893 libfabric_rail.cpp:1006] Receive posted successfully
I0317 10:52:37.336293     893 libfabric_rail.cpp:320] Allocate on Rail 0 allocated control request XFER_ID=965 buffer_size=8192
I0317 10:52:37.336294     893 libfabric_rail.cpp:997] Posting receive on endpoint=0xb18e820 buffer=0x7f6ba9b3e010 size=8192 context=0xb12a870
I0317 10:52:37.336295     893 libfabric_rail.cpp:1006] Receive posted successfully
I0317 10:52:37.336295     893 libfabric_rail.cpp:320] Allocate on Rail 0 allocated control request XFER_ID=966 buffer_size=8192
I0317 10:52:37.336296     893 libfabric_rail.cpp:997] Posting receive on endpoint=0xb18e820 buffer=0x7f6ba9b3c010 size=8192 context=0xb12a7c8
I0317 10:52:37.336297     893 libfabric_rail.cpp:1006] Receive posted successfully
I0317 10:52:37.336297     893 libfabric_rail.cpp:320] Allocate on Rail 0 allocated control request XFER_ID=967 buffer_size=8192
I0317 10:52:37.336298     893 libfabric_rail.cpp:997] Posting receive on endpoint=0xb18e820 buffer=0x7f6ba9b3a010 size=8192 context=0xb12a720
I0317 10:52:37.336299     893 libfabric_rail.cpp:1006] Receive posted successfully
I0317 10:52:37.336299     893 libfabric_rail.cpp:320] Allocate on Rail 0 allocated control request XFER_ID=968 buffer_size=8192
I0317 10:52:37.336300     893 libfabric_rail.cpp:997] Posting receive on endpoint=0xb18e820 buffer=0x7f6ba9b38010 size=8192 context=0xb12a670
I0317 10:52:37.336301     893 libfabric_rail.cpp:1006] Receive posted successfully
I0317 10:52:37.336302     893 libfabric_rail.cpp:320] Allocate on Rail 0 allocated control request XFER_ID=969 buffer_size=8192
I0317 10:52:37.336302     893 libfabric_rail.cpp:997] Posting receive on endpoint=0xb18e820 buffer=0x7f6ba9b36010 size=8192 context=0xb12a5c8
I0317 10:52:37.336303     893 libfabric_rail.cpp:1006] Receive posted successfully
I0317 10:52:37.336304     893 libfabric_rail.cpp:320] Allocate on Rail 0 allocated control request XFER_ID=970 buffer_size=8192
I0317 10:52:37.336304     893 libfabric_rail.cpp:997] Posting receive on endpoint=0xb18e820 buffer=0x7f6ba9b34010 size=8192 context=0xb12a520
I0317 10:52:37.336305     893 libfabric_rail.cpp:1006] Receive posted successfully
I0317 10:52:37.336306     893 libfabric_rail.cpp:320] Allocate on Rail 0 allocated control request XFER_ID=971 buffer_size=8192
I0317 10:52:37.336306     893 libfabric_rail.cpp:997] Posting receive on endpoint=0xb18e820 buffer=0x7f6ba9b32010 size=8192 context=0xb12a470
I0317 10:52:37.336307     893 libfabric_rail.cpp:1006] Receive posted successfully
I0317 10:52:37.336308     893 libfabric_rail.cpp:320] Allocate on Rail 0 allocated control request XFER_ID=972 buffer_size=8192
I0317 10:52:37.336309     893 libfabric_rail.cpp:997] Posting receive on endpoint=0xb18e820 buffer=0x7f6ba9b30010 size=8192 context=0xb12a3c8
I0317 10:52:37.336309     893 libfabric_rail.cpp:1006] Receive posted successfully
I0317 10:52:37.336310     893 libfabric_rail.cpp:320] Allocate on Rail 0 allocated control request XFER_ID=973 buffer_size=8192
I0317 10:52:37.336311     893 libfabric_rail.cpp:997] Posting receive on endpoint=0xb18e820 buffer=0x7f6ba9b2e010 size=8192 context=0xb12a320
I0317 10:52:37.336311     893 libfabric_rail.cpp:1006] Receive posted successfully
I0317 10:52:37.336312     893 libfabric_rail.cpp:320] Allocate on Rail 0 allocated control request XFER_ID=974 buffer_size=8192
I0317 10:52:37.336313     893 libfabric_rail.cpp:997] Posting receive on endpoint=0xb18e820 buffer=0x7f6ba9b2c010 size=8192 context=0xb12a270
I0317 10:52:37.336364     893 libfabric_rail.cpp:1006] Receive posted successfully
I0317 10:52:37.336365     893 libfabric_rail.cpp:320] Allocate on Rail 0 allocated control request XFER_ID=975 buffer_size=8192
I0317 10:52:37.336366     893 libfabric_rail.cpp:997] Posting receive on endpoint=0xb18e820 buffer=0x7f6ba9b2a010 size=8192 context=0xb12a1c8
I0317 10:52:37.336367     893 libfabric_rail.cpp:1006] Receive posted successfully
I0317 10:52:37.336367     893 libfabric_rail.cpp:320] Allocate on Rail 0 allocated control request XFER_ID=976 buffer_size=8192
I0317 10:52:37.336368     893 libfabric_rail.cpp:997] Posting receive on endpoint=0xb18e820 buffer=0x7f6ba9b28010 size=8192 context=0xb12a120
I0317 10:52:37.336369     893 libfabric_rail.cpp:1006] Receive posted successfully
I0317 10:52:37.336369     893 libfabric_rail.cpp:320] Allocate on Rail 0 allocated control request XFER_ID=977 buffer_size=8192
I0317 10:52:37.336370     893 libfabric_rail.cpp:997] Posting receive on endpoint=0xb18e820 buffer=0x7f6ba9b26010 size=8192 context=0xb12a070
I0317 10:52:37.336371     893 libfabric_rail.cpp:1006] Receive posted successfully
I0317 10:52:37.336371     893 libfabric_rail.cpp:320] Allocate on Rail 0 allocated control request XFER_ID=978 buffer_size=8192
I0317 10:52:37.336372     893 libfabric_rail.cpp:997] Posting receive on endpoint=0xb18e820 buffer=0x7f6ba9b24010 size=8192 context=0xb129fc8
I0317 10:52:37.336373     893 libfabric_rail.cpp:1006] Receive posted successfully
I0317 10:52:37.336374     893 libfabric_rail.cpp:320] Allocate on Rail 0 allocated control request XFER_ID=979 buffer_size=8192
I0317 10:52:37.336374     893 libfabric_rail.cpp:997] Posting receive on endpoint=0xb18e820 buffer=0x7f6ba9b22010 size=8192 context=0xb129f20
I0317 10:52:37.336375     893 libfabric_rail.cpp:1006] Receive posted successfully
I0317 10:52:37.336376     893 libfabric_rail.cpp:320] Allocate on Rail 0 allocated control request XFER_ID=980 buffer_size=8192
I0317 10:52:37.336376     893 libfabric_rail.cpp:997] Posting receive on endpoint=0xb18e820 buffer=0x7f6ba9b20010 size=8192 context=0xb129e70
I0317 10:52:37.336377     893 libfabric_rail.cpp:1006] Receive posted successfully
I0317 10:52:37.336378     893 libfabric_rail.cpp:320] Allocate on Rail 0 allocated control request XFER_ID=981 buffer_size=8192
I0317 10:52:37.336378     893 libfabric_rail.cpp:997] Posting receive on endpoint=0xb18e820 buffer=0x7f6ba9b1e010 size=8192 context=0xb129dc8
I0317 10:52:37.336379     893 libfabric_rail.cpp:1006] Receive posted successfully
I0317 10:52:37.336380     893 libfabric_rail.cpp:320] Allocate on Rail 0 allocated control request XFER_ID=982 buffer_size=8192
I0317 10:52:37.336380     893 libfabric_rail.cpp:997] Posting receive on endpoint=0xb18e820 buffer=0x7f6ba9b1c010 size=8192 context=0xb129d20
I0317 10:52:37.336381     893 libfabric_rail.cpp:1006] Receive posted successfully
I0317 10:52:37.336382     893 libfabric_rail.cpp:320] Allocate on Rail 0 allocated control request XFER_ID=983 buffer_size=8192
I0317 10:52:37.336383     893 libfabric_rail.cpp:997] Posting receive on endpoint=0xb18e820 buffer=0x7f6ba9b1a010 size=8192 context=0xb129c70
I0317 10:52:37.336383     893 libfabric_rail.cpp:1006] Receive posted successfully
I0317 10:52:37.336384     893 libfabric_rail.cpp:320] Allocate on Rail 0 allocated control request XFER_ID=984 buffer_size=8192
I0317 10:52:37.336385     893 libfabric_rail.cpp:997] Posting receive on endpoint=0xb18e820 buffer=0x7f6ba9b18010 size=8192 context=0xb129bc8
I0317 10:52:37.336386     893 libfabric_rail.cpp:1006] Receive posted successfully
I0317 10:52:37.336386     893 libfabric_rail.cpp:320] Allocate on Rail 0 allocated control request XFER_ID=985 buffer_size=8192
I0317 10:52:37.336387     893 libfabric_rail.cpp:997] Posting receive on endpoint=0xb18e820 buffer=0x7f6ba9b16010 size=8192 context=0xb129b20
I0317 10:52:37.336388     893 libfabric_rail.cpp:1006] Receive posted successfully
I0317 10:52:37.336389     893 libfabric_rail.cpp:320] Allocate on Rail 0 allocated control request XFER_ID=986 buffer_size=8192
I0317 10:52:37.336389     893 libfabric_rail.cpp:997] Posting receive on endpoint=0xb18e820 buffer=0x7f6ba9b14010 size=8192 context=0xb129a70
I0317 10:52:37.336390     893 libfabric_rail.cpp:1006] Receive posted successfully
I0317 10:52:37.336391     893 libfabric_rail.cpp:320] Allocate on Rail 0 allocated control request XFER_ID=987 buffer_size=8192
I0317 10:52:37.336391     893 libfabric_rail.cpp:997] Posting receive on endpoint=0xb18e820 buffer=0x7f6ba9b12010 size=8192 context=0xb1299c8
I0317 10:52:37.336392     893 libfabric_rail.cpp:1006] Receive posted successfully
I0317 10:52:37.336393     893 libfabric_rail.cpp:320] Allocate on Rail 0 allocated control request XFER_ID=988 buffer_size=8192
I0317 10:52:37.336394     893 libfabric_rail.cpp:997] Posting receive on endpoint=0xb18e820 buffer=0x7f6ba9b10010 size=8192 context=0xb129920
I0317 10:52:37.336394     893 libfabric_rail.cpp:1006] Receive posted successfully
I0317 10:52:37.336395     893 libfabric_rail.cpp:320] Allocate on Rail 0 allocated control request XFER_ID=989 buffer_size=8192
I0317 10:52:37.336396     893 libfabric_rail.cpp:997] Posting receive on endpoint=0xb18e820 buffer=0x7f6ba9b0e010 size=8192 context=0xb129870
I0317 10:52:37.336397     893 libfabric_rail.cpp:1006] Receive posted successfully
I0317 10:52:37.336397     893 libfabric_rail.cpp:320] Allocate on Rail 0 allocated control request XFER_ID=990 buffer_size=8192
I0317 10:52:37.336398     893 libfabric_rail.cpp:997] Posting receive on endpoint=0xb18e820 buffer=0x7f6ba9b0c010 size=8192 context=0xb1297c8
I0317 10:52:37.336399     893 libfabric_rail.cpp:1006] Receive posted successfully
I0317 10:52:37.336399     893 libfabric_rail.cpp:320] Allocate on Rail 0 allocated control request XFER_ID=991 buffer_size=8192
I0317 10:52:37.336400     893 libfabric_rail.cpp:997] Posting receive on endpoint=0xb18e820 buffer=0x7f6ba9b0a010 size=8192 context=0xb129720
I0317 10:52:37.336401     893 libfabric_rail.cpp:1006] Receive posted successfully
I0317 10:52:37.336401     893 libfabric_rail.cpp:320] Allocate on Rail 0 allocated control request XFER_ID=992 buffer_size=8192
I0317 10:52:37.336402     893 libfabric_rail.cpp:997] Posting receive on endpoint=0xb18e820 buffer=0x7f6ba9b08010 size=8192 context=0xb129670
I0317 10:52:37.336403     893 libfabric_rail.cpp:1006] Receive posted successfully
I0317 10:52:37.336403     893 libfabric_rail.cpp:320] Allocate on Rail 0 allocated control request XFER_ID=993 buffer_size=8192
I0317 10:52:37.336404     893 libfabric_rail.cpp:997] Posting receive on endpoint=0xb18e820 buffer=0x7f6ba9b06010 size=8192 context=0xb1295c8
I0317 10:52:37.336405     893 libfabric_rail.cpp:1006] Receive posted successfully
I0317 10:52:37.336406     893 libfabric_rail.cpp:320] Allocate on Rail 0 allocated control request XFER_ID=994 buffer_size=8192
I0317 10:52:37.336406     893 libfabric_rail.cpp:997] Posting receive on endpoint=0xb18e820 buffer=0x7f6ba9b04010 size=8192 context=0xb129520
I0317 10:52:37.336407     893 libfabric_rail.cpp:1006] Receive posted successfully
I0317 10:52:37.336408     893 libfabric_rail.cpp:320] Allocate on Rail 0 allocated control request XFER_ID=995 buffer_size=8192
I0317 10:52:37.336408     893 libfabric_rail.cpp:997] Posting receive on endpoint=0xb18e820 buffer=0x7f6ba9b02010 size=8192 context=0xb129470
I0317 10:52:37.336409     893 libfabric_rail.cpp:1006] Receive posted successfully
I0317 10:52:37.336410     893 libfabric_rail.cpp:320] Allocate on Rail 0 allocated control request XFER_ID=996 buffer_size=8192
I0317 10:52:37.336410     893 libfabric_rail.cpp:997] Posting receive on endpoint=0xb18e820 buffer=0x7f6ba9b00010 size=8192 context=0xb1293c8
I0317 10:52:37.336411     893 libfabric_rail.cpp:1006] Receive posted successfully
I0317 10:52:37.336412     893 libfabric_rail.cpp:320] Allocate on Rail 0 allocated control request XFER_ID=997 buffer_size=8192
I0317 10:52:37.336412     893 libfabric_rail.cpp:997] Posting receive on endpoint=0xb18e820 buffer=0x7f6ba9afe010 size=8192 context=0xb129320
I0317 10:52:37.336465     893 libfabric_rail.cpp:1006] Receive posted successfully
I0317 10:52:37.336466     893 libfabric_rail.cpp:320] Allocate on Rail 0 allocated control request XFER_ID=998 buffer_size=8192
I0317 10:52:37.336467     893 libfabric_rail.cpp:997] Posting receive on endpoint=0xb18e820 buffer=0x7f6ba9afc010 size=8192 context=0xb129270
I0317 10:52:37.336467     893 libfabric_rail.cpp:1006] Receive posted successfully
I0317 10:52:37.336468     893 libfabric_rail.cpp:320] Allocate on Rail 0 allocated control request XFER_ID=999 buffer_size=8192
I0317 10:52:37.336469     893 libfabric_rail.cpp:997] Posting receive on endpoint=0xb18e820 buffer=0x7f6ba9afa010 size=8192 context=0xb1291c8
I0317 10:52:37.336470     893 libfabric_rail.cpp:1006] Receive posted successfully
I0317 10:52:37.336470     893 libfabric_rail.cpp:320] Allocate on Rail 0 allocated control request XFER_ID=1000 buffer_size=8192
I0317 10:52:37.336471     893 libfabric_rail.cpp:997] Posting receive on endpoint=0xb18e820 buffer=0x7f6ba9af8010 size=8192 context=0xb129120
I0317 10:52:37.336472     893 libfabric_rail.cpp:1006] Receive posted successfully
I0317 10:52:37.336472     893 libfabric_rail.cpp:320] Allocate on Rail 0 allocated control request XFER_ID=1001 buffer_size=8192
I0317 10:52:37.336473     893 libfabric_rail.cpp:997] Posting receive on endpoint=0xb18e820 buffer=0x7f6ba9af6010 size=8192 context=0xb129070
I0317 10:52:37.336474     893 libfabric_rail.cpp:1006] Receive posted successfully
I0317 10:52:37.336474     893 libfabric_rail.cpp:320] Allocate on Rail 0 allocated control request XFER_ID=1002 buffer_size=8192
I0317 10:52:37.336475     893 libfabric_rail.cpp:997] Posting receive on endpoint=0xb18e820 buffer=0x7f6ba9af4010 size=8192 context=0xb128fc8
I0317 10:52:37.336476     893 libfabric_rail.cpp:1006] Receive posted successfully
I0317 10:52:37.336477     893 libfabric_rail.cpp:320] Allocate on Rail 0 allocated control request XFER_ID=1003 buffer_size=8192
I0317 10:52:37.336477     893 libfabric_rail.cpp:997] Posting receive on endpoint=0xb18e820 buffer=0x7f6ba9af2010 size=8192 context=0xb128f20
I0317 10:52:37.336478     893 libfabric_rail.cpp:1006] Receive posted successfully
I0317 10:52:37.336482     893 libfabric_rail.cpp:320] Allocate on Rail 0 allocated control request XFER_ID=1004 buffer_size=8192
I0317 10:52:37.336482     893 libfabric_rail.cpp:997] Posting receive on endpoint=0xb18e820 buffer=0x7f6ba9af0010 size=8192 context=0xb128e70
I0317 10:52:37.336483     893 libfabric_rail.cpp:1006] Receive posted successfully
I0317 10:52:37.336484     893 libfabric_rail.cpp:320] Allocate on Rail 0 allocated control request XFER_ID=1005 buffer_size=8192
I0317 10:52:37.336485     893 libfabric_rail.cpp:997] Posting receive on endpoint=0xb18e820 buffer=0x7f6ba9aee010 size=8192 context=0xb128dc8
I0317 10:52:37.336485     893 libfabric_rail.cpp:1006] Receive posted successfully
I0317 10:52:37.336486     893 libfabric_rail.cpp:320] Allocate on Rail 0 allocated control request XFER_ID=1006 buffer_size=8192
I0317 10:52:37.336487     893 libfabric_rail.cpp:997] Posting receive on endpoint=0xb18e820 buffer=0x7f6ba9aec010 size=8192 context=0xb128d20
I0317 10:52:37.336487     893 libfabric_rail.cpp:1006] Receive posted successfully
I0317 10:52:37.336488     893 libfabric_rail.cpp:320] Allocate on Rail 0 allocated control request XFER_ID=1007 buffer_size=8192
I0317 10:52:37.336489     893 libfabric_rail.cpp:997] Posting receive on endpoint=0xb18e820 buffer=0x7f6ba9aea010 size=8192 context=0xb128c70
I0317 10:52:37.336490     893 libfabric_rail.cpp:1006] Receive posted successfully
I0317 10:52:37.336490     893 libfabric_rail.cpp:320] Allocate on Rail 0 allocated control request XFER_ID=1008 buffer_size=8192
I0317 10:52:37.336491     893 libfabric_rail.cpp:997] Posting receive on endpoint=0xb18e820 buffer=0x7f6ba9ae8010 size=8192 context=0xb128bc8
I0317 10:52:37.336492     893 libfabric_rail.cpp:1006] Receive posted successfully
I0317 10:52:37.336493     893 libfabric_rail.cpp:320] Allocate on Rail 0 allocated control request XFER_ID=1009 buffer_size=8192
I0317 10:52:37.336493     893 libfabric_rail.cpp:997] Posting receive on endpoint=0xb18e820 buffer=0x7f6ba9ae6010 size=8192 context=0xb128b20
I0317 10:52:37.336494     893 libfabric_rail.cpp:1006] Receive posted successfully
I0317 10:52:37.336495     893 libfabric_rail.cpp:320] Allocate on Rail 0 allocated control request XFER_ID=1010 buffer_size=8192
I0317 10:52:37.336495     893 libfabric_rail.cpp:997] Posting receive on endpoint=0xb18e820 buffer=0x7f6ba9ae4010 size=8192 context=0xb128a70
I0317 10:52:37.336496     893 libfabric_rail.cpp:1006] Receive posted successfully
I0317 10:52:37.336497     893 libfabric_rail.cpp:320] Allocate on Rail 0 allocated control request XFER_ID=1011 buffer_size=8192
I0317 10:52:37.336497     893 libfabric_rail.cpp:997] Posting receive on endpoint=0xb18e820 buffer=0x7f6ba9ae2010 size=8192 context=0xb1289c8
I0317 10:52:37.336498     893 libfabric_rail.cpp:1006] Receive posted successfully
I0317 10:52:37.336499     893 libfabric_rail.cpp:320] Allocate on Rail 0 allocated control request XFER_ID=1012 buffer_size=8192
I0317 10:52:37.336500     893 libfabric_rail.cpp:997] Posting receive on endpoint=0xb18e820 buffer=0x7f6ba9ae0010 size=8192 context=0xb128920
I0317 10:52:37.336500     893 libfabric_rail.cpp:1006] Receive posted successfully
I0317 10:52:37.336501     893 libfabric_rail.cpp:320] Allocate on Rail 0 allocated control request XFER_ID=1013 buffer_size=8192
I0317 10:52:37.336502     893 libfabric_rail.cpp:997] Posting receive on endpoint=0xb18e820 buffer=0x7f6ba9ade010 size=8192 context=0xb128870
I0317 10:52:37.336502     893 libfabric_rail.cpp:1006] Receive posted successfully
I0317 10:52:37.336503     893 libfabric_rail.cpp:320] Allocate on Rail 0 allocated control request XFER_ID=1014 buffer_size=8192
I0317 10:52:37.336504     893 libfabric_rail.cpp:997] Posting receive on endpoint=0xb18e820 buffer=0x7f6ba9adc010 size=8192 context=0xb1287c8
I0317 10:52:37.336505     893 libfabric_rail.cpp:1006] Receive posted successfully
I0317 10:52:37.336505     893 libfabric_rail.cpp:320] Allocate on Rail 0 allocated control request XFER_ID=1015 buffer_size=8192
I0317 10:52:37.336506     893 libfabric_rail.cpp:997] Posting receive on endpoint=0xb18e820 buffer=0x7f6ba9ada010 size=8192 context=0xb128720
I0317 10:52:37.336507     893 libfabric_rail.cpp:1006] Receive posted successfully
I0317 10:52:37.336507     893 libfabric_rail.cpp:320] Allocate on Rail 0 allocated control request XFER_ID=1016 buffer_size=8192
I0317 10:52:37.336508     893 libfabric_rail.cpp:997] Posting receive on endpoint=0xb18e820 buffer=0x7f6ba9ad8010 size=8192 context=0xb128670
I0317 10:52:37.336509     893 libfabric_rail.cpp:1006] Receive posted successfully
I0317 10:52:37.336509     893 libfabric_rail.cpp:320] Allocate on Rail 0 allocated control request XFER_ID=1017 buffer_size=8192
I0317 10:52:37.336510     893 libfabric_rail.cpp:997] Posting receive on endpoint=0xb18e820 buffer=0x7f6ba9ad6010 size=8192 context=0xb1285c8
I0317 10:52:37.336511     893 libfabric_rail.cpp:1006] Receive posted successfully
I0317 10:52:37.336511     893 libfabric_rail.cpp:320] Allocate on Rail 0 allocated control request XFER_ID=1018 buffer_size=8192
I0317 10:52:37.336512     893 libfabric_rail.cpp:997] Posting receive on endpoint=0xb18e820 buffer=0x7f6ba9ad4010 size=8192 context=0xb128520
I0317 10:52:37.336513     893 libfabric_rail.cpp:1006] Receive posted successfully
I0317 10:52:37.336514     893 libfabric_rail.cpp:320] Allocate on Rail 0 allocated control request XFER_ID=1019 buffer_size=8192
I0317 10:52:37.336514     893 libfabric_rail.cpp:997] Posting receive on endpoint=0xb18e820 buffer=0x7f6ba9ad2010 size=8192 context=0xb128470
I0317 10:52:37.336515     893 libfabric_rail.cpp:1006] Receive posted successfully
I0317 10:52:37.336516     893 libfabric_rail.cpp:320] Allocate on Rail 0 allocated control request XFER_ID=1020 buffer_size=8192
I0317 10:52:37.336570     893 libfabric_rail.cpp:997] Posting receive on endpoint=0xb18e820 buffer=0x7f6ba9ad0010 size=8192 context=0xb1283c8
I0317 10:52:37.336571     893 libfabric_rail.cpp:1006] Receive posted successfully
I0317 10:52:37.336571     893 libfabric_rail.cpp:320] Allocate on Rail 0 allocated control request XFER_ID=1021 buffer_size=8192
I0317 10:52:37.336572     893 libfabric_rail.cpp:997] Posting receive on endpoint=0xb18e820 buffer=0x7f6ba9ace010 size=8192 context=0xb128320
I0317 10:52:37.336573     893 libfabric_rail.cpp:1006] Receive posted successfully
I0317 10:52:37.336573     893 libfabric_rail.cpp:320] Allocate on Rail 0 allocated control request XFER_ID=1022 buffer_size=8192
I0317 10:52:37.336574     893 libfabric_rail.cpp:997] Posting receive on endpoint=0xb18e820 buffer=0x7f6ba9acc010 size=8192 context=0xb128270
I0317 10:52:37.336575     893 libfabric_rail.cpp:1006] Receive posted successfully
I0317 10:52:37.336575     893 libfabric_rail.cpp:320] Allocate on Rail 0 allocated control request XFER_ID=1023 buffer_size=8192
I0317 10:52:37.336576     893 libfabric_rail.cpp:997] Posting receive on endpoint=0xb18e820 buffer=0x7f6ba9aca010 size=8192 context=0xb1281c8
I0317 10:52:37.336577     893 libfabric_rail.cpp:1006] Receive posted successfully
I0317 10:52:37.336578     893 libfabric_rail.cpp:320] Allocate on Rail 0 allocated control request XFER_ID=1024 buffer_size=8192
I0317 10:52:37.336578     893 libfabric_rail.cpp:997] Posting receive on endpoint=0xb18e820 buffer=0x7f6ba9ac8010 size=8192 context=0xb128120
I0317 10:52:37.336579     893 libfabric_rail.cpp:1006] Receive posted successfully
I0317 10:52:37.336580     893 libfabric_rail.cpp:612] Successfully pre-posted 1024 recv requests for rail 0
I0317 10:52:37.336581     893 libfabric_rail.cpp:614] Successfully initialized rail 0
I0317 10:52:37.336593     893 libfabric_rail_manager_hip.cpp:327] Created rail 0 (device=ens22np0, provider=tcp)
I0317 10:52:37.336595     893 libfabric_rail_manager_hip.cpp:236] Successfully created 1 rails using provider=tcp
I0317 10:52:37.336604     893 libfabric_backend_hip.cpp:299] Initializing Libfabric Backend
W0317 10:52:37.336606     893 libfabric_rail_manager_hip.cpp:534] Could not find EFA devices, rail selection for DRAM memory type aborted
W0317 10:52:37.336607     893 libfabric_rail_manager_hip.cpp:263] Using default (all) rail selection policy for DRAM memory type due to previous errors
I0317 10:52:37.336613     893 libfabric_backend_hip.cpp:309] System runtime: ROCr
I0317 10:52:37.336618     893 libfabric_backend_hip.cpp:325] CUDA address workaround enabled
I0317 10:52:37.336622     893 libfabric_backend_hip.cpp:344] Using default striping threshold: 131072 bytes
I0317 10:52:37.336623     893 libfabric_backend_hip.cpp:349] Rail Manager created with 1 rails
I0317 10:52:37.336623     893 libfabric_backend_hip.cpp:353] Set notification processor for rail 0
I0317 10:52:37.336628     893 libfabric_backend_hip.cpp:360] Setting up XFER_ID tracking callbacks for 1 rails
I0317 10:52:37.336629     893 libfabric_backend_hip.cpp:368] Set XFER_ID callback for rail 0
I0317 10:52:37.336633     893 libfabric_backend_hip.cpp:570] Creating connection for agent: target
I0317 10:52:37.336706     893 libfabric_rail_manager_hip.cpp:810] Processed rail 0 (fi_addr=0)
I0317 10:52:37.336714     893 libfabric_rail_manager_hip.cpp:818] Successfully processed 1 rails
I0317 10:52:37.336716     893 libfabric_backend_hip.cpp:604] Index 0: target
I0317 10:52:37.336722     893 libfabric_backend_hip.cpp:612] Successfully created connection for agent: target on 1 rails
I0317 10:52:37.336723     893 libfabric_backend_hip.cpp:388] Created self-connection for agent: target on 1 rails
I0317 10:52:37.336724     893 libfabric_backend_hip.cpp:393] Starting Progress thread for rails with delay: 0 microseconds
I0317 10:52:37.336782     893 libfabric_backend_hip.cpp:402] Progress thread started successfully
I0317 10:52:37.336785     893 libfabric_backend_hip.cpp:447] Retrieving local endpoint addresses for all 1 rails
I0317 10:52:37.336791     893 libfabric_rail_manager_hip.cpp:1077] Serialized 1 rail endpoints
I0317 10:52:37.336793     893 libfabric_rail_manager_hip.cpp:1035] Connection info serialized with prefix dest, size=109
I0317 10:52:37.336794     893 libfabric_backend_hip.cpp:457] Rail Manager serialized connection info for 1 rails, total size=109
I0317 10:52:37.336801     893 libfabric_backend_hip.cpp:505] Connecting to agent: target, connections_ size=1
I0317 10:52:37.336804     893 libfabric_backend_hip.cpp:517] Connection exists but not established, triggering establishConnection for target
I0317 10:52:37.336805     893 libfabric_backend_hip.cpp:642] Establishing rail connections for agent: target
I0317 10:52:37.336807     893 libfabric_backend_hip.cpp:651] Using connection info with 1 rails
I0317 10:52:37.336808     893 libfabric_backend_hip.cpp:653] Rail 0: 02 00 98 21 0a fe 0a 06 00 00 00 00 00 00 00 00 00 00 00 00 00 00 00 00 00 00 00 00 00 00 00 00 00 00 00 00 00 00 00 00 00 00 00 00 00 00 00 00 00 00 00 00 00 00 00 00 
I0317 10:52:37.336849     893 libfabric_backend_hip.cpp:656] Agent index: 0
I0317 10:52:37.336851     893 libfabric_backend_hip.cpp:659] Connection state for agent target is now CONNECTED
I0317 10:52:37.336853     893 libfabric_backend_hip.cpp:535] Successfully established connection for target
I0317 10:52:37.336858     893 libfabric_backend_hip.cpp:675] CUDA runtime detected, adding VRAM support
I0317 10:52:37.336862     893 nixl_agent.cpp:391] Created backend: LIBFABRIC
I0317 10:52:37.336822     962 libfabric_backend_hip.cpp:1400] PT: Thread started successfully for rails only
I0317 10:52:37.336893     893 libfabric_backend_hip.cpp:675] CUDA runtime detected, adding VRAM support
2026-03-17 10:52:37 NIXL INFO    _api.py:361 Backend LIBFABRIC was instantiated
2026-03-17 10:52:37 NIXL INFO    _api.py:251 Initialized NIXL agent: target
2026-03-17 10:52:37 NIXL INFO    expanded_two_peers.py:79 Running test with tensor shape (16, 32) in mode target
I0317 10:52:37.498428     893 libfabric_backend_hip.cpp:675] CUDA runtime detected, adding VRAM support
I0317 10:52:37.498490     893 libfabric_backend_hip.cpp:716] CUDA context updated, restarting progress thread
I0317 10:52:37.498495     893 libfabric_backend_hip.cpp:741] Queried PCI bus ID: 0000:75:00.0 for GPU 0
I0317 10:52:37.498519     893 libfabric_backend_hip.cpp:769] Registering memory: addr=0x7f6ba3400000 len=2048 mem_type=1 devId=0 pci_bus_id=0000:75:00.0
W0317 10:52:37.498541     893 libfabric_topology_hip.cpp:190] PCI bus ID 0000:75:00.0 (normalized to 0:75:00.0) not found in accelerator-EFA mapping, returning all devices
I0317 10:52:37.498556     893 libfabric_rail_manager_hip.cpp:631] VRAM memory 0x7f6ba3400000 on device PCI 0000:75:00.0 mapped to rail 0 (EFA device=ens22np0)
I0317 10:52:37.498560     893 libfabric_rail_manager_hip.cpp:650] VRAM memory 0x7f6ba3400000 on device PCI 0000:75:00.0 will use 1 rails total
I0317 10:52:37.498569     893 libfabric_rail.cpp:1261] tcp provider=using requested key 140100277108736 (0x7f6ba3400000) for buffer 0x7f6ba3400000 on rail 0
I0317 10:52:37.498573     893 libfabric_rail.cpp:1266] Memory Registration: rail=0 provider=tcp buffer=0x7f6ba3400000 length=2048 access_flags=0x3300 requested_key=140100277108736
W0317 10:52:37.498575     893 libfabric_rail.cpp:1307] VRAM memory requested but provider does not support FI_HMEM - falling back to system memory registration
I0317 10:52:37.498587     893 libfabric_rail.cpp:1352] MR key obtained: 140100277108736 (0x7f6ba3400000)
I0317 10:52:37.498589     893 libfabric_rail.cpp:1357] Memory Registration SUCCESS: rail=0 provider=tcp buffer=0x7f6ba3400000 length=2048 mr=0xb934350 key=140100277108736 registered_range=[0x7f6ba3400000 - 0x7f6ba3400800]
I0317 10:52:37.498601     893 libfabric_rail_manager_hip.cpp:1148] Marked rail 0 as active (total active: 1)
I0317 10:52:37.498604     893 libfabric_rail_manager_hip.cpp:750] Registered memory on rail 0 (mr=0xb934350, key=140100277108736)
I0317 10:52:37.498607     893 libfabric_backend_hip.cpp:786] Rail Manager successfully registered VRAM memory on 1 rails with GPU Direct RDMA support
I0317 10:52:37.498609     893 libfabric_backend_hip.cpp:791] Successfully registered memory on 1 rails for accelerator device 0
I0317 10:52:37.498618     893 libfabric_backend_hip.cpp:833] Metadata loaded with Remote addr: 0x7f6ba3400000 Remote keys for 1 rails Remote fi_addr: 0
I0317 10:52:37.498625     893 libfabric_rail_manager_hip.cpp:989] Serialized memory keys for 1 rails (buffer=0x7f6ba3400000, size=54 bytes)
